date,window_months,block_months,model,annualized_sharpe,basic_lower,basic_upper
1994-12-01,36,6,Original-paper GAN,4.362238898885841,1.7253465208013246,5.5556566629201125
1994-12-01,36,6,Our replicated GAN,4.357715240701011,2.6540917775069324,5.318874699248728
1994-12-01,36,6,Extension LSTM,3.5700575294119696,1.9607483778041481,4.710341377494652
1994-12-01,36,6,Transformer,1.3668423147542497,0.40680883652530686,2.1801939841255247
1994-12-01,36,6,Equal-weight LSTM–Transformer combination,2.82311996080779,1.3543802755900112,3.8506266888537626
1994-12-01,36,3,Original-paper GAN,4.362238898885841,1.5662410823204873,5.616707500313619
1994-12-01,36,3,Our replicated GAN,4.357715240701011,2.509553710840972,5.3150910125712345
1994-12-01,36,3,Extension LSTM,3.5700575294119696,2.053712414109364,4.672830132764096
1994-12-01,36,3,Transformer,1.3668423147542497,0.2293580276237336,2.3360280622067515
1994-12-01,36,3,Equal-weight LSTM–Transformer combination,2.82311996080779,1.2282706657777156,3.8626814173214723
1994-12-01,36,12,Original-paper GAN,4.362238898885841,2.4210011445537027,5.232834771783661
1994-12-01,36,12,Our replicated GAN,4.357715240701011,3.1793711750787916,4.99111404904297
1994-12-01,36,12,Extension LSTM,3.5700575294119696,2.0689950876796597,4.4668554136304355
1994-12-01,36,12,Transformer,1.3668423147542497,0.6890677798108952,2.038537781297683
1994-12-01,36,12,Equal-weight LSTM–Transformer combination,2.82311996080779,1.543100376939585,3.768880076427089
1995-01-01,36,6,Original-paper GAN,4.779712643417192,2.3846730598694106,6.070200355600351
1995-01-01,36,6,Our replicated GAN,4.735714059185123,3.1806475534011684,5.738531143239416
1995-01-01,36,6,Extension LSTM,3.5632563811376547,1.9744177925999853,4.644703014082599
1995-01-01,36,6,Transformer,1.2759650708638426,0.2714150962803434,2.0539889787121552
1995-01-01,36,6,Equal-weight LSTM–Transformer combination,2.7652165990546425,1.2516506685616167,3.7759154680755955
1995-02-01,36,6,Original-paper GAN,5.8243754954788285,3.3220377352071,7.168508984164769
1995-02-01,36,6,Our replicated GAN,5.287312284366924,3.397445890010536,6.44238527132994
1995-02-01,36,6,Extension LSTM,4.002840566404326,1.8297250899350181,5.269926626966128
1995-02-01,36,6,Transformer,1.6666647975911468,0.32441992557909666,2.5714469452442152
1995-02-01,36,6,Equal-weight LSTM–Transformer combination,3.3114453651323643,0.9950984089435241,4.5539199362381995
1995-03-01,36,6,Original-paper GAN,5.9547062298722135,3.414183387813034,7.389449068843749
1995-03-01,36,6,Our replicated GAN,5.309567626412421,3.5711703286736123,6.445920637865427
1995-03-01,36,6,Extension LSTM,3.9428143089501333,2.033610844248868,5.128798974401031
1995-03-01,36,6,Transformer,1.746141310993144,0.35557523090709475,2.7404522485323826
1995-03-01,36,6,Equal-weight LSTM–Transformer combination,3.330674107920653,1.2782531181795878,4.56275913499129
1995-04-01,36,6,Original-paper GAN,5.884562789176516,3.490289303456872,7.255273202431267
1995-04-01,36,6,Our replicated GAN,5.355877503649647,3.4685259636352157,6.551489938335308
1995-04-01,36,6,Extension LSTM,3.9406326175802753,2.0926068712674954,5.1506598087063615
1995-04-01,36,6,Transformer,1.7474978387220714,0.3084696581525529,2.8034220210339043
1995-04-01,36,6,Equal-weight LSTM–Transformer combination,3.3291685889277587,1.373161939786677,4.586194618722427
1995-05-01,36,6,Original-paper GAN,5.864845752966353,3.5108927127068723,7.30632458473135
1995-05-01,36,6,Our replicated GAN,5.256645039689361,3.5488788546940264,6.502794325831921
1995-05-01,36,6,Extension LSTM,3.7955710500798907,2.290656228257454,4.890260343575016
1995-05-01,36,6,Transformer,1.7555282652543238,0.28338938195007923,2.767863045427849
1995-05-01,36,6,Equal-weight LSTM–Transformer combination,3.2574511850177905,1.4355133369021047,4.517503193141365
1995-06-01,36,6,Original-paper GAN,5.975138519429552,3.2806211933695963,7.470623985563303
1995-06-01,36,6,Our replicated GAN,5.343321831546039,3.397301145139647,6.5343049956107055
1995-06-01,36,6,Extension LSTM,3.439928652597478,2.116606618776124,4.402747596610541
1995-06-01,36,6,Transformer,1.8123241633959981,0.3473610893775647,2.8226848592688194
1995-06-01,36,6,Equal-weight LSTM–Transformer combination,3.1498027260951242,1.4640090936645709,4.3049236390819425
1995-07-01,36,6,Original-paper GAN,5.975801065764627,3.268208541673813,7.475405612511458
1995-07-01,36,6,Our replicated GAN,5.209606361117727,3.4852202474803544,6.362696188476813
1995-07-01,36,6,Extension LSTM,3.3785401447591825,2.0693673967862742,4.355345572165961
1995-07-01,36,6,Transformer,1.8682928252568116,0.253072080717223,2.9291007139001
1995-07-01,36,6,Equal-weight LSTM–Transformer combination,3.140978995967005,1.4242334717569631,4.260365509739405
1995-08-01,36,6,Original-paper GAN,5.9588026130041944,3.277554441253325,7.442977851649187
1995-08-01,36,6,Our replicated GAN,5.166201533179883,3.341137926850396,6.327798898358596
1995-08-01,36,6,Extension LSTM,3.2487241529514868,1.9368117598315497,4.233865120555347
1995-08-01,36,6,Transformer,1.9542619835883561,0.24967194789308203,3.0876378070078423
1995-08-01,36,6,Equal-weight LSTM–Transformer combination,3.0578228748463627,1.4846429891242274,4.211630927544544
1995-09-01,36,6,Original-paper GAN,5.983277419196268,3.0851914700438527,7.529443457757396
1995-09-01,36,6,Our replicated GAN,5.1761122657180705,3.456591389111769,6.358537872760597
1995-09-01,36,6,Extension LSTM,3.1768528304129777,1.8385739670258747,4.210892622807116
1995-09-01,36,6,Transformer,1.8144446256570939,0.333120459440565,2.9091649056047717
1995-09-01,36,6,Equal-weight LSTM–Transformer combination,2.922853797029744,1.3874932973752871,4.018116177146198
1995-10-01,36,6,Original-paper GAN,6.1518032610629385,2.767011635309123,7.785960732579641
1995-10-01,36,6,Our replicated GAN,5.347106426169214,3.4088576494483243,6.583714544743256
1995-10-01,36,6,Extension LSTM,3.3015210415310645,1.886397412886604,4.3477892847275115
1995-10-01,36,6,Transformer,2.0083977626539538,0.2212568310855973,3.1632346607456516
1995-10-01,36,6,Equal-weight LSTM–Transformer combination,3.123079069541632,1.385292894445937,4.302285696133829
1995-11-01,36,6,Original-paper GAN,6.1288098044932005,3.1225163880056677,7.728919897691248
1995-11-01,36,6,Our replicated GAN,5.383772547089275,3.4375149799931872,6.665052663238244
1995-11-01,36,6,Extension LSTM,3.291314203257059,1.899564651516816,4.311164744519693
1995-11-01,36,6,Transformer,2.1098098987293046,0.28026166032046784,3.343165870503987
1995-11-01,36,6,Equal-weight LSTM–Transformer combination,3.1998521875217008,1.3896193754542223,4.429792251717555
1995-12-01,36,6,Original-paper GAN,6.138049844259714,2.7573339174841576,7.788317967976367
1995-12-01,36,6,Our replicated GAN,5.41034166734145,3.3731336540527295,6.759984600034348
1995-12-01,36,6,Extension LSTM,3.2739320609733227,1.9525252300336224,4.203458669215945
1995-12-01,36,6,Transformer,2.12476950086433,0.3724822790277799,3.3691146990708294
1995-12-01,36,6,Equal-weight LSTM–Transformer combination,3.192125929980999,1.416135455594353,4.3989624860897045
1995-12-01,36,3,Original-paper GAN,6.138049844259714,3.2073592695551145,7.80015120718789
1995-12-01,36,3,Our replicated GAN,5.41034166734145,3.106227219104308,6.699719676269702
1995-12-01,36,3,Extension LSTM,3.2739320609733227,1.9710055635815174,4.307375565220234
1995-12-01,36,3,Transformer,2.12476950086433,0.7533031269738278,3.3273657000975656
1995-12-01,36,3,Equal-weight LSTM–Transformer combination,3.192125929980999,1.6061582190737949,4.314169605506734
1995-12-01,36,12,Original-paper GAN,6.138049844259714,2.616532809532703,7.91676978271447
1995-12-01,36,12,Our replicated GAN,5.41034166734145,3.2945877017154492,6.757915436786882
1995-12-01,36,12,Extension LSTM,3.2739320609733227,2.46941992996611,3.897198347114885
1995-12-01,36,12,Transformer,2.12476950086433,-0.09284875811862936,3.3713779739708776
1995-12-01,36,12,Equal-weight LSTM–Transformer combination,3.192125929980999,1.4950116566614564,4.442455567041824
1996-01-01,36,6,Original-paper GAN,6.209892805557149,2.795970070020403,7.888174085994747
1996-01-01,36,6,Our replicated GAN,5.777224314763096,2.8420751514028826,7.378071307875636
1996-01-01,36,6,Extension LSTM,3.2766498223451723,1.8777211340779933,4.279088458358987
1996-01-01,36,6,Transformer,2.0436719703736284,0.4471029707478822,3.1334754720617486
1996-01-01,36,6,Equal-weight LSTM–Transformer combination,3.098037917839151,1.4782161277511257,4.234569886194362
1996-02-01,36,6,Original-paper GAN,6.13882421832932,2.814783919238557,7.742895508041301
1996-02-01,36,6,Our replicated GAN,5.70614181497975,2.961404649021787,7.225378241286974
1996-02-01,36,6,Extension LSTM,3.2518289932312023,1.839154079456392,4.224107740436081
1996-02-01,36,6,Transformer,2.0853487857457886,0.37788932599000336,3.2628899618620792
1996-02-01,36,6,Equal-weight LSTM–Transformer combination,3.055996888292713,1.472419303364109,4.19030828180733
1996-03-01,36,6,Original-paper GAN,5.7177715170433006,2.2425415083659135,7.343551419085494
1996-03-01,36,6,Our replicated GAN,5.7619448149370625,2.6880372810173587,7.541344556126951
1996-03-01,36,6,Extension LSTM,3.1204373396038605,1.9030111787592996,3.9991964131553908
1996-03-01,36,6,Transformer,1.9123508301001007,0.1709370414485203,3.143163350909026
1996-03-01,36,6,Equal-weight LSTM–Transformer combination,2.9074451499226988,1.3295614177580293,4.019260037863996
1996-04-01,36,6,Original-paper GAN,5.335141081254481,1.6927943596177826,7.010070933918302
1996-04-01,36,6,Our replicated GAN,5.409638287193196,2.5477403166816965,6.894474177470355
1996-04-01,36,6,Extension LSTM,2.9741852705332783,1.7451453111957793,3.784345522613624
1996-04-01,36,6,Transformer,1.6456143620668797,-0.30164885221370263,3.033540556985627
1996-04-01,36,6,Equal-weight LSTM–Transformer combination,2.5412475192314403,0.8271807437202726,3.719058836519003
1996-05-01,36,6,Original-paper GAN,5.793843950061259,2.4835799358350106,7.33489413708569
1996-05-01,36,6,Our replicated GAN,5.588965431697206,2.5541115321121004,7.117746055105991
1996-05-01,36,6,Extension LSTM,3.039974009605649,1.7907424313330682,3.8466058154712273
1996-05-01,36,6,Transformer,1.5495334524787037,-0.4045591002454153,2.9605051634014403
1996-05-01,36,6,Equal-weight LSTM–Transformer combination,2.5256523132548234,0.7068332843453993,3.6825290610924615
1996-06-01,36,6,Original-paper GAN,5.771274869507647,2.6378165063349805,7.356088320370262
1996-06-01,36,6,Our replicated GAN,5.573735259225154,2.6935860182257416,7.177862380830577
1996-06-01,36,6,Extension LSTM,3.24272106398802,2.012699364534218,4.103970721198413
1996-06-01,36,6,Transformer,1.7127701111674989,-0.1308113009265415,3.0348645595670187
1996-06-01,36,6,Equal-weight LSTM–Transformer combination,2.7797938272809954,1.2443548482711682,3.7991517216254436
1996-07-01,36,6,Original-paper GAN,5.781039749698859,2.446066496203878,7.369663524269969
1996-07-01,36,6,Our replicated GAN,5.578625332247466,2.52201650931584,7.183549242272599
1996-07-01,36,6,Extension LSTM,3.241656583247688,2.036499919567971,4.137404930090865
1996-07-01,36,6,Transformer,1.865856459928299,0.1170517009550275,3.077260081888092
1996-07-01,36,6,Equal-weight LSTM–Transformer combination,2.8302815091440627,1.354748447429062,3.8538751168076173
1996-08-01,36,6,Original-paper GAN,5.874545700927768,2.6357723037980083,7.514241404066447
1996-08-01,36,6,Our replicated GAN,5.552783290771203,2.508890124330888,7.08152713574875
1996-08-01,36,6,Extension LSTM,3.347595982597872,2.1572912615683473,4.185054173989252
1996-08-01,36,6,Transformer,1.816690658244698,-0.012534600484897821,3.009534862805988
1996-08-01,36,6,Equal-weight LSTM–Transformer combination,2.8349177331454585,1.3887157973696744,3.821037648791016
1996-09-01,36,6,Original-paper GAN,5.801944833569203,2.4232954535794455,7.404138767707112
1996-09-01,36,6,Our replicated GAN,5.449903873127619,2.3458258885865906,6.991460754743676
1996-09-01,36,6,Extension LSTM,3.291428569500773,1.9813361973053965,4.1325819754065485
1996-09-01,36,6,Transformer,1.8241082547786942,-0.03593350923652099,3.0740041536107197
1996-09-01,36,6,Equal-weight LSTM–Transformer combination,2.820236773623085,1.2050397910732924,3.7968272614288003
1996-10-01,36,6,Original-paper GAN,6.109215644739539,2.9953758700916384,7.663487426949724
1996-10-01,36,6,Our replicated GAN,5.679696193302824,2.9763009613182505,7.058748008443237
1996-10-01,36,6,Extension LSTM,3.570041121173193,2.4796692001095595,4.343866528220744
1996-10-01,36,6,Transformer,2.041112828031712,0.22466688714459637,3.3324270853503157
1996-10-01,36,6,Equal-weight LSTM–Transformer combination,3.078149048346904,1.709852917418601,4.045727648809407
1996-11-01,36,6,Original-paper GAN,7.103858809010704,3.662129337206041,8.96630334258689
1996-11-01,36,6,Our replicated GAN,6.083052422424587,3.4846923881791136,7.352863277072081
1996-11-01,36,6,Extension LSTM,3.850679961319843,2.7524305037116115,4.734345696082749
1996-11-01,36,6,Transformer,2.2723504658377682,0.2854887685925549,3.6024713696936628
1996-11-01,36,6,Equal-weight LSTM–Transformer combination,3.392584724362307,1.9265738985302132,4.419026718809518
1996-12-01,36,6,Original-paper GAN,7.1502741597347175,3.63632499561297,9.144392477647083
1996-12-01,36,6,Our replicated GAN,6.2329587395713,3.910829397228696,7.518196345621631
1996-12-01,36,6,Extension LSTM,3.7813436589863096,2.6968798863016197,4.636370187775378
1996-12-01,36,6,Transformer,2.268715348034111,0.25184242609008445,3.6301260206873507
1996-12-01,36,6,Equal-weight LSTM–Transformer combination,3.4390959854287897,1.8701814702335005,4.548427158762726
1996-12-01,36,3,Original-paper GAN,7.1502741597347175,3.2607612789296825,9.356636829247453
1996-12-01,36,3,Our replicated GAN,6.2329587395713,3.7504149013568733,7.642019816939446
1996-12-01,36,3,Extension LSTM,3.7813436589863096,2.2965400954595396,4.844018114259137
1996-12-01,36,3,Transformer,2.268715348034111,0.21581782719558584,3.715253435682522
1996-12-01,36,3,Equal-weight LSTM–Transformer combination,3.4390959854287897,1.5281493265277974,4.743127739664151
1996-12-01,36,12,Original-paper GAN,7.1502741597347175,4.727584479664877,8.462765811923767
1996-12-01,36,12,Our replicated GAN,6.2329587395713,3.9475726842794,7.4049011830952125
1996-12-01,36,12,Extension LSTM,3.7813436589863096,2.8866616278924107,4.440136315624163
1996-12-01,36,12,Transformer,2.268715348034111,0.2896565918089687,3.157235476032138
1996-12-01,36,12,Equal-weight LSTM–Transformer combination,3.4390959854287897,2.207322004348311,4.215781423509805
1997-01-01,36,6,Original-paper GAN,7.250066793010644,3.153297327500328,9.198069803044943
1997-01-01,36,6,Our replicated GAN,6.086515793761219,3.5117748415909955,7.371357961892922
1997-01-01,36,6,Extension LSTM,3.7926336599367136,2.714954421261775,4.661137872584903
1997-01-01,36,6,Transformer,2.026198851148259,0.026831007110696248,3.360313701749024
1997-01-01,36,6,Equal-weight LSTM–Transformer combination,3.3075916399966796,1.76010163998612,4.406625543764317
1997-02-01,36,6,Original-paper GAN,7.741936045476493,3.3208755525316387,10.096202423449553
1997-02-01,36,6,Our replicated GAN,6.697798148209422,4.446829088291737,7.764239805356338
1997-02-01,36,6,Extension LSTM,3.862830960252691,2.8463376462326946,4.650567608057465
1997-02-01,36,6,Transformer,2.3716007021822825,0.6221600201882336,3.6986668660619255
1997-02-01,36,6,Equal-weight LSTM–Transformer combination,3.6815750109010335,2.32447382941968,4.789231331474538
1997-03-01,36,6,Original-paper GAN,7.912530472619524,2.9247530718014065,10.278925671173587
1997-03-01,36,6,Our replicated GAN,6.886785669986012,4.670301376209339,7.984200955806435
1997-03-01,36,6,Extension LSTM,3.888257597427063,2.785653439844832,4.744745490751308
1997-03-01,36,6,Transformer,2.6319483911732937,0.886328454335084,4.007833331824347
1997-03-01,36,6,Equal-weight LSTM–Transformer combination,3.876306366358759,2.4473326719940642,5.038079147943347
1997-04-01,36,6,Original-paper GAN,7.9244385309854435,2.873862256850989,10.352306818277098
1997-04-01,36,6,Our replicated GAN,6.897819864594531,4.749912904704813,7.970085484528747
1997-04-01,36,6,Extension LSTM,3.8347645428349777,2.7603069290501914,4.713429782345846
1997-04-01,36,6,Transformer,2.6067803353717776,0.830006690576109,3.9720771488777302
1997-04-01,36,6,Equal-weight LSTM–Transformer combination,3.806627077881467,2.3678956482718303,4.905497746463803
1997-05-01,36,6,Original-paper GAN,8.181553215830382,2.2135987005263025,10.923021792566907
1997-05-01,36,6,Our replicated GAN,7.220082427831577,4.284166307038663,8.579285844715443
1997-05-01,36,6,Extension LSTM,4.036220213157009,2.8284393201221185,5.010377837430727
1997-05-01,36,6,Transformer,2.764453194983576,0.7586037663904512,4.299345872965361
1997-05-01,36,6,Equal-weight LSTM–Transformer combination,4.027891518927846,2.4408364671039697,5.368793957077291
1997-06-01,36,6,Original-paper GAN,7.932036137230763,3.0864944196866846,10.406054886653527
1997-06-01,36,6,Our replicated GAN,7.1434032980036495,4.636339192347788,8.495810402469193
1997-06-01,36,6,Extension LSTM,4.137185104387613,2.8676551211899834,5.132953651826922
1997-06-01,36,6,Transformer,2.788025594138385,0.812681668733722,4.318696917722207
1997-06-01,36,6,Equal-weight LSTM–Transformer combination,4.078475212622555,2.3456216074438747,5.41052639141437
1997-07-01,36,6,Original-paper GAN,7.856118236014429,2.8440483230620566,10.244977344371838
1997-07-01,36,6,Our replicated GAN,7.264649612722335,4.357794499852373,8.667720848002292
1997-07-01,36,6,Extension LSTM,4.014143891531144,2.7993204603076305,4.962957484391131
1997-07-01,36,6,Transformer,2.621113341626165,0.8660868817670248,4.047746593385621
1997-07-01,36,6,Equal-weight LSTM–Transformer combination,3.862040715274854,2.3830469343614875,5.074737424940133
1997-08-01,36,6,Original-paper GAN,7.3570659402879555,2.2710115267760758,9.57202889450535
1997-08-01,36,6,Our replicated GAN,6.893543247600401,4.659812840033893,8.047297499221793
1997-08-01,36,6,Extension LSTM,3.809641531906106,2.6055464528484897,4.796085180013942
1997-08-01,36,6,Transformer,2.2973942973173678,0.44218471273274007,3.6873829967208116
1997-08-01,36,6,Equal-weight LSTM–Transformer combination,3.5178701028328043,1.7087237348242734,4.743033623571401
1997-09-01,36,6,Original-paper GAN,7.404186849794375,2.4388336113749025,9.637426833432567
1997-09-01,36,6,Our replicated GAN,6.968799092268927,4.5970353256576715,8.202721397610993
1997-09-01,36,6,Extension LSTM,3.8568358596944408,2.7262115084778484,4.796866568740313
1997-09-01,36,6,Transformer,2.336164837796323,0.5894866543981032,3.6740586483385633
1997-09-01,36,6,Equal-weight LSTM–Transformer combination,3.706521314295411,2.232083518704434,4.875891783803029
1997-10-01,36,6,Original-paper GAN,7.442180555198055,2.6050770741947833,9.649108058364021
1997-10-01,36,6,Our replicated GAN,6.926958974437132,4.727898897298497,8.149788379769033
1997-10-01,36,6,Extension LSTM,3.857714232958043,2.6437867832265747,4.719370218115916
1997-10-01,36,6,Transformer,2.151328680793782,0.32732990398046846,3.494013669553838
1997-10-01,36,6,Equal-weight LSTM–Transformer combination,3.523774328768665,1.8181279397682646,4.690395687193471
1997-11-01,36,6,Original-paper GAN,7.744303370363406,2.1853264613821217,10.09088960932065
1997-11-01,36,6,Our replicated GAN,7.0794472750466415,4.562609913275552,8.338850585934152
1997-11-01,36,6,Extension LSTM,3.8689800986580405,2.677477636750492,4.810828040263588
1997-11-01,36,6,Transformer,2.1595626754964545,0.3504276536133138,3.5023145786864687
1997-11-01,36,6,Equal-weight LSTM–Transformer combination,3.538051824815659,1.9372306643746502,4.70295186366781
1997-12-01,36,6,Original-paper GAN,8.11409423127273,1.9606196698461114,10.72797809871772
1997-12-01,36,6,Our replicated GAN,7.352947033303651,4.411249537039656,8.775931805365563
1997-12-01,36,6,Extension LSTM,3.6327220752627465,2.4353446597065798,4.5730481295576695
1997-12-01,36,6,Transformer,2.213103802307976,0.5504394479915633,3.503845676035788
1997-12-01,36,6,Equal-weight LSTM–Transformer combination,3.542604189669215,1.9636794975919702,4.72337218283382
1997-12-01,36,3,Original-paper GAN,8.11409423127273,1.7154568903386225,10.974656427319852
1997-12-01,36,3,Our replicated GAN,7.352947033303651,3.7854049612992684,9.116183907029788
1997-12-01,36,3,Extension LSTM,3.6327220752627465,2.1053770878352145,4.649116066260024
1997-12-01,36,3,Transformer,2.213103802307976,0.4034102347838725,3.5799113445117747
1997-12-01,36,3,Equal-weight LSTM–Transformer combination,3.542604189669215,1.6289737908026218,4.879253844275263
1997-12-01,36,12,Original-paper GAN,8.11409423127273,3.012946601440969,10.351833170929071
1997-12-01,36,12,Our replicated GAN,7.352947033303651,4.783440678452068,8.790467569411678
1997-12-01,36,12,Extension LSTM,3.6327220752627465,2.3689876506155714,4.508974900968308
1997-12-01,36,12,Transformer,2.213103802307976,0.8828878912496093,3.0290104459537006
1997-12-01,36,12,Equal-weight LSTM–Transformer combination,3.542604189669215,2.3366812632713425,4.305992230774464
1998-01-01,36,6,Original-paper GAN,8.01935931221486,2.233721930938558,10.499540386642455
1998-01-01,36,6,Our replicated GAN,7.350474288702379,4.433559837869078,8.82331675629583
1998-01-01,36,6,Extension LSTM,3.641725507143152,2.4053956399180825,4.612559420576231
1998-01-01,36,6,Transformer,1.993228656532481,0.5404384922803983,3.1728929194542395
1998-01-01,36,6,Equal-weight LSTM–Transformer combination,3.369931381744539,1.9270129831375546,4.428713454649716
1998-02-01,36,6,Original-paper GAN,7.9650023813888025,2.1005798003327967,10.361538308945475
1998-02-01,36,6,Our replicated GAN,7.33989944275698,4.561587852944859,8.723810389193119
1998-02-01,36,6,Extension LSTM,3.6259652230287633,2.402404581493155,4.5817369136849315
1998-02-01,36,6,Transformer,1.9858843210958363,0.4699370226599166,3.1172889440434233
1998-02-01,36,6,Equal-weight LSTM–Transformer combination,3.3712059027415977,1.8755184155182199,4.448556535858245
1998-03-01,36,6,Original-paper GAN,7.941138943431587,2.115947540710419,10.360398532538385
1998-03-01,36,6,Our replicated GAN,7.358810055973386,4.336353796435755,8.85576653866778
1998-03-01,36,6,Extension LSTM,3.6815244913522367,2.43097006243148,4.638631923867185
1998-03-01,36,6,Transformer,1.978721422372737,0.4339089192746502,3.0911646065227636
1998-03-01,36,6,Equal-weight LSTM–Transformer combination,3.3761174340975386,1.8555282195586156,4.417159860557195
1998-04-01,36,6,Original-paper GAN,7.83263004543496,2.8062808661782728,10.233363198873507
1998-04-01,36,6,Our replicated GAN,7.051987704756855,4.5099096002750665,8.396014788348435
1998-04-01,36,6,Extension LSTM,3.5849776801211983,2.365867433757164,4.56585578702698
1998-04-01,36,6,Transformer,1.791451684701991,0.43816502351592335,2.8643926542999454
1998-04-01,36,6,Equal-weight LSTM–Transformer combination,3.1691132883587168,1.8419825215598635,4.170154219454482
1998-05-01,36,6,Original-paper GAN,7.999411985416649,2.150404784570291,10.57727611494278
1998-05-01,36,6,Our replicated GAN,7.21673558802208,4.575453826660813,8.615856087306748
1998-05-01,36,6,Extension LSTM,3.7354586905864835,2.5411364223985644,4.6495567426764755
1998-05-01,36,6,Transformer,1.8526666623136323,0.43774074617449826,2.965335345862661
1998-05-01,36,6,Equal-weight LSTM–Transformer combination,3.289103046181313,1.9484607624083974,4.3259684655343005
1998-06-01,36,6,Original-paper GAN,7.889138493041067,2.201306314685869,10.420116625495542
1998-06-01,36,6,Our replicated GAN,7.407095537393393,4.540953626157663,8.957134338575635
1998-06-01,36,6,Extension LSTM,3.9515799520220733,2.896686958054891,4.8476332203153145
1998-06-01,36,6,Transformer,1.7379438279755846,0.3375887781956077,2.846062368725202
1998-06-01,36,6,Equal-weight LSTM–Transformer combination,3.2204875159871356,1.7917667952294192,4.215792706736532
1998-07-01,36,6,Original-paper GAN,7.563407780362219,2.8451979590652363,9.815669892145834
1998-07-01,36,6,Our replicated GAN,7.57868635811971,4.171930061100125,9.225309724225447
1998-07-01,36,6,Extension LSTM,3.945733900375056,2.8601442343184313,4.8670151606841685
1998-07-01,36,6,Transformer,1.6851816244459492,0.29779585156701355,2.7458220603208967
1998-07-01,36,6,Equal-weight LSTM–Transformer combination,3.1679722172195777,1.6957308505714959,4.169732872058732
1998-08-01,36,6,Original-paper GAN,7.393960136934677,3.101587178101107,9.45965879855336
1998-08-01,36,6,Our replicated GAN,7.6493682662693,4.247944915238929,9.341912812522299
1998-08-01,36,6,Extension LSTM,4.018848564299325,2.9947810450763384,4.932507905155603
1998-08-01,36,6,Transformer,1.5641253314863408,0.4172643291627207,2.6067369209177302
1998-08-01,36,6,Equal-weight LSTM–Transformer combination,3.245745115126422,1.8971237321095522,4.29517720840209
1998-09-01,36,6,Original-paper GAN,7.264572361808081,3.4817680153907413,9.221022702639509
1998-09-01,36,6,Our replicated GAN,7.587372404571394,4.625462811387711,9.243988326923422
1998-09-01,36,6,Extension LSTM,4.174987309556268,3.107557424899858,5.1355378422532265
1998-09-01,36,6,Transformer,1.5995076414530796,0.28233307502637794,2.642938722338596
1998-09-01,36,6,Equal-weight LSTM–Transformer combination,3.398471460920197,1.7852398807078158,4.533173486410603
1998-10-01,36,6,Original-paper GAN,7.324336584000989,3.3282024037990805,9.354272441186353
1998-10-01,36,6,Our replicated GAN,7.54879874766259,4.465134098311672,9.164169076150658
1998-10-01,36,6,Extension LSTM,4.182241976725799,3.042780767332402,5.137028995211638
1998-10-01,36,6,Transformer,1.4528310663271304,0.23002092816654263,2.4963094094834606
1998-10-01,36,6,Equal-weight LSTM–Transformer combination,3.2894657199789017,1.7653638628022288,4.339083965378694
1998-11-01,36,6,Original-paper GAN,7.0611297055084,3.1482484240239756,9.089703210362352
1998-11-01,36,6,Our replicated GAN,7.35713972926784,4.706001643010765,8.931700169373553
1998-11-01,36,6,Extension LSTM,4.24467382239562,3.02861372935886,5.200130031178659
1998-11-01,36,6,Transformer,1.471865486852168,0.21896743987640796,2.509860059867717
1998-11-01,36,6,Equal-weight LSTM–Transformer combination,3.2951672173099116,1.757549137855196,4.318034007422304
1998-12-01,36,6,Original-paper GAN,7.063341831274796,3.107821169988341,8.913705428120393
1998-12-01,36,6,Our replicated GAN,7.2969154445032895,5.021546271718335,8.74939597023258
1998-12-01,36,6,Extension LSTM,4.167375136449781,3.0948304972389415,5.093078893123721
1998-12-01,36,6,Transformer,1.3743508175857246,0.19209091405347561,2.4191769075636205
1998-12-01,36,6,Equal-weight LSTM–Transformer combination,3.2309011117246937,1.8152076017129062,4.250102632616741
1998-12-01,36,3,Original-paper GAN,7.063341831274796,3.2286214026989724,9.093756412740618
1998-12-01,36,3,Our replicated GAN,7.2969154445032895,4.124987088036569,9.027196936620221
1998-12-01,36,3,Extension LSTM,4.167375136449781,2.7450721179541016,5.141644002386888
1998-12-01,36,3,Transformer,1.3743508175857246,0.12443577739755689,2.568413196373624
1998-12-01,36,3,Equal-weight LSTM–Transformer combination,3.2309011117246937,1.8070711783383584,4.395560110471255
1998-12-01,36,12,Original-paper GAN,7.063341831274796,4.067282456625566,8.800983502720984
1998-12-01,36,12,Our replicated GAN,7.2969154445032895,5.141950010626121,8.88461725738371
1998-12-01,36,12,Extension LSTM,4.167375136449781,3.17139254013208,4.90629909400223
1998-12-01,36,12,Transformer,1.3743508175857246,0.18247647396411726,2.2184726322269657
1998-12-01,36,12,Equal-weight LSTM–Transformer combination,3.2309011117246937,2.032319895394231,3.923550910001838
1999-01-01,36,6,Original-paper GAN,6.93309875750703,3.117144257784605,8.894641329365879
1999-01-01,36,6,Our replicated GAN,7.229344270768663,4.91435823636714,8.706717573758581
1999-01-01,36,6,Extension LSTM,3.9734829293619987,3.0308749618396402,4.868937014370546
1999-01-01,36,6,Transformer,1.2517871623233765,-0.012605609592368274,2.427613714239205
1999-01-01,36,6,Equal-weight LSTM–Transformer combination,2.98287720932563,1.547176465902575,4.19548391410348
1999-02-01,36,6,Original-paper GAN,6.943577386697519,3.124268315078671,8.856004617393284
1999-02-01,36,6,Our replicated GAN,7.35832538035663,4.961027858132302,8.856864108029502
1999-02-01,36,6,Extension LSTM,3.775333852698743,2.578680797175704,4.710472752625213
1999-02-01,36,6,Transformer,1.2563753316890465,-0.05209692846075993,2.39340282600537
1999-02-01,36,6,Equal-weight LSTM–Transformer combination,2.9028663472486667,1.3305672754520947,4.153109473616995
1999-03-01,36,6,Original-paper GAN,6.747877165831219,2.5201919440530314,8.733016664166989
1999-03-01,36,6,Our replicated GAN,6.013257451412172,2.3635055815029196,8.232923165362752
1999-03-01,36,6,Extension LSTM,3.8286305977929547,2.7138179790421058,4.768737922464372
1999-03-01,36,6,Transformer,1.1104758290089758,-0.3227169412620286,2.317120005453683
1999-03-01,36,6,Equal-weight LSTM–Transformer combination,2.7735990450559442,1.1189544644330458,4.050982354376054
1999-04-01,36,6,Original-paper GAN,6.609045933543323,2.5462655382291612,8.661526824168467
1999-04-01,36,6,Our replicated GAN,5.052975954386726,0.3562781855565697,7.404628382983699
1999-04-01,36,6,Extension LSTM,4.055430461256879,2.94574002122524,4.981878991611799
1999-04-01,36,6,Transformer,1.3473364610142877,0.19053354288500876,2.348645209111633
1999-04-01,36,6,Equal-weight LSTM–Transformer combination,3.1423979262325283,1.7922505907805697,4.169255939178459
1999-05-01,36,6,Original-paper GAN,6.586827221921201,2.4849388009066793,8.693894687484432
1999-05-01,36,6,Our replicated GAN,5.205609971597551,0.7227485846420229,7.557947048466401
1999-05-01,36,6,Extension LSTM,4.114424696032347,2.926827549793691,5.083032341091046
1999-05-01,36,6,Transformer,1.498370023198979,0.2886713400984188,2.4565920220042576
1999-05-01,36,6,Equal-weight LSTM–Transformer combination,3.349759914647052,1.9480524149602023,4.396990164856216
1999-06-01,36,6,Original-paper GAN,6.602739558873893,2.3918923543608326,8.727705511243881
1999-06-01,36,6,Our replicated GAN,5.24405700035038,0.4421958782482354,7.589920706780117
1999-06-01,36,6,Extension LSTM,4.0877298870220855,2.9306311155759746,5.059251656428443
1999-06-01,36,6,Transformer,1.5705809678289497,0.3100365548337144,2.5602656563023305
1999-06-01,36,6,Equal-weight LSTM–Transformer combination,3.3486232373891394,1.932462778942102,4.410551892959665
1999-07-01,36,6,Original-paper GAN,6.562251799747624,2.459334841169887,8.660459565561563
1999-07-01,36,6,Our replicated GAN,5.246149295823925,0.6304923375001752,7.562450755794903
1999-07-01,36,6,Extension LSTM,4.092985700230125,2.833979165567553,5.086385702163328
1999-07-01,36,6,Transformer,1.4909347462241378,0.3421215961698516,2.4903846950376143
1999-07-01,36,6,Equal-weight LSTM–Transformer combination,3.342246097478552,1.9085056182999733,4.4257288162631605
1999-08-01,36,6,Original-paper GAN,6.561763960461083,2.4549540323746153,8.660466142066904
1999-08-01,36,6,Our replicated GAN,5.092011217943584,0.497236873109862,7.318996352367202
1999-08-01,36,6,Extension LSTM,3.886712990519451,2.813975670983235,4.722771444448162
1999-08-01,36,6,Transformer,1.4204604588099865,0.3049266810650691,2.35074243343747
1999-08-01,36,6,Equal-weight LSTM–Transformer combination,3.181894082796458,1.9843873440593274,4.127937271047509
1999-09-01,36,6,Original-paper GAN,6.488667599983242,2.6735837169616508,8.511848197187078
1999-09-01,36,6,Our replicated GAN,5.032334946013328,0.3189300515944604,7.256061912419259
1999-09-01,36,6,Extension LSTM,3.7086364268877317,2.6603303923312995,4.553284481448164
1999-09-01,36,6,Transformer,1.3900460994763197,0.37572977837132193,2.2853406145639426
1999-09-01,36,6,Equal-weight LSTM–Transformer combination,3.070985310048183,2.0180937834956683,3.9291705354474993
1999-10-01,36,6,Original-paper GAN,6.332998397774634,3.164983945845708,8.216123040593292
1999-10-01,36,6,Our replicated GAN,5.015331242712969,0.34532251220618726,7.243149698296837
1999-10-01,36,6,Extension LSTM,3.6171320797880653,2.614712413582378,4.482750429201256
1999-10-01,36,6,Transformer,1.2202570330130211,0.38468793836515525,1.9113600981662249
1999-10-01,36,6,Equal-weight LSTM–Transformer combination,2.9426817033509733,1.9730216365994473,3.7394750833578385
1999-11-01,36,6,Original-paper GAN,6.298476129403056,3.2002733969518933,8.179311650308163
1999-11-01,36,6,Our replicated GAN,5.169575172888392,0.34933730410150526,7.449254874464032
1999-11-01,36,6,Extension LSTM,3.2025985402982404,1.8506215053489259,4.242374711656409
1999-11-01,36,6,Transformer,1.1458917615465742,0.36288133926886307,1.852159641271842
1999-11-01,36,6,Equal-weight LSTM–Transformer combination,2.7198321302567092,1.7378829648575398,3.5062953114539086
1999-12-01,36,6,Original-paper GAN,6.263451865797021,3.2067502025769357,8.038751592035295
1999-12-01,36,6,Our replicated GAN,4.392119815640282,-0.3524974195233902,6.12240470041101
1999-12-01,36,6,Extension LSTM,2.271630629787069,0.17027058976544823,3.676102105635539
1999-12-01,36,6,Transformer,0.944974335013598,0.17862955757581991,1.5951346896675809
1999-12-01,36,6,Equal-weight LSTM–Transformer combination,2.084826010939539,0.7463144314708977,3.206288089996571
1999-12-01,36,3,Original-paper GAN,6.263451865797021,3.117330080048893,8.257181659948081
1999-12-01,36,3,Our replicated GAN,4.392119815640282,0.07709534463103782,6.336602018103247
1999-12-01,36,3,Extension LSTM,2.271630629787069,-0.11630677552570234,3.65980803436931
1999-12-01,36,3,Transformer,0.944974335013598,0.008148746335260228,1.9299785785317458
1999-12-01,36,3,Equal-weight LSTM–Transformer combination,2.084826010939539,0.4458600482786858,3.3309707425892223
1999-12-01,36,12,Original-paper GAN,6.263451865797021,3.98095348162714,7.924539571743626
1999-12-01,36,12,Our replicated GAN,4.392119815640282,-0.6013924455160067,6.207732514771872
1999-12-01,36,12,Extension LSTM,2.271630629787069,0.3370789683724127,3.348862206279689
1999-12-01,36,12,Transformer,0.944974335013598,0.4494749348822571,1.4831796180524697
1999-12-01,36,12,Equal-weight LSTM–Transformer combination,2.084826010939539,0.9679754741383354,2.935415744631543
2000-01-01,36,6,Original-paper GAN,5.768212575284156,3.575533560405335,7.171028214359608
2000-01-01,36,6,Our replicated GAN,4.37974183224257,-0.346691590432924,6.1143767386000665
2000-01-01,36,6,Extension LSTM,2.2142665439034346,0.013175405390103371,3.6590379370498254
2000-01-01,36,6,Transformer,1.1400757280600686,0.15951711771979762,1.8881086795696187
2000-01-01,36,6,Equal-weight LSTM–Transformer combination,2.151001975082771,0.7642127736687148,3.1908153373881705
2000-02-01,36,6,Original-paper GAN,5.552216822934093,3.2880553765641434,6.862020036153878
2000-02-01,36,6,Our replicated GAN,2.291764145582523,-2.8672664924493887,3.7158889492995812
2000-02-01,36,6,Extension LSTM,0.7296847003368336,-2.5906707810050076,1.9458074930641882
2000-02-01,36,6,Transformer,0.6721780549909336,0.07090694960068837,1.2608665995152666
2000-02-01,36,6,Equal-weight LSTM–Transformer combination,0.817688060943612,-1.42653908632911,1.9068099993729566
2000-03-01,36,6,Original-paper GAN,5.557944476291651,3.4089635438369346,6.864008780735479
2000-03-01,36,6,Our replicated GAN,2.3089009831024683,-2.7878592702531626,3.629940986945308
2000-03-01,36,6,Extension LSTM,0.8245856750816534,-2.3288021547279008,2.006684894785024
2000-03-01,36,6,Transformer,0.7908665517839636,0.23800569251695736,1.3724603388980332
2000-03-01,36,6,Equal-weight LSTM–Transformer combination,0.9235605918059927,-1.185389896954838,1.9608211146398011
2000-04-01,36,6,Original-paper GAN,5.149282913348804,2.8703354763142936,6.389123306820551
2000-04-01,36,6,Our replicated GAN,2.3028223050889842,-3.204729146908056,3.585554094379923
2000-04-01,36,6,Extension LSTM,0.938416495249777,-2.178305462374649,2.0780635549865694
2000-04-01,36,6,Transformer,0.7812535072958307,0.2238105307245159,1.3335402313901832
2000-04-01,36,6,Equal-weight LSTM–Transformer combination,1.0070772393231702,-1.0779877504793858,1.9808129780955337
2000-05-01,36,6,Original-paper GAN,4.910923184445161,2.386627004604402,6.155479932409232
2000-05-01,36,6,Our replicated GAN,2.2059331408339617,-3.0050947105874064,3.442251950963942
2000-05-01,36,6,Extension LSTM,0.8658149178178987,-2.135563735235567,2.0247203314418467
2000-05-01,36,6,Transformer,0.7744706286593348,0.20322078119848608,1.3389516395210739
2000-05-01,36,6,Equal-weight LSTM–Transformer combination,0.9563907538914721,-1.1364981634980158,1.9741303123432425
2000-06-01,36,6,Original-paper GAN,4.874998125191757,2.417883938109278,6.165429877279042
2000-06-01,36,6,Our replicated GAN,2.232187214598513,-2.1354807425931766,3.413594509190703
2000-06-01,36,6,Extension LSTM,0.8319281407043941,-2.359800038274244,1.965032634130829
2000-06-01,36,6,Transformer,0.7088792629923442,0.1371618195483775,1.2795571531740944
2000-06-01,36,6,Equal-weight LSTM–Transformer combination,0.904751837600045,-1.2649563393875163,1.9187860997352073
2000-07-01,36,6,Original-paper GAN,4.9744561468900095,2.723465612977528,6.20629790123001
2000-07-01,36,6,Our replicated GAN,2.2589202051160435,-1.6650840284979767,3.4308342651191195
2000-07-01,36,6,Extension LSTM,0.9692846246575403,-1.9826128949209536,2.119870001018554
2000-07-01,36,6,Transformer,0.8843431499397167,0.27954624700913605,1.5208441703377764
2000-07-01,36,6,Equal-weight LSTM–Transformer combination,1.0676729169548653,-0.9210025167676121,2.0979534874446557
2000-08-01,36,6,Original-paper GAN,5.2220044679299855,2.593024293158366,6.574501507347161
2000-08-01,36,6,Our replicated GAN,2.33512604917952,-1.9266920403839978,3.588597421053771
2000-08-01,36,6,Extension LSTM,0.8816740773345872,-1.897403313553113,1.9779128754539483
2000-08-01,36,6,Transformer,1.1240761526036993,0.16487865468426802,1.914670144988546
2000-08-01,36,6,Equal-weight LSTM–Transformer combination,1.1271292424223511,-0.9514972309421482,2.205558782611049
2000-09-01,36,6,Original-paper GAN,5.300842734646169,2.3727481343227117,6.737283354893476
2000-09-01,36,6,Our replicated GAN,2.3857680376099117,-2.2093401925256457,3.7578020957511256
2000-09-01,36,6,Extension LSTM,0.9124943463110301,-1.9233555710857952,2.017274040568829
2000-09-01,36,6,Transformer,1.3050604141161153,0.17375953037255493,2.2359605438755765
2000-09-01,36,6,Equal-weight LSTM–Transformer combination,1.213813604123396,-0.7847315681141938,2.356266208468042
2000-10-01,36,6,Original-paper GAN,5.264820082913923,2.5394197281771023,6.658815762783077
2000-10-01,36,6,Our replicated GAN,2.3876208395322,-2.0927257637282564,3.7172014994461304
2000-10-01,36,6,Extension LSTM,0.9902742713980961,-1.8433344106813088,2.176542737744199
2000-10-01,36,6,Transformer,1.4074863976899847,0.1140208815694796,2.467987000894259
2000-10-01,36,6,Equal-weight LSTM–Transformer combination,1.3120568962210344,-0.9297941463238195,2.5466590085271776
2000-11-01,36,6,Original-paper GAN,5.180758211713268,2.9001069047468278,6.541628978131516
2000-11-01,36,6,Our replicated GAN,2.3865633636367236,-1.6738800596343315,3.7430967080130384
2000-11-01,36,6,Extension LSTM,1.1061897702901569,-1.8964894206665297,2.3791822462043144
2000-11-01,36,6,Transformer,1.4728685216472994,0.12141576781747972,2.5885764483104854
2000-11-01,36,6,Equal-weight LSTM–Transformer combination,1.4164045674083672,-0.8477924687140643,2.746250328860291
2000-12-01,36,6,Original-paper GAN,5.1685578225731215,2.8087242705345856,6.474865676536282
2000-12-01,36,6,Our replicated GAN,2.376425209609825,-1.9525800550190522,3.6890726336104813
2000-12-01,36,6,Extension LSTM,1.1965003710912725,-2.065238747035001,2.4631145426435404
2000-12-01,36,6,Transformer,1.4744428460908083,0.21277717313517303,2.5129638198464344
2000-12-01,36,6,Equal-weight LSTM–Transformer combination,1.4795446642826942,-0.6201417964298173,2.7319975473802334
2000-12-01,36,3,Original-paper GAN,5.1685578225731215,2.653100714551441,6.662223989414003
2000-12-01,36,3,Our replicated GAN,2.376425209609825,-1.464882060600729,3.767892492210813
2000-12-01,36,3,Extension LSTM,1.1965003710912725,-1.6147611727333202,2.456266833054807
2000-12-01,36,3,Transformer,1.4744428460908083,0.3886439336175263,2.5737833565809947
2000-12-01,36,3,Equal-weight LSTM–Transformer combination,1.4795446642826942,-0.593651720707957,2.7441582006496614
2000-12-01,36,12,Original-paper GAN,5.1685578225731215,2.61097688938682,6.033390993769937
2000-12-01,36,12,Our replicated GAN,2.376425209609825,-2.9795701028539052,3.572753755813904
2000-12-01,36,12,Extension LSTM,1.1965003710912725,-2.2539289365944266,2.3540198060893567
2000-12-01,36,12,Transformer,1.4744428460908083,0.18392473499133075,2.5908504428943004
2000-12-01,36,12,Equal-weight LSTM–Transformer combination,1.4795446642826942,-0.6763489889530026,2.6525053638048623
2001-01-01,36,6,Original-paper GAN,5.069707325731958,2.76581078014486,6.27936249062761
2001-01-01,36,6,Our replicated GAN,2.3532420761894763,-1.987302947841185,3.6368995538871154
2001-01-01,36,6,Extension LSTM,1.2197760499936328,-2.151168521740369,2.4803588573877615
2001-01-01,36,6,Transformer,0.6142124574398115,-0.9978454566943253,1.3448456048248032
2001-01-01,36,6,Equal-weight LSTM–Transformer combination,1.138541493844459,-0.8076728737373288,2.1852132562708886
2001-02-01,36,6,Original-paper GAN,4.55603798948103,2.7979286499797658,5.559628150107463
2001-02-01,36,6,Our replicated GAN,2.3052822284898227,-0.13455159732645394,3.5108021165923256
2001-02-01,36,6,Extension LSTM,1.3049817996959328,-1.237905493795579,2.6457428529730893
2001-02-01,36,6,Transformer,0.7728020865195734,-0.7244670357496535,1.390394502417239
2001-02-01,36,6,Equal-weight LSTM–Transformer combination,1.2383866344726349,-0.44805905967407494,2.3210398702294173
2001-03-01,36,6,Original-paper GAN,4.367876340213297,2.6246114811403523,5.335353602822968
2001-03-01,36,6,Our replicated GAN,2.3185447530016683,-0.05910013158925924,3.5032502558954044
2001-03-01,36,6,Extension LSTM,1.3419831873632808,-1.2392552302773894,2.6418230007965313
2001-03-01,36,6,Transformer,0.8094323693858322,-0.5081142831245054,1.3966300410152908
2001-03-01,36,6,Equal-weight LSTM–Transformer combination,1.278034741481594,-0.35073014601332897,2.271991840742997
2001-04-01,36,6,Original-paper GAN,4.455578482879163,2.7972987741534707,5.389698742424289
2001-04-01,36,6,Our replicated GAN,2.3648526486671964,-0.3384253427226636,3.592945306962614
2001-04-01,36,6,Extension LSTM,1.3826629372244719,-1.3613246917624635,2.763630523522149
2001-04-01,36,6,Transformer,0.8466895211434984,-0.7030717525615574,1.4468992051389455
2001-04-01,36,6,Equal-weight LSTM–Transformer combination,1.3259380757590713,-0.4641045958814131,2.4369847467132963
2001-05-01,36,6,Original-paper GAN,4.460977548884934,2.6965525190978745,5.416122689083074
2001-05-01,36,6,Our replicated GAN,2.3605959037092528,-0.33130740517068163,3.585410365465057
2001-05-01,36,6,Extension LSTM,1.3991370874516114,-1.2090987101218444,2.765376146748028
2001-05-01,36,6,Transformer,0.891493210753587,-0.4875288715010674,1.4575343442994502
2001-05-01,36,6,Equal-weight LSTM–Transformer combination,1.361026919390105,-0.3625106184800705,2.4685062695929885
2001-06-01,36,6,Original-paper GAN,4.3815964276437995,2.7621970255636965,5.28104575451255
2001-06-01,36,6,Our replicated GAN,2.319929070163139,-0.23182631308011803,3.456771747837933
2001-06-01,36,6,Extension LSTM,1.4020627576734015,-1.3307945850941967,2.790636793038378
2001-06-01,36,6,Transformer,0.9195996974499088,-0.5265220703021641,1.4955499138192663
2001-06-01,36,6,Equal-weight LSTM–Transformer combination,1.3806115715170568,-0.44709208755462504,2.476861321669554
2001-07-01,36,6,Original-paper GAN,4.541147910974523,2.66872647290617,5.534885165574834
2001-07-01,36,6,Our replicated GAN,2.3845599247957696,-0.02448951924116095,3.6235287966850334
2001-07-01,36,6,Extension LSTM,1.4229169461422329,-1.3153901491738098,2.8391888421011178
2001-07-01,36,6,Transformer,1.037231492193344,-0.546857765134277,1.7121938729385855
2001-07-01,36,6,Equal-weight LSTM–Transformer combination,1.4644529029430633,-0.45502941398261165,2.6689969697493696
2001-08-01,36,6,Original-paper GAN,4.60647578839328,2.615979974225611,5.640605612505166
2001-08-01,36,6,Our replicated GAN,2.3798759239167873,-0.2928748033783346,3.679380443767946
2001-08-01,36,6,Extension LSTM,1.3143700730262409,-1.139211888965328,2.695813902805248
2001-08-01,36,6,Transformer,1.1726142018604249,-0.8134103012126341,1.9050785239265349
2001-08-01,36,6,Equal-weight LSTM–Transformer combination,1.4826350494612577,-0.5249841259738688,2.682975814646359
2001-09-01,36,6,Original-paper GAN,4.580075084304594,2.6162822872798537,5.606332272698835
2001-09-01,36,6,Our replicated GAN,2.382941895630098,-0.29834095739774585,3.577947168777828
2001-09-01,36,6,Extension LSTM,1.1870828231926722,-1.1283503020618604,2.44924727587253
2001-09-01,36,6,Transformer,1.2724596390874816,-0.7163967059449985,2.044854376714501
2001-09-01,36,6,Equal-weight LSTM–Transformer combination,1.479786914337833,-0.5793838432001389,2.6142364602854054
2001-10-01,36,6,Original-paper GAN,4.554647266939109,2.5971682547084263,5.582976822992257
2001-10-01,36,6,Our replicated GAN,2.3365223699575965,-0.05576911854981006,3.5560215943878313
2001-10-01,36,6,Extension LSTM,1.1962795266224646,-1.11736025065611,2.5760168126433105
2001-10-01,36,6,Transformer,1.100528288053168,-0.4331691226200719,1.8559196922850227
2001-10-01,36,6,Equal-weight LSTM–Transformer combination,1.3910634992881727,-0.33416593820470675,2.5577677808371693
2001-11-01,36,6,Original-paper GAN,4.281257236615036,2.5001531550971565,5.201431774293864
2001-11-01,36,6,Our replicated GAN,2.089064649112925,0.02166145327886424,3.2517702983498764
2001-11-01,36,6,Extension LSTM,1.2276258413790655,-1.1060335485902326,2.5494830927755068
2001-11-01,36,6,Transformer,0.8722702071621476,-0.6576605073804426,1.7426979216439449
2001-11-01,36,6,Equal-weight LSTM–Transformer combination,1.2759923832725415,-0.35064262390217243,2.407970199097974
2001-12-01,36,6,Original-paper GAN,4.247381271974016,2.5946796278464026,5.1533485130469785
2001-12-01,36,6,Our replicated GAN,2.0440706715543024,0.06757526030788867,3.1690001425847947
2001-12-01,36,6,Extension LSTM,1.2338353634124486,-1.1098077252922454,2.4990477301989116
2001-12-01,36,6,Transformer,0.8816385902278673,-0.6224631524194155,1.7927436754837296
2001-12-01,36,6,Equal-weight LSTM–Transformer combination,1.2856498423678075,-0.33521024167185887,2.3808076002570306
2001-12-01,36,3,Original-paper GAN,4.247381271974016,2.3132229427150723,5.348386970401336
2001-12-01,36,3,Our replicated GAN,2.0440706715543024,-0.014387422013329765,3.1685077386285987
2001-12-01,36,3,Extension LSTM,1.2338353634124486,-1.0918083462429429,2.499199341089915
2001-12-01,36,3,Transformer,0.8816385902278673,-0.8252992944014998,1.8045960251306024
2001-12-01,36,3,Equal-weight LSTM–Transformer combination,1.2856498423678075,-0.44436485013442034,2.3666340328672484
2001-12-01,36,12,Original-paper GAN,4.247381271974016,3.6294555578276233,4.702018307883138
2001-12-01,36,12,Our replicated GAN,2.0440706715543024,0.48448656029640685,3.071889074046588
2001-12-01,36,12,Extension LSTM,1.2338353634124486,-0.9228673571080922,2.4436201660319172
2001-12-01,36,12,Transformer,0.8816385902278673,0.08874938336356879,1.7222010090102637
2001-12-01,36,12,Equal-weight LSTM–Transformer combination,1.2856498423678075,0.30972461145065966,2.2931695884979497
2002-01-01,36,6,Original-paper GAN,4.24333660312416,2.6750239178162367,5.168089454191884
2002-01-01,36,6,Our replicated GAN,2.1118933517253633,0.188187511845932,3.2552523518528336
2002-01-01,36,6,Extension LSTM,1.321406579043817,-1.1865938870351456,2.6863328567327827
2002-01-01,36,6,Transformer,1.025919201021528,-0.4066099181677632,1.753503776915005
2002-01-01,36,6,Equal-weight LSTM–Transformer combination,1.4271821589593912,-0.23013099211116686,2.6083254106481086
2002-02-01,36,6,Original-paper GAN,4.346727432535367,2.7676252867471103,5.1727127433078115
2002-02-01,36,6,Our replicated GAN,2.155654964632253,0.20640319133169893,3.2730875665085275
2002-02-01,36,6,Extension LSTM,1.3642701159091233,-1.3536611967756231,2.7860634151895747
2002-02-01,36,6,Transformer,1.1462169274714769,-0.46146469374673865,1.8108227619432786
2002-02-01,36,6,Equal-weight LSTM–Transformer combination,1.53203935124859,-0.33165992622016055,2.7316219763991443
2002-03-01,36,6,Original-paper GAN,4.38873671096688,2.7375438485714785,5.233326954315842
2002-03-01,36,6,Our replicated GAN,2.326188889562585,0.31261007249947353,3.5238122553982665
2002-03-01,36,6,Extension LSTM,1.403643441051872,-1.5921095663612679,2.8423411846277067
2002-03-01,36,6,Transformer,1.2303015265679302,-0.5544865043189835,1.892470579443697
2002-03-01,36,6,Equal-weight LSTM–Transformer combination,1.6115785122971882,-0.4774569720879591,2.8277261526481223
2002-04-01,36,6,Original-paper GAN,4.727624979442005,3.2576659166235493,5.5429860451584645
2002-04-01,36,6,Our replicated GAN,2.602941846686763,0.0702619388303169,3.9033476775440055
2002-04-01,36,6,Extension LSTM,1.3757982524822265,-1.4707147865298893,2.762368219613623
2002-04-01,36,6,Transformer,1.330858117205726,-0.40041737986501863,2.062207176878561
2002-04-01,36,6,Equal-weight LSTM–Transformer combination,1.6633670415826334,-0.47922481110603116,2.873078974081405
2002-05-01,36,6,Original-paper GAN,4.865115183374588,3.243963319944674,5.784127234418747
2002-05-01,36,6,Our replicated GAN,2.6516077922301173,-0.0071884411287143095,4.009070094722648
2002-05-01,36,6,Extension LSTM,1.363509266546489,-1.3685192002523836,2.7563221369256925
2002-05-01,36,6,Transformer,1.3855490468616725,-0.5154505526680505,2.167251294327682
2002-05-01,36,6,Equal-weight LSTM–Transformer combination,1.6884562391725526,-0.5342419670901862,2.9502702949143975
2002-06-01,36,6,Original-paper GAN,4.8757076018348355,3.09077771643111,5.8224115345392065
2002-06-01,36,6,Our replicated GAN,2.6691663043101417,0.036125863217416246,4.03709232051008
2002-06-01,36,6,Extension LSTM,1.2643410638697237,-1.2767927531239955,2.6450218121012137
2002-06-01,36,6,Transformer,1.4492902732665855,-0.446034759848818,2.2562151716612346
2002-06-01,36,6,Equal-weight LSTM–Transformer combination,1.687861135034708,-0.5329886207704946,2.937190878258544
2002-07-01,36,6,Original-paper GAN,4.682224447199553,3.451789256838301,5.478451483747872
2002-07-01,36,6,Our replicated GAN,2.725295449888445,0.1717773045708648,4.075052376610514
2002-07-01,36,6,Extension LSTM,1.0902463661771098,-1.4529100946844113,2.436739335654047
2002-07-01,36,6,Transformer,1.5115684510681187,-0.5229099125381741,2.378802569013185
2002-07-01,36,6,Equal-weight LSTM–Transformer combination,1.6324699072251765,-0.31172427359911326,2.849178077022045
2002-08-01,36,6,Original-paper GAN,4.6756560414717585,3.557384650238712,5.4710787973863395
2002-08-01,36,6,Our replicated GAN,2.798815366528891,0.18706585851881471,4.207936846236246
2002-08-01,36,6,Extension LSTM,1.1229500254487161,-1.3026617929711295,2.478382419497807
2002-08-01,36,6,Transformer,1.5043767118293379,-0.3096352179045791,2.3396159302945754
2002-08-01,36,6,Equal-weight LSTM–Transformer combination,1.6495802840551963,-0.32616271964618626,2.901963047220919
2002-09-01,36,6,Original-paper GAN,4.829513897770386,3.4275265966127098,5.717243052928401
2002-09-01,36,6,Our replicated GAN,2.905782341436192,-0.07833435630521823,4.340371804916919
2002-09-01,36,6,Extension LSTM,1.095113326283029,-1.414185630013831,2.500176502844939
2002-09-01,36,6,Transformer,1.5369684152009566,-0.4153268642938684,2.3935153457968266
2002-09-01,36,6,Equal-weight LSTM–Transformer combination,1.6569134870202984,-0.3065561119330682,2.9401986939095144
2002-10-01,36,6,Original-paper GAN,4.689949796335495,3.478488874191218,5.4545641329822026
2002-10-01,36,6,Our replicated GAN,2.815823372885719,0.1091986683418469,4.29381735952168
2002-10-01,36,6,Extension LSTM,1.1100865435665006,-1.3564484379051045,2.463999874037053
2002-10-01,36,6,Transformer,1.426073870816262,-0.32553400850233405,2.293653411189581
2002-10-01,36,6,Equal-weight LSTM–Transformer combination,1.6006200907868318,-0.33947609194096473,2.9578104732019246
2002-11-01,36,6,Original-paper GAN,3.3763963791730194,1.3590036701690495,4.59471475705744
2002-11-01,36,6,Our replicated GAN,2.29690650650332,-0.8038073535613056,3.818252542870085
2002-11-01,36,6,Extension LSTM,1.150393496434269,-1.2524216797573353,2.444540350087126
2002-11-01,36,6,Transformer,1.1590036270494353,-0.5946363443882057,2.194907589869863
2002-11-01,36,6,Equal-weight LSTM–Transformer combination,1.4418572743769476,-0.753326315352361,2.7804674991490663
2002-12-01,36,6,Original-paper GAN,3.362873652545375,1.30946784249755,4.3976786639671035
2002-12-01,36,6,Our replicated GAN,2.5203282342344804,-0.4078332978240707,3.6913680629443135
2002-12-01,36,6,Extension LSTM,1.462551193266699,-0.6742469931069739,2.571619422906289
2002-12-01,36,6,Transformer,1.276640990883195,-0.6619820089398974,2.172770231167579
2002-12-01,36,6,Equal-weight LSTM–Transformer combination,1.6891364793410872,-0.3571127134910707,2.807253529335863
2002-12-01,36,3,Original-paper GAN,3.362873652545375,1.1583988479719836,4.563185637664308
2002-12-01,36,3,Our replicated GAN,2.5203282342344804,-0.23099512124236232,3.6435271091546233
2002-12-01,36,3,Extension LSTM,1.462551193266699,-0.5274288009205478,2.5488878493928397
2002-12-01,36,3,Transformer,1.276640990883195,-0.7838177684667794,2.2714999241229834
2002-12-01,36,3,Equal-weight LSTM–Transformer combination,1.6891364793410872,-0.3323027162531656,2.663449296698419
2002-12-01,36,12,Original-paper GAN,3.362873652545375,1.803495686500352,4.183366417854493
2002-12-01,36,12,Our replicated GAN,2.5203282342344804,0.8178451077859047,3.454560556790031
2002-12-01,36,12,Extension LSTM,1.462551193266699,-0.6115810326915291,2.5553446377307574
2002-12-01,36,12,Transformer,1.276640990883195,0.49107850238286643,1.9025113090319299
2002-12-01,36,12,Equal-weight LSTM–Transformer combination,1.6891364793410872,0.45892095707912756,2.6204854038829954
2003-01-01,36,6,Original-paper GAN,3.3106340531761367,1.137042606567533,4.453481637052103
2003-01-01,36,6,Our replicated GAN,2.429368026801157,-0.4586387865755055,3.67962175296966
2003-01-01,36,6,Extension LSTM,1.4578057104097981,-0.7040540042181399,2.5368121565224
2003-01-01,36,6,Transformer,1.220453728008037,-0.6359159837430501,2.1247437227269512
2003-01-01,36,6,Equal-weight LSTM–Transformer combination,1.6457577122729579,-0.2992581067487583,2.7734298906486323
2003-02-01,36,6,Original-paper GAN,3.276128296827517,1.1257523999959917,4.474473771716566
2003-02-01,36,6,Our replicated GAN,3.1119621261164507,0.7830659504654717,4.298641551267627
2003-02-01,36,6,Extension LSTM,2.5053813408074337,1.134463362215435,3.6400500367394018
2003-02-01,36,6,Transformer,1.322111584432302,-0.586613585823228,2.279029184638268
2003-02-01,36,6,Equal-weight LSTM–Transformer combination,2.2009008381715134,0.3627102085114846,3.2448720370041055
2003-03-01,36,6,Original-paper GAN,3.1313537157331837,0.9210522065188329,4.305802611892602
2003-03-01,36,6,Our replicated GAN,2.9435586526853537,0.666117625061394,4.154842813301635
2003-03-01,36,6,Extension LSTM,2.267000907131183,0.8307296495268035,3.3588801629805936
2003-03-01,36,6,Transformer,1.254590001963517,-0.4800886413467585,2.1552258775279776
2003-03-01,36,6,Equal-weight LSTM–Transformer combination,2.043628304985756,0.3960310163833114,3.005553225037378
2003-04-01,36,6,Original-paper GAN,2.9415866927802323,0.6373269343805905,4.068432964386239
2003-04-01,36,6,Our replicated GAN,2.7310234587919693,0.3682815132125588,3.9047758225134133
2003-04-01,36,6,Extension LSTM,2.222179914874494,0.7324097168409428,3.374789140907127
2003-04-01,36,6,Transformer,1.255964437543706,-0.5954282121560106,2.154179108591213
2003-04-01,36,6,Equal-weight LSTM–Transformer combination,1.9947493320619882,0.29007307587170494,2.979319650919239
2003-05-01,36,6,Original-paper GAN,2.830777168192159,0.5032768490349855,4.0507114860305276
2003-05-01,36,6,Our replicated GAN,2.3484631965799347,-0.1868717647488852,3.5707357743620776
2003-05-01,36,6,Extension LSTM,2.3736576313168074,1.0251072553509821,3.5280048357807225
2003-05-01,36,6,Transformer,1.1834239769176234,-0.6958707618593853,2.1431411590996245
2003-05-01,36,6,Equal-weight LSTM–Transformer combination,2.030236464144067,0.12232045071227667,3.153882076581735
2003-06-01,36,6,Original-paper GAN,2.646122753216427,0.2525079064785763,3.8629127294072485
2003-06-01,36,6,Our replicated GAN,2.1875397922917363,-0.4826301452058793,3.4960299480495567
2003-06-01,36,6,Extension LSTM,2.463660134192254,1.102732484085165,3.6630228781515717
2003-06-01,36,6,Transformer,1.1460751446670585,-0.4145273457753859,2.0402269953459493
2003-06-01,36,6,Equal-weight LSTM–Transformer combination,2.0453599717832582,0.2804837768553384,3.0720843732131424
2003-07-01,36,6,Original-paper GAN,2.4202755658849373,0.1951782175404388,3.762347037314644
2003-07-01,36,6,Our replicated GAN,2.0217247224915043,-0.46424830100077036,3.5236241295900523
2003-07-01,36,6,Extension LSTM,2.4314369328677423,0.9761100180632735,3.68652625273933
2003-07-01,36,6,Transformer,1.0960941632703611,-0.41632048295530144,1.9811887418188034
2003-07-01,36,6,Equal-weight LSTM–Transformer combination,1.9854154171345262,0.2393384557281203,3.022224667694069
2003-08-01,36,6,Original-paper GAN,2.3004663861133827,0.05714443383635422,3.630051561372117
2003-08-01,36,6,Our replicated GAN,1.9686826404149134,-0.48849352300589177,3.4036335047137345
2003-08-01,36,6,Extension LSTM,2.770880300111936,0.45533889879531175,4.138479556925941
2003-08-01,36,6,Transformer,0.9947027084021537,-0.48805420085048884,1.8472130817392949
2003-08-01,36,6,Equal-weight LSTM–Transformer combination,2.0119088433735217,0.09512775929308966,3.0098238593756954
2003-09-01,36,6,Original-paper GAN,2.315569316365867,-0.02137838885959627,3.6686754913661974
2003-09-01,36,6,Our replicated GAN,1.9675614923088875,-0.4012780014302021,3.442033401590671
2003-09-01,36,6,Extension LSTM,2.662994551843112,0.6776474825992368,3.986704328204877
2003-09-01,36,6,Transformer,0.9455207985138988,-0.5991530583688455,1.8708977971833074
2003-09-01,36,6,Equal-weight LSTM–Transformer combination,1.9307538080597744,0.056323861828789644,2.959685343303118
2003-10-01,36,6,Original-paper GAN,2.2849561156315317,-0.04264516165846735,3.6358553542747694
2003-10-01,36,6,Our replicated GAN,1.9486202621959265,-0.6381732570405668,3.4594026734742265
2003-10-01,36,6,Extension LSTM,2.5538574512336254,0.87348477464429,3.748457479401141
2003-10-01,36,6,Transformer,0.9805216165486528,-0.441637075183247,1.8854233272504606
2003-10-01,36,6,Equal-weight LSTM–Transformer combination,1.914305790863803,0.015440249312098805,2.923715003459987
2003-11-01,36,6,Original-paper GAN,2.172879477335886,-0.024456899562713144,3.475688924059978
2003-11-01,36,6,Our replicated GAN,1.8826363952406475,-0.420568487708064,3.3526772926008204
2003-11-01,36,6,Extension LSTM,2.363986857259846,0.9140391059768865,3.530287767579731
2003-11-01,36,6,Transformer,0.9276568645984878,-0.593124920065269,1.8374003921414344
2003-11-01,36,6,Equal-weight LSTM–Transformer combination,1.7993313522946879,-0.1877333403710748,2.8037767829148614
2003-12-01,36,6,Original-paper GAN,2.1282120422790936,0.01189496947718654,3.4603274490124347
2003-12-01,36,6,Our replicated GAN,1.878595626520708,-0.4549388916560412,3.3402650846361306
2003-12-01,36,6,Extension LSTM,2.346296744919419,0.9222202629765514,3.437965588246211
2003-12-01,36,6,Transformer,0.8515667066509499,-0.8704047931541233,1.760189823590165
2003-12-01,36,6,Equal-weight LSTM–Transformer combination,1.7505832921486877,-0.33809861125700835,2.6913940115362425
2003-12-01,36,3,Original-paper GAN,2.1282120422790936,0.37761162577154483,3.292409311758337
2003-12-01,36,3,Our replicated GAN,1.878595626520708,-0.21412257296923162,3.185908335875184
2003-12-01,36,3,Extension LSTM,2.346296744919419,0.7636299613899623,3.435097961277115
2003-12-01,36,3,Transformer,0.8515667066509499,-0.9586328187307114,1.8872990978684707
2003-12-01,36,3,Equal-weight LSTM–Transformer combination,1.7505832921486877,-0.25227597825000597,2.7851427871997556
2003-12-01,36,12,Original-paper GAN,2.1282120422790936,-0.31770108527213126,3.5394507825812154
2003-12-01,36,12,Our replicated GAN,1.878595626520708,-0.07970167527270505,3.2854347343293147
2003-12-01,36,12,Extension LSTM,2.346296744919419,1.3067049926568555,3.3614027473026264
2003-12-01,36,12,Transformer,0.8515667066509499,-0.11665907012201522,1.7467036774720475
2003-12-01,36,12,Equal-weight LSTM–Transformer combination,1.7505832921486877,0.5964485231577842,2.4928284419581463
2004-01-01,36,6,Original-paper GAN,2.146820868400147,0.09603465990440305,3.480702188118456
2004-01-01,36,6,Our replicated GAN,1.8855708222810816,-0.3645039082427105,3.3578420666243707
2004-01-01,36,6,Extension LSTM,2.3265764889309946,0.8741576091177967,3.4570248951593276
2004-01-01,36,6,Transformer,1.5254381734650695,-0.3796289131410803,2.830285804753984
2004-01-01,36,6,Equal-weight LSTM–Transformer combination,2.347339105670156,0.38386374372393905,3.711113245038317
2004-02-01,36,6,Original-paper GAN,2.0400547469031247,-0.08033543761908822,3.3220535073444992
2004-02-01,36,6,Our replicated GAN,1.7959191714232148,-1.0142838690304636,3.2805538743610287
2004-02-01,36,6,Extension LSTM,2.4685614678755985,0.5018179362057018,3.72029445875302
2004-02-01,36,6,Transformer,1.4392344813609672,-0.8084429180380269,2.6948735273124105
2004-02-01,36,6,Equal-weight LSTM–Transformer combination,2.516993336578902,-0.5538590001054732,4.052612623194784
2004-03-01,36,6,Original-paper GAN,2.04403907138442,-0.3797808297145902,3.348147485464361
2004-03-01,36,6,Our replicated GAN,1.7274829058148726,-1.028139333253194,3.084764521127214
2004-03-01,36,6,Extension LSTM,2.427039594447206,0.4158968850477973,3.6236755549134823
2004-03-01,36,6,Transformer,1.3328009392651332,-0.5670863903675847,2.5481643486571013
2004-03-01,36,6,Equal-weight LSTM–Transformer combination,2.4326010408280525,-0.49537331191934925,3.886868561167057
2004-04-01,36,6,Original-paper GAN,1.9791659187998933,-0.3387126884737299,3.3239859845070434
2004-04-01,36,6,Our replicated GAN,1.6663449711434128,-0.9853303885984903,3.106262788245823
2004-04-01,36,6,Extension LSTM,2.3383449651038157,0.511061268151009,3.539311882985796
2004-04-01,36,6,Transformer,1.3267571780990266,-0.5426283988866348,2.566338347137814
2004-04-01,36,6,Equal-weight LSTM–Transformer combination,2.372025224614399,-0.26971198794407486,3.819678466714319
2004-05-01,36,6,Original-paper GAN,1.9196420989204122,-0.2675802678386264,3.19274239458655
2004-05-01,36,6,Our replicated GAN,1.6179795065829063,-0.8625856284443048,2.948285549779258
2004-05-01,36,6,Extension LSTM,2.249916138973052,0.38630036866004225,3.388035798895635
2004-05-01,36,6,Transformer,1.2406113708475413,-0.611984849734085,2.333191697843949
2004-05-01,36,6,Equal-weight LSTM–Transformer combination,2.2585551638195724,-0.3093261981107923,3.569934697812917
2004-06-01,36,6,Original-paper GAN,1.94995215127727,-0.1787493491859369,3.2074832842677057
2004-06-01,36,6,Our replicated GAN,1.6743406883791045,-0.981040163547056,3.0809764779532034
2004-06-01,36,6,Extension LSTM,2.340415530483972,0.5091208147726998,3.5906071541011038
2004-06-01,36,6,Transformer,1.2927893619613124,-0.6385634155333829,2.42032985917533
2004-06-01,36,6,Equal-weight LSTM–Transformer combination,2.3481612553956284,-0.3793407726834872,3.7594430005378365
2004-07-01,36,6,Original-paper GAN,1.898860351682144,-0.35094003475923485,3.1049525470800017
2004-07-01,36,6,Our replicated GAN,1.6042449366245266,-1.0206793400285563,2.9812167169976465
2004-07-01,36,6,Extension LSTM,2.3934147351708006,0.475474124209771,3.576618883644295
2004-07-01,36,6,Transformer,1.2194071850899046,-0.7105997766665985,2.3573731703815657
2004-07-01,36,6,Equal-weight LSTM–Transformer combination,2.3315638897427795,-0.5281852791113941,3.725562687359988
2004-08-01,36,6,Original-paper GAN,1.8792966411892338,-0.06796677222225404,3.1219632299067333
2004-08-01,36,6,Our replicated GAN,1.5423712624770705,-0.7957843636601942,2.9334329039309206
2004-08-01,36,6,Extension LSTM,2.5203857620570824,0.47376657007204515,3.7404459849903464
2004-08-01,36,6,Transformer,1.1418566077037482,-0.7473931061985217,2.31494836768993
2004-08-01,36,6,Equal-weight LSTM–Transformer combination,2.3054269513810475,-0.6212089825004373,3.744619708090589
2004-09-01,36,6,Original-paper GAN,1.8886513840273353,-0.28468382685733423,3.1067848394230233
2004-09-01,36,6,Our replicated GAN,1.554879877955991,-0.9327397535777966,2.8732408487740178
2004-09-01,36,6,Extension LSTM,2.770209196453901,0.11356410702536349,4.132054480686822
2004-09-01,36,6,Transformer,1.1059496513375666,-0.8681200644255285,2.245705138755964
2004-09-01,36,6,Equal-weight LSTM–Transformer combination,2.3288124738355584,-0.42021323796455673,3.7092729242509654
2004-10-01,36,6,Original-paper GAN,1.8509333372009147,-0.151661607214879,3.041044869749124
2004-10-01,36,6,Our replicated GAN,1.5465006649452573,-0.8202719708290223,2.8680731846806866
2004-10-01,36,6,Extension LSTM,2.6531739974682744,0.17796730757574358,3.8877723713970083
2004-10-01,36,6,Transformer,1.3876465047571307,-0.5659673865521407,2.6765497934314704
2004-10-01,36,6,Equal-weight LSTM–Transformer combination,2.538894721488698,-0.5505186667965273,4.075284534729811
2004-11-01,36,6,Original-paper GAN,1.9213046746482487,-0.4220307828726877,3.250276919011514
2004-11-01,36,6,Our replicated GAN,1.7636351603287124,-1.1856716365622162,3.3286707081358466
2004-11-01,36,6,Extension LSTM,2.643962001036098,0.15711499284412705,3.944318870195292
2004-11-01,36,6,Transformer,1.6975597834918161,-0.7923845911875395,3.1803107201100884
2004-11-01,36,6,Equal-weight LSTM–Transformer combination,2.768015351324192,-0.6698728800145087,4.458783757392805
2004-12-01,36,6,Original-paper GAN,1.878192149741035,-0.31878215544507765,3.083897256464486
2004-12-01,36,6,Our replicated GAN,1.7583320669296005,-1.239374374885457,3.200675286509797
2004-12-01,36,6,Extension LSTM,2.394541583377898,0.6980480600140057,3.5569802689955745
2004-12-01,36,6,Transformer,1.665680251341254,-0.8057226203949222,3.1156377824980055
2004-12-01,36,6,Equal-weight LSTM–Transformer combination,2.6135604736477798,-0.40245104454432407,4.153514050667514
2004-12-01,36,3,Original-paper GAN,1.878192149741035,0.18144488156955801,2.9909403048979053
2004-12-01,36,3,Our replicated GAN,1.7583320669296005,-0.6821550090698805,3.085276500215161
2004-12-01,36,3,Extension LSTM,2.394541583377898,0.6239653754547514,3.5891417507019505
2004-12-01,36,3,Transformer,1.665680251341254,-0.32184980307612204,2.990161924844285
2004-12-01,36,3,Equal-weight LSTM–Transformer combination,2.6135604736477798,-0.045961500114481475,3.9732795417445823
2004-12-01,36,12,Original-paper GAN,1.878192149741035,-0.7520607933011707,3.212348520728258
2004-12-01,36,12,Our replicated GAN,1.7583320669296005,-1.357939970814181,3.277393733596087
2004-12-01,36,12,Extension LSTM,2.394541583377898,0.3994948999214463,3.5907236303311207
2004-12-01,36,12,Transformer,1.665680251341254,-0.8428755318368701,3.124979462161361
2004-12-01,36,12,Equal-weight LSTM–Transformer combination,2.6135604736477798,-0.687840402691438,3.9783189278221998
2005-01-01,36,6,Original-paper GAN,1.8526888008395273,-0.34806894979250363,3.0927915345393426
2005-01-01,36,6,Our replicated GAN,1.7489865586953621,-1.2185920466134392,3.279867715691703
2005-01-01,36,6,Extension LSTM,2.3562985253391266,0.6524344606837144,3.501666827808359
2005-01-01,36,6,Transformer,1.6230764496584136,-0.7120546108585941,3.0671969839686817
2005-01-01,36,6,Equal-weight LSTM–Transformer combination,2.5895197623533837,-0.6000958895335654,4.168699413444629
2005-02-01,36,6,Original-paper GAN,1.759612956765698,-0.4510186711847486,2.91542317925224
2005-02-01,36,6,Our replicated GAN,1.6932210383309387,-1.4178530847433612,3.1257445240718518
2005-02-01,36,6,Extension LSTM,2.349736915209967,0.6452493048653655,3.533802170017547
2005-02-01,36,6,Transformer,1.5621955684841433,-1.1003026634501485,2.9792720583666137
2005-02-01,36,6,Equal-weight LSTM–Transformer combination,2.5604412841772506,-0.7872831821658688,4.148307439942938
2005-03-01,36,6,Original-paper GAN,1.809920481640823,-0.5802769452789963,3.0214283650124347
2005-03-01,36,6,Our replicated GAN,1.6417076102572534,-1.2583378539036658,3.0453133928765923
2005-03-01,36,6,Extension LSTM,2.2811042627962697,0.5516912889867964,3.4597361803524533
2005-03-01,36,6,Transformer,1.527477582272019,-0.9750239869886151,2.8090329982008453
2005-03-01,36,6,Equal-weight LSTM–Transformer combination,2.4856278862468244,-0.7816963042884619,3.973750991590096
2005-04-01,36,6,Original-paper GAN,1.7703564487629295,-0.6187580851568341,2.9967331320558754
2005-04-01,36,6,Our replicated GAN,1.4701376406158027,-1.1202374758941824,2.8178411290744556
2005-04-01,36,6,Extension LSTM,2.3419777007659652,0.7420854342424046,3.433019231664175
2005-04-01,36,6,Transformer,1.3649475474392494,-1.4306701016169978,2.592941249230392
2005-04-01,36,6,Equal-weight LSTM–Transformer combination,2.4483514353286675,-1.082679018585485,3.978539996679858
2005-05-01,36,6,Original-paper GAN,1.7478648132372523,-0.5998211929957292,2.953571554979331
2005-05-01,36,6,Our replicated GAN,1.4391042023734208,-1.1558153359790755,2.7389825699649326
2005-05-01,36,6,Extension LSTM,2.192828627824392,0.464286489124918,3.4360876117686727
2005-05-01,36,6,Transformer,1.2764046219137608,-1.4660357322854276,2.556809879853103
2005-05-01,36,6,Equal-weight LSTM–Transformer combination,2.2954989450298546,-1.1476978034697563,3.8243343179790514
2005-06-01,36,6,Original-paper GAN,1.6833142427315158,-0.8584613919624154,2.8294749864204656
2005-06-01,36,6,Our replicated GAN,1.3820805973453985,-1.2692635527234786,2.664083513375899
2005-06-01,36,6,Extension LSTM,2.3313631867806843,0.5643738136926886,3.385748859367527
2005-06-01,36,6,Transformer,1.1669699207855924,-1.90838871028216,2.345027092960735
2005-06-01,36,6,Equal-weight LSTM–Transformer combination,2.2569709803365874,-1.3172491544321554,3.6727276036128207
2005-07-01,36,6,Original-paper GAN,1.5532400354924252,-2.1237448321320143,2.635978152140844
2005-07-01,36,6,Our replicated GAN,1.1759604787031677,-1.6617552348650617,2.2960808018507604
2005-07-01,36,6,Extension LSTM,2.670722311832192,1.1480675963989098,3.577984920921046
2005-07-01,36,6,Transformer,1.0718926076496715,-2.250124689157739,2.320375318814909
2005-07-01,36,6,Equal-weight LSTM–Transformer combination,2.273828650678406,-1.2898629460813487,3.74155706093542
2005-08-01,36,6,Original-paper GAN,1.531670651213372,-1.904827321559239,2.6157776592013713
2005-08-01,36,6,Our replicated GAN,1.1273931828305683,-1.4841368190655713,2.2719158791778846
2005-08-01,36,6,Extension LSTM,2.7032102338883774,1.2469698808957317,3.610318530392
2005-08-01,36,6,Transformer,1.1519638874600566,-2.0676166667075204,2.3679595424338036
2005-08-01,36,6,Equal-weight LSTM–Transformer combination,2.3478029391136173,-1.2325195025042799,3.774886476258346
2005-09-01,36,6,Original-paper GAN,1.3927364864410636,-2.2484955911889095,2.4470568403172055
2005-09-01,36,6,Our replicated GAN,1.0047988960325964,-1.8730675583086605,2.1673277012910988
2005-09-01,36,6,Extension LSTM,2.9592295363098793,1.6026015296496445,3.7648251844016976
2005-09-01,36,6,Transformer,1.1188848324040739,-2.183156153756685,2.36867267458523
2005-09-01,36,6,Equal-weight LSTM–Transformer combination,2.412549211704229,-1.2155707986159991,3.8554391712145377
2005-10-01,36,6,Original-paper GAN,1.355851413781182,-2.1687558618340192,2.389603363321879
2005-10-01,36,6,Our replicated GAN,1.0067806688715075,-1.71010375893764,2.0982464747549785
2005-10-01,36,6,Extension LSTM,2.882577831818381,1.4411611930722774,3.7684413080773127
2005-10-01,36,6,Transformer,1.3575121767441978,-1.587317802473684,2.507457158653577
2005-10-01,36,6,Equal-weight LSTM–Transformer combination,2.5500390709985825,-0.8882652402094189,3.9289144263804143
2005-11-01,36,6,Original-paper GAN,2.0470983549493695,-0.9665850529413661,3.4112327840324985
2005-11-01,36,6,Our replicated GAN,1.4759982147441502,-0.9328060666038173,2.868505412547171
2005-11-01,36,6,Extension LSTM,2.9172691312573757,1.5189077456197069,3.814376059197749
2005-11-01,36,6,Transformer,2.6670600341417323,0.8414605618067683,3.849974051841368
2005-11-01,36,6,Equal-weight LSTM–Transformer combination,3.6139275164088343,1.2895687069170343,4.776591139293611
2005-12-01,36,6,Original-paper GAN,2.2746030210105763,-0.9429522326364574,4.089594037706604
2005-12-01,36,6,Our replicated GAN,1.4142493084399057,-1.1442288052598835,3.081495098780554
2005-12-01,36,6,Extension LSTM,2.8452108446616844,1.444643458303796,3.8812309631442674
2005-12-01,36,6,Transformer,2.7207617794654997,0.8650503555183056,4.116880638545267
2005-12-01,36,6,Equal-weight LSTM–Transformer combination,3.9634467337661903,1.940734484355609,5.316345597488792
2005-12-01,36,3,Original-paper GAN,2.2746030210105763,-0.49557567367156213,3.8798905908114856
2005-12-01,36,3,Our replicated GAN,1.4142493084399057,-0.8813463295822874,2.942883749766972
2005-12-01,36,3,Extension LSTM,2.8452108446616844,1.3062247506888265,3.9634361110918737
2005-12-01,36,3,Transformer,2.7207617794654997,1.113942487893821,3.9735618458064663
2005-12-01,36,3,Equal-weight LSTM–Transformer combination,3.9634467337661903,2.1095070869664774,5.28672643805978
2005-12-01,36,12,Original-paper GAN,2.2746030210105763,-1.3063437713523163,4.287258337070532
2005-12-01,36,12,Our replicated GAN,1.4142493084399057,-1.306007406689148,3.1953243339568647
2005-12-01,36,12,Extension LSTM,2.8452108446616844,1.447341307755371,3.8114031679423035
2005-12-01,36,12,Transformer,2.7207617794654997,0.78705933702012,4.2213608935099245
2005-12-01,36,12,Equal-weight LSTM–Transformer combination,3.9634467337661903,2.0113081402118755,5.300394028651701
2006-01-01,36,6,Original-paper GAN,2.1890118161768117,-1.089479534157886,4.085811813057215
2006-01-01,36,6,Our replicated GAN,1.4498235390377248,-1.12641744983478,3.1652888678764266
2006-01-01,36,6,Extension LSTM,2.8187286138305385,1.3513809214673396,3.9489040668144684
2006-01-01,36,6,Transformer,3.015965991940263,1.2680546710904474,4.398935732246716
2006-01-01,36,6,Equal-weight LSTM–Transformer combination,4.180673352155527,2.2642425009489933,5.463223324813943
2006-02-01,36,6,Original-paper GAN,2.267551263983027,-0.9796146002705131,4.09473892133444
2006-02-01,36,6,Our replicated GAN,1.5479685502461844,-1.0123780759144225,3.178307695468347
2006-02-01,36,6,Extension LSTM,3.0639626570432394,1.7704050907715223,3.94576375575
2006-02-01,36,6,Transformer,3.192297038008667,1.5862691825328585,4.506884759288003
2006-02-01,36,6,Equal-weight LSTM–Transformer combination,4.6482461033482965,3.035175350447388,5.5965737672684295
2006-03-01,36,6,Original-paper GAN,2.333615956030001,-0.9402545885489363,4.102893684806219
2006-03-01,36,6,Our replicated GAN,1.595372178670705,-0.8886283123131484,3.182664101849009
2006-03-01,36,6,Extension LSTM,3.348793141565648,2.1277365011615816,4.2469674109251025
2006-03-01,36,6,Transformer,3.231137395664613,1.7142287945579273,4.544281859915282
2006-03-01,36,6,Equal-weight LSTM–Transformer combination,4.980398815378299,3.07675576500686,6.117330304204557
2006-04-01,36,6,Original-paper GAN,2.83783134566581,0.008904998759024743,4.57004084635522
2006-04-01,36,6,Our replicated GAN,1.8425781053772394,-0.5115356629301859,3.3361647341888894
2006-04-01,36,6,Extension LSTM,3.3019813675017136,2.0753192660416593,4.179246253482787
2006-04-01,36,6,Transformer,3.1492638185863604,1.5063325049882408,4.507554626643734
2006-04-01,36,6,Equal-weight LSTM–Transformer combination,4.856594799994199,3.1943910930793193,5.878183650608914
2006-05-01,36,6,Original-paper GAN,3.1629687657475563,0.7129060956508526,4.757264347017706
2006-05-01,36,6,Our replicated GAN,3.0330918728028253,1.7936024924930478,3.977529035514793
2006-05-01,36,6,Extension LSTM,3.474103252017316,2.1138424944540133,4.462712061888613
2006-05-01,36,6,Transformer,3.0397699418943303,1.2047013602271923,4.487079956168163
2006-05-01,36,6,Equal-weight LSTM–Transformer combination,4.6488190027023,3.366463919035842,5.518492536087825
2006-06-01,36,6,Original-paper GAN,3.4002556076594574,1.1116987205015945,4.902187482947532
2006-06-01,36,6,Our replicated GAN,3.211722032816196,2.011788909563483,4.019030214027507
2006-06-01,36,6,Extension LSTM,3.3555935270274118,2.110448296658836,4.236856602300204
2006-06-01,36,6,Transformer,3.2895994893021387,1.7339590827375355,4.5507231549620055
2006-06-01,36,6,Equal-weight LSTM–Transformer combination,4.575039467529824,3.366553927958405,5.367013163971599
2006-07-01,36,6,Original-paper GAN,4.07391737748568,2.470457183699171,5.125290546642104
2006-07-01,36,6,Our replicated GAN,3.637597130511909,2.2188611976593826,4.516053823299919
2006-07-01,36,6,Extension LSTM,3.3441235517080257,2.0985086610536494,4.252806359617041
2006-07-01,36,6,Transformer,3.2601704462811405,1.7078622263690946,4.4504878007256465
2006-07-01,36,6,Equal-weight LSTM–Transformer combination,4.545996393201074,3.33881497219068,5.321764902007355
2006-08-01,36,6,Original-paper GAN,4.3184875013436095,2.886326218341784,5.303967244254241
2006-08-01,36,6,Our replicated GAN,3.68088627227709,2.214745022889175,4.565134901041195
2006-08-01,36,6,Extension LSTM,3.265199861179341,2.047841742264381,4.097333596931937
2006-08-01,36,6,Transformer,3.6838040713674425,1.9247538505437487,4.882285511207907
2006-08-01,36,6,Equal-weight LSTM–Transformer combination,4.522557400737825,3.314890858595961,5.280214637757053
2006-09-01,36,6,Original-paper GAN,4.347501903484652,2.873399748641879,5.277255694494206
2006-09-01,36,6,Our replicated GAN,3.6551231223567475,1.6983490687410407,4.52148149571321
2006-09-01,36,6,Extension LSTM,3.0185288377173425,1.8323106108858678,3.8803042232514673
2006-09-01,36,6,Transformer,3.625831899054129,1.9907246230579463,4.8457155370918334
2006-09-01,36,6,Equal-weight LSTM–Transformer combination,4.30688900032746,3.3865468158138907,4.986333541665449
2006-10-01,36,6,Original-paper GAN,4.340599087021989,2.948654000309862,5.390317130059968
2006-10-01,36,6,Our replicated GAN,3.666382137077443,1.5389832327206898,4.564472996192467
2006-10-01,36,6,Extension LSTM,2.963073226849332,1.6275169898174306,3.8445239674910923
2006-10-01,36,6,Transformer,3.6260361646076014,2.0376401784950118,4.791961799674833
2006-10-01,36,6,Equal-weight LSTM–Transformer combination,4.269860815626537,3.409325908892212,4.87134848308893
2006-11-01,36,6,Original-paper GAN,4.99829334101169,3.822962010308702,5.801507698281572
2006-11-01,36,6,Our replicated GAN,3.502293776682089,2.1152379028188455,4.323222530415882
2006-11-01,36,6,Extension LSTM,3.143284386076792,1.7656416840350737,4.025307786929059
2006-11-01,36,6,Transformer,3.5603880092677573,2.073202140064747,4.619525936929173
2006-11-01,36,6,Equal-weight LSTM–Transformer combination,4.332177398325916,3.3442306617169795,5.018837625003062
2006-12-01,36,6,Original-paper GAN,4.977962774095191,3.7842832690029313,5.79874381505045
2006-12-01,36,6,Our replicated GAN,3.53874225962189,2.162912652002572,4.403024785607163
2006-12-01,36,6,Extension LSTM,3.1034848497126415,1.739149927862448,3.9481215046164175
2006-12-01,36,6,Transformer,3.5665005652760176,2.0830899350692698,4.625816333587545
2006-12-01,36,6,Equal-weight LSTM–Transformer combination,4.395695968512445,3.3393873216419974,5.083901385864819
2006-12-01,36,3,Original-paper GAN,4.977962774095191,3.4072174411727696,6.027806026096333
2006-12-01,36,3,Our replicated GAN,3.53874225962189,2.291031333991482,4.349350213131432
2006-12-01,36,3,Extension LSTM,3.1034848497126415,1.6162868255468401,4.143003054813543
2006-12-01,36,3,Transformer,3.5665005652760176,1.726481697392002,4.901973289603086
2006-12-01,36,3,Equal-weight LSTM–Transformer combination,4.395695968512445,3.174604711502978,5.304487513599668
2006-12-01,36,12,Original-paper GAN,4.977962774095191,3.8000686872764824,5.748170047176109
2006-12-01,36,12,Our replicated GAN,3.53874225962189,1.7203299047896305,4.315270146948424
2006-12-01,36,12,Extension LSTM,3.1034848497126415,2.123370467364552,3.7020103786561953
2006-12-01,36,12,Transformer,3.5665005652760176,2.331773824041643,4.460668548867398
2006-12-01,36,12,Equal-weight LSTM–Transformer combination,4.395695968512445,3.2865659612090603,5.0276720172518665
2007-01-01,36,6,Original-paper GAN,4.62409456116468,3.2821710752543094,5.409297906695122
2007-01-01,36,6,Our replicated GAN,3.36460665903771,2.1558738600773624,4.0390232897360745
2007-01-01,36,6,Extension LSTM,2.778231947514207,1.6330454696685064,3.5782634038079224
2007-01-01,36,6,Transformer,3.4925957786378876,2.030094558756971,4.589787839860124
2007-01-01,36,6,Equal-weight LSTM–Transformer combination,4.12771351524838,3.1502396565849105,4.719817313156151
2007-02-01,36,6,Original-paper GAN,4.562063904187516,3.147336111724861,5.363345561857898
2007-02-01,36,6,Our replicated GAN,3.3017990623553537,2.1510834156318213,4.057220321733934
2007-02-01,36,6,Extension LSTM,2.756546072786404,1.6352718347113846,3.5907168442028916
2007-02-01,36,6,Transformer,3.4472507304248965,2.0207829253522243,4.443882527345578
2007-02-01,36,6,Equal-weight LSTM–Transformer combination,4.201630136630522,3.196193944027081,4.820786148659088
2007-03-01,36,6,Original-paper GAN,4.686246478502097,3.3400918457178346,5.494236920628586
2007-03-01,36,6,Our replicated GAN,3.4049658644160026,2.1224396014972675,4.175685924449616
2007-03-01,36,6,Extension LSTM,2.6103268808426803,1.5832878594468394,3.3547031887714724
2007-03-01,36,6,Transformer,3.6202275770298615,2.0014434460955957,4.760419725803212
2007-03-01,36,6,Equal-weight LSTM–Transformer combination,4.185528661944867,3.1350013487815906,4.814495912390592
2007-04-01,36,6,Original-paper GAN,4.748367838299358,3.376231797611399,5.59884842380411
2007-04-01,36,6,Our replicated GAN,3.4790640826183794,1.8842659583486552,4.335202185519587
2007-04-01,36,6,Extension LSTM,2.5929248566428496,1.5328235373587153,3.3491848734508363
2007-04-01,36,6,Transformer,3.7688182584324372,2.051679931078885,5.015093444160289
2007-04-01,36,6,Equal-weight LSTM–Transformer combination,4.343055917680189,3.1657993232567034,5.072043515091571
2007-05-01,36,6,Original-paper GAN,4.604879231102186,3.2972272784350567,5.378531864408555
2007-05-01,36,6,Our replicated GAN,3.4073042532596545,2.095734479581541,4.168132124938744
2007-05-01,36,6,Extension LSTM,2.3836600762737348,1.4370778894931693,3.145262803049761
2007-05-01,36,6,Transformer,3.8911005826439693,1.7949438432449785,5.18252578660774
2007-05-01,36,6,Equal-weight LSTM–Transformer combination,4.481953747589172,3.0842853041742155,5.286933240971079
2007-06-01,36,6,Original-paper GAN,4.4447456572786574,3.422366878015023,5.154608222261161
2007-06-01,36,6,Our replicated GAN,3.274644398891587,1.9328994271815099,3.970331842908793
2007-06-01,36,6,Extension LSTM,2.323777379148893,1.4396132581905592,3.025812161949841
2007-06-01,36,6,Transformer,3.5513870188665906,2.0855617415556678,4.600098898165752
2007-06-01,36,6,Equal-weight LSTM–Transformer combination,4.285101825867403,3.200945651515617,4.970823210939247
2007-07-01,36,6,Original-paper GAN,3.7084523639142635,2.2934452626512356,4.721953993313898
2007-07-01,36,6,Our replicated GAN,2.9337930481595746,1.6249609414390047,3.6602163035504063
2007-07-01,36,6,Extension LSTM,2.3152978311048167,1.2578691283919508,3.047189219356872
2007-07-01,36,6,Transformer,3.1318945046688174,1.6398671794341706,4.050902227640665
2007-07-01,36,6,Equal-weight LSTM–Transformer combination,4.113887434222342,2.8877701452027433,4.695969994725134
2007-08-01,36,6,Original-paper GAN,3.6162853873167573,2.184457405141191,4.762058521613919
2007-08-01,36,6,Our replicated GAN,2.9243062751121274,1.5908214843847202,3.6213359897837134
2007-08-01,36,6,Extension LSTM,2.092044551750646,1.0671430739805376,2.8614943030393465
2007-08-01,36,6,Transformer,3.0913919098818488,1.5841078264738084,4.020748975951165
2007-08-01,36,6,Equal-weight LSTM–Transformer combination,3.944285702491302,2.70505722239899,4.635851550759878
2007-09-01,36,6,Original-paper GAN,3.6796287634290445,2.240682092564482,4.8106507099380496
2007-09-01,36,6,Our replicated GAN,2.887608907257392,1.465922982919961,3.664037236062296
2007-09-01,36,6,Extension LSTM,1.974613059766575,0.829879628898437,2.8054390492777315
2007-09-01,36,6,Transformer,3.110391724605527,1.5624455878621921,4.038620496894342
2007-09-01,36,6,Equal-weight LSTM–Transformer combination,3.9604177129388725,2.574992250035465,4.714062223521625
2007-10-01,36,6,Original-paper GAN,3.7302202262220265,2.2150438503115097,4.8529010237272985
2007-10-01,36,6,Our replicated GAN,2.9099158507923195,1.5278617678863897,3.707068846884392
2007-10-01,36,6,Extension LSTM,1.9812696359481206,0.8346136893088102,2.8328318638203007
2007-10-01,36,6,Transformer,3.20322472063036,1.59520218250561,4.208189693956338
2007-10-01,36,6,Equal-weight LSTM–Transformer combination,4.078824744924875,2.8776072713805894,4.736257934464727
2007-11-01,36,6,Original-paper GAN,3.669080109564256,2.3359304167390453,4.7731136371399945
2007-11-01,36,6,Our replicated GAN,2.567362957146066,0.8317508913848958,3.5544298953173215
2007-11-01,36,6,Extension LSTM,1.9564818647759932,0.9581948191007036,2.852632120908044
2007-11-01,36,6,Transformer,3.1133375725439163,1.60905573327883,4.034671159401196
2007-11-01,36,6,Equal-weight LSTM–Transformer combination,4.102426002357611,2.8602779076602216,4.818498938664947
2007-12-01,36,6,Original-paper GAN,3.686551507026577,2.2276752561791286,4.796607755990422
2007-12-01,36,6,Our replicated GAN,2.682258533022945,1.0745875446116495,3.6094458863455157
2007-12-01,36,6,Extension LSTM,2.4265673576639113,1.1373630720344077,3.4752611953158437
2007-12-01,36,6,Transformer,3.2203339635871018,1.6166985890380479,4.213003527931522
2007-12-01,36,6,Equal-weight LSTM–Transformer combination,4.674515697783533,3.477536699557661,5.393313961935905
2007-12-01,36,3,Original-paper GAN,3.686551507026577,1.8905844481905774,4.9274448553969785
2007-12-01,36,3,Our replicated GAN,2.682258533022945,1.2862927952976981,3.609300076028725
2007-12-01,36,3,Extension LSTM,2.4265673576639113,1.1885471529498064,3.3775303181662397
2007-12-01,36,3,Transformer,3.2203339635871018,1.2137967052281116,4.577408973273487
2007-12-01,36,3,Equal-weight LSTM–Transformer combination,4.674515697783533,3.108724803788695,5.65377153797465
2007-12-01,36,12,Original-paper GAN,3.686551507026577,2.4336264742133933,4.69848716651179
2007-12-01,36,12,Our replicated GAN,2.682258533022945,0.5357183268247419,3.4693232746354554
2007-12-01,36,12,Extension LSTM,2.4265673576639113,1.4754675215609676,3.4268096709145395
2007-12-01,36,12,Transformer,3.2203339635871018,2.3331933408049683,3.87635098184316
2007-12-01,36,12,Equal-weight LSTM–Transformer combination,4.674515697783533,3.7009959492980533,5.219626918592982
2008-01-01,36,6,Original-paper GAN,3.825475134375383,2.0304531666452545,5.101927844358599
2008-01-01,36,6,Our replicated GAN,2.7796819175078853,1.0787702346996806,3.8665243497802892
2008-01-01,36,6,Extension LSTM,2.362157716522399,1.2148012496210727,3.3304473832649895
2008-01-01,36,6,Transformer,2.483906053452449,0.7928787538365447,3.471825118261219
2008-01-01,36,6,Equal-weight LSTM–Transformer combination,3.982671347797359,2.5878165720567585,4.8772359707459865
2008-02-01,36,6,Original-paper GAN,3.5785359838651223,2.219077741716778,4.629854364580556
2008-02-01,36,6,Our replicated GAN,2.6047175646544756,0.8255096104207398,3.545218503257535
2008-02-01,36,6,Extension LSTM,2.378452443709463,1.2096156075829234,3.3246919017977636
2008-02-01,36,6,Transformer,2.4839011309674164,0.9215750953959375,3.435557839933862
2008-02-01,36,6,Equal-weight LSTM–Transformer combination,3.8938587139325525,2.4009086037568266,4.7257804904040706
2008-03-01,36,6,Original-paper GAN,3.5481160921751225,2.2800857995445116,4.507905641950591
2008-03-01,36,6,Our replicated GAN,2.6653630528587646,1.0020332757258175,3.6201898301568844
2008-03-01,36,6,Extension LSTM,2.3137793104593056,1.235692369029833,3.1790463111999623
2008-03-01,36,6,Transformer,2.610850632119895,1.168777376911767,3.5173559464472617
2008-03-01,36,6,Equal-weight LSTM–Transformer combination,3.978561956790075,2.5785557226311777,4.771180865829195
2008-04-01,36,6,Original-paper GAN,3.5636480776123136,2.2712644094343095,4.615155555149692
2008-04-01,36,6,Our replicated GAN,2.9833794269484546,1.4129929876933172,4.016720946173211
2008-04-01,36,6,Extension LSTM,2.390365580318178,1.1959667006551318,3.3472748927535565
2008-04-01,36,6,Transformer,2.774213740705101,1.2970173137670606,3.630048072615446
2008-04-01,36,6,Equal-weight LSTM–Transformer combination,3.9321316912785744,2.4711254688743747,4.7164943487826125
2008-05-01,36,6,Original-paper GAN,3.150178088722674,1.8951925726000294,4.001148218611576
2008-05-01,36,6,Our replicated GAN,2.8622880623882803,1.3294046510863018,3.860733341651277
2008-05-01,36,6,Extension LSTM,2.5737335473145078,1.0708348592153591,3.706854896661986
2008-05-01,36,6,Transformer,2.8957533253088084,1.2435422018061293,3.8390792043681032
2008-05-01,36,6,Equal-weight LSTM–Transformer combination,4.216088380640583,2.8080871598732484,4.952544537500741
2008-06-01,36,6,Original-paper GAN,2.347799804369168,0.4651833064052625,3.487135641531008
2008-06-01,36,6,Our replicated GAN,2.4397612201638155,0.500756374559023,3.472308644415521
2008-06-01,36,6,Extension LSTM,1.4561167354751317,-0.3814485142680968,2.4624975756801546
2008-06-01,36,6,Transformer,2.136468487807087,0.591556425601559,3.1044754801017933
2008-06-01,36,6,Equal-weight LSTM–Transformer combination,2.3410143302993185,-0.7013339378970939,3.5909726256781087
2008-07-01,36,6,Original-paper GAN,2.3695575529900377,0.648356106261656,3.1908128713165183
2008-07-01,36,6,Our replicated GAN,2.7398838288653877,1.3377486235601852,3.601689117600478
2008-07-01,36,6,Extension LSTM,1.5311504330096957,-0.3276552604679096,2.4129846844936638
2008-07-01,36,6,Transformer,2.1986651247438482,0.8339899127822106,2.9943868277910037
2008-07-01,36,6,Equal-weight LSTM–Transformer combination,2.4335192044030904,-0.39285508771649547,3.4443621932503112
2008-08-01,36,6,Original-paper GAN,2.203855030776836,0.27485987484034835,3.156792036903213
2008-08-01,36,6,Our replicated GAN,2.627514325966898,0.9935166114406467,3.52519151359026
2008-08-01,36,6,Extension LSTM,1.156522089152419,-0.782014458985817,2.371852054272347
2008-08-01,36,6,Transformer,2.1826115578191065,0.5695670487393999,2.9694420755452784
2008-08-01,36,6,Equal-weight LSTM–Transformer combination,2.244582312593522,-0.788489625120135,3.364995930983598
2008-09-01,36,6,Original-paper GAN,2.2314043898621496,0.3418636801473965,3.203527372434331
2008-09-01,36,6,Our replicated GAN,2.722029146406546,1.0194739324921234,3.57711200107852
2008-09-01,36,6,Extension LSTM,0.7411804308419623,-1.5861471120187793,2.0555253408075314
2008-09-01,36,6,Transformer,2.2087860259730836,0.7319762670079085,3.004511305045878
2008-09-01,36,6,Equal-weight LSTM–Transformer combination,2.0077599532234167,-1.1453164115640768,3.2269815527463135
2008-10-01,36,6,Original-paper GAN,2.174027851092563,0.32993474047756083,3.1139770603020147
2008-10-01,36,6,Our replicated GAN,2.558921640277823,1.4224831355485896,3.312930798178786
2008-10-01,36,6,Extension LSTM,0.8217341551902307,-1.459462598157845,2.0300895042664755
2008-10-01,36,6,Transformer,1.4245410128675406,-0.44257182172249054,2.3442982549105817
2008-10-01,36,6,Equal-weight LSTM–Transformer combination,1.6182771931346769,-1.8327799503790871,2.8705575188708043
2008-11-01,36,6,Original-paper GAN,2.2143279207394384,0.5094229626187745,3.154103847163151
2008-11-01,36,6,Our replicated GAN,2.652784805540757,1.435413460807078,3.440152342209628
2008-11-01,36,6,Extension LSTM,1.0296048512190124,-0.8901777787290092,2.1083352388618266
2008-11-01,36,6,Transformer,1.2340854270904735,-0.6559397195560637,2.3060168194553645
2008-11-01,36,6,Equal-weight LSTM–Transformer combination,1.6559782258119011,-1.526592560057351,2.800198123695173
2008-12-01,36,6,Original-paper GAN,2.2757831098759955,0.8295239926192719,3.181665407519434
2008-12-01,36,6,Our replicated GAN,2.6772221009267554,1.6497081733450145,3.3936409387491895
2008-12-01,36,6,Extension LSTM,1.154702368417705,-0.7797299228717129,2.221033618781021
2008-12-01,36,6,Transformer,1.3294887306455172,-0.5678745139176455,2.315919305638426
2008-12-01,36,6,Equal-weight LSTM–Transformer combination,1.7831940546043314,-1.2701528982063772,2.934586364198749
2008-12-01,36,3,Original-paper GAN,2.2757831098759955,0.7785880511115499,3.303218129760543
2008-12-01,36,3,Our replicated GAN,2.6772221009267554,1.6073113614708185,3.500410610727905
2008-12-01,36,3,Extension LSTM,1.154702368417705,-0.5909931000340807,2.3399876072093093
2008-12-01,36,3,Transformer,1.3294887306455172,-0.9896257049101085,2.4950823509127753
2008-12-01,36,3,Equal-weight LSTM–Transformer combination,1.7831940546043314,-1.1693246274971554,2.909222114254242
2008-12-01,36,12,Original-paper GAN,2.2757831098759955,0.9898596883150931,2.8231089763291046
2008-12-01,36,12,Our replicated GAN,2.6772221009267554,1.7036693475308302,3.383173536028165
2008-12-01,36,12,Extension LSTM,1.154702368417705,-0.1929469061459542,1.7784296537414295
2008-12-01,36,12,Transformer,1.3294887306455172,-1.01992755645556,2.2843871915115774
2008-12-01,36,12,Equal-weight LSTM–Transformer combination,1.7831940546043314,-1.5388104577738375,2.749852073228625
2009-01-01,36,6,Original-paper GAN,2.368667944019427,0.9744530273014481,3.3783555986570706
2009-01-01,36,6,Our replicated GAN,2.639896444897538,1.5788135293233472,3.4353806506851496
2009-01-01,36,6,Extension LSTM,1.2638015489673007,-0.7167446404484081,2.4664890232282772
2009-01-01,36,6,Transformer,0.8579804393040391,-1.2828973498578178,2.033547255978355
2009-01-01,36,6,Equal-weight LSTM–Transformer combination,1.521592363561322,-1.2185856350654733,2.6615725864098225
2009-02-01,36,6,Original-paper GAN,1.9389355386326002,0.542526308072839,2.693811231666455
2009-02-01,36,6,Our replicated GAN,2.566404785446026,1.643015248161121,3.284430556575292
2009-02-01,36,6,Extension LSTM,1.1513542976508404,-0.4285997563009647,2.2826758419751645
2009-02-01,36,6,Transformer,0.5399120030137646,-1.9594722180578026,1.816780773600352
2009-02-01,36,6,Equal-weight LSTM–Transformer combination,1.109059948676912,-1.9527796308864207,2.1208249253829874
2009-03-01,36,6,Original-paper GAN,1.9251027778990886,0.4741674373843938,2.6824246894957984
2009-03-01,36,6,Our replicated GAN,2.5708283523565094,1.6235110388780722,3.297802119514929
2009-03-01,36,6,Extension LSTM,1.1075243256959661,-0.3719803989315798,2.0965820406110165
2009-03-01,36,6,Transformer,0.41679036691421645,-2.0200156381302845,1.9148495555192204
2009-03-01,36,6,Equal-weight LSTM–Transformer combination,0.9716762223854282,-1.8911075929492254,2.0566414361043046
2009-04-01,36,6,Original-paper GAN,0.8088657353250499,-1.4251761530337557,1.7719391573772585
2009-04-01,36,6,Our replicated GAN,1.2515039134547374,-0.6613342170395202,2.420482469823239
2009-04-01,36,6,Extension LSTM,0.6455745208101681,-0.5942650029026343,1.4926980251965938
2009-04-01,36,6,Transformer,0.1778870757918364,-2.4249682703556372,1.5666681726842326
2009-04-01,36,6,Equal-weight LSTM–Transformer combination,0.4784908721648193,-2.65603386760172,1.6185499884075851
2009-05-01,36,6,Original-paper GAN,0.8218962094129074,-1.4145820589870037,1.8429021011171658
2009-05-01,36,6,Our replicated GAN,1.2388539981846098,-0.6623851988339363,2.4580078279580206
2009-05-01,36,6,Extension LSTM,0.6418359762982501,-0.5439520433004642,1.5213286117278466
2009-05-01,36,6,Transformer,0.2892350683628171,-2.2211999960977478,1.6248583482382504
2009-05-01,36,6,Equal-weight LSTM–Transformer combination,0.5559778869414743,-2.459097265729191,1.6195336434590715
2009-06-01,36,6,Original-paper GAN,0.9072628633796986,-1.2799353856554758,1.7719605656726665
2009-06-01,36,6,Our replicated GAN,1.2938503949092082,-0.6067269832137961,2.3924429765942694
2009-06-01,36,6,Extension LSTM,0.6944739477107044,-0.6021506762767768,1.535133698365625
2009-06-01,36,6,Transformer,0.2832743025455365,-2.418684571895959,1.6701328014439039
2009-06-01,36,6,Equal-weight LSTM–Transformer combination,0.5797159337917878,-2.578781750495991,1.6377541522606849
2009-07-01,36,6,Original-paper GAN,0.8888942363445005,-1.2838422347780596,1.7982525372400144
2009-07-01,36,6,Our replicated GAN,1.1162997010986064,-0.7277611688619222,2.2912140124033633
2009-07-01,36,6,Extension LSTM,0.7784263177806173,-0.4007919299346664,1.6215797630838218
2009-07-01,36,6,Transformer,0.299570708304699,-2.328350264256812,1.6690747640630366
2009-07-01,36,6,Equal-weight LSTM–Transformer combination,0.6414277868883381,-2.1681490886940336,1.704155162299928
2009-08-01,36,6,Original-paper GAN,0.7233225708223677,-0.9835406172244369,1.5948492136648929
2009-08-01,36,6,Our replicated GAN,0.934465396746706,-1.003094082228346,2.2081520947016475
2009-08-01,36,6,Extension LSTM,0.6329634941398274,-0.4098954115208151,1.4205004961896563
2009-08-01,36,6,Transformer,-0.011607740632212527,-1.7920896355422316,1.1800432282238114
2009-08-01,36,6,Equal-weight LSTM–Transformer combination,0.3089675420091119,-1.2817834373710517,1.1953308771095716
2009-09-01,36,6,Original-paper GAN,0.6912593795570663,-1.0654013242025409,1.594348696532572
2009-09-01,36,6,Our replicated GAN,0.8842772854794441,-1.041428774431355,2.147962821537035
2009-09-01,36,6,Extension LSTM,0.7701059016669548,-0.33233671811757914,1.5814430397890429
2009-09-01,36,6,Transformer,0.009384188227069764,-1.8765996332620911,1.3310250563086408
2009-09-01,36,6,Equal-weight LSTM–Transformer combination,0.39210125617407754,-1.3494833580270882,1.3796643189047912
2009-10-01,36,6,Original-paper GAN,0.6769795746746684,-1.0341512280924596,1.5816597987433443
2009-10-01,36,6,Our replicated GAN,0.8613866182740141,-1.1149288472831946,2.174577221520322
2009-10-01,36,6,Extension LSTM,0.7680780622816287,-0.35358376610302106,1.5850995521267375
2009-10-01,36,6,Transformer,-0.0014781870944089342,-1.9787712218269453,1.3108202092629473
2009-10-01,36,6,Equal-weight LSTM–Transformer combination,0.3834429587706476,-1.4489770826820632,1.3830653861779076
2009-11-01,36,6,Original-paper GAN,0.654613059040407,-1.0459943397542513,1.5177965848613073
2009-11-01,36,6,Our replicated GAN,0.8858860846930536,-1.1073857614519012,2.1255553984214752
2009-11-01,36,6,Extension LSTM,0.7276828218076334,-0.2668150738984913,1.5203147894007263
2009-11-01,36,6,Transformer,0.059712959183789084,-1.910586881727351,1.3317460584934477
2009-11-01,36,6,Equal-weight LSTM–Transformer combination,0.4082696873870482,-1.3280742855445158,1.382398895800221
2009-12-01,36,6,Original-paper GAN,0.5535998876965338,-1.1119675205729271,1.3616890863349878
2009-12-01,36,6,Our replicated GAN,0.8864280713840175,-1.0617997795528633,2.1137891943055136
2009-12-01,36,6,Extension LSTM,0.6564160830534537,-0.3729939832555913,1.4775695285159
2009-12-01,36,6,Transformer,0.037279627685775155,-2.0399912312017534,1.3629929861893983
2009-12-01,36,6,Equal-weight LSTM–Transformer combination,0.3585669436638819,-1.4739860390857797,1.309616875862672
2009-12-01,36,3,Original-paper GAN,0.5535998876965338,-1.1731877377272828,1.547484498910576
2009-12-01,36,3,Our replicated GAN,0.8864280713840175,-1.0314789580976096,2.00354623378255
2009-12-01,36,3,Extension LSTM,0.6564160830534537,-0.6960271747478385,1.7310658142417361
2009-12-01,36,3,Transformer,0.037279627685775155,-1.5747534338632017,1.1863889591515842
2009-12-01,36,3,Equal-weight LSTM–Transformer combination,0.3585669436638819,-1.1465871283483937,1.3498149360742184
2009-12-01,36,12,Original-paper GAN,0.5535998876965338,-0.9748285428959139,1.3974299296822847
2009-12-01,36,12,Our replicated GAN,0.8864280713840175,-0.9044777724682181,2.0257910384776845
2009-12-01,36,12,Extension LSTM,0.6564160830534537,-0.071373345797273,1.1787810648267494
2009-12-01,36,12,Transformer,0.037279627685775155,-2.1274675040578797,1.4276048449776573
2009-12-01,36,12,Equal-weight LSTM–Transformer combination,0.3585669436638819,-1.5326733632592906,1.4049076325173022
2010-01-01,36,6,Original-paper GAN,0.6252525675968553,-1.075969830536841,1.4795393060054256
2010-01-01,36,6,Our replicated GAN,0.8740317751687355,-1.0693401086180618,2.1280516574135024
2010-01-01,36,6,Extension LSTM,0.7606429090291442,-0.435036248961278,1.583523321514217
2010-01-01,36,6,Transformer,-0.052134937949187166,-1.6091364199792069,1.2237339443744362
2010-01-01,36,6,Equal-weight LSTM–Transformer combination,0.34241803691403194,-1.323154255089746,1.2956743046132957
2010-02-01,36,6,Original-paper GAN,0.6099687715525659,-1.170224493485249,1.4845803574138157
2010-02-01,36,6,Our replicated GAN,0.9216169068317971,-1.101216811394189,2.2575878967718035
2010-02-01,36,6,Extension LSTM,0.7342189890262086,-0.37581858136852675,1.5617961516582788
2010-02-01,36,6,Transformer,-0.03874020551466641,-1.7938609790903621,1.1772972426870032
2010-02-01,36,6,Equal-weight LSTM–Transformer combination,0.33852011605757454,-1.3300928839625485,1.2438496320030012
2010-03-01,36,6,Original-paper GAN,0.5994906006382675,-1.1004060654806591,1.457121141068852
2010-03-01,36,6,Our replicated GAN,0.8607172109877271,-1.1036826631112953,2.192783529705781
2010-03-01,36,6,Extension LSTM,0.7952913520790986,-0.32871504276929897,1.614885873453516
2010-03-01,36,6,Transformer,-0.10138256050021541,-1.6291031094025301,1.070679817019144
2010-03-01,36,6,Equal-weight LSTM–Transformer combination,0.3238691741011872,-1.2735199857520973,1.2139957819184
2010-04-01,36,6,Original-paper GAN,0.5077819506336014,-0.9973897307605776,1.3336745465392055
2010-04-01,36,6,Our replicated GAN,0.7901753762469976,-1.028616595989493,2.012510110192053
2010-04-01,36,6,Extension LSTM,0.7341277776209517,-0.312562310978123,1.5553700493427567
2010-04-01,36,6,Transformer,-0.30319412523764877,-1.6085026873561394,0.8475352227403291
2010-04-01,36,6,Equal-weight LSTM–Transformer combination,0.1414234196676848,-1.068055690587227,0.9813613121508591
2010-05-01,36,6,Original-paper GAN,0.4505211104878348,-1.1528435119467055,1.285649612273358
2010-05-01,36,6,Our replicated GAN,0.7224113989071068,-1.1353103733741707,1.99529503568748
2010-05-01,36,6,Extension LSTM,0.8019012643172773,-0.49616892265601176,1.5618616508237317
2010-05-01,36,6,Transformer,-0.462710547963711,-1.8416368041180555,0.7038458278245738
2010-05-01,36,6,Equal-weight LSTM–Transformer combination,0.05945247261753794,-1.264892464711822,0.8755413017979685
2010-06-01,36,6,Original-paper GAN,0.4398055881944766,-1.0793475598363294,1.274053389060831
2010-06-01,36,6,Our replicated GAN,0.7092930448017891,-1.157719821064196,1.9844330315480538
2010-06-01,36,6,Extension LSTM,0.735469842963215,-0.3445448722787059,1.550427972274987
2010-06-01,36,6,Transformer,-0.430060127073379,-1.8138391814682502,0.7544109351336428
2010-06-01,36,6,Equal-weight LSTM–Transformer combination,0.05129382949370679,-1.2374049059758396,0.8915282409738403
2010-07-01,36,6,Original-paper GAN,0.5423185971413507,-1.1462075992749836,1.367666380269674
2010-07-01,36,6,Our replicated GAN,0.8552455450798343,-0.9937975354826359,2.0667311841686407
2010-07-01,36,6,Extension LSTM,0.6708139401287911,-0.34760044013158947,1.5222493702824484
2010-07-01,36,6,Transformer,-0.3754183439478979,-1.8444231169641514,0.8220114603062705
2010-07-01,36,6,Equal-weight LSTM–Transformer combination,0.05889239133087951,-1.2067726729105561,0.9185495561107464
2010-08-01,36,6,Original-paper GAN,0.518914227892343,-1.087712855521953,1.3565788959536462
2010-08-01,36,6,Our replicated GAN,0.8474240076862779,-1.0213186956608806,2.089557795333216
2010-08-01,36,6,Extension LSTM,0.7766001151229414,-0.35378800968821833,1.5624150627229294
2010-08-01,36,6,Transformer,-0.3770106843976347,-1.7366206403641569,0.796903305817464
2010-08-01,36,6,Equal-weight LSTM–Transformer combination,0.11069972166383873,-1.1037966151480942,0.9702508819071305
2010-09-01,36,6,Original-paper GAN,0.5874856648600234,-1.091979251451813,1.4306417227827493
2010-09-01,36,6,Our replicated GAN,0.8864204056979847,-0.9718692191772745,2.1663503986155908
2010-09-01,36,6,Extension LSTM,0.7409841272668112,-0.40202832153654333,1.5331768354179256
2010-09-01,36,6,Transformer,-0.2998059674190056,-1.6901376799223669,0.871341117159131
2010-09-01,36,6,Equal-weight LSTM–Transformer combination,0.14482805835930107,-1.1706954603814281,1.0007755253053656
2010-10-01,36,6,Original-paper GAN,0.6054301321495779,-1.1831863253084807,1.4605149168271616
2010-10-01,36,6,Our replicated GAN,0.9104789780056843,-1.1034937109095875,2.1925989155961783
2010-10-01,36,6,Extension LSTM,0.7122003661138213,-0.3633181452498207,1.4904434428565552
2010-10-01,36,6,Transformer,-0.321629755580063,-1.6662035450139692,0.8242147251702472
2010-10-01,36,6,Equal-weight LSTM–Transformer combination,0.11635269797278099,-1.09710809392517,0.9995663493539525
2010-11-01,36,6,Original-paper GAN,0.5906233940076561,-1.059659139038436,1.4906530118769734
2010-11-01,36,6,Our replicated GAN,0.977856953376311,-1.228385427954698,2.342128268777248
2010-11-01,36,6,Extension LSTM,0.6358196597110628,-0.26989186020378264,1.3709194174687096
2010-11-01,36,6,Transformer,-0.3384799293716695,-1.717854745381052,0.8814580647486566
2010-11-01,36,6,Equal-weight LSTM–Transformer combination,0.06572720534172354,-1.0901234522633994,0.8635743084409077
2010-12-01,36,6,Original-paper GAN,0.5939499026016247,-1.0892039032918694,1.5009017701832046
2010-12-01,36,6,Our replicated GAN,0.9006468600104264,-0.9930438106071721,2.19128755089435
2010-12-01,36,6,Extension LSTM,0.48940021263999534,-0.30152757549151116,1.2685349240991322
2010-12-01,36,6,Transformer,-0.37061023501754914,-1.7723045777251203,0.8060605189039792
2010-12-01,36,6,Equal-weight LSTM–Transformer combination,-0.02668474234750344,-1.0547160847654962,0.7360961798552117
2010-12-01,36,3,Original-paper GAN,0.5939499026016247,-1.1338665190980404,1.6257098076307843
2010-12-01,36,3,Our replicated GAN,0.9006468600104264,-0.9867302204205091,2.1020081916506346
2010-12-01,36,3,Extension LSTM,0.48940021263999534,-0.7479305378082022,1.610193878701767
2010-12-01,36,3,Transformer,-0.37061023501754914,-1.6405550270647742,0.7456574316575935
2010-12-01,36,3,Equal-weight LSTM–Transformer combination,-0.02668474234750344,-1.1565553979639338,0.9684311323094353
2010-12-01,36,12,Original-paper GAN,0.5939499026016247,-0.899818830239348,1.4385562550470694
2010-12-01,36,12,Our replicated GAN,0.9006468600104264,-1.0283886237168112,2.101688201283266
2010-12-01,36,12,Extension LSTM,0.48940021263999534,-0.08929584768035653,1.1445415856171113
2010-12-01,36,12,Transformer,-0.37061023501754914,-1.7390153005774316,0.64615274779931
2010-12-01,36,12,Equal-weight LSTM–Transformer combination,-0.02668474234750344,-0.9668559494744907,0.650243099858421
2011-01-01,36,6,Original-paper GAN,0.5622464926811079,-0.9641573697131806,1.4156968543479018
2011-01-01,36,6,Our replicated GAN,0.8338623959014276,-0.8955405869603437,2.05594995470303
2011-01-01,36,6,Extension LSTM,0.4868230236668618,-0.28858626567279494,1.20459811248103
2011-01-01,36,6,Transformer,-0.31500171553747913,-1.7404025761062194,0.892271243836769
2011-01-01,36,6,Equal-weight LSTM–Transformer combination,0.015190293364748694,-1.0407053646852489,0.795126076869784
2011-02-01,36,6,Original-paper GAN,0.44846524035730734,-1.0634320343207417,1.2390958176596276
2011-02-01,36,6,Our replicated GAN,0.6551021579888912,-1.051388834574055,1.8129950213750305
2011-02-01,36,6,Extension LSTM,0.3387548963526673,-0.48937010189788127,1.150784845482479
2011-02-01,36,6,Transformer,-0.47046247641479944,-1.797815237072342,0.6602255230427563
2011-02-01,36,6,Equal-weight LSTM–Transformer combination,-0.17560786082732788,-1.0712544156650723,0.5104635919823005
2011-03-01,36,6,Original-paper GAN,0.44123779255604845,-1.089346751423648,1.2230770006309097
2011-03-01,36,6,Our replicated GAN,0.6685277704696702,-1.0577833217323394,1.8378834316151242
2011-03-01,36,6,Extension LSTM,0.35355752105633415,-0.4269889519453817,1.1942139520353976
2011-03-01,36,6,Transformer,-0.46715192846342296,-1.7396904838275942,0.6463348932915813
2011-03-01,36,6,Equal-weight LSTM–Transformer combination,-0.1655039593361369,-1.0442591664668297,0.516292256470393
2011-04-01,36,6,Original-paper GAN,0.37767858099437396,-1.1344236552421634,1.1071018217521322
2011-04-01,36,6,Our replicated GAN,0.6344725251484928,-1.0400790543713614,1.720143995325545
2011-04-01,36,6,Extension LSTM,0.2492598933451294,-0.6036481993183731,1.2444125700496222
2011-04-01,36,6,Transformer,-0.5010718122532443,-1.7880257170222398,0.6155804477352836
2011-04-01,36,6,Equal-weight LSTM–Transformer combination,-0.24676399812491417,-1.1609084521202628,0.3944856556114128
2011-05-01,36,6,Original-paper GAN,0.43791323879252647,-1.0135137106319452,1.2163067687052904
2011-05-01,36,6,Our replicated GAN,0.6571580454853777,-1.0626075853628045,1.7746987465728934
2011-05-01,36,6,Extension LSTM,0.2219834558338745,-0.686301434039572,1.27707564259252
2011-05-01,36,6,Transformer,-0.5180738615561716,-1.7501102943881621,0.6096326970074408
2011-05-01,36,6,Equal-weight LSTM–Transformer combination,-0.2736312537009499,-1.1559709473534672,0.3850920372559216
2011-06-01,36,6,Original-paper GAN,0.5535658538396396,-1.1992184885805013,1.4147052721086553
2011-06-01,36,6,Our replicated GAN,0.7252259734691662,-1.1593114796862123,1.9300151760210584
2011-06-01,36,6,Extension LSTM,0.4412768923923399,-0.3069221694310316,1.3304500365291663
2011-06-01,36,6,Transformer,-0.37854668478513065,-1.792135366740707,0.7623212345651147
2011-06-01,36,6,Equal-weight LSTM–Transformer combination,-0.0686242743345173,-1.0959256809146454,0.6541676160000778
2011-07-01,36,6,Original-paper GAN,0.3999930792766884,-1.3593702449566625,1.1092285657555332
2011-07-01,36,6,Our replicated GAN,0.576519613746444,-1.0922763544651302,1.6233886608368508
2011-07-01,36,6,Extension LSTM,0.4510783430390237,-0.351823050880439,1.335789797102788
2011-07-01,36,6,Transformer,-0.6141385396910021,-1.9612342860288257,0.42760150668363006
2011-07-01,36,6,Equal-weight LSTM–Transformer combination,-0.2307565478588834,-1.1904854165811491,0.43189650673293184
2011-08-01,36,6,Original-paper GAN,0.4896468569637155,-1.4583823051559406,1.3132735994218463
2011-08-01,36,6,Our replicated GAN,0.5739624512888218,-1.1702803411066178,1.6511652151586576
2011-08-01,36,6,Extension LSTM,0.7182705123950445,-0.09677964898598973,1.5159975726755697
2011-08-01,36,6,Transformer,-0.6102356977252308,-1.86147190190862,0.5221033084900247
2011-08-01,36,6,Equal-weight LSTM–Transformer combination,-0.07361317231224046,-1.1051875968488714,0.6955693550465776
2011-09-01,36,6,Original-paper GAN,0.5003369562493095,-1.5054874399556957,1.2848161757488517
2011-09-01,36,6,Our replicated GAN,0.5360986478297439,-1.076498857269031,1.5491000715562222
2011-09-01,36,6,Extension LSTM,1.0398204204090877,-0.3688951696111397,2.1985719434699056
2011-09-01,36,6,Transformer,-0.6281243502880841,-1.9278660366667368,0.39414829955825803
2011-09-01,36,6,Equal-weight LSTM–Transformer combination,0.05824193711103931,-1.0748640752108278,0.8347441261596961
2011-10-01,36,6,Original-paper GAN,0.6521110948776937,-1.3734388147814132,1.583263428600509
2011-10-01,36,6,Our replicated GAN,0.6490088347521002,-0.4595320468120956,1.7543268853562937
2011-10-01,36,6,Extension LSTM,1.1177917279099312,-0.327769983426816,2.356696453148967
2011-10-01,36,6,Transformer,-0.27366858187483234,-1.7355938776766484,0.7402217667340931
2011-10-01,36,6,Equal-weight LSTM–Transformer combination,0.3829420807619165,-1.1944363801368163,1.4101726895500306
2011-11-01,36,6,Original-paper GAN,0.6378591622592064,-1.3127916529513552,1.5664408643659642
2011-11-01,36,6,Our replicated GAN,0.6444028997125032,-0.48446380801112104,1.7914058365774213
2011-11-01,36,6,Extension LSTM,1.0049062344465676,-0.476321245103777,2.141111679274094
2011-11-01,36,6,Transformer,-0.07877635710986765,-1.4231320288119556,0.982973915890489
2011-11-01,36,6,Equal-weight LSTM–Transformer combination,0.40979660790777567,-1.0634698584307878,1.4557569447675356
2011-12-01,36,6,Original-paper GAN,0.5421039707584937,-1.5997263052895891,1.4441626942100114
2011-12-01,36,6,Our replicated GAN,0.5414299121946272,-0.5849104013957586,1.606574815882835
2011-12-01,36,6,Extension LSTM,0.8501978189377103,-0.511685823915267,1.921012835175459
2011-12-01,36,6,Transformer,-0.11880500871379415,-1.4987006037140136,0.9760381704426279
2011-12-01,36,6,Equal-weight LSTM–Transformer combination,0.31184566579629436,-1.2084456174708775,1.3680001373144994
2011-12-01,36,3,Original-paper GAN,0.5421039707584937,-1.4345968309529626,1.6172048232326628
2011-12-01,36,3,Our replicated GAN,0.5414299121946272,-0.6112456397614164,1.6904605686716903
2011-12-01,36,3,Extension LSTM,0.8501978189377103,-0.3996678284431255,2.003133744127189
2011-12-01,36,3,Transformer,-0.11880500871379415,-1.582830217728137,1.1113066911451535
2011-12-01,36,3,Equal-weight LSTM–Transformer combination,0.31184566579629436,-1.2496079213198332,1.5339827725546782
2011-12-01,36,12,Original-paper GAN,0.5421039707584937,-1.52285275334811,1.3253243576253668
2011-12-01,36,12,Our replicated GAN,0.5414299121946272,-0.5611249931704219,1.494286316195162
2011-12-01,36,12,Extension LSTM,0.8501978189377103,-0.12339688378912819,1.8368113109588082
2011-12-01,36,12,Transformer,-0.11880500871379415,-1.3787697667652774,0.613180987452181
2011-12-01,36,12,Equal-weight LSTM–Transformer combination,0.31184566579629436,-0.7839311750266509,0.9920151318762802
2012-01-01,36,6,Original-paper GAN,0.46589501640932496,-1.7313554411155199,1.3916859834256894
2012-01-01,36,6,Our replicated GAN,0.593822899152732,-0.4750243149715283,1.7020016355771772
2012-01-01,36,6,Extension LSTM,0.7332133669830052,-0.5318983871577329,1.887362775793091
2012-01-01,36,6,Transformer,0.13002954435403552,-1.3906902703616042,1.1604714416601594
2012-01-01,36,6,Equal-weight LSTM–Transformer combination,0.4247631200188302,-1.2094162745158654,1.432630291811568
2012-02-01,36,6,Original-paper GAN,0.6629332153262985,-1.715865953345122,1.584755964198638
2012-02-01,36,6,Our replicated GAN,0.6038476513264481,-0.5076209875760224,1.737808656731032
2012-02-01,36,6,Extension LSTM,0.7713918296388076,-0.5689008790174483,1.9506258039105866
2012-02-01,36,6,Transformer,0.35147696822453034,-1.118165639764333,1.3975673584292774
2012-02-01,36,6,Equal-weight LSTM–Transformer combination,0.6008148025096894,-1.0483894904827902,1.6009353162677906
2012-03-01,36,6,Original-paper GAN,0.7174138975342663,-1.6121726457731151,1.5851250286351308
2012-03-01,36,6,Our replicated GAN,0.6329592279551416,-0.45641009339670563,1.7171678544616362
2012-03-01,36,6,Extension LSTM,0.7538431477724817,-0.6119611951867098,1.8729880957304195
2012-03-01,36,6,Transformer,0.46199133969880624,-1.0020022390084464,1.4241675965671368
2012-03-01,36,6,Equal-weight LSTM–Transformer combination,0.6671798986144963,-0.847115601134137,1.6387444060269296
2012-04-01,36,6,Original-paper GAN,2.1291517508695166,0.42125575736832443,3.3222121705072873
2012-04-01,36,6,Our replicated GAN,1.2062792493880847,0.26518443491636257,2.0638622949678065
2012-04-01,36,6,Extension LSTM,1.2734317174261487,0.10710744016141582,2.586042720077979
2012-04-01,36,6,Transformer,0.8686626238022306,-0.7221314126312052,1.8084556464670671
2012-04-01,36,6,Equal-weight LSTM–Transformer combination,1.2374505411168286,-0.21648334304415878,2.230063021295122
2012-05-01,36,6,Original-paper GAN,2.1307538884454322,0.49667038450063955,3.351419630188855
2012-05-01,36,6,Our replicated GAN,1.1962707835008648,0.2674439183942619,2.0870807566774094
2012-05-01,36,6,Extension LSTM,1.2450667005834537,0.06594458003577672,2.564981945925708
2012-05-01,36,6,Transformer,0.7852381375310508,-0.8208450283549509,1.797943843599684
2012-05-01,36,6,Equal-weight LSTM–Transformer combination,1.1705407414320823,-0.2899146128316219,2.201182207662717
2012-06-01,36,6,Original-paper GAN,2.089530968011716,0.347719678539883,3.3412102486998685
2012-06-01,36,6,Our replicated GAN,1.1901375072242473,0.2524704070559995,2.04178187063887
2012-06-01,36,6,Extension LSTM,1.0495394638446858,-0.04557133828179464,2.239939077204266
2012-06-01,36,6,Transformer,0.8760158282256304,-0.6858260295421225,1.7956923932258158
2012-06-01,36,6,Equal-weight LSTM–Transformer combination,1.1553775650741915,-0.3223727249714825,2.1755378663845892
2012-07-01,36,6,Original-paper GAN,2.107587663664168,0.3473716430283166,3.36995925056164
2012-07-01,36,6,Our replicated GAN,1.3837213416844663,0.45858263946947087,1.915488186541258
2012-07-01,36,6,Extension LSTM,0.9563428922208842,-0.27311373912797265,2.243539448243599
2012-07-01,36,6,Transformer,0.9052230261027913,-0.6346205059792763,1.8885563256191376
2012-07-01,36,6,Equal-weight LSTM–Transformer combination,1.1180386049499083,-0.36980051987385637,2.1985177795172284
2012-08-01,36,6,Original-paper GAN,2.4213240445513446,0.7376335901957654,3.676068849774041
2012-08-01,36,6,Our replicated GAN,1.5266736963033196,0.33301475035186934,1.9465015290235148
2012-08-01,36,6,Extension LSTM,1.2257023713092101,0.016786015505282113,2.574465431733445
2012-08-01,36,6,Transformer,1.5199499213726197,-0.026417773711942545,2.891303579038536
2012-08-01,36,6,Equal-weight LSTM–Transformer combination,1.8057897623077848,0.1704727753886297,3.1794945114272353
2012-09-01,36,6,Original-paper GAN,2.521251403917332,0.8572484253222251,3.818088509559907
2012-09-01,36,6,Our replicated GAN,1.5403303099262713,0.32554482032731286,1.9578129486549334
2012-09-01,36,6,Extension LSTM,1.0827462890848687,-0.12145236431164455,2.5523115261902287
2012-09-01,36,6,Transformer,1.4204769666270713,-0.08971326455413224,2.7520524375454904
2012-09-01,36,6,Equal-weight LSTM–Transformer combination,1.6614250047210875,0.19299407906900232,2.988718103434124
2012-10-01,36,6,Original-paper GAN,2.624779441933014,1.038099264869217,3.8922694159650586
2012-10-01,36,6,Our replicated GAN,1.6057405838648948,0.2958116110590903,2.03462391105945
2012-10-01,36,6,Extension LSTM,1.2283188968052607,0.0888000673266387,2.559342336185626
2012-10-01,36,6,Transformer,1.4173398648862154,-0.01104290599552328,2.679118262226592
2012-10-01,36,6,Equal-weight LSTM–Transformer combination,1.7252509632588904,0.2702559278209041,3.069873724293533
2012-11-01,36,6,Original-paper GAN,2.734472811511369,1.1030634745611239,3.9970392679677342
2012-11-01,36,6,Our replicated GAN,1.6489539166149612,0.24047396687808398,2.0921030363751383
2012-11-01,36,6,Extension LSTM,1.2895795552416345,0.09976903033541912,2.6516595809787784
2012-11-01,36,6,Transformer,1.3838545639220419,-0.0979914377275863,2.587244332791383
2012-11-01,36,6,Equal-weight LSTM–Transformer combination,1.7210435060233438,0.3074636847680724,3.0001883042330824
2012-12-01,36,6,Original-paper GAN,2.7819155043709114,1.1465061923292676,4.067515322285922
2012-12-01,36,6,Our replicated GAN,1.5413962384050295,0.34126593648127257,1.9810884386827
2012-12-01,36,6,Extension LSTM,1.254495271715711,0.08293620611355569,2.573127568094461
2012-12-01,36,6,Transformer,1.2789983542632852,-0.23666874966408316,2.5692264354089196
2012-12-01,36,6,Equal-weight LSTM–Transformer combination,1.6107075814132625,0.16513385533763134,2.871865610880077
2012-12-01,36,3,Original-paper GAN,2.7819155043709114,1.2141271274432464,4.031420937334418
2012-12-01,36,3,Our replicated GAN,1.5413962384050295,0.06908085713129576,2.1003494139608785
2012-12-01,36,3,Extension LSTM,1.254495271715711,0.10889043502527547,2.456833047071429
2012-12-01,36,3,Transformer,1.2789983542632852,-0.3152872821582702,2.5901149358423474
2012-12-01,36,3,Equal-weight LSTM–Transformer combination,1.6107075814132625,0.21775697731335397,2.865368767319349
2012-12-01,36,12,Original-paper GAN,2.7819155043709114,1.1838367217354286,3.9869521525859093
2012-12-01,36,12,Our replicated GAN,1.5413962384050295,0.5283852187283132,1.9720851440317246
2012-12-01,36,12,Extension LSTM,1.254495271715711,0.3338813911314536,2.524608422156012
2012-12-01,36,12,Transformer,1.2789983542632852,-0.28391719797774634,2.384001004049437
2012-12-01,36,12,Equal-weight LSTM–Transformer combination,1.6107075814132625,0.19541949797458974,2.8450353037552647
2013-01-01,36,6,Original-paper GAN,2.7903620567591165,1.2036448690623773,4.116932935486194
2013-01-01,36,6,Our replicated GAN,1.5795710351482222,0.2840078875103079,2.0417338385826724
2013-01-01,36,6,Extension LSTM,1.2893815431558828,0.0784174683930128,2.627770614475446
2013-01-01,36,6,Transformer,1.5421500183762502,0.141129295659207,2.783805993244977
2013-01-01,36,6,Equal-weight LSTM–Transformer combination,1.783670832029588,0.3861032465901988,3.074141399098024
2013-02-01,36,6,Original-paper GAN,2.9381273533349463,1.31905144276606,4.21704848489919
2013-02-01,36,6,Our replicated GAN,1.5650923489680943,0.3119127863167265,2.022486530075855
2013-02-01,36,6,Extension LSTM,1.3390063990070677,0.13921580764411534,2.7316483496715804
2013-02-01,36,6,Transformer,1.5373861661148431,0.10983501816503875,2.7522713063903095
2013-02-01,36,6,Equal-weight LSTM–Transformer combination,1.8055575015212348,0.4348129028995503,3.049063569735014
2013-03-01,36,6,Original-paper GAN,2.928575263417089,1.2498243261438335,4.092136096000817
2013-03-01,36,6,Our replicated GAN,1.5878702812290015,0.20513611029824438,1.9843053040259822
2013-03-01,36,6,Extension LSTM,1.1663372313257199,-0.043000248888426636,2.5022594356247416
2013-03-01,36,6,Transformer,1.5832799195275176,0.17029701170706027,2.7096163296699105
2013-03-01,36,6,Equal-weight LSTM–Transformer combination,1.7258937193238144,0.3279810283118823,3.019377868788597
2013-04-01,36,6,Original-paper GAN,3.3959979387879056,2.1468367718597707,4.258236690012261
2013-04-01,36,6,Our replicated GAN,1.6656568941160652,0.2584161819086578,2.042235204856708
2013-04-01,36,6,Extension LSTM,1.1916961939204462,-0.02510535007289461,2.642960603584017
2013-04-01,36,6,Transformer,2.03802684958447,1.0126001880324078,2.9121400637326986
2013-04-01,36,6,Equal-weight LSTM–Transformer combination,2.0487711456611355,0.8521256156697711,3.1867007323072207
2013-05-01,36,6,Original-paper GAN,3.697256931911772,2.558340049243263,4.3276925268930935
2013-05-01,36,6,Our replicated GAN,1.684396518111807,0.2601539041896312,2.0628804456563445
2013-05-01,36,6,Extension LSTM,1.135230213972522,-0.08694070831915429,2.5314662719210785
2013-05-01,36,6,Transformer,1.9240170883046992,0.847346589856684,2.9029929352926205
2013-05-01,36,6,Equal-weight LSTM–Transformer combination,1.9271156564093292,0.7520769211267059,3.1439073401091666
2013-06-01,36,6,Original-paper GAN,3.6602731701344244,2.5032826461436573,4.32747116948859
2013-06-01,36,6,Our replicated GAN,1.7001957567292743,0.1533748489845985,2.0626402761690747
2013-06-01,36,6,Extension LSTM,1.1768964202814192,-0.08084423341056918,2.50043492134261
2013-06-01,36,6,Transformer,1.9483422471987437,0.8168886638885899,2.9152509907795157
2013-06-01,36,6,Equal-weight LSTM–Transformer combination,1.9715498084657568,0.7560712956313834,3.1354522824408964
2013-07-01,36,6,Original-paper GAN,3.6823258459666692,2.579852450211763,4.344581104924634
2013-07-01,36,6,Our replicated GAN,1.578013417889973,0.13810624263738003,1.9732394614254383
2013-07-01,36,6,Extension LSTM,1.2111293003770873,0.027540175004274213,2.482437178686226
2013-07-01,36,6,Transformer,1.7731014861413954,0.6094645650181568,2.772833269433487
2013-07-01,36,6,Equal-weight LSTM–Transformer combination,1.8845126403769665,0.6210161143733984,3.0372950246530976
2013-08-01,36,6,Original-paper GAN,3.772334285782793,2.6819842289708093,4.419571495538509
2013-08-01,36,6,Our replicated GAN,1.5483742962848481,0.156507875365693,1.9132713294880621
2013-08-01,36,6,Extension LSTM,1.1069757161173563,-0.14022113506661985,2.6585211982425743
2013-08-01,36,6,Transformer,1.651689871446812,0.37877204233876677,2.664680717491821
2013-08-01,36,6,Equal-weight LSTM–Transformer combination,1.7439117197385572,0.36192885259108637,3.0176920915704573
2013-09-01,36,6,Original-paper GAN,3.7962990879428786,2.6749184122383016,4.432315151045576
2013-09-01,36,6,Our replicated GAN,1.519154836373867,0.07931967426971907,1.9216586867717496
2013-09-01,36,6,Extension LSTM,1.0792694243965488,-0.17888483442682543,2.7039605333447483
2013-09-01,36,6,Transformer,1.541460165361281,0.1264321566182596,2.859920904161303
2013-09-01,36,6,Equal-weight LSTM–Transformer combination,1.5830393252479344,0.064742787903218,3.191663161661769
2013-10-01,36,6,Original-paper GAN,3.7897180784026334,2.611466503318468,4.485761092213712
2013-10-01,36,6,Our replicated GAN,1.5624433340464123,0.17471133665471544,1.9838786847948033
2013-10-01,36,6,Extension LSTM,1.237848354508095,0.07610097980015831,2.4122912487606
2013-10-01,36,6,Transformer,1.5289550669746224,0.16376975723816942,2.792704947523904
2013-10-01,36,6,Equal-weight LSTM–Transformer combination,1.6594730191696683,0.23912918506403166,3.015680905333325
2013-11-01,36,6,Original-paper GAN,3.9086717732618976,2.691072440941743,4.596987756955461
2013-11-01,36,6,Our replicated GAN,1.6076094240264085,0.24205426976903843,1.981557124455481
2013-11-01,36,6,Extension LSTM,1.1479907995221996,-0.09400779001501719,2.5189196435774326
2013-11-01,36,6,Transformer,1.6586470445180734,0.31799804843161256,2.9038611432253028
2013-11-01,36,6,Equal-weight LSTM–Transformer combination,1.7212226411308793,0.31631129924433743,3.1448920990543456
2013-12-01,36,6,Original-paper GAN,3.8593250989270116,2.6809350795690525,4.559611161716517
2013-12-01,36,6,Our replicated GAN,1.6544291880828665,0.22009514579697542,2.0288686172652954
2013-12-01,36,6,Extension LSTM,1.2422881445358551,0.06946732313959476,2.530067018944232
2013-12-01,36,6,Transformer,1.5748474403382224,0.22920433821932387,2.8367850784501965
2013-12-01,36,6,Equal-weight LSTM–Transformer combination,1.7077773132305487,0.29161213134951564,3.0753921734343135
2013-12-01,36,3,Original-paper GAN,3.8593250989270116,2.597859632944528,4.640490199062598
2013-12-01,36,3,Our replicated GAN,1.6544291880828665,-0.016848017107649826,2.17648176095399
2013-12-01,36,3,Extension LSTM,1.2422881445358551,0.2168216459341711,2.382027264276452
2013-12-01,36,3,Transformer,1.5748474403382224,0.2317975658450115,2.884462985749843
2013-12-01,36,3,Equal-weight LSTM–Transformer combination,1.7077773132305487,0.511732120784639,3.036743482006282
2013-12-01,36,12,Original-paper GAN,3.8593250989270116,3.096279785775501,4.496311777883583
2013-12-01,36,12,Our replicated GAN,1.6544291880828665,0.38021694737483025,2.0015991157834274
2013-12-01,36,12,Extension LSTM,1.2422881445358551,0.3185312145653253,2.543182700945787
2013-12-01,36,12,Transformer,1.5748474403382224,0.14096046006904236,2.890395070672781
2013-12-01,36,12,Equal-weight LSTM–Transformer combination,1.7077773132305487,0.3165508874493491,3.223113064710662
2014-01-01,36,6,Original-paper GAN,3.800052409898693,2.6472880956653917,4.434362989067962
2014-01-01,36,6,Our replicated GAN,1.6381011743828722,0.17013709699724483,1.999392881929795
2014-01-01,36,6,Extension LSTM,1.227954964922784,0.09484211168351526,2.5744662376971825
2014-01-01,36,6,Transformer,1.3382516942593652,-0.2153038138275365,2.6466708974986974
2014-01-01,36,6,Equal-weight LSTM–Transformer combination,1.5636839101233255,0.07362092269120979,3.0961899699303297
2014-02-01,36,6,Original-paper GAN,3.731857330895304,2.4783240773168487,4.430399353217957
2014-02-01,36,6,Our replicated GAN,1.6940420212401945,0.15895142258823855,2.096736699505968
2014-02-01,36,6,Extension LSTM,1.2901931866201306,0.194191866035554,2.546271315522864
2014-02-01,36,6,Transformer,1.489623832090405,0.051567605654531244,2.7920396098677185
2014-02-01,36,6,Equal-weight LSTM–Transformer combination,1.7136476961527423,0.32930426151372033,3.1330638515722886
2014-03-01,36,6,Original-paper GAN,3.8452034515840134,2.729459877821414,4.5023856660356545
2014-03-01,36,6,Our replicated GAN,1.6490611929214274,0.14083551277043543,2.0373614029869134
2014-03-01,36,6,Extension LSTM,1.304028300110758,0.17649920826678514,2.4608559858827177
2014-03-01,36,6,Transformer,1.4805773624977687,0.13596154078787062,2.7149533429197237
2014-03-01,36,6,Equal-weight LSTM–Transformer combination,1.7144038965667265,0.37208599822411076,3.077937494458913
2014-04-01,36,6,Original-paper GAN,3.4094609703080088,1.9712713830632047,4.585115016961169
2014-04-01,36,6,Our replicated GAN,1.492955622967962,0.02793177581380823,2.0370958418157543
2014-04-01,36,6,Extension LSTM,1.3801654855312535,0.2699966200323437,2.575870303711127
2014-04-01,36,6,Transformer,1.4973536474287303,0.16521589357344557,2.721507735688763
2014-04-01,36,6,Equal-weight LSTM–Transformer combination,1.7644472524616237,0.4090040511446227,3.146714489366371
2014-05-01,36,6,Original-paper GAN,3.344994802936255,1.7406276697683147,4.492351507504792
2014-05-01,36,6,Our replicated GAN,1.4820381134386105,-0.054143708297236026,1.9998851750349185
2014-05-01,36,6,Extension LSTM,1.4107804011893395,0.2539073580619799,2.670739271077618
2014-05-01,36,6,Transformer,1.5566345043621557,0.18215721514980596,2.813154789122405
2014-05-01,36,6,Equal-weight LSTM–Transformer combination,1.8221866196957903,0.4211231719295639,3.252594477296708
2014-06-01,36,6,Original-paper GAN,3.2622079033922184,1.5649651127179298,4.498969659856593
2014-06-01,36,6,Our replicated GAN,1.4970839319928122,0.10281367129039251,2.0142677569381284
2014-06-01,36,6,Extension LSTM,1.3397354215565334,0.31418057818061546,2.5574088921422757
2014-06-01,36,6,Transformer,1.55709812874774,0.04892513023238787,2.757068388836057
2014-06-01,36,6,Equal-weight LSTM–Transformer combination,1.7853402227403894,0.3604685413967767,3.1828793278605145
2014-07-01,36,6,Original-paper GAN,3.4235857191295485,1.9381350498707666,4.545578217536192
2014-07-01,36,6,Our replicated GAN,1.579350675958149,0.22044487697504536,2.026438132985779
2014-07-01,36,6,Extension LSTM,1.4056577469593947,0.2978465626383384,2.6105463381218863
2014-07-01,36,6,Transformer,1.7879832468368222,-0.1317665553722406,3.149670571432215
2014-07-01,36,6,Equal-weight LSTM–Transformer combination,1.9345767113943697,0.2863051077308899,3.3399438602986455
2014-08-01,36,6,Original-paper GAN,3.2466996655824176,1.674950995296607,4.447424874142762
2014-08-01,36,6,Our replicated GAN,1.56673715876472,0.19581238261746095,2.0220239726607567
2014-08-01,36,6,Extension LSTM,1.1547005550945206,0.29958002157287583,2.1481748444211073
2014-08-01,36,6,Transformer,1.770919797297658,-0.12426622943427615,3.139963121193633
2014-08-01,36,6,Equal-weight LSTM–Transformer combination,1.7924457103437519,0.3453088897574473,3.097000182680156
2014-09-01,36,6,Original-paper GAN,2.99494996177085,1.31863712675975,4.108458710481924
2014-09-01,36,6,Our replicated GAN,1.6549682612511956,0.33299047726281744,2.1141915355205505
2014-09-01,36,6,Extension LSTM,1.1331564233634643,0.3279685808408174,2.1319963064542584
2014-09-01,36,6,Transformer,1.7923639116879484,0.009612130062540773,3.181336958390673
2014-09-01,36,6,Equal-weight LSTM–Transformer combination,1.7872153284822145,0.4441133831551637,3.098739562272427
2014-10-01,36,6,Original-paper GAN,3.161277720169718,1.3947370186402153,4.556496479801347
2014-10-01,36,6,Our replicated GAN,2.601839688170948,1.0867451641346142,3.812971993632633
2014-10-01,36,6,Extension LSTM,0.8347761799838491,0.05479917232814166,1.677747892258329
2014-10-01,36,6,Transformer,1.7934856024066523,-0.07433863638374735,3.1537182731061626
2014-10-01,36,6,Equal-weight LSTM–Transformer combination,1.7985118535748417,0.1762047971071847,3.1698126764456562
2014-11-01,36,6,Original-paper GAN,3.1399474649795005,1.4010899136448964,4.483037404297932
2014-11-01,36,6,Our replicated GAN,2.468661140056229,1.157142530264413,3.588775180237329
2014-11-01,36,6,Extension LSTM,0.7279010846948122,-0.10488578443643873,1.6205370078283263
2014-11-01,36,6,Transformer,1.7936405707817804,-0.31280094542986375,3.176007312054553
2014-11-01,36,6,Equal-weight LSTM–Transformer combination,1.784495571153073,0.0052107863715643125,3.174337932394123
2014-12-01,36,6,Original-paper GAN,2.417450934549175,0.73754152056348,3.644864797384818
2014-12-01,36,6,Our replicated GAN,2.001420305310213,1.0178163089645467,2.8432318356082678
2014-12-01,36,6,Extension LSTM,0.5853173547864183,-0.3887053288321509,1.550972494860259
2014-12-01,36,6,Transformer,1.7981607605440695,-0.46083822106964406,3.2266269823516622
2014-12-01,36,6,Equal-weight LSTM–Transformer combination,1.71276020653707,-0.09237028336899465,3.0700986831702544
2014-12-01,36,3,Original-paper GAN,2.417450934549175,0.6876379188069206,3.570299035553629
2014-12-01,36,3,Our replicated GAN,2.001420305310213,0.764507988053411,2.9508786487266048
2014-12-01,36,3,Extension LSTM,0.5853173547864183,-0.33302475308374174,1.5771599603397075
2014-12-01,36,3,Transformer,1.7981607605440695,-0.25121938460647275,3.2146252847609365
2014-12-01,36,3,Equal-weight LSTM–Transformer combination,1.71276020653707,0.11453840930860093,3.0677776874867395
2014-12-01,36,12,Original-paper GAN,2.417450934549175,0.5646606867951348,3.6860358166418887
2014-12-01,36,12,Our replicated GAN,2.001420305310213,1.3088838592965086,2.6958345149668217
2014-12-01,36,12,Extension LSTM,0.5853173547864183,-0.16713607040133138,1.2708353009604048
2014-12-01,36,12,Transformer,1.7981607605440695,-0.3468406197269851,3.325770701587401
2014-12-01,36,12,Equal-weight LSTM–Transformer combination,1.71276020653707,-0.022889528855021535,3.148478941085964
2015-01-01,36,6,Original-paper GAN,2.430591078047694,0.7109686416611006,3.6733932014843846
2015-01-01,36,6,Our replicated GAN,2.0010281683576947,1.0454860987818693,2.858662443199984
2015-01-01,36,6,Extension LSTM,0.6699966946565988,-0.20386772182986435,1.5215046304754691
2015-01-01,36,6,Transformer,1.8588571773367932,-0.2151296030757512,3.2610247444652005
2015-01-01,36,6,Equal-weight LSTM–Transformer combination,1.787719279841176,0.12676634589305824,3.1683514011953506
2015-02-01,36,6,Original-paper GAN,2.4365227113993977,0.8073620550511216,3.6068415194833587
2015-02-01,36,6,Our replicated GAN,2.0687641412059135,1.075911172453188,2.9304780450198993
2015-02-01,36,6,Extension LSTM,0.8326233744274161,0.054874174891176956,1.6405255183848846
2015-02-01,36,6,Transformer,1.8442187265396004,-0.1649100152266203,3.310714203332454
2015-02-01,36,6,Equal-weight LSTM–Transformer combination,1.907823697638029,-0.03674731749845523,3.385052133499754
2015-03-01,36,6,Original-paper GAN,2.419722850186919,0.6081293770065616,3.6535538595757937
2015-03-01,36,6,Our replicated GAN,2.078441764395018,1.0862388617968677,2.9373096997079005
2015-03-01,36,6,Extension LSTM,0.9248018896323146,-0.007967138299775564,1.8000615849309594
2015-03-01,36,6,Transformer,1.9260703372006338,-0.24214288724819213,3.4305536750391967
2015-03-01,36,6,Equal-weight LSTM–Transformer combination,2.0260208109057802,-0.28642158283396124,3.5156949755372953
2015-04-01,36,6,Original-paper GAN,2.3788650795041737,0.6380238404033973,3.563568108884594
2015-04-01,36,6,Our replicated GAN,1.8443405593912825,0.9702103954068446,2.615322628141338
2015-04-01,36,6,Extension LSTM,0.8298828481498792,0.06776274275528119,1.6449711780963852
2015-04-01,36,6,Transformer,1.5491164726304048,-0.26075860434036546,2.7706178541430635
2015-04-01,36,6,Equal-weight LSTM–Transformer combination,1.6749454824409802,0.09866763901482818,2.9560309925921358
2015-05-01,36,6,Original-paper GAN,2.370593451334553,0.8900246291413922,3.486477035629964
2015-05-01,36,6,Our replicated GAN,1.9826421356633237,1.116675667122722,2.7824052591723087
2015-05-01,36,6,Extension LSTM,0.8608495018906245,0.04588604495075461,1.6766574496173752
2015-05-01,36,6,Transformer,1.7206991203926576,-0.032865600525033054,3.070610857607224
2015-05-01,36,6,Equal-weight LSTM–Transformer combination,1.7614101332312337,0.24785980010508993,3.074026382397729
2015-06-01,36,6,Original-paper GAN,2.2530784260811547,0.915447552639981,3.3568230445036673
2015-06-01,36,6,Our replicated GAN,1.9043955984708405,1.0646181482197417,2.640290317269921
2015-06-01,36,6,Extension LSTM,0.9631899790913561,0.001357660929589654,1.84838758664378
2015-06-01,36,6,Transformer,1.666741903598905,-0.08576059601400977,2.9565904422808926
2015-06-01,36,6,Equal-weight LSTM–Transformer combination,1.739521304485475,0.26178742280654244,3.044322174335141
2015-07-01,36,6,Original-paper GAN,2.209844315847969,0.8747099709932736,3.203342178423981
2015-07-01,36,6,Our replicated GAN,1.8883519768923895,1.078861896550528,2.6368021307036593
2015-07-01,36,6,Extension LSTM,0.7326628567604444,-0.007842272348911614,1.5057751968278796
2015-07-01,36,6,Transformer,1.6790538404339057,0.10506657736758714,2.872746462417186
2015-07-01,36,6,Equal-weight LSTM–Transformer combination,1.7619546814411198,0.3175242775365928,3.0507330053772144
2015-08-01,36,6,Original-paper GAN,2.2427767211124214,0.8779538103066014,3.241322648585503
2015-08-01,36,6,Our replicated GAN,1.992915897742807,1.0902048052031883,2.7729886187546526
2015-08-01,36,6,Extension LSTM,0.8517089850308057,0.04078600846961981,1.6605554105828062
2015-08-01,36,6,Transformer,1.6592477108475476,0.12883423988917334,2.8224511075620913
2015-08-01,36,6,Equal-weight LSTM–Transformer combination,1.8378459827273022,0.29780731820725165,3.1703468312099536
2015-09-01,36,6,Original-paper GAN,2.3037350980189344,0.9818415753632249,3.2980619346236173
2015-09-01,36,6,Our replicated GAN,2.1285363391959584,1.1191090052709194,2.9871801436792618
2015-09-01,36,6,Extension LSTM,0.9619797147413454,0.07856707472885764,1.8855932950160503
2015-09-01,36,6,Transformer,1.7894421668889626,0.15001988514226722,3.0237916417964916
2015-09-01,36,6,Equal-weight LSTM–Transformer combination,1.9880032507825975,0.2044844547015351,3.443638145842997
2015-10-01,36,6,Original-paper GAN,2.3212478018800007,1.1258860039383853,3.4279009529637596
2015-10-01,36,6,Our replicated GAN,2.1378774251306067,1.0730665646926387,3.035957034053501
2015-10-01,36,6,Extension LSTM,0.6648498669348625,0.004954425231173543,1.31952793237779
2015-10-01,36,6,Transformer,1.7844581284241663,0.048483790055439485,3.015324340245903
2015-10-01,36,6,Equal-weight LSTM–Transformer combination,1.8497093175838513,0.2744047803396285,3.153471730777034
2015-11-01,36,6,Original-paper GAN,2.3154972636641076,1.0828231453421246,3.3620752970584835
2015-11-01,36,6,Our replicated GAN,2.1547031144654927,1.0684426078526554,3.0939279725197513
2015-11-01,36,6,Extension LSTM,0.5884428597150507,-0.12355721898490495,1.2649998573864547
2015-11-01,36,6,Transformer,1.8233140344566592,0.1851676113647671,3.0025688584357675
2015-11-01,36,6,Equal-weight LSTM–Transformer combination,1.8578236061299191,0.385716085098658,3.1266896819748173
2015-12-01,36,6,Original-paper GAN,2.4676456656456787,0.9672775089386176,3.6027359490338213
2015-12-01,36,6,Our replicated GAN,2.3338932802386796,0.8688959766607222,3.341766133982398
2015-12-01,36,6,Extension LSTM,0.8665320142008888,0.14172870400312673,1.7159130515622207
2015-12-01,36,6,Transformer,1.927133072059106,-0.0211983244044635,3.217529381113315
2015-12-01,36,6,Equal-weight LSTM–Transformer combination,2.0657756420671123,0.3020739351591438,3.495051829093418
2015-12-01,36,3,Original-paper GAN,2.4676456656456787,1.0466580749050893,3.487751334013577
2015-12-01,36,3,Our replicated GAN,2.3338932802386796,0.9630634312720285,3.3897726628940066
2015-12-01,36,3,Extension LSTM,0.8665320142008888,0.003993250175183201,1.7713424972416936
2015-12-01,36,3,Transformer,1.927133072059106,0.28324887272464094,3.1881363676030046
2015-12-01,36,3,Equal-weight LSTM–Transformer combination,2.0657756420671123,0.41364697390121097,3.345102248727208
2015-12-01,36,12,Original-paper GAN,2.4676456656456787,0.749228261352177,3.819122923757226
2015-12-01,36,12,Our replicated GAN,2.3338932802386796,1.1169764835519291,3.2396067081872855
2015-12-01,36,12,Extension LSTM,0.8665320142008888,0.2645707810387413,1.641816163201034
2015-12-01,36,12,Transformer,1.927133072059106,0.5448582966867517,3.3403710214711984
2015-12-01,36,12,Equal-weight LSTM–Transformer combination,2.0657756420671123,0.5351343463793363,3.5945873480182566
2016-01-01,36,6,Original-paper GAN,2.470237572882025,1.0094928853271745,3.6471227255875487
2016-01-01,36,6,Our replicated GAN,2.369312681987527,0.904486991702512,3.437584141588455
2016-01-01,36,6,Extension LSTM,0.8477876004609187,0.1215181914501759,1.6499466411070154
2016-01-01,36,6,Transformer,2.0022832791784784,0.38197216366894515,3.282827368854363
2016-01-01,36,6,Equal-weight LSTM–Transformer combination,2.087604376745911,0.5008155320025423,3.4526916355488377
2016-02-01,36,6,Original-paper GAN,2.309230204623667,1.212291997534492,3.307410579553533
2016-02-01,36,6,Our replicated GAN,2.253321426216006,0.9882129122535578,3.2686396101900734
2016-02-01,36,6,Extension LSTM,0.8386854933066744,0.12904184861422113,1.6269633608673153
2016-02-01,36,6,Transformer,1.8715165215574843,0.17848272175411092,3.1255119463685466
2016-02-01,36,6,Equal-weight LSTM–Transformer combination,2.001466460398995,0.39549901549130373,3.331260844408626
2016-03-01,36,6,Original-paper GAN,2.1449993822281317,0.9991033866087692,3.136158059972229
2016-03-01,36,6,Our replicated GAN,2.29065979442031,0.9292524737334531,3.278879618649074
2016-03-01,36,6,Extension LSTM,0.97779512754477,0.16032909000316306,1.7800539273063636
2016-03-01,36,6,Transformer,1.6396858671977748,-0.0845180787850148,3.0234002759675427
2016-03-01,36,6,Equal-weight LSTM–Transformer combination,1.913614590983727,0.20628281931157483,3.3329078097453815
2016-04-01,36,6,Original-paper GAN,1.6074306842463553,0.1303640219490356,2.7681103825141413
2016-04-01,36,6,Our replicated GAN,1.403438135685507,-0.5713144888905022,2.753983242309124
2016-04-01,36,6,Extension LSTM,0.4785446968729032,-0.49183804187234653,1.3914449638486752
2016-04-01,36,6,Transformer,0.9999054935041228,-1.3758089555096618,2.5019564191761012
2016-04-01,36,6,Equal-weight LSTM–Transformer combination,0.9577319039600201,-1.5944177404944697,2.385399697315133
2016-05-01,36,6,Original-paper GAN,1.7340373322401788,0.34451392683963084,2.8135213914630306
2016-05-01,36,6,Our replicated GAN,1.6122126973765774,-0.11710253656529471,2.6499701881447395
2016-05-01,36,6,Extension LSTM,0.6651042320217435,-0.17373178859830082,1.346628958266043
2016-05-01,36,6,Transformer,1.2749925511559843,-0.7857880206889489,2.4289257737025407
2016-05-01,36,6,Equal-weight LSTM–Transformer combination,1.2220092374169285,-1.1126256519807096,2.2732608254078466
2016-06-01,36,6,Original-paper GAN,1.8205871582923705,0.3161550664139583,2.876505835692615
2016-06-01,36,6,Our replicated GAN,1.6483666403918047,-0.1673215712134448,2.702138560258325
2016-06-01,36,6,Extension LSTM,0.8053638471901036,0.03887899557378692,1.3923231810517966
2016-06-01,36,6,Transformer,1.2053460264332423,-0.8467743624738442,2.409910311554756
2016-06-01,36,6,Equal-weight LSTM–Transformer combination,1.252053855577671,-1.0459009425000632,2.309318295473444
2016-07-01,36,6,Original-paper GAN,1.6867552209261112,0.30345838075917736,2.71253988957101
2016-07-01,36,6,Our replicated GAN,1.648043589651836,-0.17314865607291743,2.7051337162713427
2016-07-01,36,6,Extension LSTM,0.6870277773430552,-0.11217968643516878,1.3602198404841068
2016-07-01,36,6,Transformer,1.152740635473593,-1.0935802789816853,2.310009972734608
2016-07-01,36,6,Equal-weight LSTM–Transformer combination,1.1471871664591353,-1.2302177829950023,2.2073146185131427
2016-08-01,36,6,Original-paper GAN,1.6079007085612855,0.34422768751603006,2.646123170440274
2016-08-01,36,6,Our replicated GAN,1.6126146601794522,-0.12159525517289449,2.6345946004787217
2016-08-01,36,6,Extension LSTM,0.6953426594207335,-0.08702421203797783,1.3245485724476884
2016-08-01,36,6,Transformer,1.1390389405958097,-1.0114022231090882,2.3452601017165597
2016-08-01,36,6,Equal-weight LSTM–Transformer combination,1.1421928103343852,-1.2701453882023606,2.18877896606093
2016-09-01,36,6,Original-paper GAN,1.5958477007898448,0.25795536403977304,2.6688060203816297
2016-09-01,36,6,Our replicated GAN,1.5440867475382805,-0.1925337365789427,2.5732982545266267
2016-09-01,36,6,Extension LSTM,0.6827359504419961,-0.10229963390378291,1.3441967935196257
2016-09-01,36,6,Transformer,1.0926135358162303,-1.0659276593850215,2.334124373277439
2016-09-01,36,6,Equal-weight LSTM–Transformer combination,1.099722890709131,-1.324940744582598,2.188489411721579
2016-10-01,36,6,Original-paper GAN,1.5224905370263657,0.23392236259469767,2.5573208768123137
2016-10-01,36,6,Our replicated GAN,1.5407681358676468,-0.16031907582638827,2.5698388838277464
2016-10-01,36,6,Extension LSTM,0.7261901025184959,-0.03619753860996169,1.3140945682321579
2016-10-01,36,6,Transformer,1.1211638878141348,-0.8854393524326024,2.3830828221262923
2016-10-01,36,6,Equal-weight LSTM–Transformer combination,1.1373913500189392,-1.0837932120700646,2.2395083679814984
2016-11-01,36,6,Original-paper GAN,1.4457142026876084,0.1345611018365036,2.4499703413165097
2016-11-01,36,6,Our replicated GAN,1.5017044568915752,-0.26086313163097774,2.505453855832685
2016-11-01,36,6,Extension LSTM,0.744561393022758,-0.03732575505889135,1.3220352536931834
2016-11-01,36,6,Transformer,1.0227360951384141,-1.1248622379530095,2.33405301391481
2016-11-01,36,6,Equal-weight LSTM–Transformer combination,1.067561585250349,-1.239784629702952,2.167457612876048
2016-12-01,36,6,Original-paper GAN,1.3976576074069282,0.12947595446714752,2.410710252301919
2016-12-01,36,6,Our replicated GAN,1.4985228509276787,-0.2577097790289432,2.497414479573473
2016-12-01,36,6,Extension LSTM,0.8202539388160398,0.05958771830070435,1.3806498582112796
2016-12-01,36,6,Transformer,1.0718439613411916,-1.047546206949571,2.3167467426910626
2016-12-01,36,6,Equal-weight LSTM–Transformer combination,1.1391027005864336,-1.22735267621564,2.189184073746041
2016-12-01,36,3,Original-paper GAN,1.3976576074069282,0.14741048448991928,2.5310609333221783
2016-12-01,36,3,Our replicated GAN,1.4985228509276787,-0.17050432723261857,2.5780838033218343
2016-12-01,36,3,Extension LSTM,0.8202539388160398,-0.2490583473196482,1.6163082005903433
2016-12-01,36,3,Transformer,1.0718439613411916,-0.7509831250354793,2.286456394011601
2016-12-01,36,3,Equal-weight LSTM–Transformer combination,1.1391027005864336,-0.8252747925570441,2.244580660888054
2016-12-01,36,12,Original-paper GAN,1.3976576074069282,0.20695633743456826,2.426899975682137
2016-12-01,36,12,Our replicated GAN,1.4985228509276787,0.10385428693593292,2.4318658073130943
2016-12-01,36,12,Extension LSTM,0.8202539388160398,0.21758220773635834,1.276382734618222
2016-12-01,36,12,Transformer,1.0718439613411916,-1.028113981142119,2.386577858890641
2016-12-01,36,12,Equal-weight LSTM–Transformer combination,1.1391027005864336,-1.234772940215391,2.2073411807793115
1996-12-01,60,6,Original-paper GAN,5.140652706545498,2.488300161451449,6.464157862728863
1996-12-01,60,6,Our replicated GAN,4.878645044356314,3.0143662340197594,5.857037788397155
1996-12-01,60,6,Extension LSTM,3.6600354118472502,2.6131984104564747,4.490515467117184
1996-12-01,60,6,Transformer,1.8339148689264908,0.709088762693864,2.7600437224699665
1996-12-01,60,6,Equal-weight LSTM–Transformer combination,3.1543692109028947,1.9605682793054846,4.032190788848453
1996-12-01,60,3,Original-paper GAN,5.140652706545498,2.4623701538613605,6.589929764718503
1996-12-01,60,3,Our replicated GAN,4.878645044356314,3.054842751907061,5.869869872352751
1996-12-01,60,3,Extension LSTM,3.6600354118472502,2.477746469263867,4.519961420352815
1996-12-01,60,3,Transformer,1.8339148689264908,0.7221378901495621,2.8272868542745466
1996-12-01,60,3,Equal-weight LSTM–Transformer combination,3.1543692109028947,1.8246111894517756,4.140992376815277
1996-12-01,60,12,Original-paper GAN,5.140652706545498,2.8197140492953277,6.33396669203192
1996-12-01,60,12,Our replicated GAN,4.878645044356314,3.153597521995683,5.769908450934529
1996-12-01,60,12,Extension LSTM,3.6600354118472502,2.7368388407019264,4.3506429518914915
1996-12-01,60,12,Transformer,1.8339148689264908,0.7297065558808384,2.5927604451781603
1996-12-01,60,12,Equal-weight LSTM–Transformer combination,3.1543692109028947,2.0506407331339647,3.9651673432160797
1997-01-01,60,6,Original-paper GAN,5.591894312157697,3.3088228098308146,6.9174329604117375
1997-01-01,60,6,Our replicated GAN,5.260617491742794,3.7745682438121926,6.211292424130496
1997-01-01,60,6,Extension LSTM,3.6855632078854885,2.690811076898936,4.509317986367027
1997-01-01,60,6,Transformer,1.6901156057225657,0.6569221060717827,2.585597374689609
1997-01-01,60,6,Equal-weight LSTM–Transformer combination,3.090251996781358,1.949517464302719,3.9573797521305747
1997-02-01,60,6,Original-paper GAN,6.429480656736309,3.9889260627100045,7.871024962816291
1997-02-01,60,6,Our replicated GAN,5.658810879802246,4.248991153566695,6.695757735921919
1997-02-01,60,6,Extension LSTM,3.8752616843363916,2.7292819188586783,4.767982315049618
1997-02-01,60,6,Transformer,1.9322949886406795,0.7968664149817586,2.849562670936358
1997-02-01,60,6,Equal-weight LSTM–Transformer combination,3.400282917037115,2.1487098460836664,4.380084358684191
1997-03-01,60,6,Original-paper GAN,6.518499323756257,3.7297742435828263,8.05279761652034
1997-03-01,60,6,Our replicated GAN,5.685887012464523,4.109320677785944,6.677860617723523
1997-03-01,60,6,Extension LSTM,3.8755777285528397,2.7016674683017716,4.754579283516113
1997-03-01,60,6,Transformer,1.9461202118834013,0.7615521097015454,2.874651585789894
1997-03-01,60,6,Equal-weight LSTM–Transformer combination,3.4066810474542897,2.0514241836717972,4.409757879495647
1997-04-01,60,6,Original-paper GAN,6.552248672081886,3.66745429054147,8.136235969524915
1997-04-01,60,6,Our replicated GAN,5.709409994139328,4.192963988403144,6.755472587792586
1997-04-01,60,6,Extension LSTM,3.8356723346612944,2.826627908734256,4.739561139206698
1997-04-01,60,6,Transformer,1.90076344395983,0.7762866879493768,2.822828218541418
1997-04-01,60,6,Equal-weight LSTM–Transformer combination,3.361915877000169,2.1421966487476687,4.336147238598837
1997-05-01,60,6,Original-paper GAN,6.5427591476959694,3.7162688842044704,8.103355672073034
1997-05-01,60,6,Our replicated GAN,5.738970841002404,4.139463639004332,6.831208564332865
1997-05-01,60,6,Extension LSTM,3.858871746918842,2.730771651435389,4.763864944585438
1997-05-01,60,6,Transformer,1.9662103409384017,0.8549462256795841,2.9368667937059945
1997-05-01,60,6,Equal-weight LSTM–Transformer combination,3.4069456807046357,2.1087208876065255,4.425301925287738
1997-06-01,60,6,Original-paper GAN,6.562643830463334,3.5417127097024172,8.123736890992413
1997-06-01,60,6,Our replicated GAN,5.893734132111967,4.060412820279622,7.035582324534698
1997-06-01,60,6,Extension LSTM,3.8496566064724993,2.731636861172023,4.742438347490865
1997-06-01,60,6,Transformer,2.0153179835561668,0.7811949163547584,2.948124321763626
1997-06-01,60,6,Equal-weight LSTM–Transformer combination,3.423411906068613,2.021714024665683,4.408007336192924
1997-07-01,60,6,Original-paper GAN,6.496417130146663,3.5528724517070174,8.004124372846196
1997-07-01,60,6,Our replicated GAN,5.892276327771904,4.049749096608787,7.08275933385738
1997-07-01,60,6,Extension LSTM,3.744102848674626,2.772090469913501,4.571325690199642
1997-07-01,60,6,Transformer,2.0084660299742683,0.8288727287628741,2.9523430706181077
1997-07-01,60,6,Equal-weight LSTM–Transformer combination,3.350492311238062,2.0936450022694917,4.33759538196057
1997-08-01,60,6,Original-paper GAN,6.286597462812055,3.784250528138182,7.67862625017845
1997-08-01,60,6,Our replicated GAN,5.740770564477368,4.1421414918501895,6.8439457819139164
1997-08-01,60,6,Extension LSTM,3.6596669805089155,2.7696347348332933,4.484906425350255
1997-08-01,60,6,Transformer,1.9203002190539307,0.7728606414117859,2.832403219913477
1997-08-01,60,6,Equal-weight LSTM–Transformer combination,3.170957370830399,2.040094250372193,4.069542370524343
1997-09-01,60,6,Original-paper GAN,6.250504755598523,3.6381912431571246,7.676909756174307
1997-09-01,60,6,Our replicated GAN,5.705162748780749,4.037150693549474,6.793798669785243
1997-09-01,60,6,Extension LSTM,3.6721767720228016,2.7056603993707187,4.449303574047415
1997-09-01,60,6,Transformer,1.838612208781531,0.6853749852148112,2.799581379435546
1997-09-01,60,6,Equal-weight LSTM–Transformer combination,3.1760089002688208,1.9804636378807134,4.094238346100465
1997-10-01,60,6,Original-paper GAN,6.343889868979456,3.8149295732491653,7.83016061668586
1997-10-01,60,6,Our replicated GAN,5.7755752139031085,4.1005960900520435,6.8667317352971
1997-10-01,60,6,Extension LSTM,3.6713693726520154,2.7150714513621983,4.437961361845719
1997-10-01,60,6,Transformer,1.8093466254777557,0.7365817406456981,2.7370370147434615
1997-10-01,60,6,Equal-weight LSTM–Transformer combination,3.149529711535356,2.005471576669345,4.069425670820531
1997-11-01,60,6,Original-paper GAN,6.330992877581793,3.7516006340235606,7.7683990949296176
1997-11-01,60,6,Our replicated GAN,5.8097404069668235,4.152549851737161,6.903171135278879
1997-11-01,60,6,Extension LSTM,3.576710141533174,2.6325368292995477,4.32572556864886
1997-11-01,60,6,Transformer,1.847100840539156,0.6133080922658554,2.7943335907249884
1997-11-01,60,6,Equal-weight LSTM–Transformer combination,3.149039254351583,1.9475509000089806,4.0379663950936635
1997-12-01,60,6,Original-paper GAN,6.344332104632366,3.6409415563580594,7.8374016500174175
1997-12-01,60,6,Our replicated GAN,5.818902047076909,4.201437983919825,7.000157240979067
1997-12-01,60,6,Extension LSTM,3.4458034290972566,2.5464846909862273,4.192684188128702
1997-12-01,60,6,Transformer,1.8622264722802973,0.7355155665591896,2.7543811954046795
1997-12-01,60,6,Equal-weight LSTM–Transformer combination,3.1488237256500153,1.9880531139297173,4.090365230683134
1997-12-01,60,3,Original-paper GAN,6.344332104632366,3.787788297201554,7.744489627354175
1997-12-01,60,3,Our replicated GAN,5.818902047076909,4.011838194647682,6.882968157509218
1997-12-01,60,3,Extension LSTM,3.4458034290972566,2.4714843361395795,4.2209965685743285
1997-12-01,60,3,Transformer,1.8622264722802973,0.7772502724538947,2.791540185889966
1997-12-01,60,3,Equal-weight LSTM–Transformer combination,3.1488237256500153,1.8971798674057907,4.05503626800988
1997-12-01,60,12,Original-paper GAN,6.344332104632366,4.108788318978045,7.668269829785779
1997-12-01,60,12,Our replicated GAN,5.818902047076909,4.19454437924681,6.900618938005923
1997-12-01,60,12,Extension LSTM,3.4458034290972566,2.668439159658705,4.002237486707787
1997-12-01,60,12,Transformer,1.8622264722802973,0.8211653873412126,2.6063846818315755
1997-12-01,60,12,Equal-weight LSTM–Transformer combination,3.1488237256500153,2.1617530479645244,3.955692985226703
1998-01-01,60,6,Original-paper GAN,6.390200227355465,3.742540447132619,7.831026093557286
1998-01-01,60,6,Our replicated GAN,6.092247311885376,4.309727984377631,7.34598190774189
1998-01-01,60,6,Extension LSTM,3.438363262969969,2.5647517908567083,4.187395691519941
1998-01-01,60,6,Transformer,1.7181776802548057,0.6208790452585575,2.5943069574925017
1998-01-01,60,6,Equal-weight LSTM–Transformer combination,3.0089072184598753,1.94208986347656,3.8490633837101234
1998-02-01,60,6,Original-paper GAN,6.403624318507581,3.7788388065922245,7.814892483697196
1998-02-01,60,6,Our replicated GAN,6.089588567682918,4.248139837212983,7.263339869700749
1998-02-01,60,6,Extension LSTM,3.4351716920322666,2.5225433180005505,4.188750566034034
1998-02-01,60,6,Transformer,1.7867534026209138,0.6147743284837891,2.6519697563456806
1998-02-01,60,6,Equal-weight LSTM–Transformer combination,3.0291917057921975,1.8646194442737676,3.880604353980445
1998-03-01,60,6,Original-paper GAN,6.46495167924835,3.771048929507924,7.924347189773109
1998-03-01,60,6,Our replicated GAN,6.212490707319302,4.149492478204738,7.564656193270012
1998-03-01,60,6,Extension LSTM,3.4388941804214412,2.493216579041977,4.226826455412903
1998-03-01,60,6,Transformer,1.777320569781411,0.7240633536200086,2.6515526902015436
1998-03-01,60,6,Equal-weight LSTM–Transformer combination,3.0377395274252743,1.9744059253209947,3.9155046549256753
1998-04-01,60,6,Original-paper GAN,6.378766504759554,3.985770441751831,7.841439843897906
1998-04-01,60,6,Our replicated GAN,6.081901323076808,4.238670076477879,7.321376818277252
1998-04-01,60,6,Extension LSTM,3.3918764053943913,2.5004358972034977,4.108424397551502
1998-04-01,60,6,Transformer,1.7298980949445895,0.6294484132579696,2.6382883990389656
1998-04-01,60,6,Equal-weight LSTM–Transformer combination,2.9341728424845033,1.8688353156291206,3.774155143185425
1998-05-01,60,6,Original-paper GAN,6.9031016381971115,3.8602540387053104,8.54923894252781
1998-05-01,60,6,Our replicated GAN,6.338119507108997,4.223798932402104,7.7216164968757806
1998-05-01,60,6,Extension LSTM,3.446419860777558,2.5251730754584116,4.205455010805675
1998-05-01,60,6,Transformer,1.8321826867918187,0.8121196895313464,2.6895463551863803
1998-05-01,60,6,Equal-weight LSTM–Transformer combination,3.0432745654721014,1.968637975576955,3.8742338589579863
1998-06-01,60,6,Original-paper GAN,6.848964421458997,4.167755394814036,8.506204062050784
1998-06-01,60,6,Our replicated GAN,6.3096326804154,4.333380377773774,7.684929859185497
1998-06-01,60,6,Extension LSTM,3.4731108101124093,2.535490306822016,4.242842371837736
1998-06-01,60,6,Transformer,1.8733224446354437,0.8226442346415558,2.7391872210226076
1998-06-01,60,6,Equal-weight LSTM–Transformer combination,3.096851894722622,2.012786054894529,3.936081556452017
1998-07-01,60,6,Original-paper GAN,6.705501642324748,3.7736816680299086,8.308844096984764
1998-07-01,60,6,Our replicated GAN,6.298652550732805,4.220503691160494,7.626571422713413
1998-07-01,60,6,Extension LSTM,3.419958849266766,2.4957201667893534,4.141740839334877
1998-07-01,60,6,Transformer,1.8709930949301028,0.7574756187829867,2.7577654819425845
1998-07-01,60,6,Equal-weight LSTM–Transformer combination,3.0419924875757816,1.9125723551539404,3.9029194392168978
1998-08-01,60,6,Original-paper GAN,6.703716293277285,3.8453890884880213,8.417314324423318
1998-08-01,60,6,Our replicated GAN,6.295015773267938,4.290586051689156,7.660634848789261
1998-08-01,60,6,Extension LSTM,3.436329941841988,2.5736848381924684,4.174714737761527
1998-08-01,60,6,Transformer,1.7541175096152584,0.6388657482655322,2.7080384630290117
1998-08-01,60,6,Equal-weight LSTM–Transformer combination,3.046242713088072,1.9532728867827316,3.9330022070639252
1998-09-01,60,6,Original-paper GAN,6.645956377588142,3.786292325528331,8.361767292514187
1998-09-01,60,6,Our replicated GAN,6.273020264933432,4.145628105407615,7.6799853397042135
1998-09-01,60,6,Extension LSTM,3.5414150798279467,2.6820351009948764,4.240579111102463
1998-09-01,60,6,Transformer,1.7517218080747967,0.6011139007896763,2.6640604020407506
1998-09-01,60,6,Equal-weight LSTM–Transformer combination,3.1205190035116925,2.0341378561578334,3.9275305210363403
1998-10-01,60,6,Original-paper GAN,6.8736268945381465,3.9954940140120585,8.466853338751635
1998-10-01,60,6,Our replicated GAN,6.48647020586051,4.540058847105237,7.685089622310447
1998-10-01,60,6,Extension LSTM,3.7038722462176206,2.915094120946989,4.368457088707786
1998-10-01,60,6,Transformer,1.759659843065687,0.6647406716099707,2.6733947327524628
1998-10-01,60,6,Equal-weight LSTM–Transformer combination,3.226915444159761,2.2002755359322514,4.019173546141638
1998-11-01,60,6,Original-paper GAN,7.454620753064449,4.916778919475798,9.010301089701144
1998-11-01,60,6,Our replicated GAN,6.959177689233685,5.198276454342251,8.061944794691824
1998-11-01,60,6,Extension LSTM,3.87597623909579,3.0484885708745852,4.614111411558793
1998-11-01,60,6,Transformer,1.8984336738940701,0.7806990076066718,2.7615196206392034
1998-11-01,60,6,Equal-weight LSTM–Transformer combination,3.4246905499812232,2.3822785697805635,4.240937303722051
1998-12-01,60,6,Original-paper GAN,7.470164794342011,5.007218226559017,8.982901038841513
1998-12-01,60,6,Our replicated GAN,7.047101435891958,5.253153984874837,8.203045660221765
1998-12-01,60,6,Extension LSTM,3.845219171199463,3.028050214570622,4.545430698580867
1998-12-01,60,6,Transformer,1.848324431689152,0.7683447470530205,2.6815850866196125
1998-12-01,60,6,Equal-weight LSTM–Transformer combination,3.408123794559839,2.415047861684727,4.189380993573614
1998-12-01,60,3,Original-paper GAN,7.470164794342011,4.902091282149614,9.12505384668462
1998-12-01,60,3,Our replicated GAN,7.047101435891958,5.172788956646666,8.30491193935957
1998-12-01,60,3,Extension LSTM,3.845219171199463,2.805679188586402,4.646621084641513
1998-12-01,60,3,Transformer,1.848324431689152,0.771706058644407,2.7652913243587833
1998-12-01,60,3,Equal-weight LSTM–Transformer combination,3.408123794559839,2.3300083357713013,4.3030697717291755
1998-12-01,60,12,Original-paper GAN,7.470164794342011,5.561385390568801,8.599418244421317
1998-12-01,60,12,Our replicated GAN,7.047101435891958,5.562678847784968,8.027290466679387
1998-12-01,60,12,Extension LSTM,3.845219171199463,3.1368610927511424,4.398446710868217
1998-12-01,60,12,Transformer,1.848324431689152,0.7122588037233333,2.551352974167004
1998-12-01,60,12,Equal-weight LSTM–Transformer combination,3.408123794559839,2.5472797679390857,4.0134120783634915
1999-01-01,60,6,Original-paper GAN,7.435708287275156,4.969710763348803,8.9583366068344
1999-01-01,60,6,Our replicated GAN,6.99707142698523,5.24687845734164,8.163464219639945
1999-01-01,60,6,Extension LSTM,3.7191392188339867,2.943041011790023,4.413856405629292
1999-01-01,60,6,Transformer,1.6889543192639898,0.5718459283807094,2.571354449831083
1999-01-01,60,6,Equal-weight LSTM–Transformer combination,3.182892690975312,2.118973849907802,4.061055936137206
1999-02-01,60,6,Original-paper GAN,7.648262270810491,5.1132088611898645,9.25333667715393
1999-02-01,60,6,Our replicated GAN,7.473601740260165,5.970811607051985,8.441458211929033
1999-02-01,60,6,Extension LSTM,3.764333330819099,2.959219892233237,4.4580486172681235
1999-02-01,60,6,Transformer,1.8023032702233515,0.707252750432164,2.6688775977377923
1999-02-01,60,6,Equal-weight LSTM–Transformer combination,3.3387290289220553,2.346685364207157,4.1439002957414495
1999-03-01,60,6,Original-paper GAN,7.1258673501024274,4.4875237600780356,8.707025146662353
1999-03-01,60,6,Our replicated GAN,6.486919106209716,4.327046358995416,8.029644297990417
1999-03-01,60,6,Extension LSTM,3.7138036720107923,2.92969473815391,4.369809431913744
1999-03-01,60,6,Transformer,1.7421086102826753,0.6662476224898256,2.6514981023463453
1999-03-01,60,6,Equal-weight LSTM–Transformer combination,3.2338770249060103,2.20849147613957,4.082195651674789
1999-04-01,60,6,Original-paper GAN,6.630033188015368,3.5724135565452273,8.318357530246532
1999-04-01,60,6,Our replicated GAN,5.484389272318069,2.2573409227063284,7.49481692501036
1999-04-01,60,6,Extension LSTM,3.713207269968144,2.8796578587990025,4.379660661599877
1999-04-01,60,6,Transformer,1.751952484054602,0.5560110622972311,2.6490549664866205
1999-04-01,60,6,Equal-weight LSTM–Transformer combination,3.2378990314241753,2.1268631744743107,4.083966340210837
1999-05-01,60,6,Original-paper GAN,6.662974616412464,3.8868892857793336,8.342278370244674
1999-05-01,60,6,Our replicated GAN,5.583363205381405,2.533698847433537,7.570279825961451
1999-05-01,60,6,Extension LSTM,3.827412571518188,2.9969348785497836,4.51954344067183
1999-05-01,60,6,Transformer,1.7603038295385347,0.646674210252743,2.6658581895871234
1999-05-01,60,6,Equal-weight LSTM–Transformer combination,3.333874942730407,2.2850311494665485,4.150596359058867
1999-06-01,60,6,Original-paper GAN,6.653889201011248,3.67302808425411,8.294538454378152
1999-06-01,60,6,Our replicated GAN,5.57250268496558,2.6152208868876423,7.432065940009473
1999-06-01,60,6,Extension LSTM,3.8663152491136015,3.069905492970519,4.559827459505127
1999-06-01,60,6,Transformer,1.7833350571139595,0.6772951081995129,2.6623865683835493
1999-06-01,60,6,Equal-weight LSTM–Transformer combination,3.3473622276329205,2.335701637580437,4.18357396503502
1999-07-01,60,6,Original-paper GAN,6.6500895299786675,3.6360114264792567,8.372945860623908
1999-07-01,60,6,Our replicated GAN,5.634557916824324,2.4689238252263515,7.603515998240078
1999-07-01,60,6,Extension LSTM,3.9132953361085385,3.048884764650924,4.620782542617606
1999-07-01,60,6,Transformer,1.744334575408992,0.5947119843214437,2.639068610263522
1999-07-01,60,6,Equal-weight LSTM–Transformer combination,3.3672964529106197,2.2923448025693456,4.222105585494177
1999-08-01,60,6,Original-paper GAN,6.647977995929737,3.6024866174284202,8.328399996528498
1999-08-01,60,6,Our replicated GAN,5.544282979321775,2.505849101585688,7.512528700458833
1999-08-01,60,6,Extension LSTM,3.7851765964973874,2.9720442439964225,4.498539178715175
1999-08-01,60,6,Transformer,1.6590679603623455,0.5477267718544822,2.5189820152926625
1999-08-01,60,6,Equal-weight LSTM–Transformer combination,3.2608775821669216,2.2249764003236963,4.079702071889397
1999-09-01,60,6,Original-paper GAN,6.616518744639743,3.661505234714414,8.269252952610566
1999-09-01,60,6,Our replicated GAN,5.49347014675622,2.416272738459219,7.431957986221161
1999-09-01,60,6,Extension LSTM,3.5867297550480908,2.611337554050145,4.342380207875822
1999-09-01,60,6,Transformer,1.6915124586188441,0.5105047386067443,2.5251166595555676
1999-09-01,60,6,Equal-weight LSTM–Transformer combination,3.1984505461016464,2.171095250889178,3.9749648860256057
1999-10-01,60,6,Original-paper GAN,6.540712770869999,3.894386632917974,8.127722553606336
1999-10-01,60,6,Our replicated GAN,5.494115614965304,2.6318770410527934,7.365752182262549
1999-10-01,60,6,Extension LSTM,3.6454428133611883,2.75473685685757,4.3699956090257395
1999-10-01,60,6,Transformer,1.6365112902562389,0.6391991281523431,2.4784294446947714
1999-10-01,60,6,Equal-weight LSTM–Transformer combination,3.176018337535546,2.2557671531915364,3.9549829090128563
1999-11-01,60,6,Original-paper GAN,6.602565750923292,3.688500815961017,8.20883356192373
1999-11-01,60,6,Our replicated GAN,5.484111441058415,2.5309712139615304,7.258282040099097
1999-11-01,60,6,Extension LSTM,3.4623810184423123,2.4765262464697924,4.310317962745045
1999-11-01,60,6,Transformer,1.6107308714874513,0.5304473874043055,2.438144289661817
1999-11-01,60,6,Equal-weight LSTM–Transformer combination,3.0767328411400086,2.11034395406479,3.8526648220481863
1999-12-01,60,6,Original-paper GAN,6.664382437888467,3.8439487535953707,8.404298908754296
1999-12-01,60,6,Our replicated GAN,4.948287634373035,1.8698397889627532,6.610987176075136
1999-12-01,60,6,Extension LSTM,2.628808330396331,0.929335065560322,3.938178516456734
1999-12-01,60,6,Transformer,1.542484007063965,0.5822640878218615,2.399268908671271
1999-12-01,60,6,Equal-weight LSTM–Transformer combination,2.6143641936721767,1.4371427605893297,3.662109514174308
1999-12-01,60,3,Original-paper GAN,6.664382437888467,3.7408569831747585,8.360116970001133
1999-12-01,60,3,Our replicated GAN,4.948287634373035,1.7827308660649706,6.673850768583893
1999-12-01,60,3,Extension LSTM,2.628808330396331,0.7789386763836313,3.920050209689614
1999-12-01,60,3,Transformer,1.542484007063965,0.5482388682902145,2.428643610651621
1999-12-01,60,3,Equal-weight LSTM–Transformer combination,2.6143641936721767,1.2379889208568744,3.667114048287679
1999-12-01,60,12,Original-paper GAN,6.664382437888467,4.125089223077714,8.056486117786037
1999-12-01,60,12,Our replicated GAN,4.948287634373035,1.8116060108821386,6.538767530609389
1999-12-01,60,12,Extension LSTM,2.628808330396331,0.8555807606419357,3.910829500940393
1999-12-01,60,12,Transformer,1.542484007063965,0.6097568448809081,2.2242573523862417
1999-12-01,60,12,Equal-weight LSTM–Transformer combination,2.6143641936721767,1.5071126654480438,3.4895960752490094
2000-01-01,60,6,Original-paper GAN,6.204213476771331,3.5017928795427475,7.585006133587016
2000-01-01,60,6,Our replicated GAN,4.922513556553833,1.7032889976192982,6.494988062104819
2000-01-01,60,6,Extension LSTM,2.616414385035425,0.876198522284513,3.9352992148535098
2000-01-01,60,6,Transformer,1.5888273801255086,0.5312245074460633,2.4068429740582973
2000-01-01,60,6,Equal-weight LSTM–Transformer combination,2.6389429301945317,1.4245646225301676,3.6382646941947123
2000-02-01,60,6,Original-paper GAN,6.053641933018961,3.371035747678423,7.452675025859872
2000-02-01,60,6,Our replicated GAN,2.984012712518308,-1.801979271165264,4.562836505758198
2000-02-01,60,6,Extension LSTM,1.2328187557153238,-1.8394656653307402,2.456433871763535
2000-02-01,60,6,Transformer,1.2968823580103321,0.397440898199596,2.0664359843504982
2000-02-01,60,6,Equal-weight LSTM–Transformer combination,1.4878663302426394,-0.6100897504156305,2.6338045010914612
2000-03-01,60,6,Original-paper GAN,6.040052101003027,3.42837163905835,7.3880451051182385
2000-03-01,60,6,Our replicated GAN,2.950787446247655,-1.6024949019704895,4.417806926446347
2000-03-01,60,6,Extension LSTM,1.3020121529554736,-1.656338927800703,2.4650097244536804
2000-03-01,60,6,Transformer,1.3165284177269654,0.4271126464162759,2.0717179704271036
2000-03-01,60,6,Equal-weight LSTM–Transformer combination,1.5228507046398343,-0.519809750048168,2.613928681078166
2000-04-01,60,6,Original-paper GAN,5.807907476640009,3.5389727999673526,7.112889819852559
2000-04-01,60,6,Our replicated GAN,2.942794187963489,-1.3695738900590244,4.387586086463996
2000-04-01,60,6,Extension LSTM,1.336824795821612,-1.532181397696739,2.462591858026071
2000-04-01,60,6,Transformer,1.2700037875388928,0.40380347801484395,1.9865906221621585
2000-04-01,60,6,Equal-weight LSTM–Transformer combination,1.5352595321357665,-0.46673648328567546,2.611290283446019
2000-05-01,60,6,Original-paper GAN,5.617274480599003,3.1247967373425296,6.9771374118478935
2000-05-01,60,6,Our replicated GAN,2.8980422160237276,-1.4256647691410607,4.3212596262763086
2000-05-01,60,6,Extension LSTM,1.3316932278491957,-1.5296630505836408,2.4487546955064667
2000-05-01,60,6,Transformer,1.319263349075429,0.36930833005871183,2.1068946242881417
2000-05-01,60,6,Equal-weight LSTM–Transformer combination,1.5594627340342424,-0.5676924730807568,2.628571148174933
2000-06-01,60,6,Original-paper GAN,5.567217750749299,3.1592308712648243,6.820823718314643
2000-06-01,60,6,Our replicated GAN,2.9370481907337163,-1.2879648937110468,4.29941027775985
2000-06-01,60,6,Extension LSTM,1.3691351025327028,-1.5957123539583953,2.4518769733580412
2000-06-01,60,6,Transformer,1.2970011039870486,0.41374643134873235,2.0391158474334197
2000-06-01,60,6,Equal-weight LSTM–Transformer combination,1.5710554786738933,-0.5049531241497275,2.6449482972288636
2000-07-01,60,6,Original-paper GAN,5.560801043551281,3.1173874485431727,6.793038479487141
2000-07-01,60,6,Our replicated GAN,2.99544426672326,-1.0489337807678276,4.312549380794323
2000-07-01,60,6,Extension LSTM,1.4399476493157817,-1.4171147117445488,2.5070584796902566
2000-07-01,60,6,Transformer,1.371262451534136,0.37892361538155467,2.1622684463466872
2000-07-01,60,6,Equal-weight LSTM–Transformer combination,1.6422454675986307,-0.3520191948055335,2.698412712520771
2000-08-01,60,6,Original-paper GAN,5.580460717663578,3.175690121651989,6.8619187178139365
2000-08-01,60,6,Our replicated GAN,3.0175888222380354,-1.1689304620210406,4.409899922700893
2000-08-01,60,6,Extension LSTM,1.3621235678783647,-1.4854573289273876,2.4616324171455695
2000-08-01,60,6,Transformer,1.4232562901316803,0.4069193757936283,2.2274828517377725
2000-08-01,60,6,Equal-weight LSTM–Transformer combination,1.6404731197050246,-0.3623823094325683,2.7198881677671918
2000-09-01,60,6,Original-paper GAN,5.580375455954643,3.3299827135148474,6.849016912324958
2000-09-01,60,6,Our replicated GAN,3.031961715209371,-1.0030113493623327,4.4472545061383295
2000-09-01,60,6,Extension LSTM,1.4355442363612996,-1.1990776221026322,2.5772943778054915
2000-09-01,60,6,Transformer,1.5260203112940427,0.42783911103181,2.3981173746068745
2000-09-01,60,6,Equal-weight LSTM–Transformer combination,1.7283940475767303,-0.20687155156183487,2.864338734041041
2000-10-01,60,6,Original-paper GAN,5.5272774097115045,3.3004308276619865,6.798491424899183
2000-10-01,60,6,Our replicated GAN,3.008548173914478,-1.1190924532989974,4.36917358333222
2000-10-01,60,6,Extension LSTM,1.4641455131200272,-1.1992894565148893,2.568253852709838
2000-10-01,60,6,Transformer,1.4883644813852692,0.4876709585833456,2.404946076484193
2000-10-01,60,6,Equal-weight LSTM–Transformer combination,1.730834160465165,-0.17260232969478906,2.8326488985461498
2000-11-01,60,6,Original-paper GAN,5.469944470681272,3.2766353335021203,6.6563934508499845
2000-11-01,60,6,Our replicated GAN,3.0218545159431827,-1.1613046830416691,4.360045865729978
2000-11-01,60,6,Extension LSTM,1.52208187582204,-1.1674183595867864,2.6669722530765023
2000-11-01,60,6,Transformer,1.5009244350827946,0.4133205230393948,2.400376185878061
2000-11-01,60,6,Equal-weight LSTM–Transformer combination,1.7636407910641023,-0.12265098877440417,2.8865059727933047
2000-12-01,60,6,Original-paper GAN,5.458997255912772,3.3355725732400257,6.623525103981354
2000-12-01,60,6,Our replicated GAN,3.0038550853182637,-0.9299473969551599,4.435538961129399
2000-12-01,60,6,Extension LSTM,1.547059950143068,-1.10685177662954,2.753795123216922
2000-12-01,60,6,Transformer,1.502091781442646,0.5223062663317138,2.3563699629845596
2000-12-01,60,6,Equal-weight LSTM–Transformer combination,1.7826830376077507,-0.03201520428283013,2.967467074945431
2000-12-01,60,3,Original-paper GAN,5.458997255912772,3.2745662646472256,6.7312986611950105
2000-12-01,60,3,Our replicated GAN,3.0038550853182637,-0.3435787848150379,4.354041578937917
2000-12-01,60,3,Extension LSTM,1.547059950143068,-0.7312886848120356,2.6253789070015623
2000-12-01,60,3,Transformer,1.502091781442646,0.5535120514512814,2.3525543986740156
2000-12-01,60,3,Equal-weight LSTM–Transformer combination,1.7826830376077507,0.049622561520673146,2.8337052722846297
2000-12-01,60,12,Original-paper GAN,5.458997255912772,3.402137399833064,6.361439240964177
2000-12-01,60,12,Our replicated GAN,3.0038550853182637,-1.340826118346252,4.262391119385765
2000-12-01,60,12,Extension LSTM,1.547059950143068,-1.1468477303485352,2.572392659252095
2000-12-01,60,12,Transformer,1.502091781442646,0.6508133373433459,2.211367961655081
2000-12-01,60,12,Equal-weight LSTM–Transformer combination,1.7826830376077507,0.07267643337521236,2.7333788462594812
2001-01-01,60,6,Original-paper GAN,5.41023678677096,3.3127375697611816,6.620302647094573
2001-01-01,60,6,Our replicated GAN,3.0012095464393753,-0.8906505668454332,4.339327258700927
2001-01-01,60,6,Extension LSTM,1.5600561901011647,-1.0332406154512226,2.661671824771013
2001-01-01,60,6,Transformer,0.7960203095269935,-0.6942143483192229,1.6184989491543513
2001-01-01,60,6,Equal-weight LSTM–Transformer combination,1.4574391542136285,-0.37710988336675766,2.41009168053843
2001-02-01,60,6,Original-paper GAN,4.955930447663062,2.6505694907622885,6.142655764694652
2001-02-01,60,6,Our replicated GAN,2.8640861756580507,-0.22671442423408933,4.075245260363623
2001-02-01,60,6,Extension LSTM,1.6185926362624397,-0.5147786092145928,2.7662732361527733
2001-02-01,60,6,Transformer,0.9154016007796854,-0.4767270504089397,1.5223669496592838
2001-02-01,60,6,Equal-weight LSTM–Transformer combination,1.5131718672598429,-0.21594609731762085,2.3818935114439848
2001-03-01,60,6,Original-paper GAN,5.027860614311684,2.5970153319917526,6.214862072424096
2001-03-01,60,6,Our replicated GAN,2.912890095378609,-0.42941050519854695,4.1296502877248304
2001-03-01,60,6,Extension LSTM,1.68277604553611,-0.5235796431095985,2.862099309112341
2001-03-01,60,6,Transformer,0.9895537325077465,-0.3152108036906474,1.551432214733367
2001-03-01,60,6,Equal-weight LSTM–Transformer combination,1.5912017672467131,-0.15453512274930728,2.46515840816708
2001-04-01,60,6,Original-paper GAN,5.217488313276063,3.12497218925936,6.353096252509359
2001-04-01,60,6,Our replicated GAN,2.973826876606003,-0.03920558165780169,4.241158949320075
2001-04-01,60,6,Extension LSTM,1.7292928515886417,-0.4877762411908582,2.9702995904389016
2001-04-01,60,6,Transformer,1.0507645244753434,-0.18448612707502163,1.620792032630131
2001-04-01,60,6,Equal-weight LSTM–Transformer combination,1.6606550016794495,0.006269621106183496,2.596742552751449
2001-05-01,60,6,Original-paper GAN,5.319093387870575,2.9788798740477964,6.393163806056655
2001-05-01,60,6,Our replicated GAN,3.042965714711198,-0.05093148166398689,4.315847684218601
2001-05-01,60,6,Extension LSTM,1.747169882046866,-0.5840465475466419,2.9771671304747325
2001-05-01,60,6,Transformer,1.152258962621856,-0.08285258855854535,1.7353365065660977
2001-05-01,60,6,Equal-weight LSTM–Transformer combination,1.7317989702134193,0.13095123647588422,2.70352325939559
2001-06-01,60,6,Original-paper GAN,5.224953155048832,3.174673660590488,6.325246721458752
2001-06-01,60,6,Our replicated GAN,3.004022278909355,0.05377025204335355,4.290122986260387
2001-06-01,60,6,Extension LSTM,1.7008123993724489,-0.45397733675984586,2.9260558550883466
2001-06-01,60,6,Transformer,1.1468076371113973,-0.17809593379091548,1.7246405428229115
2001-06-01,60,6,Equal-weight LSTM–Transformer combination,1.7005297951161058,-0.02601850635876343,2.6593325087401807
2001-07-01,60,6,Original-paper GAN,5.242067920569319,3.0927162403971944,6.340742172337402
2001-07-01,60,6,Our replicated GAN,3.025915191637775,0.08878841714631756,4.2642137831209785
2001-07-01,60,6,Extension LSTM,1.6931593180140716,-0.4443674404298274,2.885778997022559
2001-07-01,60,6,Transformer,1.1802352717507956,-0.11310913303641519,1.7781045152342319
2001-07-01,60,6,Equal-weight LSTM–Transformer combination,1.7172804077982384,0.10033899683222625,2.675629002996606
2001-08-01,60,6,Original-paper GAN,5.2325321457346385,3.170808419415295,6.305661842130198
2001-08-01,60,6,Our replicated GAN,3.018981683131721,0.14674140568861274,4.29422239369128
2001-08-01,60,6,Extension LSTM,1.6452960073225464,-0.41059635301778097,2.827940863204493
2001-08-01,60,6,Transformer,1.2328146714902177,-0.13951762620009325,1.8798173384006327
2001-08-01,60,6,Equal-weight LSTM–Transformer combination,1.7309661456895018,0.060281236856557945,2.7029044182121003
2001-09-01,60,6,Original-paper GAN,5.28903989270627,3.077469115504798,6.420105120725426
2001-09-01,60,6,Our replicated GAN,3.0712023077148753,0.031707661472589604,4.330603870010108
2001-09-01,60,6,Extension LSTM,1.6051395239209614,-0.439081698413328,2.737624203242056
2001-09-01,60,6,Transformer,1.2977551386706447,-0.11207255853187853,1.990003135373262
2001-09-01,60,6,Equal-weight LSTM–Transformer combination,1.7647067585926048,-0.049527651883115226,2.7039209035506917
2001-10-01,60,6,Original-paper GAN,5.2466530617152864,3.2769438485354128,6.401570344425439
2001-10-01,60,6,Our replicated GAN,3.0059825862315086,0.17187159519214099,4.2746556609168405
2001-10-01,60,6,Extension LSTM,1.5897774933112916,-0.4053547736821561,2.7832771925930144
2001-10-01,60,6,Transformer,1.100383900387306,0.020540899973085343,1.665133642913828
2001-10-01,60,6,Equal-weight LSTM–Transformer combination,1.6401419807195707,0.12554267939479835,2.5651320549871657
2001-11-01,60,6,Original-paper GAN,5.076280711094818,3.2361643311531996,6.067618101497068
2001-11-01,60,6,Our replicated GAN,2.8759035133931463,0.27206311099802116,4.044533165517627
2001-11-01,60,6,Extension LSTM,1.6177798996258943,-0.41041569568912767,2.7890387093715603
2001-11-01,60,6,Transformer,0.9548583402760039,-0.11767827164054939,1.501408861641245
2001-11-01,60,6,Equal-weight LSTM–Transformer combination,1.5702718825975834,0.16597298827396406,2.459881063912527
2001-12-01,60,6,Original-paper GAN,5.043632740354567,3.2360093225556166,6.000520296611599
2001-12-01,60,6,Our replicated GAN,2.805166469972231,0.2593323208015935,3.8981299903803315
2001-12-01,60,6,Extension LSTM,1.6329639849120372,-0.46631439922433543,2.7967369321135362
2001-12-01,60,6,Transformer,0.9167446584944178,-0.03532841720129454,1.464493996352802
2001-12-01,60,6,Equal-weight LSTM–Transformer combination,1.5516481780696372,0.19283836189144457,2.4031345385749683
2001-12-01,60,3,Original-paper GAN,5.043632740354567,3.1281604442223703,6.133111879645057
2001-12-01,60,3,Our replicated GAN,2.805166469972231,0.38458821225890355,3.968256965030665
2001-12-01,60,3,Extension LSTM,1.6329639849120372,-0.38914777596979816,2.7481507129257805
2001-12-01,60,3,Transformer,0.9167446584944178,-0.31705742907750806,1.6413930833945165
2001-12-01,60,3,Equal-weight LSTM–Transformer combination,1.5516481780696372,0.09562297836894457,2.399292875597311
2001-12-01,60,12,Original-paper GAN,5.043632740354567,3.441227846921664,5.7622038605828605
2001-12-01,60,12,Our replicated GAN,2.805166469972231,0.6163883533344301,3.9211369982363378
2001-12-01,60,12,Extension LSTM,1.6329639849120372,-0.46031380400477306,2.7312017234234514
2001-12-01,60,12,Transformer,0.9167446584944178,0.3842499076775804,1.3652555843798502
2001-12-01,60,12,Equal-weight LSTM–Transformer combination,1.5516481780696372,0.4128586269347617,2.3270651486709144
2002-01-01,60,6,Original-paper GAN,5.031101488053694,3.2572774728688674,6.016644520219609
2002-01-01,60,6,Our replicated GAN,2.811671005534137,0.3444974712425682,3.9603534510626313
2002-01-01,60,6,Extension LSTM,1.6553186023073798,-0.4890081420793405,2.841084357572077
2002-01-01,60,6,Transformer,1.0091700550189693,-0.08840670695882523,1.5387678451263367
2002-01-01,60,6,Equal-weight LSTM–Transformer combination,1.6175163193148883,0.1990414822627828,2.4998095203162443
2002-02-01,60,6,Original-paper GAN,5.031332834702414,3.4021876451745228,5.982575153587341
2002-02-01,60,6,Our replicated GAN,2.832943605527685,0.616130141229245,3.9644927644968453
2002-02-01,60,6,Extension LSTM,1.610967148901671,-0.4742474946190172,2.7695306917373066
2002-02-01,60,6,Transformer,1.0515845252135627,0.02746005560426612,1.600556319056267
2002-02-01,60,6,Equal-weight LSTM–Transformer combination,1.621151408014691,0.2036458674475637,2.501574609617304
2002-03-01,60,6,Original-paper GAN,4.825629125575766,3.3198446641410437,5.698300984711303
2002-03-01,60,6,Our replicated GAN,2.8240316156862937,0.5517293342265647,3.9380734969961337
2002-03-01,60,6,Extension LSTM,1.6122112717670625,-0.4801245118492489,2.74195957039431
2002-03-01,60,6,Transformer,1.0429379237388536,0.014412233343964274,1.5792961048684007
2002-03-01,60,6,Equal-weight LSTM–Transformer combination,1.61660092106621,0.3112082348689615,2.4874916177181725
2002-04-01,60,6,Original-paper GAN,4.82872894918809,3.4105893035045933,5.667708228663494
2002-04-01,60,6,Our replicated GAN,2.8651426469087298,0.5157615218032797,4.041209541406381
2002-04-01,60,6,Extension LSTM,1.6175054161143774,-0.4619450008563791,2.7513399154712346
2002-04-01,60,6,Transformer,1.121949666237587,0.041911193808767996,1.7175707285522577
2002-04-01,60,6,Equal-weight LSTM–Transformer combination,1.6720416589514941,0.21047359429138604,2.5639950595501184
2002-05-01,60,6,Original-paper GAN,4.882349000853808,3.4421019895751144,5.754047131963681
2002-05-01,60,6,Our replicated GAN,2.8894988439465794,0.618984416445425,4.080908598887436
2002-05-01,60,6,Extension LSTM,1.6120417947403047,-0.4679777831393998,2.7823742624286774
2002-05-01,60,6,Transformer,1.1245905316999865,0.006995519431529005,1.7403669151168695
2002-05-01,60,6,Equal-weight LSTM–Transformer combination,1.6706638476009117,0.27654623464947936,2.6150223800981336
2002-06-01,60,6,Original-paper GAN,4.881363040273157,3.488274591668793,5.759160115377033
2002-06-01,60,6,Our replicated GAN,2.901268426388199,0.595394643560432,4.06558930061554
2002-06-01,60,6,Extension LSTM,1.5658224267508625,-0.3919138942630697,2.712645321555161
2002-06-01,60,6,Transformer,1.1750913242032204,0.10090031015216583,1.7945831819853586
2002-06-01,60,6,Equal-weight LSTM–Transformer combination,1.6894537050555436,0.20877902371637572,2.645703756135299
2002-07-01,60,6,Original-paper GAN,4.75805250858616,3.4383668402216134,5.554147496416751
2002-07-01,60,6,Our replicated GAN,2.9196229461834156,0.77500564525965,4.066592903313778
2002-07-01,60,6,Extension LSTM,1.4848827503896034,-0.4129289760761758,2.6423185873003985
2002-07-01,60,6,Transformer,1.2324375412549207,0.10774338689854751,1.8668969842991479
2002-07-01,60,6,Equal-weight LSTM–Transformer combination,1.696939428766559,0.2826739221141535,2.6488881341987427
2002-08-01,60,6,Original-paper GAN,4.863687363151344,3.5411517025627415,5.706404812405187
2002-08-01,60,6,Our replicated GAN,2.982706614870829,0.6990364498634513,4.2616513873158
2002-08-01,60,6,Extension LSTM,1.508752670193771,-0.4556962391611133,2.705028204947399
2002-08-01,60,6,Transformer,1.255902841575261,0.10871558983570344,1.9271467477769038
2002-08-01,60,6,Equal-weight LSTM–Transformer combination,1.7294877406605247,0.20269310161414802,2.726152640879532
2002-09-01,60,6,Original-paper GAN,4.926994981329954,3.5090562359534956,5.794422762262509
2002-09-01,60,6,Our replicated GAN,3.0297047463591023,0.6332926085765488,4.284885077283797
2002-09-01,60,6,Extension LSTM,1.3972630967245576,-0.5628530238019033,2.5068579516568303
2002-09-01,60,6,Transformer,1.2841353082506304,0.1225530043910411,1.9752861003520956
2002-09-01,60,6,Equal-weight LSTM–Transformer combination,1.6804954115583164,0.24975391918551124,2.6099735708808747
2002-10-01,60,6,Original-paper GAN,4.892386109499717,3.459089237101999,5.762659128142371
2002-10-01,60,6,Our replicated GAN,3.014898746289677,0.6736897871129731,4.215103763442334
2002-10-01,60,6,Extension LSTM,1.4241295646779824,-0.6209609929370349,2.5451496604617185
2002-10-01,60,6,Transformer,1.2200890161530267,0.11791899466925004,1.8704893120388968
2002-10-01,60,6,Equal-weight LSTM–Transformer combination,1.6578633858379026,0.21250178511504775,2.60926643846756
2002-11-01,60,6,Original-paper GAN,3.8938112689165463,2.1719758922401073,5.020420351717411
2002-11-01,60,6,Our replicated GAN,2.549255063425833,0.6633323503432608,3.604818893273446
2002-11-01,60,6,Extension LSTM,1.4211932604595692,-0.5209380015810032,2.578175413353538
2002-11-01,60,6,Transformer,1.0123671722633332,-0.0907142684185312,1.7349537286860683
2002-11-01,60,6,Equal-weight LSTM–Transformer combination,1.501194409101338,0.2463994629198827,2.449717440439731
2002-12-01,60,6,Original-paper GAN,3.7999077715552443,2.01287022995892,4.818566194692012
2002-12-01,60,6,Our replicated GAN,2.56806815632505,0.6380882938442561,3.5817533362457343
2002-12-01,60,6,Extension LSTM,1.507160176382329,-0.49128251479359314,2.6546113984153688
2002-12-01,60,6,Transformer,1.0224602169345105,-0.07648000025807261,1.7198986725228749
2002-12-01,60,6,Equal-weight LSTM–Transformer combination,1.541211286771909,0.28621965440452574,2.46684572565365
2002-12-01,60,3,Original-paper GAN,3.7999077715552443,1.864208926052851,4.9931811639053905
2002-12-01,60,3,Our replicated GAN,2.56806815632505,0.611023933139971,3.6645416323278286
2002-12-01,60,3,Extension LSTM,1.507160176382329,-0.2987326448155198,2.570870351663147
2002-12-01,60,3,Transformer,1.0224602169345105,-0.26343975238682243,1.8180419088023403
2002-12-01,60,3,Equal-weight LSTM–Transformer combination,1.541211286771909,0.0907498622547563,2.4475933564507018
2002-12-01,60,12,Original-paper GAN,3.7999077715552443,2.5695723623226994,4.631078249433264
2002-12-01,60,12,Our replicated GAN,2.56806815632505,1.2074402546929293,3.4532461545199693
2002-12-01,60,12,Extension LSTM,1.507160176382329,-0.370327292739548,2.517884161587564
2002-12-01,60,12,Transformer,1.0224602169345105,0.4142574737626562,1.6285448547796972
2002-12-01,60,12,Equal-weight LSTM–Transformer combination,1.541211286771909,0.6003019889403365,2.3063172292661442
2003-01-01,60,6,Original-paper GAN,3.7782109156293275,2.0930030945972353,4.860109819046308
2003-01-01,60,6,Our replicated GAN,2.526853389044091,0.6803170729536313,3.516159278099864
2003-01-01,60,6,Extension LSTM,1.495824528758904,-0.4416841213304988,2.6508835618491116
2003-01-01,60,6,Transformer,1.0449246434878452,-0.044162694599823214,1.7274629206513097
2003-01-01,60,6,Equal-weight LSTM–Transformer combination,1.5493988604466007,0.2581518333705016,2.470989850246282
2003-02-01,60,6,Original-paper GAN,3.6754490209240944,1.9177853100720634,4.7861116720475545
2003-02-01,60,6,Our replicated GAN,2.4557181683882283,0.5803340397221421,3.48068685424069
2003-02-01,60,6,Extension LSTM,1.4108031878645237,-0.3073540531477395,2.540300880407478
2003-02-01,60,6,Transformer,1.013015419566778,-0.080699667113007,1.729051525251071
2003-02-01,60,6,Equal-weight LSTM–Transformer combination,1.4787828450623792,0.1631402485716307,2.3761182121587305
2003-03-01,60,6,Original-paper GAN,3.58354319620883,1.8860161066411552,4.723807298288281
2003-03-01,60,6,Our replicated GAN,2.403000813910744,0.6560188494605431,3.372588351398892
2003-03-01,60,6,Extension LSTM,1.3363333801244994,-0.3672254681051243,2.4118197844536264
2003-03-01,60,6,Transformer,0.9890183258850147,-0.24238912165273527,1.7087689111139168
2003-03-01,60,6,Equal-weight LSTM–Transformer combination,1.422745433710659,0.13991612054366387,2.3408745753655262
2003-04-01,60,6,Original-paper GAN,3.3711397737376805,1.6774482292124695,4.445106385071693
2003-04-01,60,6,Our replicated GAN,2.312893344230698,0.6089012704411528,3.2754500890879323
2003-04-01,60,6,Extension LSTM,1.3684041271047689,-0.4193006911284241,2.515304286551974
2003-04-01,60,6,Transformer,1.0130943481317078,-0.09205365684667244,1.6956149764056465
2003-04-01,60,6,Equal-weight LSTM–Transformer combination,1.4589730193527362,0.24585475369475285,2.352702010253522
2003-05-01,60,6,Original-paper GAN,3.1848217562415475,1.2885835813183253,4.294921345027612
2003-05-01,60,6,Our replicated GAN,2.0312871759389335,0.3527781206577652,2.955397496990288
2003-05-01,60,6,Extension LSTM,1.416975244020986,-0.3640482932618056,2.4733296619244793
2003-05-01,60,6,Transformer,0.9711144497260509,-0.156936085279975,1.707949464501436
2003-05-01,60,6,Equal-weight LSTM–Transformer combination,1.469048556104332,0.13833027285997254,2.3350405289911556
2003-06-01,60,6,Original-paper GAN,3.1043902834045487,1.2560139376859063,4.268282398043673
2003-06-01,60,6,Our replicated GAN,1.9884401134300285,0.30014205193959653,2.9875833845499296
2003-06-01,60,6,Extension LSTM,1.466725204046586,-0.33152575506573234,2.5448010785826636
2003-06-01,60,6,Transformer,0.963082210701648,-0.12635552768553507,1.6997840362858398
2003-06-01,60,6,Equal-weight LSTM–Transformer combination,1.4962358621082534,0.24651692702690184,2.428441936500442
2003-07-01,60,6,Original-paper GAN,2.995950303454675,1.1201005464704548,4.2231475142600985
2003-07-01,60,6,Our replicated GAN,1.9241813522322946,0.2417427916285833,2.976171037815672
2003-07-01,60,6,Extension LSTM,1.502797185600927,-0.43288020172791253,2.673049634899006
2003-07-01,60,6,Transformer,0.9859331111460267,-0.16274467752035568,1.7297546781715931
2003-07-01,60,6,Equal-weight LSTM–Transformer combination,1.533892879404787,0.13484463102940786,2.499070805884443
2003-08-01,60,6,Original-paper GAN,2.95184166749538,1.0686971496947224,4.090054810065362
2003-08-01,60,6,Our replicated GAN,1.8898225751150317,0.29889468599415203,2.936773364601528
2003-08-01,60,6,Extension LSTM,1.4975725501459642,-0.4099051228343579,2.6823175851888044
2003-08-01,60,6,Transformer,0.9805885997555033,-0.08968841824473608,1.6988130601991254
2003-08-01,60,6,Equal-weight LSTM–Transformer combination,1.5265067655060196,0.20518327264625766,2.5209997853377852
2003-09-01,60,6,Original-paper GAN,2.9445863207386287,1.0737914986645618,4.152045309966098
2003-09-01,60,6,Our replicated GAN,1.8871250500242502,0.22764611243690672,2.908416830425862
2003-09-01,60,6,Extension LSTM,1.4645071358567223,-0.3900378775097174,2.583449016324354
2003-09-01,60,6,Transformer,1.0052357256824112,-0.1011996032763803,1.74425147965623
2003-09-01,60,6,Equal-weight LSTM–Transformer combination,1.5230893231189926,0.21472697409411157,2.464935519706785
2003-10-01,60,6,Original-paper GAN,2.9083356346646823,1.0398029009284429,4.057438000660645
2003-10-01,60,6,Our replicated GAN,1.8681012174403373,0.3022246292462709,2.883631961336383
2003-10-01,60,6,Extension LSTM,1.443802294899832,-0.3859949528445188,2.5463929638003715
2003-10-01,60,6,Transformer,1.051331258157393,-0.11023900443903163,1.7679977515385694
2003-10-01,60,6,Equal-weight LSTM–Transformer combination,1.5434084571626576,0.036531252454593065,2.4757267259157416
2003-11-01,60,6,Original-paper GAN,2.7652180006408242,0.9303877654203894,3.9042820092247603
2003-11-01,60,6,Our replicated GAN,1.812433717882834,0.18360017361407135,2.826598162333892
2003-11-01,60,6,Extension LSTM,1.4044371095939414,-0.35307363375175194,2.487746577752578
2003-11-01,60,6,Transformer,1.0154136170514085,-0.10565043384174358,1.7272894142786681
2003-11-01,60,6,Equal-weight LSTM–Transformer combination,1.4975614656196332,0.15301879077318922,2.441034913424242
2003-12-01,60,6,Original-paper GAN,2.733062477789097,0.9427783920652418,3.8545062331943103
2003-12-01,60,6,Our replicated GAN,1.8060692549599142,0.26575067680090897,2.8023378044419043
2003-12-01,60,6,Extension LSTM,1.4326812459772131,-0.3587667467397231,2.551583419468
2003-12-01,60,6,Transformer,1.040053672431323,-0.09562615429973945,1.7407638824070433
2003-12-01,60,6,Equal-weight LSTM–Transformer combination,1.5294665333241202,0.17481247444316464,2.4370885322260487
2003-12-01,60,3,Original-paper GAN,2.733062477789097,1.203145789691399,3.771734157409804
2003-12-01,60,3,Our replicated GAN,1.8060692549599142,0.2745539949364844,2.785574736668835
2003-12-01,60,3,Extension LSTM,1.4326812459772131,-0.2520050795863094,2.4979362366416504
2003-12-01,60,3,Transformer,1.040053672431323,-0.2665580811370714,1.8358110867728554
2003-12-01,60,3,Equal-weight LSTM–Transformer combination,1.5294665333241202,0.08359547698516233,2.430519754171589
2003-12-01,60,12,Original-paper GAN,2.733062477789097,0.8041607690054046,4.071561085474516
2003-12-01,60,12,Our replicated GAN,1.8060692549599142,0.3259182634430739,2.8787022233360617
2003-12-01,60,12,Extension LSTM,1.4326812459772131,-0.18063161428924743,2.4159785695444276
2003-12-01,60,12,Transformer,1.040053672431323,0.4071129410604973,1.6938435236865343
2003-12-01,60,12,Equal-weight LSTM–Transformer combination,1.5294665333241202,0.6036084872052653,2.2939166139291465
2004-01-01,60,6,Original-paper GAN,2.7056763618947537,0.9839663603425088,3.858537759310113
2004-01-01,60,6,Our replicated GAN,1.8155534907352475,0.32014877593530444,2.851630286267846
2004-01-01,60,6,Extension LSTM,1.4642302013855717,-0.3632520582481181,2.623525567804948
2004-01-01,60,6,Transformer,1.1170566617022462,-0.054552318763057495,1.8596823282087167
2004-01-01,60,6,Equal-weight LSTM–Transformer combination,1.6023707965988654,0.2373008507300539,2.5619939715430577
2004-02-01,60,6,Original-paper GAN,2.681847094612051,0.9845996412765726,3.8504579198552653
2004-02-01,60,6,Our replicated GAN,1.7860937730932014,0.2269334210610619,2.8048482935592514
2004-02-01,60,6,Extension LSTM,1.517503934029832,-0.4205092709501327,2.6728847092650385
2004-02-01,60,6,Transformer,1.149548167447501,-0.1583637051880643,1.8732492216856087
2004-02-01,60,6,Equal-weight LSTM–Transformer combination,1.6547413307657262,0.18212541773508947,2.6246712820380353
2004-03-01,60,6,Original-paper GAN,2.724271997453803,0.9368830240383349,3.900564464787043
2004-03-01,60,6,Our replicated GAN,1.8428443191718944,0.20065812542357273,2.889681849134212
2004-03-01,60,6,Extension LSTM,1.5419365896323058,-0.3631513423095598,2.690709238834513
2004-03-01,60,6,Transformer,1.1949025498308712,-0.0755959622491376,1.9377635797003256
2004-03-01,60,6,Equal-weight LSTM–Transformer combination,1.7024877618371121,0.1206857531820187,2.6680333033250854
2004-04-01,60,6,Original-paper GAN,2.7560342685805668,0.9736457270425155,3.883489298445516
2004-04-01,60,6,Our replicated GAN,1.9083450002439997,0.310283124956046,2.9837738250923094
2004-04-01,60,6,Extension LSTM,1.50582498006894,-0.46783719536275487,2.704621147164025
2004-04-01,60,6,Transformer,1.178062390310805,-0.17533483211671708,1.9067502939751053
2004-04-01,60,6,Equal-weight LSTM–Transformer combination,1.6690345544680585,0.050107834502391015,2.661413644798523
2004-05-01,60,6,Original-paper GAN,2.7642237292830862,0.9161393626128714,3.9256063773035
2004-05-01,60,6,Our replicated GAN,1.905267472970572,0.18113454499952528,2.9454834545644117
2004-05-01,60,6,Extension LSTM,1.4659523344024106,-0.40226382839900127,2.564614851239106
2004-05-01,60,6,Transformer,1.1802400575775969,-0.11591759692084874,1.8941514368392027
2004-05-01,60,6,Equal-weight LSTM–Transformer combination,1.6448363300496256,0.05914159611405241,2.6026291200532436
2004-06-01,60,6,Original-paper GAN,2.7299762290560308,0.8573126515656172,3.8795445382412717
2004-06-01,60,6,Our replicated GAN,1.890818149893599,0.28012234516906553,2.8982368516577637
2004-06-01,60,6,Extension LSTM,1.4412089235804353,-0.3753708849188797,2.5720550191130482
2004-06-01,60,6,Transformer,1.1775924084843503,-0.12581225777500232,1.9074502124423747
2004-06-01,60,6,Equal-weight LSTM–Transformer combination,1.6297869265037166,0.05720762520955591,2.6134027921721077
2004-07-01,60,6,Original-paper GAN,2.6973899917767405,0.9012115704011192,3.787346008617419
2004-07-01,60,6,Our replicated GAN,1.8701426694298726,0.16140055568592043,2.9013271234413667
2004-07-01,60,6,Extension LSTM,1.4421363662771212,-0.3234267788727294,2.553578185150946
2004-07-01,60,6,Transformer,1.1929397209990869,-0.07231655326438458,1.8951890201419601
2004-07-01,60,6,Equal-weight LSTM–Transformer combination,1.6391164849821138,0.17882146294897158,2.611784730897489
2004-08-01,60,6,Original-paper GAN,2.6787898343182124,0.9126234612539958,3.8057083905638502
2004-08-01,60,6,Our replicated GAN,1.8611800401460836,0.17049541040208108,2.876216477613648
2004-08-01,60,6,Extension LSTM,1.473759799356291,-0.37725176455422427,2.589415751339651
2004-08-01,60,6,Transformer,1.2184144843762084,-0.18175559037187847,1.9932674809457394
2004-08-01,60,6,Equal-weight LSTM–Transformer combination,1.6756625969753893,-0.030985041464366928,2.64843203903031
2004-09-01,60,6,Original-paper GAN,2.7211917242498713,0.8254575834622511,3.8215789804932867
2004-09-01,60,6,Our replicated GAN,1.9130763775149544,0.1903387779204038,2.931167060671339
2004-09-01,60,6,Extension LSTM,1.5200036183320906,-0.37728709710702096,2.6643594784256366
2004-09-01,60,6,Transformer,1.265505061693714,-0.09864703754651964,1.9929853319351
2004-09-01,60,6,Equal-weight LSTM–Transformer combination,1.7367131065064203,0.04337960609830602,2.7269796452066335
2004-10-01,60,6,Original-paper GAN,2.6522653642752996,1.0630487332883416,3.7627130506921653
2004-10-01,60,6,Our replicated GAN,1.8583045250549914,0.29716791671815773,2.8921567600665488
2004-10-01,60,6,Extension LSTM,1.5024568820524975,-0.3662220174997314,2.635633804274402
2004-10-01,60,6,Transformer,1.2829720821238495,-0.04757104573221736,2.017507893124724
2004-10-01,60,6,Equal-weight LSTM–Transformer combination,1.7385060043772647,0.05728822718340016,2.6728965482202867
2004-11-01,60,6,Original-paper GAN,2.609800658567991,0.9052122673393008,3.6935649043891154
2004-11-01,60,6,Our replicated GAN,1.8993206380481702,0.25584627377299257,2.887155663613866
2004-11-01,60,6,Extension LSTM,1.5873985089545928,-0.2852970369506036,2.598152153058969
2004-11-01,60,6,Transformer,1.2977115321072499,-0.054502553207779254,2.0516595210260857
2004-11-01,60,6,Equal-weight LSTM–Transformer combination,1.7973041429584615,0.20702644892841943,2.686584107062101
2004-12-01,60,6,Original-paper GAN,2.5712433365754404,0.9046604504605522,3.6063928576066617
2004-12-01,60,6,Our replicated GAN,1.953259137850419,0.2742397983972959,2.977158525146958
2004-12-01,60,6,Extension LSTM,1.701428000331865,-0.04631752118065972,2.726746206143177
2004-12-01,60,6,Transformer,1.3152419362025776,-0.17023733729675003,1.9995742171795443
2004-12-01,60,6,Equal-weight LSTM–Transformer combination,1.8746417941005153,0.24737674060327133,2.71543708859149
2004-12-01,60,3,Original-paper GAN,2.5712433365754404,1.1750839525541115,3.6066296885279043
2004-12-01,60,3,Our replicated GAN,1.953259137850419,0.3269009477140551,2.9549944002522337
2004-12-01,60,3,Extension LSTM,1.701428000331865,0.010875417256047189,2.7746076791388385
2004-12-01,60,3,Transformer,1.3152419362025776,-0.24039111406920652,2.181136817487044
2004-12-01,60,3,Equal-weight LSTM–Transformer combination,1.8746417941005153,0.22458189598521838,2.8229286538492158
2004-12-01,60,12,Original-paper GAN,2.5712433365754404,0.8241373113897039,3.858172297206939
2004-12-01,60,12,Our replicated GAN,1.953259137850419,0.3425088873802793,3.047273838299941
2004-12-01,60,12,Extension LSTM,1.701428000331865,0.03787921441436063,2.5824327886789904
2004-12-01,60,12,Transformer,1.3152419362025776,0.24037155536716615,2.000616924838205
2004-12-01,60,12,Equal-weight LSTM–Transformer combination,1.8746417941005153,0.670393666523008,2.562397510302913
2005-01-01,60,6,Original-paper GAN,2.562289764590937,0.8399269838765774,3.617542167369017
2005-01-01,60,6,Our replicated GAN,1.9519820660787364,0.2959225826283429,2.9643869142076666
2005-01-01,60,6,Extension LSTM,1.7221950231658265,-0.04515462997507998,2.7925628736110193
2005-01-01,60,6,Transformer,1.3253069186471451,-0.2347333740184976,2.0677774593622935
2005-01-01,60,6,Equal-weight LSTM–Transformer combination,1.8927265747939646,0.1643115281478654,2.763041520410133
2005-02-01,60,6,Original-paper GAN,2.5672396876170955,0.8951956260908019,3.627912999386894
2005-02-01,60,6,Our replicated GAN,2.3997584751664576,0.5487647221279756,3.5702818372831495
2005-02-01,60,6,Extension LSTM,2.693655734660129,1.6242731350619095,3.5200120300753204
2005-02-01,60,6,Transformer,1.4545827071508919,-0.338565806900863,2.257721233343195
2005-02-01,60,6,Equal-weight LSTM–Transformer combination,2.4756813566245537,0.6619330065836951,3.367543557105052
2005-03-01,60,6,Original-paper GAN,2.5085552765041155,0.8984510870317444,3.595072902844409
2005-03-01,60,6,Our replicated GAN,2.328738105911443,0.5218550824670879,3.5456593106343623
2005-03-01,60,6,Extension LSTM,2.6344266761334763,1.5834192842158794,3.501602897766479
2005-03-01,60,6,Transformer,1.3899629786528571,-0.22176832462660795,2.1659491220436724
2005-03-01,60,6,Equal-weight LSTM–Transformer combination,2.395737596716023,0.5320426754392691,3.2535185214836626
2005-04-01,60,6,Original-paper GAN,2.5915923698139887,0.7195578113090259,3.6702961114137045
2005-04-01,60,6,Our replicated GAN,2.2585900155207996,0.5007222812989919,3.4092157468705873
2005-04-01,60,6,Extension LSTM,2.635950102204852,1.6284538940016604,3.499418449178562
2005-04-01,60,6,Transformer,1.381591980293243,-0.23268292964475382,2.152337950233455
2005-04-01,60,6,Equal-weight LSTM–Transformer combination,2.366255276926967,0.46829386430757314,3.204420814543642
2005-05-01,60,6,Original-paper GAN,2.6540629012192856,0.6212255695793968,3.8104340069508966
2005-05-01,60,6,Our replicated GAN,2.312186886779546,0.35431971276366425,3.49219653610614
2005-05-01,60,6,Extension LSTM,2.618414738239647,1.5723113299564342,3.4572620835053605
2005-05-01,60,6,Transformer,1.3488683790556502,-0.20890814610634617,2.149088997767261
2005-05-01,60,6,Equal-weight LSTM–Transformer combination,2.325851680483644,0.45572313201648035,3.1883123782453784
2005-06-01,60,6,Original-paper GAN,2.6110598734057597,0.7125501819613913,3.730353382156781
2005-06-01,60,6,Our replicated GAN,2.2696319007091734,0.44562954374525937,3.436724875512604
2005-06-01,60,6,Extension LSTM,2.658280930739189,1.609716791371397,3.504944069520652
2005-06-01,60,6,Transformer,1.3608019696233737,-0.18308339177331298,2.121067244672668
2005-06-01,60,6,Equal-weight LSTM–Transformer combination,2.3544715233975837,0.5426786950986343,3.1970348639360138
2005-07-01,60,6,Original-paper GAN,2.535522640047275,0.7382578196436972,3.6111901004179945
2005-07-01,60,6,Our replicated GAN,2.1521706133510725,0.5221357558546282,3.2788219501582603
2005-07-01,60,6,Extension LSTM,2.572245281147513,1.5013084670412766,3.4584695493853257
2005-07-01,60,6,Transformer,1.3173099014853957,-0.13315454128324633,2.09084302501591
2005-07-01,60,6,Equal-weight LSTM–Transformer combination,2.275565222063984,0.5388202537761835,3.129389490847864
2005-08-01,60,6,Original-paper GAN,2.5019108808898873,0.7168376553855881,3.5524661634777375
2005-08-01,60,6,Our replicated GAN,2.1306604119480403,0.4619534444278178,3.278310820817343
2005-08-01,60,6,Extension LSTM,2.7842436551749956,1.5132193605913757,3.7171900721438154
2005-08-01,60,6,Transformer,1.2867909896618452,-0.09241261589187916,2.0020745797233115
2005-08-01,60,6,Equal-weight LSTM–Transformer combination,2.3072078679105577,0.5897351547745592,3.108067503517374
2005-09-01,60,6,Original-paper GAN,2.4277202031370924,0.7303813390269877,3.4456383652946054
2005-09-01,60,6,Our replicated GAN,2.0658358457554042,0.4414305429587847,3.146249507385293
2005-09-01,60,6,Extension LSTM,2.695800806055948,1.5853728630801545,3.5733460785716415
2005-09-01,60,6,Transformer,1.2291051653610487,-0.20641015995418208,1.9426206867250482
2005-09-01,60,6,Equal-weight LSTM–Transformer combination,2.227243603312583,0.400242246390178,3.0471763899484645
2005-10-01,60,6,Original-paper GAN,2.3954409170889996,0.8157078804095499,3.481588236383605
2005-10-01,60,6,Our replicated GAN,2.055034669873936,0.43714932607556417,3.2164923487276815
2005-10-01,60,6,Extension LSTM,2.6251900686411713,1.5238235909429405,3.5038214198603557
2005-10-01,60,6,Transformer,1.2080607318359657,-0.22204929045176167,1.9470293049557004
2005-10-01,60,6,Equal-weight LSTM–Transformer combination,2.1701025337674995,0.35669708009757145,3.0201618258885174
2005-11-01,60,6,Original-paper GAN,2.3967572808312716,0.6545243388830116,3.441153092513083
2005-11-01,60,6,Our replicated GAN,2.0121469361408852,0.287803156976698,3.1180322210317284
2005-11-01,60,6,Extension LSTM,2.5308007277436646,1.4694642161334377,3.346251696289477
2005-11-01,60,6,Transformer,1.1892992900192505,-0.37647834805428276,1.9047148443262174
2005-11-01,60,6,Equal-weight LSTM–Transformer combination,2.122390815618603,0.16388770482788417,2.9199363446318234
2005-12-01,60,6,Original-paper GAN,2.3506424846163263,0.6706894578346221,3.327663262041606
2005-12-01,60,6,Our replicated GAN,1.9881567904907251,0.32734376344643307,3.032430066970661
2005-12-01,60,6,Extension LSTM,2.447655337602074,1.348044561401772,3.251917392538186
2005-12-01,60,6,Transformer,1.1047428776473311,-0.5544141516926943,1.8753070773656049
2005-12-01,60,6,Equal-weight LSTM–Transformer combination,2.0409022967881145,-0.07678677170794126,2.910851827257691
2005-12-01,60,3,Original-paper GAN,2.3506424846163263,0.8926818733339926,3.2696448864633316
2005-12-01,60,3,Our replicated GAN,1.9881567904907251,0.5794747549585665,2.9477495724023433
2005-12-01,60,3,Extension LSTM,2.447655337602074,1.3022438290514013,3.2474092767059974
2005-12-01,60,3,Transformer,1.1047428776473311,-0.46249342177435215,1.981000546178744
2005-12-01,60,3,Equal-weight LSTM–Transformer combination,2.0409022967881145,0.3676263370835336,2.9600953852272873
2005-12-01,60,12,Original-paper GAN,2.3506424846163263,0.42538523989191723,3.494099824747281
2005-12-01,60,12,Our replicated GAN,1.9881567904907251,0.5195295784684762,3.1503342465224287
2005-12-01,60,12,Extension LSTM,2.447655337602074,1.4953104097651087,3.184067639863013
2005-12-01,60,12,Transformer,1.1047428776473311,-0.2208335157336067,1.7855551087992068
2005-12-01,60,12,Equal-weight LSTM–Transformer combination,2.0409022967881145,0.15576670219384933,2.8115920996421098
2006-01-01,60,6,Original-paper GAN,2.324795475903503,0.5968574385268227,3.2542533688882447
2006-01-01,60,6,Our replicated GAN,1.978337964203435,0.34493217867773873,3.005295621856448
2006-01-01,60,6,Extension LSTM,2.3937242685774036,1.3613946283011178,3.1841983681862196
2006-01-01,60,6,Transformer,1.6933271349859311,0.3204628271510942,2.6521028378387754
2006-01-01,60,6,Equal-weight LSTM–Transformer combination,2.518318442481077,0.9158495860516576,3.509953696269469
2006-02-01,60,6,Original-paper GAN,2.322723967420495,0.24574358377990096,3.3743387732367967
2006-02-01,60,6,Our replicated GAN,1.9742436294152519,-0.1031806637294037,3.1213372918346547
2006-02-01,60,6,Extension LSTM,2.510817117871042,1.2526071170076758,3.430412346712712
2006-02-01,60,6,Transformer,1.6411606438449924,-0.036121902628115654,2.6386874459438703
2006-02-01,60,6,Equal-weight LSTM–Transformer combination,2.718317850806867,0.753265483127478,3.952992090995707
2006-03-01,60,6,Original-paper GAN,2.3419801111030347,0.25680239276968475,3.36758906757995
2006-03-01,60,6,Our replicated GAN,1.93319008360448,-0.04460133826264621,2.9872127537516167
2006-03-01,60,6,Extension LSTM,2.4466523691999935,1.249266043489704,3.3253393544319607
2006-03-01,60,6,Transformer,1.5953200435225425,-0.14251477083917635,2.557613722062927
2006-03-01,60,6,Equal-weight LSTM–Transformer combination,2.6765326413897355,0.5977158363010252,3.8682994013188163
2006-04-01,60,6,Original-paper GAN,2.278238915354432,0.29357300208163767,3.3345320701555976
2006-04-01,60,6,Our replicated GAN,1.9068175491945658,0.05259365190992589,3.0444548641308398
2006-04-01,60,6,Extension LSTM,2.4238131919065276,1.1301709893270833,3.324961293573634
2006-04-01,60,6,Transformer,1.5829539467085838,-0.12606656126868324,2.574553558572524
2006-04-01,60,6,Equal-weight LSTM–Transformer combination,2.6477516334762146,0.6749096692273043,3.910798901882106
2006-05-01,60,6,Original-paper GAN,2.1872335746346283,0.2832304667849977,3.2152313207152017
2006-05-01,60,6,Our replicated GAN,1.842137914375196,-0.009822272206047748,2.934064865967257
2006-05-01,60,6,Extension LSTM,2.4221414403034003,1.203362851692537,3.298287443586479
2006-05-01,60,6,Transformer,1.4687152376311776,-0.13331118755549778,2.379701116853593
2006-05-01,60,6,Equal-weight LSTM–Transformer combination,2.5698580407226115,0.6202210887835882,3.7546714020112097
2006-06-01,60,6,Original-paper GAN,2.196043766995207,0.41672157715434077,3.1960979153596614
2006-06-01,60,6,Our replicated GAN,1.8550325029461379,0.018242422462591983,2.9470815925462897
2006-06-01,60,6,Extension LSTM,2.4354962887595812,1.252932061224487,3.3898580590371545
2006-06-01,60,6,Transformer,1.4710887863353488,-0.06476972562278056,2.403818378000762
2006-06-01,60,6,Equal-weight LSTM–Transformer combination,2.579337620382828,0.6400563376080988,3.7745979209837834
2006-07-01,60,6,Original-paper GAN,2.160969384753538,0.2571646293493623,3.141229533371195
2006-07-01,60,6,Our replicated GAN,1.81908760718959,-0.04834599148102174,2.906204942064206
2006-07-01,60,6,Extension LSTM,2.4378814043945014,1.17420918445733,3.3935904801114223
2006-07-01,60,6,Transformer,1.407407313301385,-0.03250509263211543,2.3202361684756063
2006-07-01,60,6,Equal-weight LSTM–Transformer combination,2.5421491301844776,0.5664478361923309,3.742234424389949
2006-08-01,60,6,Original-paper GAN,2.1598194156949715,0.29425187151123583,3.162480504057314
2006-08-01,60,6,Our replicated GAN,1.791015034682486,0.03309484003410759,2.8423488298995254
2006-08-01,60,6,Extension LSTM,2.4709130739440237,1.23669153353679,3.404697298132637
2006-08-01,60,6,Transformer,1.362989639633549,-0.18675568322567646,2.3479920967255774
2006-08-01,60,6,Equal-weight LSTM–Transformer combination,2.507557310234718,0.548168154373817,3.7374157500178997
2006-09-01,60,6,Original-paper GAN,2.1130362352388152,0.32437710423203847,3.0783737145832415
2006-09-01,60,6,Our replicated GAN,1.7513975971745754,-0.08495418372506894,2.8487241836247708
2006-09-01,60,6,Extension LSTM,2.546477343596752,1.2750687131328717,3.514317337963009
2006-09-01,60,6,Transformer,1.3022762534622592,-0.39313510243227523,2.2736719280901774
2006-09-01,60,6,Equal-weight LSTM–Transformer combination,2.4485132696411074,0.4401524519078283,3.5810815761308534
2006-10-01,60,6,Original-paper GAN,2.0863167316670763,0.28744546632472684,3.000695753721841
2006-10-01,60,6,Our replicated GAN,1.7595112210409058,-0.07697063346763136,2.7968309811090366
2006-10-01,60,6,Extension LSTM,2.4720975125202753,1.2609554714650266,3.3971608638455133
2006-10-01,60,6,Transformer,1.5695268205250754,0.026107337705424307,2.6264460595671517
2006-10-01,60,6,Equal-weight LSTM–Transformer combination,2.6442348756223075,0.594260824231355,3.958140756773901
2006-11-01,60,6,Original-paper GAN,2.1119120499172706,0.30052954818208016,3.069984847047275
2006-11-01,60,6,Our replicated GAN,1.8317408207556534,-0.09286350295141346,2.9177444251134355
2006-11-01,60,6,Extension LSTM,2.4146031274719997,1.2288020825665835,3.3281891469367926
2006-11-01,60,6,Transformer,1.7935548630442493,0.0883165569932871,2.9736198276700345
2006-11-01,60,6,Equal-weight LSTM–Transformer combination,2.7569086859343623,0.7003499454941239,4.071795362754665
2006-12-01,60,6,Original-paper GAN,2.1269901354969565,0.171067750325336,3.082931310910333
2006-12-01,60,6,Our replicated GAN,1.8759502815601146,-0.1403911110157377,2.997363867043522
2006-12-01,60,6,Extension LSTM,2.4143467969006815,1.1815824523388219,3.278569107928195
2006-12-01,60,6,Transformer,1.8172077715261576,0.06200231414097067,3.0076087434761765
2006-12-01,60,6,Equal-weight LSTM–Transformer combination,2.774550977972244,0.6209175639230707,4.099813908046154
2006-12-01,60,3,Original-paper GAN,2.1269901354969565,0.652921012781417,3.0756332141108436
2006-12-01,60,3,Our replicated GAN,1.8759502815601146,0.09703404612473768,2.9145252024929023
2006-12-01,60,3,Extension LSTM,2.4143467969006815,1.2024665307904043,3.354387439858596
2006-12-01,60,3,Transformer,1.8172077715261576,0.25440963934471345,2.9679720568811674
2006-12-01,60,3,Equal-weight LSTM–Transformer combination,2.774550977972244,0.9024501821053404,3.95728600498778
2006-12-01,60,12,Original-paper GAN,2.1269901354969565,-0.3254171504833931,3.189213328299974
2006-12-01,60,12,Our replicated GAN,1.8759502815601146,-0.2229793315358665,3.045641546994388
2006-12-01,60,12,Extension LSTM,2.4143467969006815,1.2531822548167986,3.2485440615974146
2006-12-01,60,12,Transformer,1.8172077715261576,-0.09008061732481619,3.0070265928575366
2006-12-01,60,12,Equal-weight LSTM–Transformer combination,2.774550977972244,0.7025212377164533,3.9856817481186537
2007-01-01,60,6,Original-paper GAN,2.0311271568377394,0.20883781016001282,2.969905977064704
2007-01-01,60,6,Our replicated GAN,1.7964863453277249,-0.13414298605276276,2.8928913918462658
2007-01-01,60,6,Extension LSTM,2.2670723696993007,1.1546476279871225,3.143416353408834
2007-01-01,60,6,Transformer,1.7521013821485147,-0.03698416031699024,2.9558709302184725
2007-01-01,60,6,Equal-weight LSTM–Transformer combination,2.678681289522977,0.5620564327987774,4.062565160998972
2007-02-01,60,6,Original-paper GAN,1.954456149840796,-0.03713129457771037,2.8291705483276255
2007-02-01,60,6,Our replicated GAN,1.7218954513942137,-0.32100748608483476,2.7604115998763668
2007-02-01,60,6,Extension LSTM,2.2635584503453416,1.1480575906766874,3.0911837871333008
2007-02-01,60,6,Transformer,1.6945199359100795,-0.209292301180633,2.781309615525418
2007-02-01,60,6,Equal-weight LSTM–Transformer combination,2.6586812371908906,0.38533854334906364,3.9602835804653695
2007-03-01,60,6,Original-paper GAN,2.014302783304404,0.0817738992386913,2.9275754748675067
2007-03-01,60,6,Our replicated GAN,1.7141723750272864,-0.28632397912377094,2.7380866528046988
2007-03-01,60,6,Extension LSTM,2.190971472407225,1.0307129249984788,3.0430744063874466
2007-03-01,60,6,Transformer,1.7203495455881603,-0.2733561168193127,2.858144395725968
2007-03-01,60,6,Equal-weight LSTM–Transformer combination,2.6371435261246505,0.3578715565693563,3.9341710642402266
2007-04-01,60,6,Original-paper GAN,1.9474119047682679,0.011455700101030827,2.8421490484526175
2007-04-01,60,6,Our replicated GAN,1.6444695975628056,-0.4066252139704864,2.6402451542900964
2007-04-01,60,6,Extension LSTM,2.150862091855981,1.019845538762605,3.0244577601814324
2007-04-01,60,6,Transformer,1.7103315128322436,-0.42249839058451283,2.8652312043096133
2007-04-01,60,6,Equal-weight LSTM–Transformer combination,2.6419644918427965,0.19845391669184237,3.9739515430871992
2007-05-01,60,6,Original-paper GAN,1.8913238280976148,-0.08073179126518965,2.7536749552492674
2007-05-01,60,6,Our replicated GAN,1.5921894534757302,-0.4505758262558101,2.5806964437773927
2007-05-01,60,6,Extension LSTM,2.0206395376627095,0.7638285150301991,3.0015218362913285
2007-05-01,60,6,Transformer,1.7227332761931469,-0.528969685102869,2.8584160716952596
2007-05-01,60,6,Equal-weight LSTM–Transformer combination,2.610703943345963,0.16981301397927964,3.9289121305820616
2007-06-01,60,6,Original-paper GAN,1.8182055322468174,-0.5844289730413313,2.6274824786140205
2007-06-01,60,6,Our replicated GAN,1.5181838143529032,-0.5501207309480292,2.4419463537966206
2007-06-01,60,6,Extension LSTM,2.0782746525033877,0.881832293200783,2.999452510172697
2007-06-01,60,6,Transformer,1.6168984733379554,-0.8646913296978034,2.7664210379804777
2007-06-01,60,6,Equal-weight LSTM–Transformer combination,2.5248192371936193,-0.025349300558050326,3.8374158710486523
2007-07-01,60,6,Original-paper GAN,1.6977412558508416,-0.7895728169214138,2.578822099014301
2007-07-01,60,6,Our replicated GAN,1.3879596579272542,-0.912720583604934,2.3078555089039137
2007-07-01,60,6,Extension LSTM,2.3580810768904255,1.3372322988861993,3.064684407365656
2007-07-01,60,6,Transformer,1.4842715150492873,-1.0531242515882286,2.6381886262217145
2007-07-01,60,6,Equal-weight LSTM–Transformer combination,2.516196893479147,-0.03958144583530144,3.794630078597937
2007-08-01,60,6,Original-paper GAN,1.6531760431488354,-0.8178606411657289,2.536566266554941
2007-08-01,60,6,Our replicated GAN,1.3288385542541483,-1.0240715074389963,2.2953680980987894
2007-08-01,60,6,Extension LSTM,2.2675398927447854,1.1985064188002519,3.05781958969954
2007-08-01,60,6,Transformer,1.5272819528466874,-0.917112880213122,2.717588301173701
2007-08-01,60,6,Equal-weight LSTM–Transformer combination,2.4985129096221623,-0.06124551722409726,3.850912212964756
2007-09-01,60,6,Original-paper GAN,1.6018574928198617,-1.0373047692182573,2.5200373237735105
2007-09-01,60,6,Our replicated GAN,1.2555843258139505,-1.0730554726704808,2.2045738847086933
2007-09-01,60,6,Extension LSTM,2.409997736922463,1.441148184479888,3.0972439476941998
2007-09-01,60,6,Transformer,1.5502358370898592,-0.801549100457252,2.7052023099080453
2007-09-01,60,6,Equal-weight LSTM–Transformer combination,2.5875569145962958,0.17812955086118162,3.915698026561574
2007-10-01,60,6,Original-paper GAN,1.598151894695929,-0.9229665897295378,2.5184885279594265
2007-10-01,60,6,Our replicated GAN,1.2466054351045062,-1.1982063001848455,2.22224146166043
2007-10-01,60,6,Extension LSTM,2.3497387704092536,1.3807130417982494,3.079531185331821
2007-10-01,60,6,Transformer,1.834770356269021,-0.30481413451066103,2.894386697899045
2007-10-01,60,6,Equal-weight LSTM–Transformer combination,2.762919570118278,0.376577940709355,4.014472859494826
2007-11-01,60,6,Original-paper GAN,2.163204235751201,0.00341901135626985,3.1871507426742776
2007-11-01,60,6,Our replicated GAN,1.5822856453561998,-0.5182940845055194,2.659193076245047
2007-11-01,60,6,Extension LSTM,2.4349646292879172,1.4197085579601842,3.122877535105552
2007-11-01,60,6,Transformer,2.816397118789679,1.5030264218693812,3.7031944112709407
2007-11-01,60,6,Equal-weight LSTM–Transformer combination,3.6095469058605065,2.035062734346691,4.560560404726808
2007-12-01,60,6,Original-paper GAN,2.495963900638263,0.38991649612234025,3.8209457621966654
2007-12-01,60,6,Our replicated GAN,1.6896211955196248,-0.31235480108562697,3.0183373212280395
2007-12-01,60,6,Extension LSTM,2.470862959866645,1.4691844215860914,3.195340285473594
2007-12-01,60,6,Transformer,2.949392745668009,1.7123494485198212,3.9067725958262307
2007-12-01,60,6,Equal-weight LSTM–Transformer combination,4.14171703287745,3.0787582141694907,4.930554315384935
2007-12-01,60,3,Original-paper GAN,2.495963900638263,0.6505713138630961,3.8448153220076917
2007-12-01,60,3,Our replicated GAN,1.6896211955196248,-0.1497600021309577,2.9861824265133765
2007-12-01,60,3,Extension LSTM,2.470862959866645,1.4830965635748325,3.29357644358363
2007-12-01,60,3,Transformer,2.949392745668009,1.6072263429486877,4.000280782702888
2007-12-01,60,3,Equal-weight LSTM–Transformer combination,4.14171703287745,2.844786497958376,5.107401089590939
2007-12-01,60,12,Original-paper GAN,2.495963900638263,0.17887290046526352,3.910833238842758
2007-12-01,60,12,Our replicated GAN,1.6896211955196248,-0.5530907877132133,3.0839548299070954
2007-12-01,60,12,Extension LSTM,2.470862959866645,1.4638212430501945,3.2453888114499128
2007-12-01,60,12,Transformer,2.949392745668009,1.8426366421626479,3.826903482664226
2007-12-01,60,12,Equal-weight LSTM–Transformer combination,4.14171703287745,3.1373944843183614,4.810777274136974
2008-01-01,60,6,Original-paper GAN,2.4683650159039487,0.28435668329678626,3.875637897898328
2008-01-01,60,6,Our replicated GAN,1.7147612311611051,-0.2837712806593737,3.1021374674646514
2008-01-01,60,6,Extension LSTM,2.469881407776484,1.5291358897927576,3.186505150095842
2008-01-01,60,6,Transformer,2.6955729661910435,1.2971650449629528,3.801576769461161
2008-01-01,60,6,Equal-weight LSTM–Transformer combination,3.937152781372503,2.692393058647654,4.901350964219127
2008-02-01,60,6,Original-paper GAN,2.518047132946656,0.53205133227021,3.8373236489124714
2008-02-01,60,6,Our replicated GAN,1.820266377229399,-0.06020966794407784,3.0173574569397354
2008-02-01,60,6,Extension LSTM,2.670058264111728,1.7375736701138387,3.383423456357496
2008-02-01,60,6,Transformer,2.81992783861223,1.480235420414562,3.7945119013159823
2008-02-01,60,6,Equal-weight LSTM–Transformer combination,4.2250177639593645,3.18839976978017,4.914608971904101
2008-03-01,60,6,Original-paper GAN,2.538155160697786,0.5222235665997534,3.880613542106134
2008-03-01,60,6,Our replicated GAN,1.8768895816831606,0.00098331309766127,3.084858737693722
2008-03-01,60,6,Extension LSTM,2.8136759912167495,1.8788477859320942,3.6047672412854737
2008-03-01,60,6,Transformer,2.8412126059071507,1.5503823559393652,3.8156882624258537
2008-03-01,60,6,Equal-weight LSTM–Transformer combination,4.3860759369717055,3.336368064928931,5.06344481919985
2008-04-01,60,6,Original-paper GAN,2.9910921657664122,1.3472325556920834,4.165392878779576
2008-04-01,60,6,Our replicated GAN,2.1125332692479426,0.48034790735185073,3.1247226230059932
2008-04-01,60,6,Extension LSTM,2.8096380295579895,1.892285788374434,3.631360389577511
2008-04-01,60,6,Transformer,2.905600616777676,1.6794737681255225,3.8101791247365173
2008-04-01,60,6,Equal-weight LSTM–Transformer combination,4.380886892448938,3.386435895629016,5.063211780946536
2008-05-01,60,6,Original-paper GAN,3.125311901119571,1.5933492113709764,4.181041049101705
2008-05-01,60,6,Our replicated GAN,2.9554905654221795,1.9820405006525794,3.697973795000001
2008-05-01,60,6,Extension LSTM,2.879501895444806,1.889949656940491,3.7586958868804485
2008-05-01,60,6,Transformer,3.0994504521446675,1.9415415923360295,3.8819490949212057
2008-05-01,60,6,Equal-weight LSTM–Transformer combination,4.364622731443743,3.3523155432700515,5.016863893320125
2008-06-01,60,6,Original-paper GAN,2.806371479698925,0.9323596109000257,4.075321500276164
2008-06-01,60,6,Our replicated GAN,2.839356697075672,1.835427699813421,3.6232408200954938
2008-06-01,60,6,Extension LSTM,2.277192379893237,1.1652055238858827,3.030689184242446
2008-06-01,60,6,Transformer,2.7130446427376285,1.3379294831700805,3.6897688580041543
2008-06-01,60,6,Equal-weight LSTM–Transformer combination,3.2189348898438195,1.7189481056604596,4.377417606801946
2008-07-01,60,6,Original-paper GAN,3.010143408350245,1.3756819146918373,3.9430141333063298
2008-07-01,60,6,Our replicated GAN,3.034786574010289,2.1552418581778774,3.7282698312072706
2008-07-01,60,6,Extension LSTM,2.235701522075501,1.0849686714578428,3.1026691569867952
2008-07-01,60,6,Transformer,2.692581047425735,1.3556483637701073,3.5031331384083217
2008-07-01,60,6,Equal-weight LSTM–Transformer combination,3.1965538438525645,1.703392390501989,4.258654444237475
2008-08-01,60,6,Original-paper GAN,2.9785922157716316,1.308486111478473,3.9780975449342026
2008-08-01,60,6,Our replicated GAN,2.9965101923412023,2.1238822850928885,3.6920736897919686
2008-08-01,60,6,Extension LSTM,1.993919730438843,0.6344006207773518,3.101751955623446
2008-08-01,60,6,Transformer,2.842798149124401,1.472195581385805,3.716772006407607
2008-08-01,60,6,Equal-weight LSTM–Transformer combination,3.071115642574076,1.5129971584746085,4.236427762308395
2008-09-01,60,6,Original-paper GAN,2.9013772076010165,1.0991825152486883,3.9424519725077936
2008-09-01,60,6,Our replicated GAN,2.956054608732685,2.0008652977705847,3.6713968468397065
2008-09-01,60,6,Extension LSTM,1.6423931969820529,0.053373571828532085,2.7947967547389
2008-09-01,60,6,Transformer,2.8049354375024618,1.4405236165915174,3.6284696136530097
2008-09-01,60,6,Equal-weight LSTM–Transformer combination,2.822141902848822,1.1741700202607703,3.9350583743106635
2008-10-01,60,6,Original-paper GAN,2.8373744971374673,1.0118850517177977,3.9412384809159646
2008-10-01,60,6,Our replicated GAN,2.855980032117389,2.0608897919800655,3.4962212655910556
2008-10-01,60,6,Extension LSTM,1.6879741313626444,0.17801836290862513,2.8543092894310385
2008-10-01,60,6,Transformer,1.9680452116164777,0.29264899537861844,2.881968672092606
2008-10-01,60,6,Equal-weight LSTM–Transformer combination,2.420493520113458,0.445455016819553,3.6591103279047403
2008-11-01,60,6,Original-paper GAN,3.0577834723418795,1.3252394619275645,4.140610730487877
2008-11-01,60,6,Our replicated GAN,2.924505885663592,2.1163677110881816,3.600775953894847
2008-11-01,60,6,Extension LSTM,1.7837224813734591,0.33890616100492277,2.7623355549542756
2008-11-01,60,6,Transformer,1.852556399319249,0.06845885921055066,2.8054181754437133
2008-11-01,60,6,Equal-weight LSTM–Transformer combination,2.487802554977298,0.577062772943394,3.6423677855457837
2008-12-01,60,6,Original-paper GAN,3.0185074579171642,1.4223326885350496,4.030665832246503
2008-12-01,60,6,Our replicated GAN,2.8735757534033617,2.0883494005246823,3.4848757244865998
2008-12-01,60,6,Extension LSTM,1.7845282111888914,0.34334435940446134,2.792028570818902
2008-12-01,60,6,Transformer,1.8536836902618172,0.07019993916401454,2.7891353515789015
2008-12-01,60,6,Equal-weight LSTM–Transformer combination,2.4876571001983216,0.5500540005410687,3.593249605228296
2008-12-01,60,3,Original-paper GAN,3.0185074579171642,1.5647927731717848,4.043000176273034
2008-12-01,60,3,Our replicated GAN,2.8735757534033617,2.05230864220521,3.486004878391517
2008-12-01,60,3,Extension LSTM,1.7845282111888914,0.4060121005633863,2.781940500146576
2008-12-01,60,3,Transformer,1.8536836902618172,0.02687085557373878,2.9372400841444195
2008-12-01,60,3,Equal-weight LSTM–Transformer combination,2.4876571001983216,0.5312671399010952,3.6294524205090566
2008-12-01,60,12,Original-paper GAN,3.0185074579171642,1.2356381295086734,3.925998616872757
2008-12-01,60,12,Our replicated GAN,2.8735757534033617,2.0506729759285327,3.42519561578593
2008-12-01,60,12,Extension LSTM,1.7845282111888914,0.47858078026075473,2.581648483216222
2008-12-01,60,12,Transformer,1.8536836902618172,-0.06963492702875829,2.744891082985482
2008-12-01,60,12,Equal-weight LSTM–Transformer combination,2.4876571001983216,0.4203624036726147,3.541182936123022
2009-01-01,60,6,Original-paper GAN,3.0030571918159903,1.5337035377551584,4.057661845652905
2009-01-01,60,6,Our replicated GAN,2.8284519956355467,2.0843338721688083,3.425322671256189
2009-01-01,60,6,Extension LSTM,1.8061798598800092,0.37063369611667685,2.916527522386679
2009-01-01,60,6,Transformer,1.417609381617298,-0.524630455043702,2.474915588545218
2009-01-01,60,6,Equal-weight LSTM–Transformer combination,2.2540017820671188,0.28568176260835554,3.4049992584279765
2009-02-01,60,6,Original-paper GAN,2.6502777913871896,1.037773847376654,3.518312509544899
2009-02-01,60,6,Our replicated GAN,2.790944771819224,2.0474758837082447,3.3641089489276843
2009-02-01,60,6,Extension LSTM,1.6679241685183093,0.3846667744064185,2.636199682053922
2009-02-01,60,6,Transformer,1.0954219243922285,-1.1650677918459393,2.2557759161510305
2009-02-01,60,6,Equal-weight LSTM–Transformer combination,1.8468837823796207,-0.36835209071486874,2.923117531954455
2009-03-01,60,6,Original-paper GAN,2.664029517162958,1.0182336705720196,3.532477675744953
2009-03-01,60,6,Our replicated GAN,2.807473030258528,2.052506590083593,3.367951046919239
2009-03-01,60,6,Extension LSTM,1.5915141666587223,0.35079943250496576,2.503752859014128
2009-03-01,60,6,Transformer,1.0292732937110611,-1.1959417672751973,2.2637106325624816
2009-03-01,60,6,Equal-weight LSTM–Transformer combination,1.7327910708271639,-0.7298018577699413,2.8349760401503348
2009-04-01,60,6,Original-paper GAN,1.4442077940035114,-1.0912407231706542,2.418823102736312
2009-04-01,60,6,Our replicated GAN,1.7299614585883076,0.12635880006328074,2.716691884592046
2009-04-01,60,6,Extension LSTM,1.2322318264296146,-0.07236268949073547,2.0517148891160355
2009-04-01,60,6,Transformer,0.7948956796372504,-1.3894598776195108,1.9794256339005039
2009-04-01,60,6,Equal-weight LSTM–Transformer combination,1.2569920973960327,-1.453166714918725,2.35170336342888
2009-05-01,60,6,Original-paper GAN,1.4090212877715245,-1.1657155570552995,2.416181439753641
2009-05-01,60,6,Our replicated GAN,1.6831727986673255,0.044723125796217914,2.698292649737095
2009-05-01,60,6,Extension LSTM,1.2798926167022258,0.02163013353910379,2.023852158716975
2009-05-01,60,6,Transformer,0.8286295743322151,-1.464433081921252,2.1184199152989667
2009-05-01,60,6,Equal-weight LSTM–Transformer combination,1.3061950651835519,-1.396328737534953,2.400975958912838
2009-06-01,60,6,Original-paper GAN,1.448894764024845,-1.0287610401606548,2.36404936315533
2009-06-01,60,6,Our replicated GAN,1.6893209536536444,0.10510732454706959,2.6725048499667743
2009-06-01,60,6,Extension LSTM,1.2740935790960337,0.05444621867288335,2.0312450839097096
2009-06-01,60,6,Transformer,0.7852367745899512,-1.6162068241635361,1.9143272021866473
2009-06-01,60,6,Equal-weight LSTM–Transformer combination,1.276118551980536,-1.478004264148606,2.322464708269431
2009-07-01,60,6,Original-paper GAN,1.4314548557884694,-0.976532285216041,2.371502038853647
2009-07-01,60,6,Our replicated GAN,1.559618337821789,-0.027968631721875234,2.612648817240387
2009-07-01,60,6,Extension LSTM,1.2818015811869998,0.13156661947781767,2.033593990486716
2009-07-01,60,6,Transformer,0.7800383263833185,-1.4864445455152653,1.9324933035046468
2009-07-01,60,6,Equal-weight LSTM–Transformer combination,1.2803920754608684,-1.392337526933768,2.338929747846724
2009-08-01,60,6,Original-paper GAN,1.3084035167999644,-0.9375641615123369,2.2574956516093367
2009-08-01,60,6,Our replicated GAN,1.4283530070863752,-0.20504850509179268,2.4972810504917375
2009-08-01,60,6,Extension LSTM,1.1199146307429764,-0.02951526379619835,1.8412429557749124
2009-08-01,60,6,Transformer,0.5127346865519656,-1.361163951482198,1.5677848505549403
2009-08-01,60,6,Equal-weight LSTM–Transformer combination,0.9542448748909583,-1.0030011117541724,1.8944318881687978
2009-09-01,60,6,Original-paper GAN,1.231764985847526,-0.9573682721520558,2.137559945120893
2009-09-01,60,6,Our replicated GAN,1.3401482324557987,-0.329960427071842,2.3881950275682584
2009-09-01,60,6,Extension LSTM,1.1542916209619565,0.021937566207112878,1.8792855829861494
2009-09-01,60,6,Transformer,0.48429526732634437,-1.4437740587280727,1.5500827207063985
2009-09-01,60,6,Equal-weight LSTM–Transformer combination,0.9531656098508848,-1.0721311591483065,1.8740924266359384
2009-10-01,60,6,Original-paper GAN,1.2216098000771605,-1.044006202847534,2.1690384242750524
2009-10-01,60,6,Our replicated GAN,1.3384381557537066,-0.29160551479407587,2.41435458952002
2009-10-01,60,6,Extension LSTM,1.1514113607455576,0.09137182183424683,1.874241426307282
2009-10-01,60,6,Transformer,0.5075903050553896,-1.5236348918815805,1.5924648637264416
2009-10-01,60,6,Equal-weight LSTM–Transformer combination,0.9694422806262095,-0.9162614446343798,1.906936415871786
2009-11-01,60,6,Original-paper GAN,1.1788025050102586,-0.9026512497070271,2.127390275122145
2009-11-01,60,6,Our replicated GAN,1.261826683885267,-0.41086241060190276,2.3333070934324405
2009-11-01,60,6,Extension LSTM,1.0740050147062856,0.003049720639121192,1.805180267898343
2009-11-01,60,6,Transformer,0.5275483830632844,-1.367755266402778,1.6200258342915281
2009-11-01,60,6,Equal-weight LSTM–Transformer combination,0.9467435763699388,-0.9530946233574504,1.881994316702199
2009-12-01,60,6,Original-paper GAN,1.1499610507847766,-0.9561043382144244,2.048076802641433
2009-12-01,60,6,Our replicated GAN,1.3127920432284157,-0.3875502541068033,2.4019635414045615
2009-12-01,60,6,Extension LSTM,1.1335039572482024,-0.02201273649352372,1.8742644943836062
2009-12-01,60,6,Transformer,0.5542613130311478,-1.5924254863503189,1.5872404059219198
2009-12-01,60,6,Equal-weight LSTM–Transformer combination,0.9945988529745439,-1.131355548364156,1.918705341245335
2009-12-01,60,3,Original-paper GAN,1.1499610507847766,-0.7034738985546675,2.138780681815608
2009-12-01,60,3,Our replicated GAN,1.3127920432284157,-0.28416731573961734,2.356854495936351
2009-12-01,60,3,Extension LSTM,1.1335039572482024,-0.034942286283264345,2.0341142031286843
2009-12-01,60,3,Transformer,0.5542613130311478,-1.006253218060934,1.485910622280338
2009-12-01,60,3,Equal-weight LSTM–Transformer combination,0.9945988529745439,-0.5851436290821975,1.8956290570968746
2009-12-01,60,12,Original-paper GAN,1.1499610507847766,-1.1948496078913573,1.9959073149816304
2009-12-01,60,12,Our replicated GAN,1.3127920432284157,-0.46253502766081983,2.2591696913461283
2009-12-01,60,12,Extension LSTM,1.1335039572482024,-0.1578434552147921,1.732845783922544
2009-12-01,60,12,Transformer,0.5542613130311478,-1.9408480199450897,1.7183506933660309
2009-12-01,60,12,Equal-weight LSTM–Transformer combination,0.9945988529745439,-2.41875123390209,1.9995348113287514
2010-01-01,60,6,Original-paper GAN,1.1232650061468998,-0.9237914020319582,2.0016330599350347
2010-01-01,60,6,Our replicated GAN,1.2229224534793584,-0.4236416677488947,2.2712601944357256
2010-01-01,60,6,Extension LSTM,1.1141391739417372,-0.009240824698964659,1.803445187211598
2010-01-01,60,6,Transformer,0.4474590968445874,-1.3112474356567607,1.5068758401202893
2010-01-01,60,6,Equal-weight LSTM–Transformer combination,0.9091035396771372,-0.9375505584559015,1.785540780747992
2010-02-01,60,6,Original-paper GAN,1.0937042554016754,-0.8510678918452753,1.9624024397970627
2010-02-01,60,6,Our replicated GAN,1.2103898730097826,-0.4746949570883925,2.2868963930495267
2010-02-01,60,6,Extension LSTM,1.0961469477668695,-0.02583238666860318,1.7796506028096415
2010-02-01,60,6,Transformer,0.4228252451885002,-1.2897844538477898,1.49382365176878
2010-02-01,60,6,Equal-weight LSTM–Transformer combination,0.8837275975939359,-0.9363437844086026,1.7908319471149765
2010-03-01,60,6,Original-paper GAN,1.1055308146088587,-0.904341797787096,1.9907088195754756
2010-03-01,60,6,Our replicated GAN,1.1958642564946633,-0.501526728263006,2.2442146650636374
2010-03-01,60,6,Extension LSTM,1.1176687595748407,-0.03515890398166479,1.8189712377944869
2010-03-01,60,6,Transformer,0.41805057746671714,-1.3874672124436613,1.4329478496464112
2010-03-01,60,6,Equal-weight LSTM–Transformer combination,0.8925075041221483,-1.0585861271274075,1.7469855437702408
2010-04-01,60,6,Original-paper GAN,0.9830938108319326,-0.7912977854965354,1.7980396199701048
2010-04-01,60,6,Our replicated GAN,1.1881248164868725,-0.47459648498144846,2.229422274516017
2010-04-01,60,6,Extension LSTM,0.9928011265066021,-0.11663255817039153,1.6420129472425036
2010-04-01,60,6,Transformer,0.3271519364562567,-1.2935382034429412,1.3079955328140005
2010-04-01,60,6,Equal-weight LSTM–Transformer combination,0.743225758492989,-0.9620606585879093,1.5685543898215037
2010-05-01,60,6,Original-paper GAN,0.8993295216767734,-0.7575071988219695,1.7082271966448417
2010-05-01,60,6,Our replicated GAN,1.1001760577946018,-0.5531816609296132,2.1133769836936076
2010-05-01,60,6,Extension LSTM,1.0224715719143018,-0.06987496002468914,1.7176169075755285
2010-05-01,60,6,Transformer,0.2847922996209891,-1.2248822404045763,1.2951256899435353
2010-05-01,60,6,Equal-weight LSTM–Transformer combination,0.7241711063267341,-0.8355870608806589,1.541255076727389
2010-06-01,60,6,Original-paper GAN,0.8596039732062709,-0.8391796929924517,1.6620600409458068
2010-06-01,60,6,Our replicated GAN,1.049593674451506,-0.7024311548709835,2.080008901033367
2010-06-01,60,6,Extension LSTM,0.9410225815268284,-0.11349961956178506,1.6002745903543674
2010-06-01,60,6,Transformer,0.26208722499608794,-1.4170780161874612,1.303323757719195
2010-06-01,60,6,Equal-weight LSTM–Transformer combination,0.6680408250729287,-1.0814279130447049,1.517571832967358
2010-07-01,60,6,Original-paper GAN,0.8856050500927377,-0.7504396152234329,1.664125232709763
2010-07-01,60,6,Our replicated GAN,1.1628232160582468,-0.4742647423832545,2.2052699313814257
2010-07-01,60,6,Extension LSTM,0.9320069765932826,-0.08471712328510783,1.6115481793965625
2010-07-01,60,6,Transformer,0.2602605094597194,-1.1927985503640743,1.2757902692725838
2010-07-01,60,6,Equal-weight LSTM–Transformer combination,0.6624445611954696,-0.8672167787027277,1.4929986418730157
2010-08-01,60,6,Original-paper GAN,0.8416423965310232,-0.7381871541411711,1.6106965399039648
2010-08-01,60,6,Our replicated GAN,1.1302116009806797,-0.4884124073998934,2.1764777635822026
2010-08-01,60,6,Extension LSTM,0.9276244648897335,-0.08167515671215347,1.5879338996242842
2010-08-01,60,6,Transformer,0.24732201249888597,-1.2970061905043755,1.2497412371292171
2010-08-01,60,6,Equal-weight LSTM–Transformer combination,0.6512631024862446,-0.9500688749575957,1.5061475207024668
2010-09-01,60,6,Original-paper GAN,0.9202299910977775,-0.7192944721336284,1.7225719847417391
2010-09-01,60,6,Our replicated GAN,1.1709199532321444,-0.5127810806815549,2.156123913977677
2010-09-01,60,6,Extension LSTM,0.8909156668937639,-0.055857610582244595,1.5522472900603466
2010-09-01,60,6,Transformer,0.32852114232290974,-1.1756682815873614,1.3339384566134518
2010-09-01,60,6,Equal-weight LSTM–Transformer combination,0.6979136096499571,-0.8983492197940968,1.5364294475111395
2010-10-01,60,6,Original-paper GAN,0.9520326167805585,-0.758647947251193,1.737353217388063
2010-10-01,60,6,Our replicated GAN,1.1784332615798263,-0.5184421787943344,2.190963716083044
2010-10-01,60,6,Extension LSTM,0.8580299924719553,-0.0725455847874787,1.5150422884769204
2010-10-01,60,6,Transformer,0.3663255403854009,-1.2391472322188746,1.4102611501026288
2010-10-01,60,6,Equal-weight LSTM–Transformer combination,0.7121562876462526,-1.0114838946554159,1.5611865054864917
2010-11-01,60,6,Original-paper GAN,0.926430850063917,-0.732212085180267,1.7780712220946056
2010-11-01,60,6,Our replicated GAN,1.1707805791238248,-0.5019045692023804,2.2651248880739296
2010-11-01,60,6,Extension LSTM,0.8485628289403059,-0.1267588011518521,1.5034088571594835
2010-11-01,60,6,Transformer,0.3125807805038511,-1.3025680266066748,1.3740824825340956
2010-11-01,60,6,Equal-weight LSTM–Transformer combination,0.6659261955618956,-0.9312362752793678,1.5037977340817543
2010-12-01,60,6,Original-paper GAN,0.9338969190515496,-0.6623999187541988,1.7076740572262834
2010-12-01,60,6,Our replicated GAN,1.1453364417451901,-0.43167336293559333,2.128052365809115
2010-12-01,60,6,Extension LSTM,0.770614017199608,-0.13332441534824716,1.4340400634270298
2010-12-01,60,6,Transformer,0.325036153581892,-1.083797901112417,1.2995640384089893
2010-12-01,60,6,Equal-weight LSTM–Transformer combination,0.6408857404017815,-0.8686405544938659,1.4545959087951164
2010-12-01,60,3,Original-paper GAN,0.9338969190515496,-0.7017997688510574,1.8364122129688478
2010-12-01,60,3,Our replicated GAN,1.1453364417451901,-0.3653245331347484,2.113310219825067
2010-12-01,60,3,Extension LSTM,0.770614017199608,-0.312456133262667,1.6448867977219668
2010-12-01,60,3,Transformer,0.325036153581892,-0.896489832644835,1.2077986413240958
2010-12-01,60,3,Equal-weight LSTM–Transformer combination,0.6408857404017815,-0.6767593950611075,1.4679921063944765
2010-12-01,60,12,Original-paper GAN,0.9338969190515496,-0.9548091381334896,1.7210920939416459
2010-12-01,60,12,Our replicated GAN,1.1453364417451901,-0.6929074790315412,2.0873663356685066
2010-12-01,60,12,Extension LSTM,0.770614017199608,0.00017378755537768016,1.2010573840271634
2010-12-01,60,12,Transformer,0.325036153581892,-1.7614090018329884,1.3981023584389556
2010-12-01,60,12,Equal-weight LSTM–Transformer combination,0.6408857404017815,-1.7151037773204285,1.5197658867310886
2011-01-01,60,6,Original-paper GAN,0.9214871602255552,-0.77073586385918,1.7485705076499676
2011-01-01,60,6,Our replicated GAN,1.094661904084675,-0.4459754591015805,2.104871253817141
2011-01-01,60,6,Extension LSTM,0.7781606600363167,-0.11402822629458093,1.422637277803102
2011-01-01,60,6,Transformer,0.2616346710513345,-1.2347618114877141,1.2747181839344504
2011-01-01,60,6,Equal-weight LSTM–Transformer combination,0.5967012922395657,-0.8778479637193561,1.3982099261550331
2011-02-01,60,6,Original-paper GAN,0.8960992914141745,-0.7006082509638821,1.6851811331900663
2011-02-01,60,6,Our replicated GAN,1.0233044443924186,-0.40098928937826545,2.0103712100398656
2011-02-01,60,6,Extension LSTM,0.7143069189064949,-0.10428505549708784,1.3795294192652767
2011-02-01,60,6,Transformer,0.18587306382239357,-1.1895661871918006,1.1640181825046185
2011-02-01,60,6,Equal-weight LSTM–Transformer combination,0.5039536046163766,-0.7987298308751137,1.2947122533265574
2011-03-01,60,6,Original-paper GAN,0.8780128429785367,-0.7216343317920249,1.6523208522290869
2011-03-01,60,6,Our replicated GAN,1.0495981804399646,-0.5213969659509022,2.051685067866665
2011-03-01,60,6,Extension LSTM,0.7123974105139491,-0.1703038910779642,1.3930916711940338
2011-03-01,60,6,Transformer,0.18826117217284125,-1.179214272643678,1.1836340487965935
2011-03-01,60,6,Equal-weight LSTM–Transformer combination,0.5047888878160864,-0.9559122442533181,1.2620333609192222
2011-04-01,60,6,Original-paper GAN,0.8965080121418617,-0.7304593579051522,1.6979926621267862
2011-04-01,60,6,Our replicated GAN,1.0714030893388844,-0.4881243576411902,2.093105104860356
2011-04-01,60,6,Extension LSTM,0.6593972585944536,-0.10788961283444448,1.3191201681608828
2011-04-01,60,6,Transformer,0.2148730033250744,-1.14509089197006,1.1698023148078753
2011-04-01,60,6,Equal-weight LSTM–Transformer combination,0.49797883163002366,-0.82606272939363,1.267708743053854
2011-05-01,60,6,Original-paper GAN,0.9248036155437602,-0.7522564501499788,1.738918225505392
2011-05-01,60,6,Our replicated GAN,1.0927996230356005,-0.4555461542407296,2.182006964334494
2011-05-01,60,6,Extension LSTM,0.5985235015579038,-0.18944488018015565,1.2533951262915382
2011-05-01,60,6,Transformer,0.27037522850915274,-1.283680742804772,1.285736977483914
2011-05-01,60,6,Equal-weight LSTM–Transformer combination,0.5061102756425007,-0.8782906105460422,1.2801404525190323
2011-06-01,60,6,Original-paper GAN,0.9029711172200386,-0.6138017761940032,1.7018449720436255
2011-06-01,60,6,Our replicated GAN,1.0696930184407751,-0.381904257050359,2.0665654750732108
2011-06-01,60,6,Extension LSTM,0.5918367031984741,-0.1761137497175174,1.2790622111732568
2011-06-01,60,6,Transformer,0.27523076588658696,-1.1608861518637665,1.3046538601558766
2011-06-01,60,6,Equal-weight LSTM–Transformer combination,0.5065025473960044,-0.7610155723665897,1.2965768770792936
2011-07-01,60,6,Original-paper GAN,0.8612502636246105,-0.6707263799063488,1.6321830904063068
2011-07-01,60,6,Our replicated GAN,1.007724794983692,-0.4236517363085942,1.9867899793098833
2011-07-01,60,6,Extension LSTM,0.5761729123534395,-0.2158625001664161,1.20299714458961
2011-07-01,60,6,Transformer,0.23303708784792398,-1.1661547320274546,1.2199793860235986
2011-07-01,60,6,Equal-weight LSTM–Transformer combination,0.4669198869941798,-0.81561536079776,1.2281452335995886
2011-08-01,60,6,Original-paper GAN,0.8602484654605714,-0.6789207961956297,1.646925084072705
2011-08-01,60,6,Our replicated GAN,0.9793399651628029,-0.35949800064769427,1.9597880451868328
2011-08-01,60,6,Extension LSTM,0.6760125505946607,-0.06315534330579639,1.3153085310499442
2011-08-01,60,6,Transformer,0.22241357504950776,-1.1977468733541259,1.1705537173635503
2011-08-01,60,6,Equal-weight LSTM–Transformer combination,0.5137216985198253,-0.7584211381702846,1.2504120467992694
2011-09-01,60,6,Original-paper GAN,0.8518908666740694,-0.7080369200042551,1.6458966112841453
2011-09-01,60,6,Our replicated GAN,0.9440164044125673,-0.3959650126000989,1.944941864520057
2011-09-01,60,6,Extension LSTM,0.7680398938863489,-0.12581137427255687,1.4903086799396246
2011-09-01,60,6,Transformer,0.20848375978406644,-1.1426855510744818,1.1634593557250696
2011-09-01,60,6,Equal-weight LSTM–Transformer combination,0.5508184602604066,-0.7794955475868413,1.354881620711234
2011-10-01,60,6,Original-paper GAN,0.9252345461337234,-0.5327850796995877,1.7344969943749822
2011-10-01,60,6,Our replicated GAN,1.0173196840755716,-0.06855518881378014,1.9462257217083228
2011-10-01,60,6,Extension LSTM,0.8726206774062176,-0.048792578840001675,1.6341066457143247
2011-10-01,60,6,Transformer,0.24707621787091047,-1.1385876140231592,1.2359964757048465
2011-10-01,60,6,Equal-weight LSTM–Transformer combination,0.6291384999409801,-0.6971558515872892,1.4905976078110759
2011-11-01,60,6,Original-paper GAN,0.9647061585458507,-0.5326928710595364,1.803975105545883
2011-11-01,60,6,Our replicated GAN,1.0748574894428022,-0.059604555536554714,2.055453481274751
2011-11-01,60,6,Extension LSTM,0.8948871873778425,-0.10189844730816928,1.6991199843189848
2011-11-01,60,6,Transformer,0.31597309806666085,-1.17453410926222,1.4141375070104216
2011-11-01,60,6,Equal-weight LSTM–Transformer combination,0.6863907490782452,-0.6325823028854864,1.6140456732512036
2011-12-01,60,6,Original-paper GAN,0.9406616973938423,-0.5529228792422386,1.765679356005388
2011-12-01,60,6,Our replicated GAN,1.061780382034033,-0.029163648597009793,2.002817271029551
2011-12-01,60,6,Extension LSTM,0.8406900146840263,-0.13149163997149765,1.603654972399866
2011-12-01,60,6,Transformer,0.29875049961447053,-1.1190139829044203,1.3021446344111907
2011-12-01,60,6,Equal-weight LSTM–Transformer combination,0.6493371952256659,-0.6666280915317958,1.4954952320625319
2011-12-01,60,3,Original-paper GAN,0.9406616973938423,-0.5518048837832517,1.8440369854122822
2011-12-01,60,3,Our replicated GAN,1.061780382034033,-0.039260145589405826,1.9436713602912217
2011-12-01,60,3,Extension LSTM,0.8406900146840263,-0.22891400217290342,1.749076129270323
2011-12-01,60,3,Transformer,0.29875049961447053,-0.8599718009232586,1.222595702777343
2011-12-01,60,3,Equal-weight LSTM–Transformer combination,0.6493371952256659,-0.5298751431023903,1.4822541904771207
2011-12-01,60,12,Original-paper GAN,0.9406616973938423,-0.6943764170258142,1.736260269070397
2011-12-01,60,12,Our replicated GAN,1.061780382034033,-0.026020953852506894,1.899123714175598
2011-12-01,60,12,Extension LSTM,0.8406900146840263,0.0545281532213229,1.4387475178795024
2011-12-01,60,12,Transformer,0.29875049961447053,-1.6011634579814291,1.4243534409518366
2011-12-01,60,12,Equal-weight LSTM–Transformer combination,0.6493371952256659,-1.0874622065572253,1.5954289747076829
2012-01-01,60,6,Original-paper GAN,0.9829949496686495,-0.5882879382762076,1.8036540316792118
2012-01-01,60,6,Our replicated GAN,1.111499221370435,-0.09110700513539481,2.0375492172751373
2012-01-01,60,6,Extension LSTM,0.8816731971823287,-0.0788854027540005,1.6882281962166212
2012-01-01,60,6,Transformer,0.30571585658641703,-1.157386833848208,1.3499948099762944
2012-01-01,60,6,Equal-weight LSTM–Transformer combination,0.6736958804410532,-0.6826584980237419,1.5746399627198737
2012-02-01,60,6,Original-paper GAN,1.0181001991154546,-0.6474738605776715,1.8734584565859893
2012-02-01,60,6,Our replicated GAN,1.11486987875338,-0.003375179906625354,2.043101216553694
2012-02-01,60,6,Extension LSTM,0.8290299976449926,-0.12680188712570334,1.5830338440609715
2012-02-01,60,6,Transformer,0.2777791023295202,-1.0694921646912128,1.2352608238958607
2012-02-01,60,6,Equal-weight LSTM–Transformer combination,0.6264683106280279,-0.6422560171194038,1.4719045104558126
2012-03-01,60,6,Original-paper GAN,1.0338834642562686,-0.648158180188669,1.8992224928223376
2012-03-01,60,6,Our replicated GAN,1.114382239393205,0.02030180437601411,2.091092155560028
2012-03-01,60,6,Extension LSTM,0.8109314655750252,-0.11063946366856331,1.5844693494494237
2012-03-01,60,6,Transformer,0.2573345281207988,-1.1138866242884993,1.2708936723958244
2012-03-01,60,6,Equal-weight LSTM–Transformer combination,0.6028633431133037,-0.6481986931309819,1.428021519074683
2012-04-01,60,6,Original-paper GAN,1.0390305841776444,-0.6202293257724939,1.9251894652779222
2012-04-01,60,6,Our replicated GAN,1.1149935719989252,0.021222032969984546,2.094910471091772
2012-04-01,60,6,Extension LSTM,0.825959331469237,-0.1248040311066151,1.5986843753411648
2012-04-01,60,6,Transformer,0.22987560654566366,-1.145401643749461,1.1843903251502699
2012-04-01,60,6,Equal-weight LSTM–Transformer combination,0.5907107827272914,-0.7136985917755848,1.4110512301599172
2012-05-01,60,6,Original-paper GAN,1.028789740153531,-0.5948037517202371,1.872635439949241
2012-05-01,60,6,Our replicated GAN,1.091787374335377,-0.08241606677068013,2.020141884271699
2012-05-01,60,6,Extension LSTM,0.903838613668234,-0.019486580027082874,1.6918587300201078
2012-05-01,60,6,Transformer,0.15760392048578423,-1.121082176910196,1.1503394389636814
2012-05-01,60,6,Equal-weight LSTM–Transformer combination,0.5756975901469228,-0.6554307500124764,1.3728807121454976
2012-06-01,60,6,Original-paper GAN,1.047666203209056,-0.6773120873152212,1.9320798681767262
2012-06-01,60,6,Our replicated GAN,1.135453542765219,-0.0182595937335923,2.0903299278994574
2012-06-01,60,6,Extension LSTM,0.8349077561741785,-0.08833378794597865,1.5833624046672954
2012-06-01,60,6,Transformer,0.23159098762734784,-1.156022812762283,1.207779382704552
2012-06-01,60,6,Equal-weight LSTM–Transformer combination,0.5983191002581775,-0.7084108769617113,1.414712252611077
2012-07-01,60,6,Original-paper GAN,1.1299198326198958,-0.6848362099339848,2.045765940252965
2012-07-01,60,6,Our replicated GAN,1.2061579521864902,-0.007866186777737441,2.1560063660110433
2012-07-01,60,6,Extension LSTM,0.8401432223430254,-0.07697799328835436,1.5998327632509646
2012-07-01,60,6,Transformer,0.3002341119207059,-1.1081835044101072,1.3055469316814343
2012-07-01,60,6,Equal-weight LSTM–Transformer combination,0.6491346250844904,-0.6637873596376761,1.5032856494104705
2012-08-01,60,6,Original-paper GAN,1.1034338000282606,-0.6440338836864069,2.0595274331303832
2012-08-01,60,6,Our replicated GAN,1.1828323236669636,-0.012205471810943348,2.200555894134049
2012-08-01,60,6,Extension LSTM,0.8740335701301817,-0.001442519931276772,1.6729901759220458
2012-08-01,60,6,Transformer,0.26623397506939506,-1.088294476467937,1.2410503772221197
2012-08-01,60,6,Equal-weight LSTM–Transformer combination,0.6402467480228238,-0.6444214149126195,1.500590789593964
2012-09-01,60,6,Original-paper GAN,1.0963590594208508,-0.7983007716414365,1.9824590369735182
2012-09-01,60,6,Our replicated GAN,1.1766491496846574,0.00040007528579988675,2.1044388499043207
2012-09-01,60,6,Extension LSTM,0.8778053075085085,-0.10332708129603134,1.6229923739694703
2012-09-01,60,6,Transformer,0.2175996420452674,-1.2332527418712087,1.1711719472920765
2012-09-01,60,6,Equal-weight LSTM–Transformer combination,0.6062370749265351,-0.7133779298085493,1.4496439707301867
2012-10-01,60,6,Original-paper GAN,1.1111029350774195,-0.6955732772856241,2.0285820769071767
2012-10-01,60,6,Our replicated GAN,1.2047023700597816,-0.03016390119646,2.188298146819153
2012-10-01,60,6,Extension LSTM,0.9411526080542079,-0.13695940440104087,1.7297654666366864
2012-10-01,60,6,Transformer,0.21067626166310915,-1.1831046923035085,1.19662655065386
2012-10-01,60,6,Equal-weight LSTM–Transformer combination,0.6337247269614981,-0.6798737126933713,1.509291575596898
2012-11-01,60,6,Original-paper GAN,1.1189526138171912,-0.7375594367832601,2.048306119986906
2012-11-01,60,6,Our replicated GAN,1.2640300554304722,-0.10941894228097093,2.2532512063977626
2012-11-01,60,6,Extension LSTM,0.9157804790491051,-0.05701725036208667,1.6693809168217528
2012-11-01,60,6,Transformer,0.23526511428835722,-1.0942778176486463,1.3016113136444187
2012-11-01,60,6,Equal-weight LSTM–Transformer combination,0.6377204034188141,-0.6035234311450127,1.527137628291447
2012-12-01,60,6,Original-paper GAN,1.0975219442816162,-0.6507555434024961,2.017687246496869
2012-12-01,60,6,Our replicated GAN,1.2205725941979582,0.05809311658185883,2.189741977800799
2012-12-01,60,6,Extension LSTM,0.8528938488868695,-0.03867685665533009,1.620768049704499
2012-12-01,60,6,Transformer,0.19112546774306186,-1.1423377776041241,1.1642310876290378
2012-12-01,60,6,Equal-weight LSTM–Transformer combination,0.575453402314505,-0.6481740099564403,1.4053974805734213
2012-12-01,60,3,Original-paper GAN,1.0975219442816162,-0.5557578816834453,2.0809130534497373
2012-12-01,60,3,Our replicated GAN,1.2205725941979582,0.030605950070516707,2.155474631513126
2012-12-01,60,3,Extension LSTM,0.8528938488868695,-0.15811221968759195,1.767882200516141
2012-12-01,60,3,Transformer,0.19112546774306186,-0.9887703910211817,1.1321019100743805
2012-12-01,60,3,Equal-weight LSTM–Transformer combination,0.575453402314505,-0.5846127781340423,1.4719584451576593
2012-12-01,60,12,Original-paper GAN,1.0975219442816162,-0.9992835959490844,2.003156363010863
2012-12-01,60,12,Our replicated GAN,1.2205725941979582,0.035263160853657126,2.181416677719492
2012-12-01,60,12,Extension LSTM,0.8528938488868695,0.06495910901920933,1.472374203825442
2012-12-01,60,12,Transformer,0.19112546774306186,-1.5024014672408708,1.199924173160897
2012-12-01,60,12,Equal-weight LSTM–Transformer combination,0.575453402314505,-0.9842060024565205,1.4297594459175829
2013-01-01,60,6,Original-paper GAN,1.1288630550365208,-0.6081389891438228,2.018143419514787
2013-01-01,60,6,Our replicated GAN,1.2039811238920695,0.06842601009128929,2.1686578362508375
2013-01-01,60,6,Extension LSTM,0.8870368543975795,-0.028972972697626945,1.6807864043143543
2013-01-01,60,6,Transformer,0.28125404086548134,-1.1331636640192109,1.307853725275285
2013-01-01,60,6,Equal-weight LSTM–Transformer combination,0.6589095315307093,-0.5980493586501446,1.5172616238667478
2013-02-01,60,6,Original-paper GAN,1.0832220132321828,-0.8242879364760506,1.9978310431522899
2013-02-01,60,6,Our replicated GAN,1.15861604917512,-0.08841044258294253,2.142112138815527
2013-02-01,60,6,Extension LSTM,0.869848901861573,-0.01386041188580768,1.6342847099447608
2013-02-01,60,6,Transformer,0.2546668653047042,-1.2865412217482777,1.2480074473928535
2013-02-01,60,6,Equal-weight LSTM–Transformer combination,0.6328272559866662,-0.7276369167852614,1.5185228624778264
2013-03-01,60,6,Original-paper GAN,1.0974290411034218,-0.8342212978587262,1.9995365403127003
2013-03-01,60,6,Our replicated GAN,1.140690601756046,-0.0975266205017644,2.1277466984376483
2013-03-01,60,6,Extension LSTM,0.8348533596649356,-0.05348634829724195,1.5534942634230038
2013-03-01,60,6,Transformer,0.2335717185364365,-1.2715802510221974,1.2028389090212093
2013-03-01,60,6,Equal-weight LSTM–Transformer combination,0.6007705658092761,-0.7341802911938329,1.4455902690279794
2013-04-01,60,6,Original-paper GAN,1.0537659967326176,-0.8585182239032199,1.9374524741451005
2013-04-01,60,6,Our replicated GAN,1.0921325895430267,-0.07260416625250095,2.009911222605706
2013-04-01,60,6,Extension LSTM,0.7545174828078292,-0.1536947478453064,1.6120887773350783
2013-04-01,60,6,Transformer,0.18811325884925703,-1.2279583894333481,1.1777615770209229
2013-04-01,60,6,Equal-weight LSTM–Transformer combination,0.5281357037990844,-0.786108959521671,1.3535283028631069
2013-05-01,60,6,Original-paper GAN,1.086084269082836,-0.818459670604965,1.983710650227038
2013-05-01,60,6,Our replicated GAN,1.0649650481787067,-0.09734186523993348,1.9934720455786024
2013-05-01,60,6,Extension LSTM,0.7201747553411941,-0.24460878585018592,1.5628121664929717
2013-05-01,60,6,Transformer,0.10014651189200356,-1.219715730518099,1.06210694394414
2013-05-01,60,6,Equal-weight LSTM–Transformer combination,0.44527025176917323,-0.7660579537604078,1.2821050285461102
2013-06-01,60,6,Original-paper GAN,1.1756927173373988,-0.8419172745203618,2.1456070924903146
2013-06-01,60,6,Our replicated GAN,1.1097836136944532,-0.038329901987233836,2.0952528383056634
2013-06-01,60,6,Extension LSTM,0.8783880683639712,-0.048308424266314515,1.6555333215401455
2013-06-01,60,6,Transformer,0.20051679594050056,-1.2454967765266418,1.2079313773508016
2013-06-01,60,6,Equal-weight LSTM–Transformer combination,0.6020958239253259,-0.6968629788170554,1.4628224616352816
2013-07-01,60,6,Original-paper GAN,1.1409438989444658,-0.9489448039481365,2.1181403973743955
2013-07-01,60,6,Our replicated GAN,1.0348621185904592,-0.14962241428921874,2.005980958924742
2013-07-01,60,6,Extension LSTM,0.8569703715149998,0.014614119948142542,1.6311971937578813
2013-07-01,60,6,Transformer,0.0539366177605258,-1.341451361091794,1.0175210686995995
2013-07-01,60,6,Equal-weight LSTM–Transformer combination,0.49087381567040655,-0.7912470001013532,1.359335357991781
2013-08-01,60,6,Original-paper GAN,1.164648004196608,-0.9800544616315486,2.161749023680712
2013-08-01,60,6,Our replicated GAN,1.0221002764637246,-0.09092579578903806,1.9951491819024623
2013-08-01,60,6,Extension LSTM,0.9353471433102128,0.09383151757007664,1.6662894413540479
2013-08-01,60,6,Transformer,0.010326959370800514,-1.5091433693475385,1.060383635867358
2013-08-01,60,6,Equal-weight LSTM–Transformer combination,0.49330628279212546,-0.9402927177236983,1.4203705770153043
2013-09-01,60,6,Original-paper GAN,1.1872315593159026,-1.0148987340885305,2.121433232135048
2013-09-01,60,6,Our replicated GAN,1.020311744388358,-0.05650940861125324,1.938657459055258
2013-09-01,60,6,Extension LSTM,1.0535398303163706,0.16982116627931185,1.7684791077442819
2013-09-01,60,6,Transformer,0.003291029860277062,-1.5059907368136642,1.0141399881619384
2013-09-01,60,6,Equal-weight LSTM–Transformer combination,0.5326022928142956,-0.804304188590703,1.4113221099471611
2013-10-01,60,6,Original-paper GAN,1.2502268231644418,-0.9931350029682584,2.278094582725776
2013-10-01,60,6,Our replicated GAN,0.9741450070993756,-0.2502068282963627,1.9052990193950468
2013-10-01,60,6,Extension LSTM,1.0578745521626214,0.22781556457335367,1.8305386964112422
2013-10-01,60,6,Transformer,0.20292264754650816,-1.1787373465714461,1.2053111336859312
2013-10-01,60,6,Equal-weight LSTM–Transformer combination,0.6867849401639299,-0.6307528541477064,1.5972426808352465
2013-11-01,60,6,Original-paper GAN,1.219132489720354,-1.039523450287198,2.1646802259805447
2013-11-01,60,6,Our replicated GAN,0.9539289765763146,-0.24570238553495594,1.8381957740809347
2013-11-01,60,6,Extension LSTM,0.8879693569324096,0.017931523954130956,1.6523116020725068
2013-11-01,60,6,Transformer,0.29284882721959116,-1.0493607088490386,1.2342472889678968
2013-11-01,60,6,Equal-weight LSTM–Transformer combination,0.6372020108144678,-0.6691871128778055,1.5704723646320438
2013-12-01,60,6,Original-paper GAN,1.141246748232052,-1.251880016120412,2.165088134625301
2013-12-01,60,6,Our replicated GAN,0.8653097806277736,-0.4109694322313937,1.809888144946679
2013-12-01,60,6,Extension LSTM,0.7653273098268637,-0.14179456047785474,1.595471864995784
2013-12-01,60,6,Transformer,0.22219156312034938,-1.1831028557977623,1.2297718342586912
2013-12-01,60,6,Equal-weight LSTM–Transformer combination,0.5304165963074489,-0.8547989943969654,1.543548331756934
2013-12-01,60,3,Original-paper GAN,1.141246748232052,-1.0135190540865933,2.1713438290985168
2013-12-01,60,3,Our replicated GAN,0.8653097806277736,-0.3511812329850714,1.7511548918416002
2013-12-01,60,3,Extension LSTM,0.7653273098268637,-0.15441775622944065,1.6487133541441754
2013-12-01,60,3,Transformer,0.22219156312034938,-1.126107528134744,1.243908963569303
2013-12-01,60,3,Equal-weight LSTM–Transformer combination,0.5304165963074489,-0.7527347611014784,1.558343182339493
2013-12-01,60,12,Original-paper GAN,1.141246748232052,-1.6393937939607734,2.190572198190773
2013-12-01,60,12,Our replicated GAN,0.8653097806277736,-0.3116843627349639,1.8355544751522332
2013-12-01,60,12,Extension LSTM,0.7653273098268637,-0.11189394614523887,1.5307807004799714
2013-12-01,60,12,Transformer,0.22219156312034938,-1.592117471997497,1.310364259320038
2013-12-01,60,12,Equal-weight LSTM–Transformer combination,0.5304165963074489,-1.0974797029410894,1.6147450352325758
2014-01-01,60,6,Original-paper GAN,1.053070253387781,-1.2913719673932358,2.0920994125842327
2014-01-01,60,6,Our replicated GAN,0.8276578635270936,-0.38661204188160503,1.7406120156398153
2014-01-01,60,6,Extension LSTM,0.6929934257488554,-0.2621890781562303,1.5781146106629182
2014-01-01,60,6,Transformer,0.3115743878248543,-1.0097100937415702,1.2850627942935982
2014-01-01,60,6,Equal-weight LSTM–Transformer combination,0.5439226989052767,-0.8060850258211077,1.518937438259133
2014-02-01,60,6,Original-paper GAN,1.1644350335405338,-1.3073143713190905,2.204890602273461
2014-02-01,60,6,Our replicated GAN,0.8172466991168675,-0.44699081719022576,1.7770454775686042
2014-02-01,60,6,Extension LSTM,0.7165260542030512,-0.24801030375078842,1.5753056001091539
2014-02-01,60,6,Transformer,0.46535923276005625,-0.7885997594612735,1.396685684222549
2014-02-01,60,6,Equal-weight LSTM–Transformer combination,0.666365852132543,-0.6024176470198087,1.624199345596775
2014-03-01,60,6,Original-paper GAN,1.178349431136447,-1.2557652623991096,2.248457828777621
2014-03-01,60,6,Our replicated GAN,0.8149677467925307,-0.38760909176767583,1.8095408799187054
2014-03-01,60,6,Extension LSTM,0.7491632613940231,-0.12344433417863701,1.591072607837889
2014-03-01,60,6,Transformer,0.5578509514293521,-0.6686139946145632,1.4468895830268398
2014-03-01,60,6,Equal-weight LSTM–Transformer combination,0.7449742438320592,-0.4436306940324942,1.6069394284563665
2014-04-01,60,6,Original-paper GAN,2.381630036264417,1.068218253258532,3.3653605556281434
2014-04-01,60,6,Our replicated GAN,1.2298496239583807,0.30385925986151563,1.845069192196888
2014-04-01,60,6,Extension LSTM,1.0988259270434082,0.2621248492129806,1.9815285221177932
2014-04-01,60,6,Transformer,0.8480084724292837,-0.24749983812697252,1.639696273421863
2014-04-01,60,6,Equal-weight LSTM–Transformer combination,1.159737741775642,0.1468515111127428,1.9925190020272694
2014-05-01,60,6,Original-paper GAN,2.396589570329378,1.1389368128957365,3.3632650551652796
2014-05-01,60,6,Our replicated GAN,1.2548630195141501,0.3446272873502034,1.8907196220175402
2014-05-01,60,6,Extension LSTM,1.0471196718996858,0.18862391576309145,1.974011942362147
2014-05-01,60,6,Transformer,0.8591458030468142,-0.21881153517341662,1.6721445599527895
2014-05-01,60,6,Equal-weight LSTM–Transformer combination,1.142990632517078,0.09063768594329716,1.9856638120909518
2014-06-01,60,6,Original-paper GAN,2.313124293610694,0.9362035381579072,3.3790139281132023
2014-06-01,60,6,Our replicated GAN,1.2024086417159332,0.23564751990942231,1.8978559484316992
2014-06-01,60,6,Extension LSTM,0.9570886786024579,0.08244143446750896,1.7880869034724116
2014-06-01,60,6,Transformer,0.8713080983447102,-0.23260038129032862,1.6306218147081488
2014-06-01,60,6,Equal-weight LSTM–Transformer combination,1.1067832922529177,0.03206369037453812,1.9457244669614293
2014-07-01,60,6,Original-paper GAN,2.325417551476233,0.9041973114059801,3.460462473764079
2014-07-01,60,6,Our replicated GAN,1.3250043312445556,0.44837873501590714,1.8102412402499057
2014-07-01,60,6,Extension LSTM,0.9344688469914508,0.06386380476699206,1.82642601411283
2014-07-01,60,6,Transformer,0.8941469177607778,-0.16599120810322576,1.6554001361699198
2014-07-01,60,6,Equal-weight LSTM–Transformer combination,1.1019614917052942,0.02408054180460112,1.920810066290875
2014-08-01,60,6,Original-paper GAN,2.585597042581189,1.4012982965718026,3.572212884918947
2014-08-01,60,6,Our replicated GAN,1.446574838832244,0.4929450130463679,1.8263064497246486
2014-08-01,60,6,Extension LSTM,1.035608227989915,0.17938586032313333,1.96654435473544
2014-08-01,60,6,Transformer,1.3665119008592805,0.0756958435708677,2.3896064543826707
2014-08-01,60,6,Equal-weight LSTM–Transformer combination,1.550435760123293,0.4246661824934724,2.584095885514301
2014-09-01,60,6,Original-paper GAN,2.4995990525939766,1.217896475736718,3.481128239081101
2014-09-01,60,6,Our replicated GAN,1.5077442527988043,0.41335583438089657,1.8753935238817416
2014-09-01,60,6,Extension LSTM,1.0193986945365492,0.21656158164818437,1.950352960959113
2014-09-01,60,6,Transformer,1.3345332906829706,0.1539387566250352,2.3792216728833355
2014-09-01,60,6,Equal-weight LSTM–Transformer combination,1.527281784897404,0.4726632999695505,2.576879885630411
2014-10-01,60,6,Original-paper GAN,2.531334252912211,1.2936591457509272,3.553744040045044
2014-10-01,60,6,Our replicated GAN,1.5508211202875897,0.4491175155015637,1.9443668301750707
2014-10-01,60,6,Extension LSTM,0.9648646455756459,0.12469063318351874,1.90654034379794
2014-10-01,60,6,Transformer,1.3700383683505166,0.1465421455320842,2.3432575781358373
2014-10-01,60,6,Equal-weight LSTM–Transformer combination,1.5459527332638257,0.3963248991770522,2.591659040017153
2014-11-01,60,6,Original-paper GAN,2.5962921131902923,1.420116236675512,3.597006044697819
2014-11-01,60,6,Our replicated GAN,1.5514841883197257,0.42716477772355127,1.95056642676631
2014-11-01,60,6,Extension LSTM,0.9803787125551828,0.16025808724082297,1.8997007540656532
2014-11-01,60,6,Transformer,1.3759617383242186,0.14884329096667254,2.3997853934250966
2014-11-01,60,6,Equal-weight LSTM–Transformer combination,1.557103584709168,0.3993129816356495,2.6063743372497883
2014-12-01,60,6,Original-paper GAN,2.361958117555173,0.920782246237901,3.4231943915707475
2014-12-01,60,6,Our replicated GAN,1.4126436176294777,0.4234162584092274,1.8084658389213206
2014-12-01,60,6,Extension LSTM,0.8923817838779823,0.04422894118989714,1.7511055139617138
2014-12-01,60,6,Transformer,1.3752020909541574,0.16049148517670908,2.38335683333704
2014-12-01,60,6,Equal-weight LSTM–Transformer combination,1.5151228498756535,0.44078354254366797,2.5246042818650674
2014-12-01,60,3,Original-paper GAN,2.361958117555173,1.208045465005595,3.3180321635691747
2014-12-01,60,3,Our replicated GAN,1.4126436176294777,0.3349843151798638,1.9339704812128489
2014-12-01,60,3,Extension LSTM,0.8923817838779823,0.12626760477014295,1.7671095720872796
2014-12-01,60,3,Transformer,1.3752020909541574,0.1728222651888136,2.484363529459955
2014-12-01,60,3,Equal-weight LSTM–Transformer combination,1.5151228498756535,0.4635313573854924,2.5874727944998077
2014-12-01,60,12,Original-paper GAN,2.361958117555173,0.7906581799238442,3.5978104243923172
2014-12-01,60,12,Our replicated GAN,1.4126436176294777,0.6246224191222302,1.7832847642433538
2014-12-01,60,12,Extension LSTM,0.8923817838779823,0.14606419405831364,1.7913442359587115
2014-12-01,60,12,Transformer,1.3752020909541574,0.3093579210414386,2.2636875601186137
2014-12-01,60,12,Equal-weight LSTM–Transformer combination,1.5151228498756535,0.5176509386899278,2.5304314437095936
2015-01-01,60,6,Original-paper GAN,2.360684535367387,1.0202437314814017,3.4151097370386196
2015-01-01,60,6,Our replicated GAN,1.4843433831149002,0.5325394317702805,1.8552814454817614
2015-01-01,60,6,Extension LSTM,0.8949871956832702,0.010180566344497016,1.8108665471760599
2015-01-01,60,6,Transformer,1.5662381879227951,0.2811108798378506,2.583543204661757
2015-01-01,60,6,Equal-weight LSTM–Transformer combination,1.6273620321935556,0.4954276819222302,2.648281857989681
2015-02-01,60,6,Original-paper GAN,2.4557321386221598,1.2205118096441312,3.4419770214917076
2015-02-01,60,6,Our replicated GAN,1.4817174412949845,0.5312864661487661,1.846993269923083
2015-02-01,60,6,Extension LSTM,0.9318956772479879,0.04552568027461012,1.8227072731282845
2015-02-01,60,6,Transformer,1.4932648627752227,0.17233571591127614,2.5634625841229193
2015-02-01,60,6,Equal-weight LSTM–Transformer combination,1.607133421400875,0.45559693553431857,2.646912307568478
2015-03-01,60,6,Original-paper GAN,2.460885860612492,1.157143501946477,3.4730742878674334
2015-03-01,60,6,Our replicated GAN,1.5458784119235132,0.6060790849509756,1.8904544509767234
2015-03-01,60,6,Extension LSTM,0.898209740223958,0.0012740716444218287,1.8534138994561504
2015-03-01,60,6,Transformer,1.5837767476855096,0.3677435290323465,2.5522258906847006
2015-03-01,60,6,Equal-weight LSTM–Transformer combination,1.6466359136817035,0.5323877116816239,2.7104960637949778
2015-04-01,60,6,Original-paper GAN,2.682137131830934,1.5616970848880383,3.630979801208056
2015-04-01,60,6,Our replicated GAN,1.541719674824798,0.56641430955616,1.89235628245034
2015-04-01,60,6,Extension LSTM,0.9311935455170484,0.1074068660568982,1.8752322333137597
2015-04-01,60,6,Transformer,1.6740980126435796,0.4219581222470418,2.629850498620408
2015-04-01,60,6,Equal-weight LSTM–Transformer combination,1.7416833356213175,0.6586750352390299,2.7632252613968733
2015-05-01,60,6,Original-paper GAN,2.7838754631798217,1.7022006481236616,3.6980722213247277
2015-05-01,60,6,Our replicated GAN,1.675670742981823,0.7844548171317386,2.0754151134335626
2015-05-01,60,6,Extension LSTM,0.9906232047831606,0.14656278792264052,1.8671871387669159
2015-05-01,60,6,Transformer,1.8645481149238674,0.7548720989544848,2.7906405592230485
2015-05-01,60,6,Equal-weight LSTM–Transformer combination,1.8826848015390227,0.8472381184900797,2.8003131190664505
2015-06-01,60,6,Original-paper GAN,2.764312235038782,1.7335485375714204,3.633312536155499
2015-06-01,60,6,Our replicated GAN,1.7011295535449418,0.6768855197269357,2.115800890422036
2015-06-01,60,6,Extension LSTM,1.0084218059180567,0.14768519044608253,1.917501400262842
2015-06-01,60,6,Transformer,1.898618381689239,0.7851442725202765,2.808517669296058
2015-06-01,60,6,Equal-weight LSTM–Transformer combination,1.9218755556447011,0.8706746450728616,2.884309449442553
2015-07-01,60,6,Original-paper GAN,2.7384831377835606,1.696254325711544,3.565989802616106
2015-07-01,60,6,Our replicated GAN,1.6734189544832645,0.726924770089351,2.070888056559737
2015-07-01,60,6,Extension LSTM,0.9521392717161746,0.11843340294367818,1.8070017860124816
2015-07-01,60,6,Transformer,1.9274799982392614,0.7663185661434443,2.855704830872513
2015-07-01,60,6,Equal-weight LSTM–Transformer combination,2.0009178024406675,0.8831489648804497,2.955084981799908
2015-08-01,60,6,Original-paper GAN,2.737384252110389,1.6530726802193556,3.616036639701059
2015-08-01,60,6,Our replicated GAN,1.6829310882419597,0.6745029034081674,2.081760803886972
2015-08-01,60,6,Extension LSTM,0.9673261176278297,0.14761845316530925,1.8389679689538208
2015-08-01,60,6,Transformer,1.8514887542466345,0.7993459204917981,2.7004333465720345
2015-08-01,60,6,Equal-weight LSTM–Transformer combination,1.9749921182149535,0.8905718212391396,2.9576727574238975
2015-09-01,60,6,Original-paper GAN,2.725202147489502,1.6440658794413852,3.570677039706562
2015-09-01,60,6,Our replicated GAN,1.7154944854509282,0.652626891350519,2.1215984167201896
2015-09-01,60,6,Extension LSTM,1.0720774000366604,0.2964593691209666,1.891782824809396
2015-09-01,60,6,Transformer,1.8395524225943836,0.8195868673152427,2.7319874510241893
2015-09-01,60,6,Equal-weight LSTM–Transformer combination,1.9801821959936654,0.8928111915951182,2.9828158901934847
2015-10-01,60,6,Original-paper GAN,2.7266571051161055,1.6445491190820503,3.56003241360895
2015-10-01,60,6,Our replicated GAN,1.7391265034141623,0.7424564371789861,2.1431881987573043
2015-10-01,60,6,Extension LSTM,1.0168766879938824,0.20954865425849928,1.9055427129418598
2015-10-01,60,6,Transformer,1.8463269556208775,0.796694313754899,2.7025686177713286
2015-10-01,60,6,Equal-weight LSTM–Transformer combination,1.9578574192310145,0.9499302843126931,2.962811110354896
2015-11-01,60,6,Original-paper GAN,2.7621947915681617,1.6506930340257846,3.6180723386621385
2015-11-01,60,6,Our replicated GAN,1.7707186337017782,0.7777550376449321,2.2092507201231086
2015-11-01,60,6,Extension LSTM,1.0111821530063172,0.17385093324574435,1.7838048322209556
2015-11-01,60,6,Transformer,1.9280219825577982,0.8390963790388077,2.7906270916331763
2015-11-01,60,6,Equal-weight LSTM–Transformer combination,2.0314434882261025,0.9654571708008323,2.958085928263567
2015-12-01,60,6,Original-paper GAN,2.8024761754973118,1.7338820093719423,3.6468101453108477
2015-12-01,60,6,Our replicated GAN,1.8602790893122363,0.7726992706337455,2.3147235238629125
2015-12-01,60,6,Extension LSTM,1.2242552470418055,0.5083129657919252,1.9364219865589567
2015-12-01,60,6,Transformer,1.9524261200652315,0.8483639210144415,2.802805685499793
2015-12-01,60,6,Equal-weight LSTM–Transformer combination,2.157435774156845,1.1085174325354512,3.08755003158124
2015-12-01,60,3,Original-paper GAN,2.8024761754973118,1.7947454625664918,3.588591837155809
2015-12-01,60,3,Our replicated GAN,1.8602790893122363,0.6719239151921521,2.320154341134112
2015-12-01,60,3,Extension LSTM,1.2242552470418055,0.5429522532071795,1.9029654761919077
2015-12-01,60,3,Transformer,1.9524261200652315,0.850618046382096,2.8275155034545705
2015-12-01,60,3,Equal-weight LSTM–Transformer combination,2.157435774156845,1.1510555800537778,3.0000863068526114
2015-12-01,60,12,Original-paper GAN,2.8024761754973118,1.6428412605178424,3.7859580318754307
2015-12-01,60,12,Our replicated GAN,1.8602790893122363,0.8512167731607874,2.2928911621333463
2015-12-01,60,12,Extension LSTM,1.2242552470418055,0.5747193215145956,1.946174532934297
2015-12-01,60,12,Transformer,1.9524261200652315,1.0247101910840868,2.8954695083423636
2015-12-01,60,12,Equal-weight LSTM–Transformer combination,2.157435774156845,1.1937245088635573,3.159197500620303
2016-01-01,60,6,Original-paper GAN,2.882570551092181,1.7842974172970716,3.8417840015349065
2016-01-01,60,6,Our replicated GAN,1.9127695775816862,0.7051164592537724,2.407287900846764
2016-01-01,60,6,Extension LSTM,1.258380821862633,0.5564140757021473,1.921803318697858
2016-01-01,60,6,Transformer,2.082882185536103,1.020777079910376,2.9351527504639368
2016-01-01,60,6,Equal-weight LSTM–Transformer combination,2.2535023774229352,1.2515572745479369,3.14905201658741
2016-02-01,60,6,Original-paper GAN,2.820909606179868,1.775816175583373,3.7030771889938707
2016-02-01,60,6,Our replicated GAN,1.956709262445796,0.6229623633224987,2.482338061516544
2016-02-01,60,6,Extension LSTM,1.37466152655792,0.672549770195466,2.095909719086356
2016-02-01,60,6,Transformer,2.1770919752027407,1.0282326708137994,3.073288276924304
2016-02-01,60,6,Equal-weight LSTM–Transformer combination,2.435144197215753,1.3273099902697436,3.3813771852258228
2016-03-01,60,6,Original-paper GAN,2.734849670339631,1.7137586707659078,3.5577983863315046
2016-03-01,60,6,Our replicated GAN,1.9386260974463065,0.5896530488727216,2.4556999094491916
2016-03-01,60,6,Extension LSTM,1.3908993130537222,0.617530164303018,2.129229190549492
2016-03-01,60,6,Transformer,1.958151620451346,0.9130716173281626,2.850638356968691
2016-03-01,60,6,Equal-weight LSTM–Transformer combination,2.296940218231083,1.2937113293019844,3.2424715423176482
2016-04-01,60,6,Original-paper GAN,2.2687646105023824,0.8650033516906913,3.374563146045949
2016-04-01,60,6,Our replicated GAN,1.5541057169665717,0.3638546597820495,2.3554253153137945
2016-04-01,60,6,Extension LSTM,1.0018146779014476,0.1364358511006427,1.7019983885127306
2016-04-01,60,6,Transformer,1.3661029357546397,-0.15694504205662557,2.454383594738022
2016-04-01,60,6,Equal-weight LSTM–Transformer combination,1.4652974716144258,-0.17884900899388023,2.5570317777018747
2016-05-01,60,6,Original-paper GAN,2.323393007940428,1.0516294591209665,3.281216253997032
2016-05-01,60,6,Our replicated GAN,1.6144988988299527,0.31315814228486544,2.266093587609733
2016-05-01,60,6,Extension LSTM,1.0893757981496832,0.27045510170516357,1.6944689989874406
2016-05-01,60,6,Transformer,1.437035459589532,-0.053993061492858825,2.413966822181461
2016-05-01,60,6,Equal-weight LSTM–Transformer combination,1.5385421238933807,-0.06337888981787354,2.4531193616301397
2016-06-01,60,6,Original-paper GAN,2.3704722930395934,1.014456725439581,3.313850384023871
2016-06-01,60,6,Our replicated GAN,1.6356212918526984,0.4591789194338114,2.2632690340212074
2016-06-01,60,6,Extension LSTM,1.159894018260232,0.3458805202084934,1.7859600045489747
2016-06-01,60,6,Transformer,1.381261079928725,-0.09499810318151311,2.3802986100890213
2016-06-01,60,6,Equal-weight LSTM–Transformer combination,1.5488310540199415,-0.010231772173908844,2.480384683356925
2016-07-01,60,6,Original-paper GAN,2.3573816333930955,1.0456658173071198,3.3578600902973785
2016-07-01,60,6,Our replicated GAN,1.6490575940068266,0.4542219926020872,2.2969175045106747
2016-07-01,60,6,Extension LSTM,1.046709644900956,0.30556190578927356,1.6218732475275603
2016-07-01,60,6,Transformer,1.3339866776879794,-0.22893683218996624,2.364454312703541
2016-07-01,60,6,Equal-weight LSTM–Transformer combination,1.4442527205878208,-0.1496087548835354,2.3994616705501124
2016-08-01,60,6,Original-paper GAN,2.2375467189117684,0.9716016593175539,3.18982788726289
2016-08-01,60,6,Our replicated GAN,1.6167397010071083,0.4892442026790111,2.26828187986284
2016-08-01,60,6,Extension LSTM,0.9527956601797896,0.2898980868834084,1.5056272588774184
2016-08-01,60,6,Transformer,1.2694523282007146,-0.2551859396761424,2.264211260252736
2016-08-01,60,6,Equal-weight LSTM–Transformer combination,1.3508578101998954,-0.22479110868518007,2.272057928879089
2016-09-01,60,6,Original-paper GAN,2.2512561949987675,0.9804445748448499,3.193452837653164
2016-09-01,60,6,Our replicated GAN,1.6084719783022166,0.360473191374853,2.268330872720358
2016-09-01,60,6,Extension LSTM,0.8244912046551397,0.25912151710481984,1.3299726051422989
2016-09-01,60,6,Transformer,1.2409205207698475,-0.1953744846445475,2.2159447787464934
2016-09-01,60,6,Equal-weight LSTM–Transformer combination,1.2627428532588987,-0.26236575463971873,2.1396531372432066
2016-10-01,60,6,Original-paper GAN,2.2099529798497946,0.8144565373481715,3.1827294814086184
2016-10-01,60,6,Our replicated GAN,1.862927595614553,0.45502857588169693,2.785406465403148
2016-10-01,60,6,Extension LSTM,0.7989819862916739,0.17169073009805705,1.3093659674121518
2016-10-01,60,6,Transformer,1.206461589206821,-0.2556845386461762,2.172320658067574
2016-10-01,60,6,Equal-weight LSTM–Transformer combination,1.2381321791449387,-0.35956532784628714,2.11728322152448
2016-11-01,60,6,Original-paper GAN,2.1272334910834845,0.8638958796770561,3.0958737029805863
2016-11-01,60,6,Our replicated GAN,1.814390226324382,0.4742761336932327,2.729133989557351
2016-11-01,60,6,Extension LSTM,0.709989368388212,0.08586583254333802,1.226827914086263
2016-11-01,60,6,Transformer,1.10605691355661,-0.3501148338279643,2.1045359139563717
2016-11-01,60,6,Equal-weight LSTM–Transformer combination,1.1244176259858527,-0.44646313835704904,2.016276074397503
2016-12-01,60,6,Original-paper GAN,2.0524651410231596,0.8525260680560599,3.020771079987854
2016-12-01,60,6,Our replicated GAN,1.7745896907746928,0.4236186439163764,2.6705855039733355
2016-12-01,60,6,Extension LSTM,0.7454895062515098,0.13546910446724014,1.2374548322959245
2016-12-01,60,6,Transformer,1.0952424518083996,-0.4112850542850599,2.0866590033949963
2016-12-01,60,6,Equal-weight LSTM–Transformer combination,1.1321787513712671,-0.46905991263892294,2.0420892721843384
2016-12-01,60,3,Original-paper GAN,2.0524651410231596,0.8736870246677368,2.9751353940610583
2016-12-01,60,3,Our replicated GAN,1.7745896907746928,0.43956529331172706,2.682473001213765
2016-12-01,60,3,Extension LSTM,0.7454895062515098,0.03779420138664733,1.348880396218086
2016-12-01,60,3,Transformer,1.0952424518083996,-0.2639945400573741,2.062124809076761
2016-12-01,60,3,Equal-weight LSTM–Transformer combination,1.1321787513712671,-0.30216355190241423,2.03910571582029
2016-12-01,60,12,Original-paper GAN,2.0524651410231596,0.7093886041318207,2.898927953175387
2016-12-01,60,12,Our replicated GAN,1.7745896907746928,0.7441294662264932,2.5112776283414164
2016-12-01,60,12,Extension LSTM,0.7454895062515098,0.21517020577435791,1.187714825874118
2016-12-01,60,12,Transformer,1.0952424518083996,-0.34278839025464697,2.0737665439142376
2016-12-01,60,12,Equal-weight LSTM–Transformer combination,1.1321787513712671,-0.433444493181119,1.990187505577256
