date,mean_annualized_arithmetic,volatility_annualized,sharpe_annualized,return_compounded_window,return_annualized_geometric,max_drawdown_window,model,window_months
1992-01-01,,,,,,,LS,36
1992-02-01,,,,,,,LS,36
1992-03-01,,,,,,,LS,36
1992-04-01,,,,,,,LS,36
1992-05-01,,,,,,,LS,36
1992-06-01,,,,,,,LS,36
1992-07-01,,,,,,,LS,36
1992-08-01,,,,,,,LS,36
1992-09-01,,,,,,,LS,36
1992-10-01,,,,,,,LS,36
1992-11-01,,,,,,,LS,36
1992-12-01,,,,,,,LS,36
1993-01-01,,,,,,,LS,36
1993-02-01,,,,,,,LS,36
1993-03-01,,,,,,,LS,36
1993-04-01,,,,,,,LS,36
1993-05-01,,,,,,,LS,36
1993-06-01,,,,,,,LS,36
1993-07-01,,,,,,,LS,36
1993-08-01,,,,,,,LS,36
1993-09-01,,,,,,,LS,36
1993-10-01,,,,,,,LS,36
1993-11-01,,,,,,,LS,36
1993-12-01,,,,,,,LS,36
1994-01-01,,,,,,,LS,36
1994-02-01,,,,,,,LS,36
1994-03-01,,,,,,,LS,36
1994-04-01,,,,,,,LS,36
1994-05-01,,,,,,,LS,36
1994-06-01,,,,,,,LS,36
1994-07-01,,,,,,,LS,36
1994-08-01,,,,,,,LS,36
1994-09-01,,,,,,,LS,36
1994-10-01,,,,,,,LS,36
1994-11-01,,,,,,,LS,36
1994-12-01,0.07510673236697074,0.0163647533784253,4.589542575446857,0.2513476264543444,0.07760432240664214,-0.004641595237786844,LS,36
1995-01-01,0.07584289605145403,0.016469954301429716,4.604924498477223,0.2540905582874165,0.0783911110067948,-0.004641595237786955,LS,36
1995-02-01,0.07404689783462394,0.016917249078335937,4.377005829478958,0.24736568242047088,0.07646008411197165,-0.004641595237786955,LS,36
1995-03-01,0.07378152660220541,0.016972100461518917,4.347224244252578,0.24637566218994025,0.07617521727905531,-0.004641595237786955,LS,36
1995-04-01,0.07163711212500758,0.01701982337237644,4.2090396919909425,0.2384281372094115,0.07388292461169572,-0.004641595237786955,LS,36
1995-05-01,0.06971396613153669,0.017361612814505253,4.015408411440449,0.2313237339687685,0.0718254959001276,-0.004641595237786955,LS,36
1995-06-01,0.06929266268432685,0.01728477377136268,4.008884559376215,0.22978222403186882,0.07137803176880991,-0.004641595237786955,LS,36
1995-07-01,0.06644505739408388,0.01685203899589043,3.9428497293584055,0.21940633676459548,0.068356383226048,-0.004641595237786955,LS,36
1995-08-01,0.06617680434906538,0.016833193421942352,3.9313279833642727,0.2184319378470988,0.06807174124466447,-0.004641595237787066,LS,36
1995-09-01,0.06432889803803231,0.017349044890372225,3.707921585569897,0.21170044012338898,0.06610117468663308,-0.004641595237787066,LS,36
1995-10-01,0.06583581812032467,0.01747738129365706,3.766915478591635,0.21715291434096526,0.06769788172146296,-0.004641595237786955,LS,36
1995-11-01,0.06287023215379435,0.0172836499705864,3.6375552768534387,0.2064414529663849,0.06455658411696427,-0.004641595237786844,LS,36
1995-12-01,0.06063608544721497,0.016678313472863016,3.6356245219802865,0.1984598959698191,0.06220376212839402,-0.004641595237786955,LS,36
1996-01-01,0.05394756194765525,0.015210152795842986,3.5468126238941786,0.17484444101331253,0.055180577795355755,-0.004641595237786955,LS,36
1996-02-01,0.053307942685017776,0.015164311488364005,3.5153552949583258,0.17260467785857694,0.05450960725390724,-0.004641595237787066,LS,36
1996-03-01,0.04955061628456657,0.016044143731743073,3.088392694122497,0.15946943151554058,0.05055735534715177,-0.005004171575569871,LS,36
1996-04-01,0.048450493674602,0.015839344790159145,3.0588698154171055,0.15567576565403404,0.04941033123958859,-0.005004171575569871,LS,36
1996-05-01,0.04769764356778351,0.016283241200864846,2.9292474992785933,0.1530542504799082,0.04861624234496634,-0.006593182207180859,LS,36
1996-06-01,0.049096668490016815,0.016725090968277706,2.9355098027949693,0.15785936314622281,0.05007085331285336,-0.006593182207180748,LS,36
1996-07-01,0.04981976604433125,0.01687974174074455,2.9514530974176947,0.16035455472769988,0.05082461442231079,-0.006593182207180748,LS,36
1996-08-01,0.04807614629486854,0.0162090045519183,2.966014732174212,0.1543631435944809,0.04901287229929003,-0.006593182207180748,LS,36
1996-09-01,0.04672123415407937,0.01628193448521379,2.8695137052976474,0.14969480672892743,0.047596864449489656,-0.006593182207180748,LS,36
1996-10-01,0.04761617468663998,0.0164399004020857,2.896378537706895,0.15276472077658648,0.04852846649095273,-0.006593182207180637,LS,36
1996-11-01,0.049323147101172714,0.016382573835442022,3.0107080606874557,0.15866246318828697,0.0503135762411994,-0.006593182207180859,LS,36
1996-12-01,0.04932708158997284,0.016384255829978347,3.010639122206505,0.15867598916923747,0.050317663271602905,-0.006593182207180859,LS,36
1997-01-01,0.05400619774197772,0.016881148338219812,3.1992016573721367,0.17495614236760473,0.05521401807056808,-0.006593182207180748,LS,36
1997-02-01,0.05540028997448284,0.016690028773791422,3.319364557446339,0.17986931706384,0.05668279378796544,-0.006593182207180748,LS,36
1997-03-01,0.055606721444450016,0.01675459369734491,3.3188940566945515,0.18059309448029126,0.056898819635945716,-0.006593182207180859,LS,36
1997-04-01,0.053715310805697775,0.01656661966079223,3.2423820855152687,0.17395420402134168,0.0549139898349405,-0.006593182207180748,LS,36
1997-05-01,0.05313825355120641,0.016909973092596977,3.1424209406027868,0.1719124104725155,0.05430205042853261,-0.006593182207180748,LS,36
1997-06-01,0.05706348389489514,0.018401689853438333,3.1009915040076006,0.18563818185165384,0.058402179689197094,-0.006593182207180637,LS,36
1997-07-01,0.05816028655944347,0.018228983446970916,3.1905392162231556,0.18953835517822795,0.05956145237694165,-0.006593182207180748,LS,36
1997-08-01,0.058418834462009114,0.018202064746176996,3.209461963609315,0.19045864508993957,0.059834626238962026,-0.006593182207180748,LS,36
1997-09-01,0.05661293665359225,0.01844551301584409,3.0691982708728993,0.18404139451303803,0.05792682318326807,-0.006593182207180859,LS,36
1997-10-01,0.05680594434337388,0.018466391176671326,3.0761800613829235,0.18472259980275027,0.05812966721407479,-0.006593182207180748,LS,36
1997-11-01,0.05723047408105844,0.01853192245271986,3.0882103153123723,0.18622100540414294,0.058575577352037896,-0.006593182207180859,LS,36
1997-12-01,0.05809511462648674,0.01879608375832818,3.0908095204005415,0.18926988824710017,0.05948173556561909,-0.006593182207180859,LS,36
1998-01-01,0.05814453968139792,0.018809149981278306,3.0912901294993183,0.18944452647280402,0.059533592859555735,-0.006593182207180637,LS,36
1998-02-01,0.059965311091580376,0.018536491832885724,3.2349870532241423,0.1959455868146343,0.061460425199646875,-0.006593182207180748,LS,36
1998-03-01,0.05877080024943104,0.018822977291176067,3.122290344417613,0.191669536719118,0.060193846332882245,-0.006593182207180637,LS,36
1998-04-01,0.06240993983111158,0.01937060981527388,3.2218882330643424,0.2046475110671799,0.06402866789972347,-0.006593182207180859,LS,36
1998-05-01,0.0664893577404152,0.01951705945916344,3.4067302955926504,0.219391034501888,0.06835191429229082,-0.006593182207180637,LS,36
1998-06-01,0.06413742176460532,0.019595379156820306,3.27308909163321,0.21085823388814603,0.0658541155032692,-0.006593182207180859,LS,36
1998-07-01,0.06609380913937901,0.019743222566993245,3.347670772342644,0.21793679778579697,0.06792704248783668,-0.006593182207180748,LS,36
1998-08-01,0.06847364613815918,0.020251333773647354,3.3811919206656165,0.22657777425035372,0.07044665727938289,-0.006593182207180748,LS,36
1998-09-01,0.07224002612643336,0.0198154086328151,3.645649073660839,0.2404662860954786,0.07447171767160864,-0.006593182207180859,LS,36
1998-10-01,0.07256410567042376,0.01987451737233033,3.651112845207947,0.24166136021421514,0.07481665817616857,-0.006593182207180637,LS,36
1998-11-01,0.07523492251681727,0.019860766969711,3.7881176810319332,0.25158975940302264,0.07767382259428389,-0.006593182207180748,LS,36
1998-12-01,0.07415878176229207,0.01993880788193256,3.719318737680933,0.2475747783007149,0.07652022974428874,-0.006593182207180748,LS,36
1999-01-01,0.07398905604821014,0.020008368915664227,3.6979054294768274,0.24693842262205662,0.07633716355813815,-0.006593182207180748,LS,36
1999-02-01,0.07464492031507856,0.019988321702845327,3.734426602932496,0.24938066024116207,0.07703940534982846,-0.006593182207180748,LS,36
1999-03-01,0.07725682213457903,0.01899461989695479,4.067300243631872,0.2592196752194458,0.07985928528469,-0.006593182207180748,LS,36
1999-04-01,0.07395019247069673,0.01998861716427698,3.699615229154429,0.24679545793519045,0.07629602704757839,-0.006593182207180748,LS,36
1999-05-01,0.07898910700281776,0.018575552758897763,4.252315289243905,0.2657680348464223,0.08172792522189558,-0.006372767001260993,LS,36
1999-06-01,0.0764175057952824,0.018435000388433227,4.145240259567852,0.25611241726007394,0.07897033128902228,-0.006372767001261104,LS,36
1999-07-01,0.0746437348568972,0.018449920912028718,4.045748229101189,0.24948655602187159,0.07706983394807035,-0.006372767001260993,LS,36
1999-08-01,0.07409021986293084,0.018425894007007993,4.020983721861843,0.2474278427330237,0.07647796499078512,-0.006372767001261104,LS,36
1999-09-01,0.07584229354829794,0.018179299377825333,4.171904096634687,0.25397776707315245,0.07835878035657598,-0.006372767001260993,LS,36
1999-10-01,0.07398805277696408,0.018267140592086988,4.050335760212762,0.24705870345237932,0.07637177060392762,-0.006372767001260993,LS,36
1999-11-01,0.0661012092340402,0.02273677368407466,2.9072378584802885,0.21773002572225233,0.06786660421876038,-0.0176120847896315,LS,36
1999-12-01,0.05804478389841526,0.02481628134277889,2.3389799259873914,0.18862206019596073,0.05928932433380934,-0.03043129990983917,LS,36
2000-01-01,0.05350187270583377,0.02451637676536526,2.1822911769498035,0.17263196539169062,0.05451778697641351,-0.030953139621773262,LS,36
2000-02-01,0.03426768817685683,0.04104038810334856,0.8349747592679531,0.10526107320766365,0.033923226334392424,-0.08265565571481248,LS,36
2000-03-01,0.03982744487549097,0.04307839518029602,0.9245340897403709,0.12351051334863489,0.039582707756074524,-0.08265565571481237,LS,36
2000-04-01,0.05199174480578741,0.04783995156520509,1.086785063628743,0.16437281076853721,0.05203620318592057,-0.08265565571481248,LS,36
2000-05-01,0.057108878850712766,0.047491809813142584,1.2024995272955215,0.18236220826015173,0.057426475636868174,-0.08265565571481248,LS,36
2000-06-01,0.056244913975720776,0.04728816344820072,1.1894078744955119,0.17934943767176115,0.05652757085900378,-0.08265565571481248,LS,36
2000-07-01,0.05912241088329364,0.047474695327873566,1.2453457673604365,0.18949402373640634,0.05954828971592486,-0.08265565571481248,LS,36
2000-08-01,0.062150426576618324,0.04765534905834563,1.3041647538983718,0.20026337927997473,0.0627363085645184,-0.08265565571481248,LS,36
2000-09-01,0.06625303331086256,0.04769129738058548,1.3892059337818166,0.21504171013625734,0.06708020178378697,-0.08265565571481259,LS,36
2000-10-01,0.06698108684754106,0.04773024611690239,1.403325821607727,0.21767707789661375,0.06785112677765388,-0.08265565571481248,LS,36
2000-11-01,0.06258603431567863,0.04807406589896481,1.301866882805648,0.20175308917001683,0.06317579939720282,-0.08265565571481237,LS,36
2000-12-01,0.06347607942115369,0.04821986171152703,1.316388665751392,0.2049244961666412,0.06411021250045108,-0.08265565571481259,LS,36
2001-01-01,0.06693116465396387,0.04890551804970534,1.3685810379503203,0.21729155870042913,0.06773842022375402,-0.08265565571481237,LS,36
2001-02-01,0.07428902423024046,0.050388849623075965,1.4743147499088611,0.24403168515012974,0.07550016318691721,-0.08265565571481248,LS,36
2001-03-01,0.0765817782626487,0.0501986763250578,1.525573657893867,0.2525998094613099,0.07796364381770088,-0.08265565571481248,LS,36
2001-04-01,0.07677989488689656,0.05022743433508158,1.5286445724994813,0.25333446113240954,0.07817434506335047,-0.08265565571481248,LS,36
2001-05-01,0.07475209029861607,0.05011295221087707,1.4916720528468694,0.24580171777653026,0.07601000235324083,-0.08265565571481226,LS,36
2001-06-01,0.07714899648373874,0.05004258311800812,1.541666949961586,0.2547486215096643,0.0785797006412591,-0.08265565571481226,LS,36
2001-07-01,0.07781174917493466,0.05010061963928109,1.553109517111178,0.25721905849326787,0.07928709767697936,-0.08265565571481248,LS,36
2001-08-01,0.0761056863258534,0.04994803655573017,1.523697257667726,0.25086974894012076,0.07746712939673833,-0.08265565571481237,LS,36
2001-09-01,0.07524258141635803,0.049920499776419124,1.5072481596408267,0.2476603604468899,0.07654484518395474,-0.08265565571481259,LS,36
2001-10-01,0.06911750413779257,0.050537953137917487,1.3676356054463006,0.22496442928901064,0.06997712394362966,-0.08265565571481259,LS,36
2001-11-01,0.06139090999404019,0.05159189902914822,1.1899331319313475,0.1968528852040891,0.061728781304038104,-0.08265565571481259,LS,36
2001-12-01,0.0606694379252623,0.05163384366168216,1.174993640271749,0.19427057665021039,0.06096464241465366,-0.08265565571481259,LS,36
2002-01-01,0.06736504032346617,0.0519493920323426,1.2967435746221265,0.21831418588592405,0.06803733319663643,-0.08265565571481237,LS,36
2002-02-01,0.0704291845566259,0.05226812693081814,1.3474595072030349,0.2294404066499572,0.07127875956658304,-0.08265565571481248,LS,36
2002-03-01,0.0706135828639485,0.05225835841160647,1.3512399740491152,0.23011860649394036,0.07147570757911764,-0.08265565571481237,LS,36
2002-04-01,0.079473640607083,0.05268345077349974,1.5085124349344814,0.262963798800252,0.08092849930277993,-0.08265565571481237,LS,36
2002-05-01,0.07821265442660817,0.052681971086062776,1.48461898471562,0.25822643829317543,0.07957528976409535,-0.08265565571481237,LS,36
2002-06-01,0.08240881743103243,0.05293869531416339,1.5566839519179554,0.2740083309156035,0.08407024087096118,-0.08265565571481259,LS,36
2002-07-01,0.08591420307877583,0.053052665867710944,1.6194134955066444,0.2873595611703573,0.08784400054460094,-0.08265565571481248,LS,36
2002-08-01,0.08496304903109352,0.05309530581587063,1.600198882472532,0.2837086457829126,0.08681466190950377,-0.08265565571481237,LS,36
2002-09-01,0.0886057115499756,0.05340527397856838,1.659119127177087,0.29764918213216834,0.0907346230708301,-0.08265565571481237,LS,36
2002-10-01,0.0861937707258737,0.05377895228838878,1.6027417243768705,0.2882839564854645,0.08810431561956591,-0.08265565571481237,LS,36
2002-11-01,0.08081763392790313,0.05694802206651226,1.4191473381377921,0.26713348014879207,0.0821167562117363,-0.06620966109019422,LS,36
2002-12-01,0.09566475319536462,0.05743302445749722,1.665675003171049,0.3243195489329333,0.09815656776789572,-0.05386349188058237,LS,36
2003-01-01,0.09638429408331305,0.05733947488553789,1.6809413458305493,0.3271797945622519,0.09894659334290629,-0.053353989581947814,LS,36
2003-02-01,0.11442274550937181,0.04496932093604402,2.5444623829678323,0.40304849731192766,0.11950033443877962,-0.03822156590997483,LS,36
2003-03-01,0.1048315095743169,0.044255131697275386,2.3687989517557115,0.3637329907731249,0.10894442592357317,-0.03822156590997472,LS,36
2003-04-01,0.08726722873656685,0.04200885062613487,2.077353401387171,0.2946289688698089,0.08988775570889362,-0.03822156590997472,LS,36
2003-05-01,0.08083266144527164,0.04316879359320283,1.8724790460208547,0.26986022671596555,0.08289240303307747,-0.03822156590997472,LS,36
2003-06-01,0.07591219372917504,0.04309055951078257,1.7616896738177532,0.25138499985492363,0.07761505039733446,-0.03822156590997483,LS,36
2003-07-01,0.07022760565538547,0.04340881365929667,1.6178190495271718,0.23030128444448017,0.071528744551031,-0.03822156590997472,LS,36
2003-08-01,0.06649023709179804,0.043311398007737145,1.5351671880903086,0.21667641205242402,0.06755853278565811,-0.03822156590997472,LS,36
2003-09-01,0.06178060472731721,0.043364352360761166,1.4246864386062004,0.19968864075055545,0.06256665329510312,-0.03822156590997483,LS,36
2003-10-01,0.05580111690729633,0.04400393552545028,1.2680937793625977,0.1783641673911934,0.05623326870565043,-0.04458446259847826,LS,36
2003-11-01,0.055712414428214396,0.04402352606529135,1.2655145874864098,0.17804903878442,0.056139104551877206,-0.04955967953882545,LS,36
2003-12-01,0.054966510179011864,0.04387512367111871,1.2527944215276179,0.1754505156929491,0.05536199423626623,-0.04955967953882545,LS,36
2004-01-01,0.044639052100251174,0.04373082372687247,1.020768608866167,0.13975522092871512,0.04456915335036389,-0.04955967953882501,LS,36
2004-02-01,0.03725996861353943,0.04157722301215984,0.896162992959925,0.11518582188908039,0.03700873146857857,-0.04955967953882534,LS,36
2004-03-01,0.034072141160012566,0.041745571689063954,0.816185760103949,0.10457966621264062,0.03371070720876464,-0.04955967953882556,LS,36
2004-04-01,0.030364051617909234,0.04123354384084107,0.7363919951948005,0.09246139054844497,0.02991653910985986,-0.04955967953882523,LS,36
2004-05-01,0.027877737785141167,0.04123665922332605,0.6760425871107367,0.0843622266485556,0.027365064703236158,-0.04955967953882512,LS,36
2004-06-01,0.0274350961429565,0.04117773254150152,0.666260487152994,0.08293434684690117,0.026913924499542927,-0.0495596795388249,LS,36
2004-07-01,0.02786654775325933,0.041284242802378385,0.6749923423968899,0.08431965230985002,0.02735161902379746,-0.04955967953882501,LS,36
2004-08-01,0.02548489504139273,0.04113787740447121,0.6194995135704987,0.07663622214519018,0.024919278876644666,-0.04955967953882523,LS,36
2004-09-01,0.024415711494116803,0.04106187221044039,0.5946078485897403,0.07320551552054312,0.023829483733066478,-0.04955967953882512,LS,36
2004-10-01,0.0252533188597268,0.04087686333503892,0.6177900357163681,0.07592468538783362,0.024693443247983542,-0.04955967953882512,LS,36
2004-11-01,0.027679915646177798,0.04017732060983125,0.688943792817399,0.08386130049059022,0.027206841651859708,-0.04955967953882512,LS,36
2004-12-01,0.025336397252515533,0.04045177360557823,0.6263358808332123,0.07624878910331273,0.024796323314811474,-0.04955967953882512,LS,36
2005-01-01,0.025727670423923703,0.040608920943618884,0.6335472557777094,0.0774899939135758,0.025190127384589873,-0.04955967953882534,LS,36
2005-02-01,0.021379994535332365,0.039822569237795466,0.5368813450399047,0.06365428575627134,0.020783163027771,-0.04955967953882534,LS,36
2005-03-01,0.020679819220643634,0.03981233544533313,0.5194324570343124,0.06142758909784265,0.020070349209765432,-0.04955967953882523,LS,36
2005-04-01,0.014620518012732397,0.038021588472706286,0.3845320145745016,0.04254953318455052,0.01398663959062094,-0.04955967953882545,LS,36
2005-05-01,0.013566098818592331,0.03796651331608163,0.35731747884381265,0.039267240514634025,0.012921398502450627,-0.04955967953882523,LS,36
2005-06-01,0.010673321784109166,0.03712916697485821,0.2874646175427674,0.03039207084097852,0.010029757918434476,-0.04955967953882501,LS,36
2005-07-01,0.0058491742153087,0.03633195006066907,0.1609925755579161,0.01568559170971437,0.005201428800360854,-0.04955967953882534,LS,36
2005-08-01,0.006241846886857366,0.03636866847977576,0.17162703909076,0.01687813570569779,0.005594686347714696,-0.04955967953882512,LS,36
2005-09-01,0.00041536069872379967,0.03502865960704156,0.011857738873922045,-0.0005953230611644902,-0.00019848041225586883,-0.04955967953882534,LS,36
2005-10-01,0.0033452400271068994,0.034995235530656935,0.09559129911202807,0.008230010118512836,0.002735845032335215,-0.04513143479317516,LS,36
2005-11-01,0.014140352803047165,0.02881102351399807,0.4907966145727852,0.042022039927474476,0.013815596926421175,-0.044237197706528675,LS,36
2005-12-01,0.006302889347320366,0.02310983906298639,0.2727361852300961,0.018269629509614686,0.006053161804540833,-0.04423719770652901,LS,36
2006-01-01,0.006104166550826899,0.02310291269448818,0.26421631902211234,0.01766355143602937,0.005853519928712367,-0.0442371977065289,LS,36
2006-02-01,0.006504794514964865,0.02311742141133069,0.28138062629150445,0.018885734339482034,0.006256025311332282,-0.04423719770652901,LS,36
2006-03-01,0.005279409280636333,0.02334205503634287,0.22617585608535548,0.015132911364421825,0.005019070573467412,-0.04238966715123438,LS,36
2006-04-01,0.009635610711232532,0.0220140782537859,0.4377022103832775,0.028571649538358158,0.009434591729235118,-0.02994758752646387,LS,36
2006-05-01,0.014350147882273168,0.02108366482582864,0.6806287237450983,0.04327114058898689,0.01422053143994616,-0.019827238345285436,LS,36
2006-06-01,0.015046819651516665,0.02107230210800447,0.7140567544255649,0.04545195071250611,0.014926734246639766,-0.01966654605064222,LS,36
2006-07-01,0.01863882850150843,0.020922680175084498,0.8908432545704272,0.05677277745231122,0.01857701659472736,-0.017485698126214144,LS,36
2006-08-01,0.0188449662435581,0.02092236588398889,0.9007091429358594,0.05742550292098458,0.018786684600896827,-0.017485698126214255,LS,36
2006-09-01,0.020535627636880698,0.0208160794921879,0.9865271529438359,0.06280061182287859,0.020510001211215618,-0.017485698126214033,LS,36
2006-10-01,0.0244147152142795,0.0199021148372896,1.2267397416748327,0.07527778438701827,0.02448803602358429,-0.017485698126214255,LS,36
2006-11-01,0.02470128911474337,0.019803610787364076,1.2473123906527346,0.07620706314594121,0.024783079425247153,-0.017485698126214366,LS,36
2006-12-01,0.021628501729600035,0.0188989573924686,1.1444283026014535,0.06640612840100549,0.02166271436304347,-0.017485698126214255,LS,36
2007-01-01,0.026295411741503565,0.01742787644890944,1.5088132979706208,0.08149851775529389,0.026459872652745842,-0.017485698126214255,LS,36
2007-02-01,0.024988020225352334,0.017375691210129506,1.4381022270230646,0.07727692377775287,0.025122546927252236,-0.017485698126214366,LS,36
2007-03-01,0.02780505085874483,0.017051023879051903,1.630696845888816,0.08641774201897374,0.028013812166793488,-0.017485698126214144,LS,36
2007-04-01,0.028275374167992598,0.01708465754152408,1.6550155658238743,0.0879462857553724,0.02849571019450499,-0.017485698126214255,LS,36
2007-05-01,0.029827781022221132,0.016952687911520496,1.759472077696372,0.09301996334536543,0.030092040458672656,-0.017485698126214255,LS,36
2007-06-01,0.02891230100508203,0.016773222040999472,1.7237177767283176,0.09003929114685588,0.02915483222958985,-0.017485698126214477,LS,36
2007-07-01,0.021645883481379035,0.016719556488398245,1.2946445975644856,0.06658519912605983,0.021719896968807273,-0.017485698126214366,LS,36
2007-08-01,0.019703656697344266,0.017115985763916437,1.1511844523079178,0.060377892212557335,0.019733972726394558,-0.017485698126214255,LS,36
2007-09-01,0.018490459697510567,0.017116987146990007,1.08024032142608,0.05653161652054022,0.01849952921190764,-0.017485698126214255,LS,36
2007-10-01,0.021141259892678503,0.016582350136596966,1.2749254308664062,0.06498194266446093,0.02120770144881485,-0.01351192389148581,LS,36
2007-11-01,0.022171618714970136,0.01619908313520798,1.3686959027194021,0.06829321369162526,0.02226499540144196,-0.01402852398584764,LS,36
2007-12-01,0.024555832268361465,0.015538265895494077,1.5803457370028904,0.07598066777766975,0.024711215183658212,-0.014028523985847752,LS,36
2008-01-01,0.018480950752079135,0.011965744080258727,1.5444882180431467,0.056736797791861415,0.018565456723673275,-0.014028523985847863,LS,36
2008-02-01,0.022197722207848002,0.013863798837945482,1.601128411290303,0.06848784106303676,0.0223270721999077,-0.014028523985847863,LS,36
2008-03-01,0.020052322519595503,0.014424163184869833,1.3901896604046535,0.06161966075648049,0.02013187477183884,-0.014028523985847419,LS,36
2008-04-01,0.020204665884905135,0.014449852013146944,1.3982610940598055,0.06210297603699142,0.020286660438408963,-0.014028523985847752,LS,36
2008-05-01,0.02086519873668837,0.014488969757923357,1.440074697186675,0.06420432320992488,0.020959088678508517,-0.01402852398584764,LS,36
2008-06-01,0.0189514327742726,0.014085817050953305,1.345426588015354,0.05814012985018213,0.019016137629098356,-0.014028523985847752,LS,36
2008-07-01,0.019435874176180132,0.014039287897889996,1.3843917382092576,0.05967868572400332,0.01950978806231862,-0.014028523985847863,LS,36
2008-08-01,0.014693484561271664,0.015344568063038818,0.9575691215880197,0.044669875939382916,0.014673591222522034,-0.014028523985847752,LS,36
2008-09-01,0.014341887975442166,0.01539008367954011,0.9318914876667345,0.043567690926058396,0.014316619898480694,-0.01402852398584753,LS,36
2008-10-01,0.013915684204877566,0.015325272325078671,0.9080219854955255,0.04223889077536889,0.013885919022844487,-0.01402852398584764,LS,36
2008-11-01,0.01727341624064393,0.015838544897061744,1.0905936342579283,0.05275181417301907,0.017283497790373154,-0.014028523985847752,LS,36
2008-12-01,0.024030407838669103,0.02173507548189993,1.1056049866806594,0.07392317366216271,0.024057646259763966,-0.01402852398584753,LS,36
2009-01-01,0.028927643399964294,0.023082065888984003,1.253251920304504,0.08968479431328479,0.02904325469625856,-0.014028523985847974,LS,36
2009-02-01,0.0283501936497464,0.023114303181998357,1.2265216661095717,0.08780077846785697,0.02844985612515409,-0.01402852398584764,LS,36
2009-03-01,0.034639140140198435,0.02343943652103195,1.4778145417069692,0.1084398327152558,0.03491347428402111,-0.01402852398584764,LS,36
2009-04-01,0.029806604376807204,0.02535897276529508,1.1753868996459866,0.09237400185188997,0.02988907651799934,-0.014255196165663953,LS,36
2009-05-01,0.0263299855563704,0.025866013985304564,1.0179374978815612,0.08102403815505299,0.02630973975720463,-0.020772262309190492,LS,36
2009-06-01,0.028909508984346338,0.02621211632272801,1.1029063288292928,0.08937353668921177,0.02894526670877165,-0.020772262309190492,LS,36
2009-07-01,0.027282619610877298,0.026141558880312003,1.043649299408256,0.08408794060593877,0.027278434469108846,-0.02077226230919038,LS,36
2009-08-01,0.023017665341404266,0.027205520570268375,0.8460659770120034,0.07024264744903115,0.022886431198410696,-0.021126851212936226,LS,36
2009-09-01,0.0177884453199991,0.0284604026036998,0.6250243739590189,0.05350100723085417,0.017524757886792783,-0.03367873619185169,LS,36
2009-10-01,0.019101432250002066,0.028613482283860403,0.667567549468676,0.05763872897669812,0.01885515822419683,-0.03367873619185169,LS,36
2009-11-01,0.020991436141379164,0.02840244479032703,0.7390714530506958,0.06366173893890419,0.02078554728165067,-0.03367873619185169,LS,36
2009-12-01,0.0204321572753735,0.02839351342320652,0.7196065161373771,0.06188245892600854,0.020216043858317836,-0.03367873619185191,LS,36
2010-01-01,0.020148934403606898,0.028381979115206506,0.7099199926058537,0.06098315308515106,0.01992795629989207,-0.03367873619185169,LS,36
2010-02-01,0.020634868117191965,0.028380265221492645,0.7270851049540221,0.06252851057433666,0.020422902482501063,-0.033678736191851466,LS,36
2010-03-01,0.0204683404607976,0.028365715602521917,0.7215873115141087,0.06200003658526311,0.0202536971743017,-0.03367873619185169,LS,36
2010-04-01,0.018821823868060198,0.028356667332525065,0.6637530301902433,0.05677650101593808,0.018578212919978628,-0.03367873619185191,LS,36
2010-05-01,0.018104906733786168,0.02833924679988654,0.6388633707039332,0.05451111962752187,0.01784985994969795,-0.0336787361918518,LS,36
2010-06-01,0.0167231308556839,0.028297470247574834,0.5909761794737505,0.050158888350806195,0.016447622019847,-0.03367873619185158,LS,36
2010-07-01,0.0195222223188362,0.02769953817506041,0.704785119356728,0.059054479738544656,0.01930956727341448,-0.033678736191851466,LS,36
2010-08-01,0.022164495722028003,0.027468004239350585,0.8069205002624547,0.06748857827254502,0.022008275238486526,-0.0336787361918518,LS,36
2010-09-01,0.022914459251164872,0.027440801002746155,0.8350506695803701,0.06989089334336092,0.02277435570208535,-0.03367873619185169,LS,36
2010-10-01,0.022196508546401834,0.027459826325460963,0.8083266180682672,0.06759163193460777,0.022041161868704532,-0.0336787361918518,LS,36
2010-11-01,0.02325094104625387,0.02734212356642507,0.8503707105912214,0.07097804327573916,0.02312066287406188,-0.0336787361918518,LS,36
2010-12-01,0.0206291579888958,0.027783098210257776,0.7425074710090943,0.0625638935870755,0.02043422931135753,-0.0336787361918518,LS,36
2011-01-01,0.0208768335027902,0.02777784045912637,0.7515643101741245,0.0633528007485774,0.020686709413399174,-0.03367873619185202,LS,36
2011-02-01,0.013775662739690435,0.02732168189237375,0.5042025887701886,0.04100944915989269,0.013487096830082666,-0.033678736191851466,LS,36
2011-03-01,0.017351612380454268,0.027179297150986704,0.6384128435721651,0.05223507564218134,0.01711702752834197,-0.033678736191851466,LS,36
2011-04-01,0.017261060934916767,0.027170092618034356,0.6352963597724214,0.05195046671546824,0.01702531586435626,-0.03367873619185191,LS,36
2011-05-01,0.017466516883879603,0.027188387215600563,0.6424256336123313,0.05259655576504042,0.01723348613546144,-0.03367873619185169,LS,36
2011-06-01,0.0186930100081878,0.027284360166021433,0.6851181370735286,0.056462611330333555,0.018477354994938973,-0.0336787361918518,LS,36
2011-07-01,0.019083943072078235,0.027284185747341337,0.6994507092423617,0.0577004223831409,0.018874968209569885,-0.033678736191851355,LS,36
2011-08-01,0.022107991462987267,0.026506620033004726,0.8340554712543317,0.06739036857261956,0.021976932450593446,-0.033678736191851466,LS,36
2011-09-01,0.0234308084147336,0.026445656883549756,0.885998351937648,0.07163179813381719,0.023328800988284316,-0.0336787361918518,LS,36
2011-10-01,0.028864361700526836,0.028204444111741674,1.0233976456394838,0.08905005251102127,0.02884340986045575,-0.0336787361918518,LS,36
2011-11-01,0.026981454270998538,0.027965315580998847,0.9648185157378021,0.08295147881091386,0.02691933971228627,-0.03367873619185169,LS,36
2011-12-01,0.017179175143748,0.02350615377312648,0.7308373504893927,0.05198026562547394,0.01703491896534492,-0.03367873619185169,LS,36
2012-01-01,0.013432300875128337,0.022055458658466885,0.6090238740046243,0.04033831646467802,0.013269253610673763,-0.03367873619185169,LS,36
2012-02-01,0.01345010519211117,0.02205476239696438,0.6098503783456058,0.040393871176598976,0.01328728969201846,-0.0336787361918518,LS,36
2012-03-01,0.009773903377044202,0.02089420147967353,0.4677806608954418,0.029069948396517678,0.009597574670740662,-0.03367873619185169,LS,36
2012-04-01,0.017954641093894268,0.01962655581729904,0.9148136464202683,0.054690833155061624,0.017907678527123983,-0.02363803837824907,LS,36
2012-05-01,0.021358516508281005,0.01907357360102775,1.1197962665543773,0.06553262017860195,0.021383685408934653,-0.02363803837824907,LS,36
2012-06-01,0.017803156790698736,0.01856348629713445,0.9590416641429533,0.05427635301541378,0.017774319447540973,-0.02363803837824907,LS,36
2012-07-01,0.01884110321844517,0.018623014455187156,1.011710712236346,0.05755580170512685,0.01882852875094004,-0.02363803837824896,LS,36
2012-08-01,0.022103784728960237,0.017208407971930878,1.284475865810152,0.06802186840090527,0.022178436680970286,-0.012822790158733888,LS,36
2012-09-01,0.027600644943900937,0.014934435363574918,1.8481210887435955,0.08586294148861431,0.02783879056468345,-0.01263847659997408,LS,36
2012-10-01,0.027488564046552165,0.014901601938879079,1.8446717446419656,0.08550030613267025,0.02772435863177198,-0.01263847659997408,LS,36
2012-11-01,0.027231222715534104,0.014924787983681818,1.8245634541212685,0.08466338055868909,0.02746016403474455,-0.01263847659997408,LS,36
2012-12-01,0.0253563024543774,0.015378063040902933,1.6488619136840648,0.07857057630906589,0.02553272369294238,-0.01263847659997408,LS,36
2013-01-01,0.024810171921336235,0.015395359962619863,1.6115356822819118,0.07680772521195751,0.02497369758782908,-0.012638476599973969,LS,36
2013-02-01,0.025299352545580772,0.015426277304362024,1.6400167095678344,0.07838431513895097,0.025473686319436358,-0.012638476599973969,LS,36
2013-03-01,0.024201128847696766,0.015409755429757208,1.5705070049952161,0.07484534345143137,0.024350679278744937,-0.01263847659997408,LS,36
2013-04-01,0.0276855326877174,0.01594054299790625,1.736799850002213,0.08608853889378089,0.027909966431321372,-0.012638476599973858,LS,36
2013-05-01,0.027848644049357503,0.01593115514744249,1.7480618192227058,0.08661938745958069,0.028077410009624812,-0.012638476599973969,LS,36
2013-06-01,0.029677039038173036,0.015997624623162707,1.855090348551129,0.09257829734829207,0.02995327571006753,-0.012638476599973969,LS,36
2013-07-01,0.02951814221038264,0.016027165415330655,1.8417568824832427,0.09205733392697366,0.02978954883625387,-0.012638476599973969,LS,36
2013-08-01,0.030052965959892833,0.016080581100483927,1.8688980063654803,0.09380377446880038,0.030338210003253346,-0.012638476599973969,LS,36
2013-09-01,0.0281953881286569,0.016446758085929294,1.7143432147140851,0.08772050901645431,0.0284245588654564,-0.012638476599973969,LS,36
2013-10-01,0.030354170730376967,0.016561066314231723,1.8328633044776932,0.09476443509165594,0.030639761871202514,-0.012638476599973969,LS,36
2013-11-01,0.031448284940233565,0.016526854176182593,1.9028597097174573,0.09835633063352583,0.03176569939142912,-0.012638476599973969,LS,36
2013-12-01,0.0325447684524114,0.01600360172516282,2.0335902512020483,0.10199383723437996,0.03290343552663454,-0.007438185563637956,LS,36
2014-01-01,0.03270699234061303,0.015993823984205523,2.04497638419132,0.1025293371646668,0.0330707172086711,-0.007438185563637956,LS,36
2014-02-01,0.033634542301104096,0.0154743966275811,2.173560825056978,0.10562028131016989,0.03403522200745778,-0.006108587158851431,LS,36
2014-03-01,0.033073172188181,0.01540333629963802,2.147143420413292,0.10376861935799193,0.03345764168382638,-0.00610858715885132,LS,36
2014-04-01,0.033310676190244234,0.015428894151537993,2.1589801487440843,0.10455188091943134,0.033702039599173596,-0.006108587158851653,LS,36
2014-05-01,0.032677653039276694,0.015409341434560015,2.1206391705999437,0.10246298198731478,0.03304999184454687,-0.006108587158851431,LS,36
2014-06-01,0.0307730977815693,0.01541218197621715,1.9966736591260008,0.09619819317519547,0.031089491337114424,-0.00610858715885132,LS,36
2014-07-01,0.0333601711789561,0.015965687828686195,2.0894916358703024,0.10468779081138488,0.033744435244898285,-0.006108587158851542,LS,36
2014-08-01,0.03196046069182293,0.01643947487380472,1.9441290513938458,0.10004598337672842,0.032294499415161534,-0.00610858715885132,LS,36
2014-09-01,0.03089220219640037,0.01654051884929619,1.8676682683212715,0.09652994092228759,0.031193495374932188,-0.00610858715885132,LS,36
2014-10-01,0.027085077691160864,0.013764757559773048,1.967711931978803,0.08424167976972562,0.027326993095043436,-0.006108587158851431,LS,36
2014-11-01,0.0266400944180092,0.01375947764925692,1.9361268717528601,0.08279870049583403,0.02687104626364551,-0.00610858715885132,LS,36
2014-12-01,0.0265130995625524,0.013792306479435643,1.9223107898656022,0.0823856934948642,0.026740471404283733,-0.006108587158851542,LS,36
2015-01-01,0.026546120613515366,0.013797845584766315,1.9239322871408233,0.08249244030818122,0.02677422328874216,-0.006108587158851209,LS,36
2015-02-01,0.025198382413051564,0.014173033694406282,1.7779102876892678,0.07811693507753877,0.02538892560288735,-0.00610858715885132,LS,36
2015-03-01,0.027385627766496834,0.014676842600848459,1.8659073011325804,0.08517549374628922,0.027621840342583824,-0.00610858715885132,LS,36
2015-04-01,0.023278063466716795,0.01410173129468796,1.650723799813538,0.07193936962857693,0.02342669427035991,-0.006108587158851431,LS,36
2015-05-01,0.02785386579783593,0.016586859712770786,1.6792730076803082,0.0866015292410168,0.028071777945052362,-0.00610858715885132,LS,36
2015-06-01,0.029261399885750734,0.01647874475642082,1.775705632818255,0.09119441467736181,0.029518238482490404,-0.006108587158851542,LS,36
2015-07-01,0.029394804493152668,0.0164941694464127,1.7821330494179994,0.0916293208514536,0.02965499515975398,-0.00610858715885132,LS,36
2015-08-01,0.029001102684375203,0.016593913071241195,1.7476952277541347,0.0903384842442743,0.029248984142765208,-0.006108587158851431,LS,36
2015-09-01,0.03123267471234873,0.017189131306506216,1.8170013455262237,0.09761131560997204,0.03153236442545687,-0.006108587158851431,LS,36
2015-10-01,0.0296877533660583,0.01704094257199891,1.7421426802317959,0.09255698618701282,0.029946579121171726,-0.00610858715885132,LS,36
2015-11-01,0.0278251603078385,0.017540762604376117,1.586314172047263,0.08645537687427744,0.02802568258668713,-0.00610858715885132,LS,36
2015-12-01,0.030231742633721165,0.017111092874333655,1.766792036940449,0.09433305933635296,0.030504374628870293,-0.00610858715885132,LS,36
2016-01-01,0.03132128948664333,0.017101753050254714,1.8314665984594383,0.09790723949681429,0.031625058938066886,-0.00610858715885132,LS,36
2016-02-01,0.028675462947475097,0.01751040305823124,1.6376243797538068,0.08922557586562277,0.028898680153240493,-0.006108587158851209,LS,36
2016-03-01,0.02727374022248777,0.0178109495517199,1.53129063351112,0.08464816134798976,0.027455358486731907,-0.007685108161662013,LS,36
2016-04-01,0.017658689949321866,0.02103756093314279,0.8393886537246903,0.05366423230344038,0.017577305527003016,-0.026607330487921077,LS,36
2016-05-01,0.021324336219795334,0.021977609450587438,0.9702755100703346,0.06523232546073995,0.021287725592575944,-0.0266073304879213,LS,36
2016-06-01,0.0164181654608232,0.02268330903305126,0.7237993996775655,0.04964286004471208,0.01628110700124943,-0.026607330487921188,LS,36
2016-07-01,0.0123616611882978,0.024076996816355927,0.5134220551917134,0.036859646089975454,0.012138606732454281,-0.03579407904887666,LS,36
2016-08-01,0.011624245532368,0.023991633517641373,0.484512466557166,0.034577013421134166,0.011395324479760462,-0.03579407904887677,LS,36
2016-09-01,0.014109653512996034,0.0238972305316824,0.5904304891853379,0.0423186529339203,0.013911782468436702,-0.03579407904887688,LS,36
2016-10-01,0.017987570632498902,0.025624854083413508,0.7019579730657635,0.05436580056947015,0.017803102175680995,-0.03579407904887666,LS,36
2016-11-01,0.016713579867534068,0.02560784080425731,0.6526743115630206,0.05035089465252561,0.016509565806908186,-0.03579407904887655,LS,36
2016-12-01,0.0180629442824026,0.025455854303490424,0.7095791823386522,0.05461753642778722,0.01788409783169724,-0.03579407904887666,LS,36
1992-01-01,,,,,,,LS,60
1992-02-01,,,,,,,LS,60
1992-03-01,,,,,,,LS,60
1992-04-01,,,,,,,LS,60
1992-05-01,,,,,,,LS,60
1992-06-01,,,,,,,LS,60
1992-07-01,,,,,,,LS,60
1992-08-01,,,,,,,LS,60
1992-09-01,,,,,,,LS,60
1992-10-01,,,,,,,LS,60
1992-11-01,,,,,,,LS,60
1992-12-01,,,,,,,LS,60
1993-01-01,,,,,,,LS,60
1993-02-01,,,,,,,LS,60
1993-03-01,,,,,,,LS,60
1993-04-01,,,,,,,LS,60
1993-05-01,,,,,,,LS,60
1993-06-01,,,,,,,LS,60
1993-07-01,,,,,,,LS,60
1993-08-01,,,,,,,LS,60
1993-09-01,,,,,,,LS,60
1993-10-01,,,,,,,LS,60
1993-11-01,,,,,,,LS,60
1993-12-01,,,,,,,LS,60
1994-01-01,,,,,,,LS,60
1994-02-01,,,,,,,LS,60
1994-03-01,,,,,,,LS,60
1994-04-01,,,,,,,LS,60
1994-05-01,,,,,,,LS,60
1994-06-01,,,,,,,LS,60
1994-07-01,,,,,,,LS,60
1994-08-01,,,,,,,LS,60
1994-09-01,,,,,,,LS,60
1994-10-01,,,,,,,LS,60
1994-11-01,,,,,,,LS,60
1994-12-01,,,,,,,LS,60
1995-01-01,,,,,,,LS,60
1995-02-01,,,,,,,LS,60
1995-03-01,,,,,,,LS,60
1995-04-01,,,,,,,LS,60
1995-05-01,,,,,,,LS,60
1995-06-01,,,,,,,LS,60
1995-07-01,,,,,,,LS,60
1995-08-01,,,,,,,LS,60
1995-09-01,,,,,,,LS,60
1995-10-01,,,,,,,LS,60
1995-11-01,,,,,,,LS,60
1995-12-01,,,,,,,LS,60
1996-01-01,,,,,,,LS,60
1996-02-01,,,,,,,LS,60
1996-03-01,,,,,,,LS,60
1996-04-01,,,,,,,LS,60
1996-05-01,,,,,,,LS,60
1996-06-01,,,,,,,LS,60
1996-07-01,,,,,,,LS,60
1996-08-01,,,,,,,LS,60
1996-09-01,,,,,,,LS,60
1996-10-01,,,,,,,LS,60
1996-11-01,,,,,,,LS,60
1996-12-01,0.06484521763308623,0.016992207549993508,3.8161738221653843,0.3807659901308686,0.06665510508702349,-0.006593182207180748,LS,60
1997-01-01,0.06595703425991872,0.017307337500398038,3.810928992307559,0.3883844054813187,0.0678295758034077,-0.006593182207180748,LS,60
1997-02-01,0.06587037692193781,0.017311981350997718,3.8049011020995347,0.3877856999185639,0.06773746502939394,-0.006593182207180859,LS,60
1997-03-01,0.06729236884740493,0.017398969693705746,3.867606532572364,0.3976227464204426,0.0692468808792556,-0.006593182207180748,LS,60
1997-04-01,0.06618761981438648,0.017362488066391502,3.8121045532930027,0.38997071841109143,0.06807347630069134,-0.006593182207180748,LS,60
1997-05-01,0.06376923803591726,0.018144617613211858,3.5144988665665897,0.3732588964023623,0.0654927138786842,-0.006593182207180748,LS,60
1997-06-01,0.06529043984507824,0.018804080047287425,3.472142198974348,0.38360476764981377,0.06709334146672605,-0.006593182207180748,LS,60
1997-07-01,0.0634986918053652,0.01854740704603546,3.423588626041296,0.371362694232413,0.06519830378134546,-0.006593182207180748,LS,60
1997-08-01,0.06274614032417615,0.018548626094977334,3.3827918037102904,0.36623902623931454,0.06440115547911912,-0.006593182207180748,LS,60
1997-09-01,0.06198122619502503,0.01869938795424573,3.3146125609395725,0.3610316542861425,0.0635885301088431,-0.006593182207180637,LS,60
1997-10-01,0.06245434366511189,0.018715677863376256,3.337006766253739,0.3642364038332417,0.064088934198423,-0.006593182207180859,LS,60
1997-11-01,0.06191381176119449,0.018587782115103257,3.3308875355757066,0.3605892609220503,0.06351937878609266,-0.006593182207180748,LS,60
1997-12-01,0.061655025598189576,0.018485832899368376,3.3352581911684482,0.358851514031191,0.0632475741432419,-0.006593182207180748,LS,60
1998-01-01,0.05997127844558427,0.017644211690979645,3.398920818675267,0.34761736501820834,0.06148367585754917,-0.006593182207180748,LS,60
1998-02-01,0.059639138038181876,0.01763097785819773,3.382633596267149,0.3453938643847238,0.06113316555372526,-0.006593182207180859,LS,60
1998-03-01,0.05812068018208208,0.01783945790019083,3.257984660030524,0.3352428694535456,0.05952706132309156,-0.006593182207180748,LS,60
1998-04-01,0.05905675812949211,0.018159763755688157,3.252066432361701,0.3414384172779939,0.060508485910775664,-0.006593182207180637,LS,60
1998-05-01,0.06236127603455378,0.017952515224873865,3.473679050172866,0.3636989448126246,0.06400507859395119,-0.006593182207180859,LS,60
1998-06-01,0.061184603073259625,0.01801417816766958,3.3964692978927515,0.3557327410462348,0.0627590621472445,-0.006593182207180748,LS,60
1998-07-01,0.061827970045452235,0.018125028501470308,3.4111929832516803,0.36006518335342447,0.06343743597474938,-0.006593182207180748,LS,60
1998-08-01,0.061905481268983764,0.01815962187988141,3.408963120403255,0.3605854903865422,0.0635187893294298,-0.006593182207180748,LS,60
1998-09-01,0.06272270708045365,0.018247525928351403,3.4373266450878477,0.36611676550716826,0.06438210476830528,-0.006593182207180748,LS,60
1998-10-01,0.06365529914053498,0.01837697829960913,3.463861038671896,0.372452219666639,0.06536750657596853,-0.006593182207180637,LS,60
1998-11-01,0.06548223977565248,0.018388322918670236,3.561077324195037,0.3849775457178891,0.06730500614843095,-0.006593182207180859,LS,60
1998-12-01,0.06389403424448663,0.018236788426303475,3.5035792898891285,0.3741002306900339,0.06562323783948056,-0.006593182207180859,LS,60
1999-01-01,0.06362983817691405,0.01833677610633341,3.470066810432216,0.3722833510209109,0.06534128839211682,-0.006593182207180748,LS,60
1999-02-01,0.06490970218035043,0.018197358050778864,3.5669849435958216,0.38106357129915547,0.06670107799111263,-0.006593182207180748,LS,60
1999-03-01,0.0635668429996522,0.018135598766200876,3.5050865327987437,0.3718783820728314,0.06527840326323431,-0.006593182207180859,LS,60
1999-04-01,0.06085345140039082,0.018567293657603706,3.2774540287119343,0.35343305863193386,0.06239827300110117,-0.006593182207180748,LS,60
1999-05-01,0.0634864827257847,0.018102020710014603,3.5071489389392854,0.37133430718296634,0.06519389384844904,-0.006593182207180748,LS,60
1999-06-01,0.06312960265913806,0.018116883206571666,3.4845730327520466,0.3689004738095654,0.06481552558925385,-0.006593182207180637,LS,60
1999-07-01,0.06377093054566345,0.017995680186093696,3.5436799213037213,0.37328885133508827,0.06549736216229204,-0.006593182207180748,LS,60
1999-08-01,0.0644897690710599,0.017956732898544395,3.5913976910737224,0.3782120479584796,0.06626022380655786,-0.006593182207180748,LS,60
1999-09-01,0.06474329983678247,0.017960696672007483,3.6047209648436223,0.37995039696344146,0.06652906457881574,-0.006593182207180859,LS,60
1999-10-01,0.06397641455298896,0.017996860861756055,3.5548652092399626,0.3746928986409548,0.06571514551763179,-0.006593182207180748,LS,60
1999-11-01,0.059059939515282794,0.02065468181748219,2.8593972077214116,0.34113360009400945,0.06046028532367857,-0.0176120847896315,LS,60
1999-12-01,0.054608048551952934,0.022042567352770118,2.4773905724321295,0.31155314569795817,0.05574049157382969,-0.03043129990983917,LS,60
2000-01-01,0.052552420252546556,0.022029896321447893,2.3855046562966566,0.2982028477608616,0.05358241050612764,-0.03095313962177315,LS,60
2000-02-01,0.04200285112727754,0.033729793037143706,1.2452744990466864,0.2296839120167445,0.0422183088620922,-0.08265565571481248,LS,60
2000-03-01,0.04691991981137626,0.035275571757045855,1.3300966497305486,0.2598479711482562,0.047281973374025336,-0.08265565571481237,LS,60
2000-04-01,0.05440039942285436,0.03870220949847378,1.405614824781506,0.3068534730882131,0.0549828003430851,-0.08265565571481259,LS,60
2000-05-01,0.056206185667422914,0.0386954696453004,1.4525262565006547,0.3186535567131198,0.05688112563653871,-0.08265565571481248,LS,60
2000-06-01,0.05746179061991458,0.03891298626872205,1.4766738852448829,0.32686379165413115,0.05819393628265965,-0.08265565571481248,LS,60
2000-07-01,0.059105103898891065,0.03904912929494377,1.5136087530265163,0.33772285741321195,0.059920347735309014,-0.08265565571481248,LS,60
2000-08-01,0.060330313660707915,0.039186732260913154,1.539559697374523,0.34586645310340375,0.06120770270309807,-0.08265565571481248,LS,60
2000-09-01,0.06313570735872318,0.039169824762892956,1.6118455403082115,0.3647847058675777,0.0641744543255086,-0.08265565571481237,LS,60
2000-10-01,0.06314150490144171,0.03917040493647069,1.6119696746523051,0.3648239084891916,0.06418056780977585,-0.08265565571481226,LS,60
2000-11-01,0.06174329305832505,0.03940704038008109,1.5668086834943882,0.35530186183861395,0.06269150030494157,-0.08265565571481226,LS,60
2000-12-01,0.06335902198255279,0.03962059192916957,1.5991437506996569,0.3661812810051201,0.06439215776613062,-0.08265565571481226,LS,60
2001-01-01,0.06776144006936945,0.04003884737827317,1.6923923765632614,0.3963067666897968,0.06904544776870192,-0.08265565571481259,LS,60
2001-02-01,0.07222778696531547,0.04113173783523568,1.7560110699587612,0.42734599981105725,0.07375661520166156,-0.08265565571481237,LS,60
2001-03-01,0.07433937736893136,0.040831232996501765,1.8206498289018218,0.44249164178130124,0.07602574176285319,-0.08265565571481259,LS,60
2001-04-01,0.07605439885686885,0.0409747165568568,1.8561299564167875,0.45479471477014316,0.07785500554223955,-0.08265565571481248,LS,60
2001-05-01,0.07859394407305331,0.04055808722662777,1.9378119001000054,0.4733899010133459,0.08059645323851275,-0.08265565571481259,LS,60
2001-06-01,0.07801599986949277,0.040509982485057494,1.9258462996934087,0.4691799730676397,0.07997822698920233,-0.08265565571481248,LS,60
2001-07-01,0.07862315992381427,0.04056676201511995,1.9381177106151588,0.4736012043373483,0.08062744578502565,-0.08265565571481237,LS,60
2001-08-01,0.07872320528757468,0.04057051510156635,1.9404043821108725,0.4743326138011688,0.08073469654805562,-0.08265565571481226,LS,60
2001-09-01,0.07983551543782083,0.040494149395966565,1.9715321010242748,0.482523645483496,0.08193289630609735,-0.08265565571481237,LS,60
2001-10-01,0.07655609681122655,0.04102148039957151,1.866244125407678,0.45841134768402514,0.07839038489600801,-0.08265565571481226,LS,60
2001-11-01,0.07272289751137301,0.04192307025810707,1.7346748953175695,0.4306274900578749,0.07424987837274091,-0.08265565571481259,LS,60
2001-12-01,0.07069944804566029,0.04191893438034804,1.6865755079595919,0.41631266222923413,0.07209143784822215,-0.08265565571481237,LS,60
2002-01-01,0.07164514372580712,0.042133242928842386,1.7004421863943993,0.42292313161147393,0.07309034629624424,-0.08265565571481248,LS,60
2002-02-01,0.07392703892963626,0.04234866724643334,1.7456756903220487,0.4390876465309459,0.07551742009327167,-0.08265565571481248,LS,60
2002-03-01,0.07257095985135131,0.04232718021134252,1.714523847064688,0.429428252227309,0.07406971780882285,-0.08265565571481237,LS,60
2002-04-01,0.07630844928122196,0.04289852475250411,1.7788129014102658,0.4560507993381289,0.07804106749130237,-0.08265565571481248,LS,60
2002-05-01,0.07853112325102574,0.04252029907251188,1.8469090049696706,0.47233621354036304,0.08044185236959714,-0.08265565571481248,LS,60
2002-06-01,0.07833680278082043,0.04247380791368933,1.8443555364757498,0.4709298625184711,0.08023536945148053,-0.08265565571481248,LS,60
2002-07-01,0.08042328045726287,0.042579949265102564,1.888759424219787,0.48622070513228405,0.08247197525263829,-0.08265565571481248,LS,60
2002-08-01,0.08041629781251054,0.04258050195847614,1.8885709212853174,0.48616898956016147,0.08246444185783272,-0.08265565571481248,LS,60
2002-09-01,0.08393896477461248,0.04271039560722515,1.9653052513616345,0.5123554905266049,0.08625247120363458,-0.08265565571481259,LS,60
2002-10-01,0.08160911038248884,0.04302078913729074,1.8969691634909935,0.49486032148665154,0.08372757234465039,-0.08265565571481248,LS,60
2002-11-01,0.07321223542338959,0.04661775213701018,1.5704797436010616,0.43261270731976315,0.07454785064933127,-0.08265565571481237,LS,60
2002-12-01,0.07714983169327967,0.04789948675889089,1.6106609259014544,0.4604888995149624,0.0786974500320466,-0.08265565571481259,LS,60
2003-01-01,0.07549627289369562,0.04792040056073477,1.5754516241576675,0.44853210927007026,0.07692541265735124,-0.08265565571481237,LS,60
2003-02-01,0.07467731177795241,0.04797929874155838,1.556448587967146,0.4426293168730594,0.07604628070854219,-0.08265565571481248,LS,60
2003-03-01,0.07455634540630779,0.047999073553874776,1.5532871758998594,0.441755611495864,0.07591591107755453,-0.08265565571481248,LS,60
2003-04-01,0.06931477276612755,0.04861935896409097,1.4256620046620045,0.4044692316919332,0.07029241060100139,-0.08265565571481248,LS,60
2003-05-01,0.06481216789033678,0.049048760662416334,1.3213823757222711,0.37323111053671104,0.06548840210949178,-0.08265565571481226,LS,60
2003-06-01,0.0645266537986564,0.04907692196626213,1.3148064551198864,0.3712732004925943,0.06518440066603236,-0.08265565571481226,LS,60
2003-07-01,0.06158538180849493,0.04924208984486777,1.2506654774911758,0.3513034113907019,0.062063722439490834,-0.08265565571481248,LS,60
2003-08-01,0.05914026823289125,0.049127588117582506,1.2038097227843605,0.33500215122057847,0.059488856157298736,-0.08265565571481237,LS,60
2003-09-01,0.056860054519253474,0.049189740323071204,1.1559332117999552,0.31992036144172714,0.057084112662150896,-0.08265565571481259,LS,60
2003-10-01,0.05308371164356525,0.04948692174927138,1.0726816251072804,0.29524815710219,0.05310238566958618,-0.08265565571481259,LS,60
2003-11-01,0.05002978820516335,0.049602125186258735,1.0086218688674873,0.2756672412877989,0.04989889981651341,-0.08265565571481259,LS,60
2003-12-01,0.05184365903258467,0.04972839459260291,1.042536350857713,0.2872001896951159,0.05179043985477715,-0.08265565571481259,LS,60
2004-01-01,0.05015143770059406,0.0500928115497454,1.0011703505759588,0.2762842963859432,0.05000044983456083,-0.08265565571481237,LS,60
2004-02-01,0.04979681594439199,0.050082088510876234,0.9943039003570648,0.2740360664876434,0.04963026467740503,-0.08265565571481248,LS,60
2004-03-01,0.048428568784191474,0.0502098330176049,0.9645235977425204,0.2653446952499683,0.04819424214751042,-0.08265565571481237,LS,60
2004-04-01,0.04990271434519634,0.050064858403049126,0.9967613199552579,0.2747135441865978,0.04974187060602672,-0.08265565571481237,LS,60
2004-05-01,0.04792712254244737,0.05008425592009631,0.9569299106471619,0.2622283939870363,0.04767743250496923,-0.08265565571481237,LS,60
2004-06-01,0.04862655407809724,0.050103172254522446,0.9705284493978935,0.2666266431829529,0.04840654575664102,-0.08265565571481259,LS,60
2004-07-01,0.05055684766163155,0.05026362889220528,1.00583361718779,0.2788090738788871,0.050415548927076594,-0.08265565571481248,LS,60
2004-08-01,0.04956001039465181,0.05027347069981423,0.9858084135582657,0.27247431966135344,0.049372805544650296,-0.08265565571481237,LS,60
2004-09-01,0.04897956620531216,0.05026489860319366,0.974428827400443,0.26880443577249974,0.048766816617384114,-0.08265565571481237,LS,60
2004-10-01,0.047315256460884185,0.05044914620349968,0.9378802223931768,0.2582733804583089,0.04702005836412177,-0.08265565571481237,LS,60
2004-11-01,0.04967012135865556,0.0497077745138037,0.9992425097378342,0.2733543060762044,0.04951790528653653,-0.06620966109019422,LS,60
2004-12-01,0.051074416058120464,0.04931819234720072,1.0356100584254164,0.28241334126391676,0.0510069925661341,-0.05386349188058237,LS,60
2005-01-01,0.054980622356661076,0.049697573504019786,1.1063039597338482,0.3074736845566103,0.055082916885625645,-0.053353989581947814,LS,60
2005-02-01,0.06619442274472158,0.04229370361844389,1.5651129383678475,0.3849141889790869,0.06729524105121523,-0.04955967953882545,LS,60
2005-03-01,0.061082384458442926,0.04122115022809506,1.4818214465255521,0.3504409309244841,0.06192811364038478,-0.04955967953882501,LS,60
2005-04-01,0.05388571320538897,0.03812188662827012,1.4135111866533079,0.3037105187478637,0.054474869318637285,-0.04955967953882534,LS,60
2005-05-01,0.05240545523175349,0.03808889858052581,1.3758721618310978,0.2941472444450654,0.052923305219218654,-0.04955967953882534,LS,60
2005-06-01,0.05099384746585349,0.037837531585573674,1.3477054482406012,0.28514452009606805,0.05145428139981152,-0.04955967953882523,LS,60
2005-07-01,0.048459338456471907,0.03772251052312245,1.2846265475031995,0.2690546788640508,0.04880818247974741,-0.04955967953882523,LS,60
2005-08-01,0.04687114999865396,0.03753298650953903,1.2487988395685383,0.259100941956708,0.04715774634850169,-0.04955967953882512,LS,60
2005-09-01,0.04443636120732922,0.037401045720594196,1.188104780259156,0.24395330449760264,0.04462596321524115,-0.04955967953882523,LS,60
2005-10-01,0.04342760229022834,0.03731969257351297,1.1636645238886656,0.23773623107177755,0.04357969583994625,-0.04955967953882534,LS,60
2005-11-01,0.04414482651581072,0.037188834469867434,1.1870451748515924,0.2421969447470812,0.04433081128816934,-0.04955967953882545,LS,60
2005-12-01,0.04284591764897969,0.03692234103656239,1.1604333973989207,0.234244548387312,0.042990237797287015,-0.04955967953882545,LS,60
2006-01-01,0.03900007403181344,0.036161570398513324,1.0784950322128934,0.21098213501345503,0.03902870830260981,-0.04955967953882501,LS,60
2006-02-01,0.03400677394878706,0.03455092653967171,0.9842507091594244,0.18154099163839868,0.03392671912596196,-0.04955967953882534,LS,60
2006-03-01,0.03177492401710036,0.03472918742946853,0.9149342777348882,0.16842870350044978,0.0316216396062345,-0.04955967953882556,LS,60
2006-04-01,0.029028202260729125,0.03436538701669763,0.8446930117977357,0.1526031391987926,0.028811854126387433,-0.04955967953882523,LS,60
2006-05-01,0.028571002440531037,0.03433129067335664,0.8322146321956962,0.14998427642150866,0.028343910034329605,-0.04955967953882512,LS,60
2006-06-01,0.027265347699323157,0.03422220705750814,0.7967150585438734,0.14253980266574243,0.027009043117163886,-0.0495596795388249,LS,60
2006-07-01,0.0260816294044392,0.033991290394638635,0.7673033033354035,0.13585667476880833,0.025804752726516427,-0.04955967953882501,LS,60
2006-08-01,0.024783836183514058,0.03387792692793109,0.7315629505972133,0.12854701486796696,0.024481053954100575,-0.04955967953882523,LS,60
2006-09-01,0.02403588225156708,0.033818250759839116,0.7107370047687654,0.12435420100649834,0.02371868322015213,-0.04955967953882512,LS,60
2006-10-01,0.026262038289457418,0.03350302027271299,0.7838707697301817,0.13697307064547753,0.02600631939485958,-0.04955967953882512,LS,60
2006-11-01,0.028016015677585236,0.032922412371346944,0.8509709240495434,0.1470767312088829,0.02782338381262169,-0.04955967953882512,LS,60
2006-12-01,0.02841909731518732,0.03291823997758192,0.8633237176271081,0.149386242621844,0.028236932505304305,-0.04955967953882512,LS,60
2007-01-01,0.025509660551416503,0.03217644102694837,0.7928055352688536,0.13295863313948067,0.02528076698786156,-0.04955967953882534,LS,60
2007-02-01,0.022532117345627864,0.03158689956241156,0.7133374170233883,0.11635313681250149,0.022257532666595782,-0.04955967953882534,LS,60
2007-03-01,0.02274344958106928,0.031600455475301395,0.7197190432538333,0.11752876465081646,0.022472749241180916,-0.04955967953882523,LS,60
2007-04-01,0.019183754481742102,0.03028730762594248,0.6333925325640475,0.09806778873415094,0.0188865525578217,-0.04955967953882545,LS,60
2007-05-01,0.01889619849981514,0.03026417978212037,0.6243750412485566,0.09649645798312496,0.01859478095860647,-0.04955967953882523,LS,60
2007-06-01,0.016528644222527,0.029565915923009816,0.559043875575101,0.08372353208287618,0.016210553372421846,-0.04955967953882501,LS,60
2007-07-01,0.01199585590319348,0.029339050321758393,0.4088699454016453,0.05950106858050608,0.011626692071211113,-0.04955967953882534,LS,60
2007-08-01,0.01040437499440228,0.029425615108882572,0.35358224308662145,0.05109803646620769,0.010016910067453753,-0.04955967953882512,LS,60
2007-09-01,0.00691041509383314,0.028487963467335543,0.24257315205267865,0.033046542958954435,0.006523635864956566,-0.04955967953882534,LS,60
2007-10-01,0.00828374996096706,0.028399253775856653,0.2916890009275317,0.04017318726780846,0.007908553804388437,-0.04513143479317516,LS,60
2007-11-01,0.01448251223089576,0.023844958498688926,0.6073616035730175,0.07353785936307516,0.014293104393742408,-0.044237197706528675,LS,60
2007-12-01,0.00840906350191856,0.01954655567013359,0.4302069195120291,0.04193279062591325,0.008249327907877491,-0.04423719770652901,LS,60
2008-01-01,0.00823861635792074,0.01954218963188706,0.42158102613423415,0.04104625483029949,0.00807769428646832,-0.0442371977065289,LS,60
2008-02-01,0.010859408763807279,0.02039754153837739,0.5323881186061374,0.05467770691810087,0.010703927323196107,-0.04423719770652901,LS,60
2008-03-01,0.010214872225610079,0.02053669380247949,0.4973961399948803,0.051272245123989924,0.010050387825054349,-0.04238966715123438,LS,60
2008-04-01,0.013648175494391918,0.019641634449499536,0.6948594593531736,0.0695534049895668,0.013539070830072539,-0.02994758752646387,LS,60
2008-05-01,0.016424977606603518,0.018974896218739414,0.8656162024423816,0.0845580194053136,0.016367005405498555,-0.019827238345285436,LS,60
2008-06-01,0.016817390892912017,0.018963146352734838,0.8868460212293112,0.08668634315446959,0.01676559395697738,-0.01966654605064222,LS,60
2008-07-01,0.017984299568948703,0.01875326378234187,0.9589957128360115,0.09305762028670046,0.017955073539838568,-0.017485698126214144,LS,60
2008-08-01,0.01579309848033814,0.019403860205369848,0.813915288668568,0.08109667599308963,0.015717432983026785,-0.017485698126214255,LS,60
2008-09-01,0.015973131156204197,0.01937525649817933,0.8244087585475409,0.08207199226479976,0.01590063370299962,-0.017485698126214033,LS,60
2008-10-01,0.018296342668777076,0.0188449149619264,0.9708901688196714,0.09475226101005095,0.01827051881712173,-0.017485698126214255,LS,60
2008-11-01,0.02108142760326844,0.018861842065966066,1.1176759687383528,0.11007695273200054,0.021105504113485458,-0.017485698126214366,LS,60
2008-12-01,0.024284256244774018,0.02175628517269779,1.1161949777735314,0.12763898163584403,0.024316140596971,-0.017485698126214255,LS,60
2009-01-01,0.029573228811641317,0.02181684223641518,1.3555228795796903,0.15778264883397417,0.029734841070411282,-0.017485698126214255,LS,60
2009-02-01,0.02866090897051124,0.021813275916793027,1.3139204345022995,0.15252649851548378,0.028798171890399252,-0.017485698126214366,LS,60
2009-03-01,0.03211512340521187,0.02214230788585011,1.4503963891557494,0.1725120027679544,0.03234167391288658,-0.017485698126214144,LS,60
2009-04-01,0.028693733916067894,0.02338022648358911,1.227265011149845,0.15251093961457732,0.028795394157259582,-0.017485698126214255,LS,60
2009-05-01,0.027642351103268577,0.023663176024820456,1.1681589603303604,0.14644407169570967,0.027709981503976345,-0.02077226230919027,LS,60
2009-06-01,0.028149995404157056,0.02379305765541875,1.1831180259316538,0.14933340997276132,0.02822747955069726,-0.020772262309190492,LS,60
2009-07-01,0.025731272519009977,0.023296048031476096,1.1045338026537188,0.13561394995519,0.025760907484680597,-0.020772262309190492,LS,60
2009-08-01,0.023303498363520976,0.02400733107513044,0.9706825923545256,0.12184516935202384,0.023261382777451975,-0.021126851212936226,LS,60
2009-09-01,0.02005952254709646,0.024872697377003344,0.8064876214689516,0.10371058116493126,0.01993158523626542,-0.03367873619185169,LS,60
2009-10-01,0.022570906323622582,0.02474909860388201,0.9119890257369708,0.11764956195307892,0.022494852763466095,-0.0336787361918518,LS,60
2009-11-01,0.02400292797470606,0.024504975383324624,0.9795124295876583,0.1256990447594516,0.023963460792362636,-0.03367873619185158,LS,60
2009-12-01,0.025476553328902102,0.024238621138821848,1.0510727150274035,0.13404363556858642,0.025477068282005653,-0.03367873619185202,LS,60
2010-01-01,0.02216241893922642,0.0230151156437259,0.9629505791889454,0.11560202850457664,0.02211993591011148,-0.03367873619185191,LS,60
2010-02-01,0.02208504149474362,0.023012836330050572,0.9596835947555312,0.11517158499390016,0.022041048851753973,-0.03367873619185169,LS,60
2010-03-01,0.022616562325161665,0.023030162459905044,0.9820409371638844,0.11813146853755846,0.022583013141478467,-0.03367873619185191,LS,60
2010-04-01,0.02170453799493878,0.02303980257659388,0.9420453114901428,0.11305237662158157,0.021652307558275945,-0.0336787361918518,LS,60
2010-05-01,0.02161948324893144,0.023041428537548148,0.9382874509581939,0.11257977014923101,0.021565533291347597,-0.03367873619185169,LS,60
2010-06-01,0.020158529665471842,0.022904936131352353,0.8800954322626893,0.10451344875246414,0.02007992699583857,-0.03367873619185169,LS,60
2010-07-01,0.020199684765309978,0.022901240647011965,0.8820345184200983,0.10474083921892471,0.020121925099444868,-0.03367873619185213,LS,60
2010-08-01,0.01995796429550466,0.022877856500622008,0.8723703767860436,0.10341161755208807,0.019876325192544873,-0.0336787361918518,LS,60
2010-09-01,0.020409874225297782,0.022861961941609218,0.892743775771554,0.10590545973527454,0.02033691747004722,-0.03367873619185191,LS,60
2010-10-01,0.01959451107254402,0.022846020113433202,0.8576772223457277,0.10141552953708462,0.019507063609981813,-0.03367873619185202,LS,60
2010-11-01,0.01994886517681978,0.022813162032462336,0.8744454253396893,0.10336963322111144,0.019868563904514025,-0.03367873619185202,LS,60
2010-12-01,0.01700482468686382,0.022931568789360878,0.7415465048668288,0.08725639141048729,0.016872245499433294,-0.03367873619185191,LS,60
2011-01-01,0.01710221652909872,0.022930917232758922,0.7458147598503662,0.08778529919886051,0.016971159983922585,-0.03367873619185191,LS,60
2011-02-01,0.015221929698642622,0.02326341131259088,0.6543292165583661,0.07757859563299405,0.015055505868910461,-0.03367873619185169,LS,60
2011-03-01,0.01745819408550084,0.023130714627207585,0.7547624172824119,0.08969526845678101,0.017328035718156855,-0.03367873619185158,LS,60
2011-04-01,0.018223445628602463,0.023152830653571706,0.7870936345224464,0.09386371290795957,0.018105170681948786,-0.03367873619185158,LS,60
2011-05-01,0.01829479900756738,0.023160457989035807,0.7899152519448519,0.09425248273319113,0.01817752929608148,-0.03367873619185169,LS,60
2011-06-01,0.0190051051069147,0.02322623227779025,0.8182603566351164,0.09813128284236941,0.01889833539990656,-0.03367873619185202,LS,60
2011-07-01,0.01825136831129058,0.023145603184581708,0.7885458056866977,0.09401711638860447,0.018133724900287876,-0.03367873619185158,LS,60
2011-08-01,0.017750913611995642,0.023165316240520324,0.7662711541552834,0.09128461178898402,0.017624621579964132,-0.0336787361918518,LS,60
2011-09-01,0.017710239622915944,0.02316305879115217,0.7645898489745622,0.09106331129419785,0.01758334561962324,-0.03367873619185169,LS,60
2011-10-01,0.02096613056052548,0.024451731269637584,0.8574497375799204,0.1087739602276015,0.02086567966879331,-0.03367873619185169,LS,60
2011-11-01,0.022449526697021542,0.02430275668704292,0.9237440421312603,0.11703362551896919,0.022382128572962706,-0.03367873619185169,LS,60
2011-12-01,0.0216146602932628,0.02433381826561961,0.8882560088731076,0.1123847883447663,0.021529724505134202,-0.03367873619185191,LS,60
2012-01-01,0.021855362291816182,0.024354209441065106,0.8973956779300966,0.1137191886493977,0.021774689374163034,-0.03367873619185169,LS,60
2012-02-01,0.021738159950566542,0.02436017166050596,0.8923648098017977,0.11306710369256075,0.021655011090784472,-0.033678736191851466,LS,60
2012-03-01,0.0212964349161915,0.02433215862938697,0.8752382080261017,0.11061962587282911,0.02120532029382152,-0.03367873619185169,LS,60
2012-04-01,0.022501294071608897,0.024600545135008305,0.914666481906044,0.11728192746065356,0.022427576962881408,-0.03367873619185191,LS,60
2012-05-01,0.022560792394904505,0.02460435163739937,0.916943178482761,0.11761321528229904,0.02248820224106542,-0.0336787361918518,LS,60
2012-06-01,0.02148450887552708,0.02461073394948486,0.8729731067600598,0.11162509985303229,0.021390158328679066,-0.03367873619185158,LS,60
2012-07-01,0.024048404361249665,0.024173806289511917,0.9948124872533348,0.12600017537881034,0.024018238090807654,-0.033678736191851466,LS,60
2012-08-01,0.024743575182490565,0.024031365989218022,1.0296366504339405,0.1299322464445563,0.02473242979050542,-0.0336787361918518,LS,60
2012-09-01,0.025525633694930685,0.024018934309692232,1.0627296517743696,0.13435168382635942,0.02553277374100012,-0.03367873619185169,LS,60
2012-10-01,0.02637928881594678,0.024097017442152563,1.0947117783050555,0.13918264061248242,0.026404793655687542,-0.0336787361918518,LS,60
2012-11-01,0.02703869037504444,0.02400588764420924,1.1263357879443703,0.14294887932605588,0.027082574957801316,-0.0336787361918518,LS,60
2012-12-01,0.02595683544051166,0.024175982674886295,1.0736620632788298,0.1367733029080571,0.02597026271546663,-0.0336787361918518,LS,60
2013-01-01,0.02595995164078068,0.02417580386374972,1.0737989018725533,0.13679100137901004,0.025973457370331618,-0.03367873619185202,LS,60
2013-02-01,0.023946019697383282,0.023606716322093445,1.0143731712051913,0.12550045000944243,0.023927328911435584,-0.033678736191851466,LS,60
2013-03-01,0.025105846122022414,0.023394683769354063,1.0731432136265886,0.13206117666257533,0.025118283287507853,-0.033678736191851466,LS,60
2013-04-01,0.02619305807662614,0.02362226383103364,1.1088292918909464,0.13818853417380936,0.026225592897330674,-0.03367873619185191,LS,60
2013-05-01,0.02580955043653292,0.023615226540666827,1.0929198748988216,0.1360137541003025,0.02583312317426842,-0.03367873619185169,LS,60
2013-06-01,0.026593893423812097,0.02366749750464916,1.123646191093422,0.14046087960686146,0.026635029286780725,-0.0336787361918518,LS,60
2013-07-01,0.026249045585831483,0.02369790765827745,1.1076524545686184,0.1384963685793031,0.026281097475916435,-0.033678736191851355,LS,60
2013-08-01,0.02917365313467736,0.02310641069654511,1.2625783172390088,0.15530831305528117,0.029294328224834913,-0.033678736191851466,LS,60
2013-09-01,0.02872197431722662,0.023200993811248332,1.2379631041193415,0.1526957571097905,0.028828387716993698,-0.0336787361918518,LS,60
2013-10-01,0.02945760298784366,0.023273438664920848,1.265717688389725,0.15692338931797215,0.029581950154831824,-0.0336787361918518,LS,60
2013-11-01,0.02845378639657356,0.023109152492829695,1.2312777980673328,0.15116688032420278,0.02855532572183086,-0.03367873619185169,LS,60
2013-12-01,0.0221134410551092,0.020087549026854567,1.10085312177938,0.11567556433507471,0.022133410331052997,-0.03367873619185169,LS,60
2014-01-01,0.019369825893487964,0.019089113654548396,1.014705357410488,0.10060745195494109,0.01935742295959147,-0.03367873619185169,LS,60
2014-02-01,0.01839253888945724,0.019281955003101856,0.9538731361264179,0.09523064665904976,0.018359496186119716,-0.0336787361918518,LS,60
2014-03-01,0.01651861331429038,0.018576917775263647,0.8892009704799345,0.08510304888551799,0.0164691370853861,-0.03367873619185169,LS,60
2014-04-01,0.02032588871666468,0.017243605327294263,1.1787493584355926,0.10605819940212922,0.020365100224815396,-0.02363803837824907,LS,60
2014-05-01,0.02210339949731116,0.01683304534313926,1.3130957023364738,0.11595377399741465,0.02218438196471719,-0.02363803837824907,LS,60
2014-06-01,0.02012325838524848,0.016481786474407716,1.2209391510134595,0.1050108044476843,0.020171777612092493,-0.02363803837824907,LS,60
2014-07-01,0.021897899252137865,0.016877787807626554,1.2974389476707884,0.1148056408944695,0.021973963391809324,-0.02363803837824896,LS,60
2014-08-01,0.023116590822246843,0.016155831373252126,1.4308512071077364,0.1216739089781737,0.023230138745957342,-0.012822790158733888,LS,60
2014-09-01,0.025572493748756697,0.01477228786463104,1.7311126064625606,0.13562643041093755,0.02576316210780082,-0.01263847659997408,LS,60
2014-10-01,0.02575631782522076,0.01483629112409508,1.736034808820303,0.13666312341384768,0.02595037391844952,-0.01263847659997408,LS,60
2014-11-01,0.02583872166299956,0.014832839139399688,1.7419943289457998,0.1371308319585649,0.0260347906269923,-0.01263847659997408,LS,60
2014-12-01,0.025263225665570148,0.01491901013508963,1.6933580335970706,0.13386314129668075,0.025444423238049345,-0.01263847659997408,LS,60
2015-01-01,0.025693674017761264,0.014958631160734813,1.7176487435030194,0.13629759231660224,0.025884379868492173,-0.012638476599973969,LS,60
2015-02-01,0.024476268528082303,0.015185264100923093,1.611843453324886,0.12939698316424705,0.02463532563121305,-0.012638476599973969,LS,60
2015-03-01,0.02544680729961104,0.015456896077957437,1.646307717362471,0.1348560822522203,0.02562395977159645,-0.01263847659997408,LS,60
2015-04-01,0.02517503783080286,0.015517708215601077,1.622342518690522,0.1333129416373269,0.025344885878861325,-0.012638476599973858,LS,60
2015-05-01,0.028410167833334363,0.01691560056370362,1.67952463327226,0.15162391957959684,0.02863698469438241,-0.012638476599973969,LS,60
2015-06-01,0.029007470293567185,0.01689212151513243,1.717218898027787,0.15506245162550145,0.029250515622273873,-0.012638476599973969,LS,60
2015-07-01,0.02997195366583954,0.016873935049444216,1.7762278673003862,0.1606341602283221,0.030241570406565586,-0.012638476599973969,LS,60
2015-08-01,0.028845539359898878,0.01700582654319011,1.6962150758529237,0.15411877744001115,0.029082283210996443,-0.012638476599973969,LS,60
2015-09-01,0.030516562971641004,0.017366698984536032,1.7571884558380444,0.16374225801495235,0.030792763394590684,-0.012638476599973969,LS,60
2015-10-01,0.03087403570774066,0.017333960846684125,1.7811298860552498,0.16582213209064608,0.031160952845960842,-0.012638476599973969,LS,60
2015-11-01,0.029783221931995223,0.01763577303671522,1.6887959416346934,0.15946630580596585,0.03003415677516694,-0.012638476599973969,LS,60
2015-12-01,0.031718386227406886,0.017138837635050464,1.850673126311666,0.17076122560842513,0.03203319422134225,-0.007438185563637956,LS,60
2016-01-01,0.03222662523109256,0.017142319195508616,1.8799454649949647,0.1737318689810371,0.03255639154149531,-0.007438185563637956,LS,60
2016-02-01,0.03288589982205408,0.016812122295102233,1.9560825959274941,0.17762992140742623,0.03324132185752263,-0.006108587158851431,LS,60
2016-03-01,0.03105912282724252,0.016991050274295372,1.8279695678512464,0.16693322834835303,0.03135742922415291,-0.007685108161662013,LS,60
2016-04-01,0.026431635485269202,0.01950072744395674,1.3554179228047385,0.14004279290956706,0.026559746493572733,-0.026607330487921188,LS,60
2016-05-01,0.028124242038082357,0.020026036527927716,1.4043838379532128,0.14965089559515135,0.02828427967049208,-0.026607330487920966,LS,60
2016-06-01,0.025228986695393342,0.020593906478724333,1.2250704703091437,0.1330988968291595,0.025306152299916115,-0.026607330487921188,LS,60
2016-07-01,0.022215676455563223,0.021644310638519806,1.0263979678810637,0.11606360063667327,0.022204500836824678,-0.03579407904887666,LS,60
2016-08-01,0.0228834055763058,0.021617363345107013,1.0585659874882636,0.11979221407038833,0.02288659857160071,-0.03579407904887677,LS,60
2016-09-01,0.023129281376184082,0.02163281501681135,1.0691757572100438,0.121165208876427,0.023137311102743995,-0.03579407904887655,LS,60
2016-10-01,0.0229315283470269,0.021479054509182086,1.0676228014237727,0.12007749576178806,0.02293871200528638,-0.03579407904887644,LS,60
2016-11-01,0.02229306175449488,0.021491274206838447,1.0373075853920892,0.11651277670400627,0.02228676781491917,-0.03579407904887677,LS,60
2016-12-01,0.022643702538301964,0.02145613953020103,1.0553484006957239,0.11847251660387594,0.022645386382397197,-0.03579407904887655,LS,60
1992-01-01,,,,,,,EN,36
1992-02-01,,,,,,,EN,36
1992-03-01,,,,,,,EN,36
1992-04-01,,,,,,,EN,36
1992-05-01,,,,,,,EN,36
1992-06-01,,,,,,,EN,36
1992-07-01,,,,,,,EN,36
1992-08-01,,,,,,,EN,36
1992-09-01,,,,,,,EN,36
1992-10-01,,,,,,,EN,36
1992-11-01,,,,,,,EN,36
1992-12-01,,,,,,,EN,36
1993-01-01,,,,,,,EN,36
1993-02-01,,,,,,,EN,36
1993-03-01,,,,,,,EN,36
1993-04-01,,,,,,,EN,36
1993-05-01,,,,,,,EN,36
1993-06-01,,,,,,,EN,36
1993-07-01,,,,,,,EN,36
1993-08-01,,,,,,,EN,36
1993-09-01,,,,,,,EN,36
1993-10-01,,,,,,,EN,36
1993-11-01,,,,,,,EN,36
1993-12-01,,,,,,,EN,36
1994-01-01,,,,,,,EN,36
1994-02-01,,,,,,,EN,36
1994-03-01,,,,,,,EN,36
1994-04-01,,,,,,,EN,36
1994-05-01,,,,,,,EN,36
1994-06-01,,,,,,,EN,36
1994-07-01,,,,,,,EN,36
1994-08-01,,,,,,,EN,36
1994-09-01,,,,,,,EN,36
1994-10-01,,,,,,,EN,36
1994-11-01,,,,,,,EN,36
1994-12-01,0.0992242790506548,0.029649359253582936,3.34659100731373,0.3433190496938046,0.10338326106461,-0.02372598350798505,EN,36
1995-01-01,0.09827334195107065,0.02932625638976001,3.3510360355911373,0.3395607569782291,0.10235329711337462,-0.02372598350798505,EN,36
1995-02-01,0.10972142335820156,0.02261730795424251,4.851214988989007,0.38668502845312225,0.1151311363397007,-0.004717774271414732,EN,36
1995-03-01,0.10993173102467554,0.022612445450594522,4.861558705132674,0.38755270616489235,0.1153636747730831,-0.004717774271414732,EN,36
1995-04-01,0.11076701450684462,0.022611095435928194,4.898790278459483,0.3910024311384822,0.11628724656386394,-0.004717774271414732,EN,36
1995-05-01,0.10975150879040843,0.022803110534517505,4.8130060424991346,0.38679174256834237,0.1151597410522953,-0.004717774271414732,EN,36
1995-06-01,0.10916837290239606,0.022858761592725207,4.775778095395109,0.3843844971435526,0.11451412189504717,-0.004717774271414954,EN,36
1995-07-01,0.10593896101430669,0.022364290988700186,4.736969352966904,0.3711999390950946,0.11096470500599073,-0.004717774271414732,EN,36
1995-08-01,0.10398759796461579,0.021755307078835318,4.77987268061963,0.3633190690269701,0.10883221855735242,-0.004717774271414843,EN,36
1995-09-01,0.1042019432365619,0.021777252132338686,4.784898599847892,0.3641865527232332,0.1090673530285243,-0.004717774271414843,EN,36
1995-10-01,0.10987191340621227,0.023299491650317118,4.715635647987059,0.38724217190797083,0.11528046244537174,-0.004717774271414954,EN,36
1995-11-01,0.11176595687048058,0.023340347212441742,4.788530172803209,0.39507067068004414,0.11737444902185705,-0.004717774271414732,EN,36
1995-12-01,0.10843784566685996,0.023026613138114316,4.709239913679293,0.3813659303431983,0.11370348884939435,-0.004717774271414843,EN,36
1996-01-01,0.10803915254474758,0.023040095182885367,4.689179957251269,0.3797281831499411,0.11326317924259428,-0.004717774271414843,EN,36
1996-02-01,0.10927261433018937,0.022883694230903636,4.775129978035647,0.3848118851210859,0.11462880124129811,-0.004717774271414732,EN,36
1996-03-01,0.10282777921956163,0.023711788000656264,4.336567922111808,0.35844619721316473,0.10750955249979631,-0.004717774271414843,EN,36
1996-04-01,0.10243030505480595,0.02383795164744505,4.296942395458899,0.356828946517538,0.1070698756950962,-0.004717774271414843,EN,36
1996-05-01,0.09894517969687053,0.02580692080160525,3.8340560060429953,0.34263703563109604,0.10319649722005698,-0.014238799583089046,EN,36
1996-06-01,0.10215628011784908,0.026239697596675472,3.8931957863261393,0.3554802626809809,0.1067029460654011,-0.014238799583089046,EN,36
1996-07-01,0.10322845223765724,0.026204749880906437,3.9393030922562837,0.3598137755768461,0.10788107945121729,-0.014238799583088824,EN,36
1996-08-01,0.10882753612367208,0.025923956813193837,4.197952376941354,0.3826748007480866,0.11405512953323887,-0.014238799583088824,EN,36
1996-09-01,0.10841611416465166,0.02596356071675603,4.175702837811589,0.38098036420734016,0.11359986042882345,-0.014238799583088824,EN,36
1996-10-01,0.1137831129980949,0.025625693212655717,4.440196487714955,0.4032247787987239,0.11954721780723591,-0.014238799583088824,EN,36
1996-11-01,0.11503690957334534,0.025329015751224395,4.541704687746679,0.4084942914359624,0.12094687449707947,-0.014238799583088824,EN,36
1996-12-01,0.11270705449152323,0.024578619669011738,4.585572990236801,0.39885221668011994,0.11838314123260114,-0.014238799583088713,EN,36
1997-01-01,0.11746659709975185,0.024848135452118614,4.7273807455736625,0.41874928951172347,0.12366077069500837,-0.014238799583088935,EN,36
1997-02-01,0.12529736591209711,0.023855523837773805,5.252341837645844,0.4522369698951819,0.13243294679924716,-0.014238799583088824,EN,36
1997-03-01,0.12749424855699432,0.024214672912241747,5.265165010448664,0.4617024519414988,0.13488796838193787,-0.014238799583088935,EN,36
1997-04-01,0.12649988846186358,0.02407271666399019,5.254907047989801,0.45740872096331003,0.13377563921978286,-0.014238799583088824,EN,36
1997-05-01,0.12752497120036863,0.023965069359778605,5.3212852959398536,0.46186156222617636,0.1349291454345253,-0.014238799583088824,EN,36
1997-06-01,0.12746023386102925,0.023964948563466038,5.31861078372349,0.46158067522964485,0.13485645107756142,-0.014238799583088935,EN,36
1997-07-01,0.12443016392343237,0.024741014048977994,5.0293073548686,0.44841053984121115,0.13143747409252193,-0.014238799583088824,EN,36
1997-08-01,0.12017415790747235,0.02575849915711709,4.665417700559939,0.43011008350246493,0.12665208029548797,-0.014238799583088713,EN,36
1997-09-01,0.11995042822078791,0.025774775143098325,4.653791451325498,0.42915826762132786,0.1264020754535065,-0.014238799583088824,EN,36
1997-10-01,0.12015252545447874,0.02577759152523086,4.661123027606151,0.4300161240779715,0.1266274057615182,-0.014238799583088935,EN,36
1997-11-01,0.11938255751257373,0.025619745173955252,4.659787078363945,0.42676623522988066,0.1257732916109308,-0.014238799583088824,EN,36
1997-12-01,0.11497499668152537,0.023865719299274318,4.817579358901678,0.40838262828087374,0.12091725142765045,-0.014238799583088713,EN,36
1998-01-01,0.1147021904867006,0.023787372219325673,4.821978208820924,0.40724905061052163,0.12061643643623592,-0.014238799583088824,EN,36
1998-02-01,0.11542503515791547,0.02385152217662741,4.839315256408363,0.41026865509477445,0.12141738469297454,-0.014238799583088935,EN,36
1998-03-01,0.11492757422666446,0.02388069137726422,4.812573154229615,0.40818265328797415,0.1208641962363172,-0.014238799583088824,EN,36
1998-04-01,0.11212507869334096,0.024259337770237782,4.621934850624817,0.39646537864255943,0.11774668631584455,-0.014238799583088935,EN,36
1998-05-01,0.11658367694227781,0.024356523089907843,4.786548413003349,0.4150814491919125,0.12269161542972623,-0.014238799583088824,EN,36
1998-06-01,0.11760731616532369,0.0242658108810337,4.846626257078689,0.41940083730525396,0.12383275472273708,-0.014238799583088824,EN,36
1998-07-01,0.11737150322556467,0.024290711495442527,4.831949992390554,0.4184042530049502,0.12356967275313341,-0.014238799583088935,EN,36
1998-08-01,0.12109978434704116,0.02554171070696473,4.741255812361056,0.4340698610958422,0.12769097011466868,-0.014238799583088935,EN,36
1998-09-01,0.12679698183837063,0.027567319113585835,4.599539814369617,0.45830833273423704,0.134008872378846,-0.014238799583088935,EN,36
1998-10-01,0.1232777579326134,0.02655595465980147,4.642188899321423,0.4432651410373787,0.13009609463874028,-0.014238799583088935,EN,36
1998-11-01,0.12403799076944874,0.02665352505836893,4.653718054096641,0.4465159023680892,0.1309439217575852,-0.014238799583088713,EN,36
1998-12-01,0.12483804491541006,0.02656930575947931,4.69858136473403,0.44996580497133165,0.13184229849436568,-0.014238799583088935,EN,36
1999-01-01,0.12456773138539748,0.02660137925355437,4.682754612009572,0.44879888753599523,0.13153858535869567,-0.014238799583088824,EN,36
1999-02-01,0.12708288799402867,0.026722186533343656,4.755706941700149,0.45964406685150355,0.13435499765035788,-0.014238799583088824,EN,36
1999-03-01,0.12717936045072395,0.026670609072276585,4.768521037748764,0.46006813451607237,0.1344648410264594,-0.010860817090225572,EN,36
1999-04-01,0.12096018379970438,0.03083603859491131,3.9226888183901063,0.43283802697481666,0.1273679904640053,-0.021717134348847145,EN,36
1999-05-01,0.12695885794878908,0.02836512676744443,4.475878390732378,0.4589065375972195,0.13416390975359915,-0.021717134348847145,EN,36
1999-06-01,0.12379639354509839,0.028196121656934296,4.390546864967616,0.44529271174049084,0.13062505209407713,-0.021717134348847256,EN,36
1999-07-01,0.12494583387119283,0.02822346788051992,4.427019188433308,0.4502305673814841,0.13191118541935526,-0.021717134348847145,EN,36
1999-08-01,0.12102341206889802,0.02825196913169784,4.283715995325561,0.43343285933377496,0.12752397510716418,-0.021717134348847145,EN,36
1999-09-01,0.12019708292716355,0.02840810619019454,4.231083977313887,0.4299003707899023,0.12659700648994615,-0.021717134348847145,EN,36
1999-10-01,0.12425275824449536,0.03001624141432526,4.139517554159719,0.44702933860577226,0.13107771425000803,-0.021717134348847145,EN,36
1999-11-01,0.12449964431698154,0.029978316050299346,4.152989918049061,0.4480953508853571,0.13135539734765853,-0.021717134348847145,EN,36
1999-12-01,0.11239249563047102,0.03518081497768009,3.1947098355105377,0.39622624215254526,0.1176828801562981,-0.02228981025143628,EN,36
2000-01-01,0.10724933887162846,0.03499571165281073,3.0646423177685134,0.3750668166851519,0.11200805699017978,-0.02228981025143617,EN,36
2000-02-01,0.07601138075865706,0.05878972166538122,1.29293656451204,0.24857873242521478,0.07680891975946325,-0.0931169201427654,EN,36
2000-03-01,0.08507449169028092,0.062472936788968494,1.3617815339410044,0.28193443798079104,0.08631373721847846,-0.0931169201427654,EN,36
2000-04-01,0.08167596910434656,0.06244613271257593,1.3079427909536174,0.26902623594177133,0.08265528505803198,-0.0931169201427654,EN,36
2000-05-01,0.07289965693414693,0.06383683126232699,1.1419686017085926,0.23593182088519746,0.07316089248533279,-0.0931169201427654,EN,36
2000-06-01,0.08423202873028006,0.06746577632010373,1.2485149260067172,0.2775103694081321,0.0850626421273613,-0.0931169201427654,EN,36
2000-07-01,0.09381055429393592,0.06840513220113856,1.3713964329181503,0.3142309049977854,0.09536087713980082,-0.0931169201427654,EN,36
2000-08-01,0.10101148925446676,0.06845303230107268,1.4756320627287083,0.3426853933904411,0.10320974167080088,-0.0931169201427654,EN,36
2000-09-01,0.1043432445114206,0.06865891244084009,1.519733430111173,0.3560020856118194,0.10684494466151877,-0.0931169201427654,EN,36
2000-10-01,0.1053851236669575,0.06871186365277293,1.5337252996004944,0.3601957244711042,0.1079847981486095,-0.0931169201427654,EN,36
2000-11-01,0.09983278802856643,0.06893656125309625,1.448183463373472,0.3378538216855016,0.10188487353164202,-0.0931169201427654,EN,36
2000-12-01,0.09486080316587679,0.06912167697024514,1.3723741570493375,0.3181545480539728,0.09644986262514786,-0.0931169201427654,EN,36
2001-01-01,0.10807236200362277,0.07416791799202502,1.457130858321294,0.36957625462417204,0.11052602144642235,-0.0931169201427654,EN,36
2001-02-01,0.12010861805810771,0.077552784074475,1.548733801004046,0.41840559532832794,0.12357002718743502,-0.09311692014276529,EN,36
2001-03-01,0.11715392083770589,0.07781391692043112,1.5055651414836504,0.4059257233294184,0.12026506357397143,-0.09311692014276551,EN,36
2001-04-01,0.12290306604337073,0.07786015536151968,1.5785104136089654,0.4301258234195407,0.12665621362421178,-0.0931169201427654,EN,36
2001-05-01,0.12003364239660705,0.07777457943452105,1.5433531530397302,0.4180176910827208,0.12346759355301352,-0.09311692014276529,EN,36
2001-06-01,0.11772209841091735,0.07790033995969914,1.5111885066460495,0.4082733143921875,0.12088825007733234,-0.09311692014276551,EN,36
2001-07-01,0.12228484133023987,0.07811776057736605,1.5653910253754868,0.4274184890918081,0.12594481658176296,-0.09311692014276551,EN,36
2001-08-01,0.1175429504758788,0.07770489697743423,1.5126839497646292,0.40758627653788054,0.12070594220750584,-0.09311692014276529,EN,36
2001-09-01,0.11604471277795736,0.07738928015932876,1.4994933734884848,0.4014337946417925,0.11907070945270369,-0.09311692014276529,EN,36
2001-10-01,0.118161508546058,0.07756235409426153,1.5234389147402143,0.41021994261054257,0.12140447281375057,-0.09311692014276529,EN,36
2001-11-01,0.11064049484450607,0.07813768385928123,1.4159684467197593,0.3788669875380245,0.11303150633775334,-0.0931169201427654,EN,36
2001-12-01,0.10694681941894643,0.07841317033182299,1.3638884764686452,0.36372053954576766,0.10894105093221,-0.09311692014276518,EN,36
2002-01-01,0.11136116882080485,0.07865809019861715,1.4157624287547552,0.3816578088209579,0.11378192406084839,-0.09311692014276551,EN,36
2002-02-01,0.1120862277549427,0.07872549978015107,1.423760129411116,0.3846171738877562,0.11457655806334306,-0.0931169201427654,EN,36
2002-03-01,0.11373226386676763,0.07850620060000181,1.4487042169604754,0.3914788113866918,0.11641466462555801,-0.09311692014276518,EN,36
2002-04-01,0.12482716111824714,0.07685722577078413,1.624143466881391,0.4386546084869601,0.12889144121688972,-0.09311692014276518,EN,36
2002-05-01,0.12430571450625333,0.07688454595515962,1.6167841399330178,0.4364200081052997,0.12830665214804032,-0.09311692014276551,EN,36
2002-06-01,0.12889646375928707,0.07709633191898797,1.671888409616298,0.45606101511091096,0.13342605362133525,-0.0931169201427654,EN,36
2002-07-01,0.135870645877264,0.07819117052615833,1.737672488632324,0.486141702958688,0.14117804326867023,-0.0931169201427654,EN,36
2002-08-01,0.1405455473466471,0.07817053580968372,1.7979350645468695,0.5068980566150273,0.14646629371501604,-0.0931169201427654,EN,36
2002-09-01,0.14695734441622618,0.07826044171620215,1.877798555611804,0.5357839334860418,0.15374555269560938,-0.09311692014276529,EN,36
2002-10-01,0.14447895262405513,0.07787977195328928,1.8551537710037296,0.5246745295175312,0.15095686700454367,-0.09311692014276529,EN,36
2002-11-01,0.12475655555772046,0.08621483343849111,1.4470428182956063,0.4350131739331814,0.12793817615833364,-0.09311692014276529,EN,36
2002-12-01,0.15367238215186477,0.08933867642180868,1.720110352052982,0.5623349279647181,0.16035634314990502,-0.07493934217329334,EN,36
2003-01-01,0.15612227544956372,0.08915933321182334,1.7510480375470154,0.5737866716706376,0.16318453916152578,-0.07493934217329334,EN,36
2003-02-01,0.18134720737290366,0.07326808036327387,2.475118857676599,0.7025306453296766,0.19407511059883312,-0.05304020576269186,EN,36
2003-03-01,0.16643231740437048,0.07160359092007712,2.324357134408801,0.629628213943293,0.1767824376783381,-0.05304020576269186,EN,36
2003-04-01,0.1590792870279799,0.07385310119240676,2.1539960334710453,0.5937641179585673,0.16808563116325279,-0.05304020576269186,EN,36
2003-05-01,0.15278025724086725,0.07712179309189829,1.9810257401408493,0.5631341995585607,0.16055418415836215,-0.05464023722811717,EN,36
2003-06-01,0.13481621667474358,0.075796711752587,1.7786552154769721,0.4824879142319966,0.14024205238591672,-0.0634538370611375,EN,36
2003-07-01,0.12162098621626313,0.07614913981870462,1.5971419572935108,0.42542593782143956,0.12542066581278638,-0.07388424894200862,EN,36
2003-08-01,0.11325676630706145,0.07647343611674091,1.4809948664287655,0.3903380093892066,0.1161094841985913,-0.07918022965804605,EN,36
2003-09-01,0.11144257267306182,0.07633793693841148,1.4598583239546061,0.382903249493059,0.11411648174725009,-0.07918022965804594,EN,36
2003-10-01,0.10404367357997432,0.07694465359612793,1.3521884720683193,0.35262497131573983,0.10592531743944249,-0.07918022965804572,EN,36
2003-11-01,0.10234301812210034,0.07724715769126439,1.324877460619809,0.3457061913227537,0.10403646241362548,-0.08272979925998403,EN,36
2003-12-01,0.10349910945842357,0.07711596633133581,1.3421229659981195,0.3503824279551883,0.1053138009712492,-0.0827297992599838,EN,36
2004-01-01,0.09048606069057259,0.07223025619970729,1.2527445623395044,0.30044317513965296,0.09151688902038049,-0.0827297992599837,EN,36
2004-02-01,0.07551174000161173,0.06806384574857427,1.1094251165376368,0.2447467249936117,0.0757061810307207,-0.08272979925998414,EN,36
2004-03-01,0.07726067636559406,0.06793128738394212,1.137335671690174,0.2512869060350182,0.07758689222621899,-0.08272979925998392,EN,36
2004-04-01,0.06902788746449073,0.06783334513650086,1.017609957545011,0.22096590638003935,0.06881165020983758,-0.0827297992599838,EN,36
2004-05-01,0.06912131891688683,0.06783682005638642,1.0189351278469823,0.22130537331096647,0.06891069545159603,-0.0827297992599838,EN,36
2004-06-01,0.07060171664523415,0.06780633087660293,1.0412260290815383,0.22671749596427193,0.07048730124724525,-0.08272979925998403,EN,36
2004-07-01,0.06467214274786273,0.06727687266737913,0.9612834274804308,0.20533541049112006,0.06423116293732643,-0.08272979925998403,EN,36
2004-08-01,0.06415622088294963,0.06724985995179532,0.9539978362622136,0.20348768929754796,0.0636870797678265,-0.0827297992599838,EN,36
2004-09-01,0.06086850141572327,0.06657768724854883,0.9142477597410082,0.19189368536291251,0.060260315016033725,-0.0827297992599838,EN,36
2004-10-01,0.0563585839621186,0.06605956346649489,0.8531479925795062,0.17607250745149103,0.05554811031257754,-0.08272979925998392,EN,36
2004-11-01,0.05947033017120094,0.06568818216196604,0.9053429127413836,0.18713665587753917,0.05884788072331963,-0.0827297992599838,EN,36
2004-12-01,0.059007885266745864,0.06574407481850746,0.8975392144408835,0.1854858827142367,0.05835685933095091,-0.08272979925998392,EN,36
2005-01-01,0.05977952838727696,0.06593491316210301,0.9066445304979343,0.18817619070744807,0.05915685613849398,-0.0827297992599838,EN,36
2005-02-01,0.0529287294677592,0.0656494372935604,0.8062327972604116,0.16418136571397118,0.051978541766296606,-0.0827297992599838,EN,36
2005-03-01,0.05395476180656754,0.06562583087697463,0.8221573896369212,0.16775980379527852,0.05305528969618238,-0.08272979925998392,EN,36
2005-04-01,0.05154357528837717,0.06536723627031436,0.7885230924438668,0.15943787970951295,0.05054782590731527,-0.08272979925998403,EN,36
2005-05-01,0.0527466380946687,0.06542297929970337,0.8062402333136768,0.16359932661627452,0.051803198322579375,-0.0827297992599837,EN,36
2005-06-01,0.04738230784336796,0.06469993262865661,0.732339369119862,0.14525847182480936,0.046247671277197235,-0.08272979925998392,EN,36
2005-07-01,0.03592107634999107,0.06235100071309029,0.5761106628469814,0.10716337731876795,0.0345160603510335,-0.0827297992599838,EN,36
2005-08-01,0.03199758632280247,0.06175225396380844,0.5181606219840251,0.09436429029471538,0.03051417765692948,-0.0827297992599838,EN,36
2005-09-01,0.023799016464987537,0.06067124113461342,0.39226190234321756,0.06804490863004949,0.02218578704733478,-0.08272979925998392,EN,36
2005-10-01,0.019401222112774636,0.059793608364553476,0.32446983287056413,0.054235722509010015,0.01776124469184904,-0.08272979925998392,EN,36
2005-11-01,0.03951655579487033,0.05056233885193252,0.7815412952037517,0.12141799402751872,0.03893690492327248,-0.0827297992599838,EN,36
2005-12-01,0.018009932025889425,0.03570323594486767,0.5044341653989026,0.05344559199877044,0.0175069166257937,-0.0827297992599838,EN,36
2006-01-01,0.013056649419318394,0.035518914682958536,0.3675970827335776,0.037947301230135594,0.01249239073044127,-0.08272979925998392,EN,36
2006-02-01,0.015797160699122563,0.03579896685976821,0.4412742066273374,0.04647454869590716,0.015257539765239138,-0.0827297992599838,EN,36
2006-03-01,0.014670525873661763,0.035885633621591605,0.4088133437564504,0.04293827992374563,0.014112655990090713,-0.08272979925998392,EN,36
2006-04-01,0.020897686401762063,0.03376537376817128,0.6189087834549942,0.06281378403466181,0.020514217216293575,-0.06428085928617866,EN,36
2006-05-01,0.03389675010367393,0.025718729855121348,1.3179791651695463,0.10579168126331785,0.03408865338101398,-0.029713092452238077,EN,36
2006-06-01,0.038248909567303695,0.024717619065206982,1.5474350286894591,0.12036529643474876,0.03861171283460944,-0.02058196697785719,EN,36
2006-07-01,0.045805428414383925,0.02368582496061581,1.9338751548889697,0.1460495288327513,0.0464885051409582,-0.016004965639218938,EN,36
2006-08-01,0.05255630931799603,0.02377385408332358,2.2106768693790455,0.16939355296343578,0.053546151630245974,-0.016004965639218827,EN,36
2006-09-01,0.05059917123857523,0.02334906290928887,2.1670750314542833,0.16261130484123154,0.05150541576965335,-0.016004965639218938,EN,36
2006-10-01,0.054302700242379584,0.022174299341243285,2.4489026420500597,0.17563808131448927,0.05541812565079081,-0.007664972167971573,EN,36
2006-11-01,0.05606320360046792,0.02139667311334558,2.6201832080848138,0.18189518621959105,0.05728723277143021,-0.005446257341263361,EN,36
2006-12-01,0.05903692348641859,0.02156517605883611,2.7376045215373424,0.19242271836003783,0.06041716058337899,-0.005446257341263361,EN,36
2007-01-01,0.05371348730374989,0.02057584177023517,2.610512264992791,0.17369029791262722,0.05483493532862854,-0.00544625734126325,EN,36
2007-02-01,0.05391600455034809,0.020573792607553192,2.6206157308377875,0.17440055393145867,0.055047669411226324,-0.005446257341263361,EN,36
2007-03-01,0.05458383226384909,0.020584049055257916,2.651753895325389,0.17674445646005435,0.05574910117078204,-0.005446257341263361,EN,36
2007-04-01,0.057506940648485425,0.019753285951564836,2.911259462830273,0.18712022030180683,0.05884299421628909,-0.004872228334998674,EN,36
2007-05-01,0.05558079533322702,0.019673351960530282,2.825181770993379,0.1803177938118749,0.05681666105188601,-0.004872228334998563,EN,36
2007-06-01,0.053204277527596586,0.019847965055009194,2.680591052036792,0.1719582093941131,0.054315784466309275,-0.004872228334998674,EN,36
2007-07-01,0.05012217111182546,0.020781857846622835,2.4118234029769665,0.1611518746851622,0.051065245357886355,-0.0069542388978699465,EN,36
2007-08-01,0.04891172814280299,0.020654863783294404,2.3680489329763894,0.15696929509274254,0.049801714664173595,-0.0069542388978698355,EN,36
2007-09-01,0.04507494902088646,0.019842552824721894,2.2716305416472142,0.14383551311014944,0.045814178375492814,-0.0069542388978698355,EN,36
2007-10-01,0.0423188969288466,0.020123475915350995,2.102961591072049,0.13443206523367904,0.042940416707776125,-0.0069542388978699465,EN,36
2007-11-01,0.04438778003397482,0.020238544597430356,2.1932298451742738,0.14146161573925803,0.04509018878944432,-0.0069542388978698355,EN,36
2007-12-01,0.048464581354545726,0.019943627566274845,2.430078539798873,0.15547399468855966,0.04934925503756936,-0.0069542388978699465,EN,36
2008-01-01,0.045548547134094286,0.01776298332927125,2.564239705108307,0.1455871557427709,0.04634775112807019,-0.0069542388978700576,EN,36
2008-02-01,0.054146701492594526,0.020422166388023577,2.651369128220816,0.1752210751808957,0.05529332310414866,-0.0069542388978698355,EN,36
2008-03-01,0.05583915220096189,0.020623246480470623,2.707583030336145,0.1811614593991868,0.05706839763388448,-0.0069542388978699465,EN,36
2008-04-01,0.05819936219387086,0.02136435295598015,2.7241340897984054,0.18946006969697973,0.05953820803805698,-0.0069542388978699465,EN,36
2008-05-01,0.05305462692951206,0.022115159484174734,2.399016247993921,0.17126869599049638,0.05410897746754645,-0.0069542388978698355,EN,36
2008-06-01,0.04882346098174192,0.023179453222197697,2.1063249643432638,0.15647362179479984,0.04965177320091615,-0.014003837574501188,EN,36
2008-07-01,0.05854169215379312,0.02683342495670051,2.1816705190730716,0.19021392771509885,0.05976199940659843,-0.014003837574501188,EN,36
2008-08-01,0.05661205292881113,0.026925199548993743,2.1025676272444502,0.18336778934969528,0.05772616574149856,-0.014003837574501188,EN,36
2008-09-01,0.058916312548266486,0.026644809828919463,2.211174068291548,0.19156373782249161,0.06016247000039447,-0.014003837574501077,EN,36
2008-10-01,0.06295856580188132,0.02786232303102244,2.2596308904961746,0.20590991648827708,0.06440021963483607,-0.014003837574501077,EN,36
2008-11-01,0.06581632613658218,0.028493833300722405,2.30984457029562,0.2161735371564945,0.06741143194578818,-0.014003837574501077,EN,36
2008-12-01,0.0784799663102023,0.033751298066862404,2.3252429033908846,0.26237996346795717,0.08076191191529945,-0.014003837574501188,EN,36
2009-01-01,0.08460696544931921,0.033309987921160154,2.5399878753955556,0.28569592368043606,0.08737519647430403,-0.014003837574501077,EN,36
2009-02-01,0.08236542516096564,0.03340154965291749,2.4659162828324446,0.2771268590501639,0.08495405216456589,-0.014003837574501188,EN,36
2009-03-01,0.08224284220744854,0.03343903652099224,2.4594860009144823,0.2766556999259373,0.08482061491757857,-0.014003837574501299,EN,36
2009-04-01,0.05310401853356077,0.06367373395076008,0.8340019540023671,0.16493935532902312,0.05220680397069196,-0.09168311181472766,EN,36
2009-05-01,0.043869765446980694,0.06574593058603914,0.6672620655900525,0.1327757397222899,0.04243258837847575,-0.11378419076393431,EN,36
2009-06-01,0.04358744340668927,0.0657473650974232,0.6629534634901675,0.1318198856976584,0.04213929885239614,-0.11378419076393431,EN,36
2009-07-01,0.040383052484197705,0.06558989453640256,0.6156901572967922,0.12106355249848921,0.03882743602165028,-0.11378419076393431,EN,36
2009-08-01,0.026962423735667804,0.06728727436938099,0.4007061363141947,0.07657403682996128,0.02489954576275537,-0.13243034323901226,EN,36
2009-09-01,0.01936358993707287,0.06805669316863804,0.28452146343772144,0.05218983675210038,0.01710245096780377,-0.14658918145366184,EN,36
2009-10-01,0.02336310710305184,0.06846245805448972,0.341254283982281,0.06478051812007138,0.02114331561052541,-0.14658918145366184,EN,36
2009-11-01,0.024666015883964602,0.06841619115517833,0.3605289254997888,0.06895239729635805,0.022475212897005582,-0.14658918145366184,EN,36
2009-12-01,0.020670196513242207,0.06826470438768635,0.3027947853674543,0.05627119324814872,0.018415839406464456,-0.14658918145366162,EN,36
2010-01-01,0.02115383336594374,0.06826195132565528,0.3098920109245891,0.05780278547076825,0.018907835683541832,-0.14658918145366173,EN,36
2010-02-01,0.02163067573889524,0.06828648500346492,0.31676364272956326,0.05930910188280809,0.019391249565069667,-0.14658918145366173,EN,36
2010-03-01,0.02100221698409517,0.06825776883148643,0.3076897669471891,0.057323498822469045,0.018753924606999525,-0.14658918145366195,EN,36
2010-04-01,0.01422595834501414,0.06907773194709105,0.2059413061782381,0.035900596101357596,0.01182644910042721,-0.14658918145366195,EN,36
2010-05-01,0.01434014525839184,0.0690804129112737,0.20758627017487863,0.03625452031086891,0.011941669003923239,-0.1465891814536615,EN,36
2010-06-01,0.015127491874298706,0.06907436323093452,0.219002987023179,0.03870337994704477,0.012738176537167724,-0.14658918145366173,EN,36
2010-07-01,0.022030766835452974,0.06930715505964426,0.3178714638696937,0.06035490413627035,0.0197266036893967,-0.14658918145366173,EN,36
2010-08-01,0.022916502474629504,0.0693574922716429,0.33041134741255646,0.06315990770187274,0.02062498788657558,-0.14658918145366184,EN,36
2010-09-01,0.02732431823028684,0.06979881089791642,0.3914725462909354,0.07718421606147935,0.02509313960264627,-0.14658918145366207,EN,36
2010-10-01,0.027372948484799035,0.06979551140681454,0.3921878059643596,0.07734176581560684,0.025143114124638086,-0.14658918145366195,EN,36
2010-11-01,0.025177310507294832,0.06972137252898089,0.3611132367887544,0.07030060081927747,0.02290489387951289,-0.14658918145366207,EN,36
2010-12-01,0.01961489812396637,0.06985522003347912,0.2807935915822132,0.05259131270195218,0.017231797160336237,-0.14658918145366195,EN,36
2011-01-01,0.014091348299882105,0.06954201735110482,0.2026307092694404,0.03538393209467953,0.011658202183690871,-0.14658918145366195,EN,36
2011-02-01,0.006250081749343137,0.06836542778598859,0.09142167249956246,0.01157434162488946,0.0038433238136048693,-0.14658918145366162,EN,36
2011-03-01,0.004195466077670804,0.06818358603906667,0.06153190703796302,0.0053981943955558635,0.0017961699736605743,-0.14658918145366195,EN,36
2011-04-01,0.0002081509708978703,0.06767175518603376,0.003075891416228981,-0.006451946597259427,-0.002155290806906824,-0.14658918145366184,EN,36
2011-05-01,0.003749526473415937,0.06761379964540326,0.05545504753585977,0.00417006528874661,0.0013880940662498527,-0.14658918145366184,EN,36
2011-06-01,0.007360260506393103,0.06746168476004166,0.10910282677601715,0.015132931837083969,0.005019077329697889,-0.14658918145366195,EN,36
2011-07-01,-0.001719323126220263,0.06546738810498857,-0.02626228380247923,-0.01175303214969609,-0.003933126586832832,-0.14658918145366184,EN,36
2011-08-01,0.003980563906529204,0.06625328932709205,0.060081000459874294,0.00513509727651889,0.0017087775084347636,-0.14658918145366184,EN,36
2011-09-01,0.0035410216661859693,0.06622649423981848,0.05346835442267666,0.003816307452360522,0.001270487661640608,-0.14658918145366173,EN,36
2011-10-01,0.01138385235322947,0.06974413596097978,0.16322307526468557,0.026986248863208284,0.00891569051566025,-0.14658918145366184,EN,36
2011-11-01,0.009378439711548904,0.06939806255795258,0.13513979160033757,0.02090423205321016,0.006920079390534318,-0.14658918145366173,EN,36
2011-12-01,-0.00129538846468923,0.06599532873843901,-0.019628487189196013,-0.010592024367482616,-0.003543214329339231,-0.14658918145366184,EN,36
2012-01-01,-0.0045849028549457636,0.0655511430016017,-0.06994390402671902,-0.02022530953857234,-0.006787739002213173,-0.14658918145366184,EN,36
2012-02-01,-0.006140563175917863,0.06554293665910041,-0.093687641856146,-0.024787714406791513,-0.008331797524315883,-0.14658918145366184,EN,36
2012-03-01,-0.00293678225530463,0.06562297866943577,-0.0447523461270808,-0.01538126528553267,-0.005153602420515923,-0.14355273750372033,EN,36
2012-04-01,0.028358982303585602,0.040522173274211,0.6998386318444015,0.08603206510018349,0.027892149903054827,-0.0604481435423172,EN,36
2012-05-01,0.039478122255161334,0.03753658405473303,1.0517238914866973,0.12316275298923926,0.0394754359625254,-0.04162796768469823,EN,36
2012-06-01,0.03814556210949561,0.03761979894143825,1.0139757038275456,0.1186856304422361,0.03809241991336327,-0.04162796768469823,EN,36
2012-07-01,0.041402924673252836,0.037920850432943645,1.0918247929715241,0.1295965833490654,0.04145647243778091,-0.04162796768469823,EN,36
2012-08-01,0.05021326500511124,0.033915378755850614,1.4805456063629874,0.16024139583243263,0.05079045416855515,-0.01700570810459745,EN,36
2012-09-01,0.05539005628204904,0.03187666146740576,1.7376366825204068,0.17855932925852064,0.05629157696145921,-0.01700570810459745,EN,36
2012-10-01,0.055189517748025996,0.03181497164422161,1.7347027168590856,0.1778605647187828,0.056082778247174926,-0.01700570810459745,EN,36
2012-11-01,0.05640643892512141,0.031765238988463895,1.7757284604597623,0.1821541063278802,0.05736443446689221,-0.01700570810459745,EN,36
2012-12-01,0.054737918322799034,0.03221626822171948,1.6990769367227938,0.17622778936420025,0.05559456445414084,-0.01700570810459745,EN,36
2013-01-01,0.05469327883915137,0.032219797273568745,1.697505368353716,0.17607059764714772,0.05554753895000024,-0.01700570810459745,EN,36
2013-02-01,0.054450945644541546,0.032211526567040606,1.6904180412317587,0.17522070325505876,0.055293211780159744,-0.01700570810459745,EN,36
2013-03-01,0.051992263887259235,0.03252825589719647,1.598372321331262,0.16658635580286205,0.05270244323150679,-0.01700570810459745,EN,36
2013-04-01,0.058168332431864075,0.030095937363055207,1.9327636062689848,0.188575040852335,0.05927535641045332,-0.0127447439120002,EN,36
2013-05-01,0.05596993645258474,0.03046402598096992,1.8372468723453588,0.18075948220387117,0.056948468898028966,-0.012744743912000533,EN,36
2013-06-01,0.05485669256958213,0.03062474049561617,1.7912541194409364,0.1768234545386667,0.05577272575179244,-0.012744743912000311,EN,36
2013-07-01,0.05171953705911447,0.03009881097481572,1.7183249232798345,0.16590328411440736,0.05249694004881271,-0.012744743912000311,EN,36
2013-08-01,0.05004655465587353,0.030077020003673162,1.6639465827984812,0.16009317075545537,0.050745704823094484,-0.012744743912000311,EN,36
2013-09-01,0.046273724837380764,0.0293148814449042,1.5785062929334994,0.14716526658241852,0.0468279983295029,-0.012744743912000311,EN,36
2013-10-01,0.049313425723040746,0.029126920650471212,1.6930531831638356,0.15765137949293503,0.05000797559865834,-0.011622947423762908,EN,36
2013-11-01,0.05094307773834329,0.029099982528644795,1.7506222791782458,0.1633040111924473,0.05171421007686236,-0.01162294742376302,EN,36
2013-12-01,0.05253146191704791,0.028544173855047563,1.8403567111037125,0.16889291863334646,0.05339578404388979,-0.006964003694512333,EN,36
2014-01-01,0.050161724479320144,0.029424093870461545,1.7047840011711226,0.16055860143465825,0.050886206152812856,-0.013395365123876624,EN,36
2014-02-01,0.04854229583020834,0.029812819565074446,1.6282356562837608,0.15491707281055792,0.04918063751860371,-0.018748735144148654,EN,36
2014-03-01,0.04713563082946914,0.029939976215469694,1.574337617713758,0.15005982315281816,0.04770771983989962,-0.019557402965989623,EN,36
2014-04-01,0.0446040154534715,0.03033461069460433,1.4704001281745571,0.14135074396892666,0.04505635066775814,-0.024138828661432243,EN,36
2014-05-01,0.0438483355584649,0.030345795374957647,1.4449558832341562,0.13877451459489068,0.04426946632775421,-0.024138828661432132,EN,36
2014-06-01,0.041523643476865504,0.03065148393566513,1.3547025509114048,0.13085663512092277,0.041843572707973585,-0.025939959918428124,EN,36
2014-07-01,0.04510440332391407,0.03099719454536017,1.4551124379307914,0.14298987919981815,0.045556392487190886,-0.025939959918428457,EN,36
2014-08-01,0.03824363287004133,0.030107748839881765,1.270225584563881,0.119874227807859,0.03845994561942959,-0.025939959918428346,EN,36
2014-09-01,0.03940296483716241,0.03019218529599507,1.3050716419122244,0.12375481802572068,0.03965805388714678,-0.025939959918428346,EN,36
2014-10-01,0.0291908928626457,0.020175253268461174,1.4468662412420943,0.0907427370727848,0.029376169540777358,-0.025939959918428346,EN,36
2014-11-01,0.025939158455111168,0.019737237304858775,1.314224379757832,0.08020623977878025,0.026050872193927918,-0.025939959918428346,EN,36
2014-12-01,0.019360490666342572,0.02159874907671168,0.896370923963256,0.0590124822836468,0.019296093313300518,-0.025939959918428235,EN,36
2015-01-01,0.02187589132863177,0.022259122192568537,0.9827831995969403,0.06697452786589025,0.0218441991279454,-0.025939959918428568,EN,36
2015-02-01,0.02493689328956737,0.022287481512059906,1.1188744352327944,0.07679647388321738,0.0249701276666265,-0.025939959918428235,EN,36
2015-03-01,0.02729734720401817,0.023060987188217846,1.183702457367685,0.08437568414617297,0.027369314730080224,-0.025939959918428568,EN,36
2015-04-01,0.025506951682497676,0.023018230687855665,1.1081195608989638,0.07858279010906828,0.02553659474368865,-0.025939959918428346,EN,36
2015-05-01,0.03150826366337671,0.026789964857366094,1.1761218736617074,0.09782782915800164,0.031600186262826194,-0.025939959918428346,EN,36
2015-06-01,0.03258224681335375,0.026702804151428255,1.2201807206682826,0.10136890970457825,0.032708149544189616,-0.025939959918428457,EN,36
2015-07-01,0.03339794612395218,0.027011555431359458,1.2364318007832436,0.1040329213462377,0.03354012367799303,-0.025939959918428568,EN,36
2015-08-01,0.03586336029047581,0.027149528837700936,1.320957004626706,0.11219287773906197,0.03608018966899343,-0.025939959918428568,EN,36
2015-09-01,0.04422395442193568,0.029627553873553467,1.4926630328874848,0.14011070538990286,0.04467774084860942,-0.025939959918428457,EN,36
2015-10-01,0.044626280096948606,0.029776613953524038,1.4987023093560012,0.1414676555994514,0.04509203209496578,-0.025939959918428235,EN,36
2015-11-01,0.04574669946083121,0.02989269862369725,1.5303636529010396,0.14528466604110554,0.04625564776737774,-0.025939959918428568,EN,36
2015-12-01,0.055062986029476374,0.030890376917310332,1.782528784833966,0.17750411817747092,0.0559762361985315,-0.025939959918428346,EN,36
2016-01-01,0.05970408813002469,0.031504085224719335,1.8951220993770839,0.19386703264813965,0.060845128975856554,-0.025939959918428235,EN,36
2016-02-01,0.058065864523785385,0.03161209910324819,1.8368240696113414,0.1880304080386458,0.05911353679754183,-0.025939959918428457,EN,36
2016-03-01,0.05397153585942085,0.03340464121516679,1.6156897334049503,0.17338772815528483,0.0547442843335556,-0.025939959918428457,EN,36
2016-04-01,0.039256873784021436,0.0428362759044832,0.9164399321630303,0.12166845890525405,0.03901424683496552,-0.057657874459479896,EN,36
2016-05-01,0.05047197634055622,0.045248310970939204,1.1154444278145965,0.15954413732300127,0.050579917692729175,-0.057657874459479896,EN,36
2016-06-01,0.051611372849076485,0.04514732236978126,1.143176829543757,0.16351348077271488,0.05177733170012847,-0.057657874459479785,EN,36
2016-07-01,0.04719438729165325,0.045722588918105794,1.0321897427152167,0.1481698463718297,0.04713348044827219,-0.05765787445948001,EN,36
2016-08-01,0.04440384075169374,0.04608004406486305,0.9636240948292093,0.13857814233373933,0.04420943766180897,-0.057657874459479896,EN,36
2016-09-01,0.04290090137142029,0.046130219452526884,0.9299956054960906,0.1334667499018574,0.04264451179321609,-0.057657874459479896,EN,36
2016-10-01,0.04532329314585197,0.046480356121403645,0.9751064089842706,0.14164874196475438,0.04514729484072233,-0.057657874459479896,EN,36
2016-11-01,0.04472881236477712,0.04646120954192902,0.9627130418206503,0.13962510358566574,0.04452940161745068,-0.05765787445948001,EN,36
2016-12-01,0.04606255063442541,0.046312449881239004,0.9946040590067156,0.14420050557979713,0.04592540465511869,-0.05765787445948001,EN,36
1992-01-01,,,,,,,EN,60
1992-02-01,,,,,,,EN,60
1992-03-01,,,,,,,EN,60
1992-04-01,,,,,,,EN,60
1992-05-01,,,,,,,EN,60
1992-06-01,,,,,,,EN,60
1992-07-01,,,,,,,EN,60
1992-08-01,,,,,,,EN,60
1992-09-01,,,,,,,EN,60
1992-10-01,,,,,,,EN,60
1992-11-01,,,,,,,EN,60
1992-12-01,,,,,,,EN,60
1993-01-01,,,,,,,EN,60
1993-02-01,,,,,,,EN,60
1993-03-01,,,,,,,EN,60
1993-04-01,,,,,,,EN,60
1993-05-01,,,,,,,EN,60
1993-06-01,,,,,,,EN,60
1993-07-01,,,,,,,EN,60
1993-08-01,,,,,,,EN,60
1993-09-01,,,,,,,EN,60
1993-10-01,,,,,,,EN,60
1993-11-01,,,,,,,EN,60
1993-12-01,,,,,,,EN,60
1994-01-01,,,,,,,EN,60
1994-02-01,,,,,,,EN,60
1994-03-01,,,,,,,EN,60
1994-04-01,,,,,,,EN,60
1994-05-01,,,,,,,EN,60
1994-06-01,,,,,,,EN,60
1994-07-01,,,,,,,EN,60
1994-08-01,,,,,,,EN,60
1994-09-01,,,,,,,EN,60
1994-10-01,,,,,,,EN,60
1994-11-01,,,,,,,EN,60
1994-12-01,,,,,,,EN,60
1995-01-01,,,,,,,EN,60
1995-02-01,,,,,,,EN,60
1995-03-01,,,,,,,EN,60
1995-04-01,,,,,,,EN,60
1995-05-01,,,,,,,EN,60
1995-06-01,,,,,,,EN,60
1995-07-01,,,,,,,EN,60
1995-08-01,,,,,,,EN,60
1995-09-01,,,,,,,EN,60
1995-10-01,,,,,,,EN,60
1995-11-01,,,,,,,EN,60
1995-12-01,,,,,,,EN,60
1996-01-01,,,,,,,EN,60
1996-02-01,,,,,,,EN,60
1996-03-01,,,,,,,EN,60
1996-04-01,,,,,,,EN,60
1996-05-01,,,,,,,EN,60
1996-06-01,,,,,,,EN,60
1996-07-01,,,,,,,EN,60
1996-08-01,,,,,,,EN,60
1996-09-01,,,,,,,EN,60
1996-10-01,,,,,,,EN,60
1996-11-01,,,,,,,EN,60
1996-12-01,0.10243721789017274,0.02769495236025672,3.6987685177308305,0.6621577407443704,0.10696642154445687,-0.02372598350798505,EN,60
1997-01-01,0.10212815285434797,0.027578890007241133,3.703127748344227,0.6596387272142681,0.10663069464693152,-0.02372598350798505,EN,60
1997-02-01,0.1106282559890692,0.02382861813330823,4.642663513686103,0.7318884240687887,0.11610224545793243,-0.014238799583089046,EN,60
1997-03-01,0.11251699968488184,0.02412308758415067,4.664286828639947,0.748109034624369,0.11818510657496639,-0.014238799583088935,EN,60
1997-04-01,0.11344340506249764,0.024154070893287534,4.6966577834307754,0.7561428051962478,0.11921098930063553,-0.014238799583088824,EN,60
1997-05-01,0.11407974353940115,0.024115278719752074,4.73060024995531,0.761694679467392,0.11991775140705808,-0.014238799583088713,EN,60
1997-06-01,0.11463063945209295,0.024107628236393036,4.754953010227931,0.7665095908156194,0.12052925569208102,-0.014238799583088824,EN,60
1997-07-01,0.11111942528254089,0.024240559210674445,4.584028953985884,0.7360230970371505,0.11663464895357459,-0.014238799583088824,EN,60
1997-08-01,0.10696201184619972,0.024398145944842287,4.384022133813461,0.700593780956981,0.11203925292525077,-0.014238799583088824,EN,60
1997-09-01,0.10640473120659731,0.02439133755710955,4.362398370219046,0.695904856936745,0.1114253464269541,-0.014238799583088824,EN,60
1997-10-01,0.10724490947335476,0.024379765606903886,4.398931113717723,0.7029834008197339,0.11235159779736478,-0.014238799583088713,EN,60
1997-11-01,0.108684335779793,0.024468072997539343,4.441883747474635,0.7151560432253512,0.1139372515412938,-0.014238799583088824,EN,60
1997-12-01,0.10801380612078758,0.024312818390212935,4.442669063997462,0.7094982489258911,0.11320136977769,-0.014238799583088935,EN,60
1998-01-01,0.1094466820557105,0.024510061365001834,4.465377724920368,0.721638435980323,0.11477800149851608,-0.014238799583088935,EN,60
1998-02-01,0.111145454340589,0.02446486649793831,4.543064003637845,0.7361992855225333,0.11665731341945493,-0.014238799583088935,EN,60
1998-03-01,0.1095336870520614,0.02431373860340599,4.505012118404421,0.7224212539884162,0.11487935955383949,-0.014238799583088824,EN,60
1998-04-01,0.10961418821723767,0.024289464826461434,4.512828462890699,0.7231134295962153,0.11496895067806878,-0.014238799583088935,EN,60
1998-05-01,0.11304473155103024,0.024132675995119778,4.684301549231037,0.75268149414871,0.11876945400653754,-0.014238799583089046,EN,60
1998-06-01,0.11345856175968849,0.024109803488698008,4.7059098516864575,0.7562825975424725,0.1192288070029516,-0.014238799583089046,EN,60
1998-07-01,0.11361429937358172,0.024090563861857713,4.7161328404382346,0.757641909224882,0.11940200350465102,-0.014238799583088824,EN,60
1998-08-01,0.11856615373082699,0.024464918088583226,4.846374441210859,0.8011977401185072,0.12489575704448641,-0.014238799583088824,EN,60
1998-09-01,0.12279506707558019,0.025759440068940497,4.766992867350428,0.839012097281319,0.1295797995440167,-0.014238799583088824,EN,60
1998-10-01,0.1254618740429667,0.025332152255212414,4.952673297514675,0.8635437548182615,0.13257747192365507,-0.014238799583088824,EN,60
1998-11-01,0.12810882624273495,0.025088234715122764,5.106330823886668,0.888167299303517,0.13555479212636473,-0.014238799583088824,EN,60
1998-12-01,0.12565830847262377,0.024662538267416028,5.095108504652282,0.8655086732382032,0.13281620893544577,-0.014238799583088713,EN,60
1999-01-01,0.12625457317054242,0.024537589051805836,5.14535364105997,0.8710490239226615,0.13348827833559831,-0.014238799583088935,EN,60
1999-02-01,0.1303058857218011,0.023649849257519295,5.5097977286418125,0.9091297019388349,0.13806505136421876,-0.014238799583088824,EN,60
1999-03-01,0.12736572935022872,0.02449501434433607,5.199659308616784,0.8813739496774622,0.13473650164898607,-0.014238799583088935,EN,60
1999-04-01,0.12061188903020041,0.027531544598371326,4.3808616911866025,0.8188124959022245,0.12708737700736966,-0.021717134348847145,EN,60
1999-05-01,0.12073404165679733,0.027517226541263224,4.3875803208492545,0.8199161587361382,0.12722412806157546,-0.021717134348847145,EN,60
1999-06-01,0.12002395674323642,0.027544065950197028,4.357525027722998,0.8135235082923966,0.12643111396067344,-0.021717134348847145,EN,60
1999-07-01,0.12081522390716967,0.027565500332894,4.38284168428463,0.8206358051891989,0.12731326124093229,-0.021717134348847034,EN,60
1999-08-01,0.11953932746999293,0.027688583626186147,4.3172785247469285,0.8091422267634145,0.12588631948560788,-0.021717134348847145,EN,60
1999-09-01,0.1185377319503439,0.02783137471735771,4.259140382182233,0.800158144977674,0.12476587610856522,-0.021717134348847256,EN,60
1999-10-01,0.1220960573052153,0.028950568308954247,4.217397600013664,0.8318668856387569,0.1287006688762318,-0.021717134348847145,EN,60
1999-11-01,0.12004067340317001,0.028866926361364235,4.158415478685447,0.8133447720916339,0.12640890945607633,-0.021717134348847145,EN,60
1999-12-01,0.11033814783806242,0.0313274751672161,3.5220887495437294,0.727622530740755,0.11555187847287526,-0.02228981025143628,EN,60
2000-01-01,0.10751375100668267,0.03126577648988406,3.438704010484703,0.7036286929052001,0.11243588316536653,-0.02228981025143606,EN,60
2000-02-01,0.09040223042934248,0.04858395384160885,1.8607425555373205,0.559401745065291,0.0929281277723746,-0.0931169201427654,EN,60
2000-03-01,0.09760265608424508,0.051338429570757245,1.9011617008994033,0.6150458017729704,0.10061890589185166,-0.09311692014276529,EN,60
2000-04-01,0.0959887778209988,0.0513914927926159,1.8677950883495402,0.6021476626970385,0.09885530227527703,-0.0931169201427654,EN,60
2000-05-01,0.09196863242564424,0.052514318993510486,1.7513058188378934,0.5700515414127489,0.09441687759833126,-0.09311692014276529,EN,60
2000-06-01,0.09966883294882337,0.054997271350627756,1.8122505080915383,0.6301355039602556,0.10266792374283253,-0.0931169201427654,EN,60
2000-07-01,0.10384238125031842,0.055716156665899436,1.86377502441539,0.6638968110090944,0.10719796241176956,-0.0931169201427654,EN,60
2000-08-01,0.1051763466201103,0.055891380685963915,1.881799041806877,0.6748554917604472,0.10865257060646606,-0.0931169201427654,EN,60
2000-09-01,0.10648951197151253,0.05602486188956762,1.900754564668403,0.6857302385914915,0.11008853031965171,-0.0931169201427654,EN,60
2000-10-01,0.10455283562980192,0.05568365336924476,1.877621695122982,0.6697810862067213,0.10797996534882477,-0.0931169201427654,EN,60
2000-11-01,0.10152443447464451,0.05587793712861671,1.8168966087806935,0.6448113457201957,0.10464623991332143,-0.0931169201427654,EN,60
2000-12-01,0.09986758062019765,0.056060439957094144,1.7814269865993075,0.6312715133723588,0.10282156644385722,-0.0931169201427654,EN,60
2001-01-01,0.10946660773103561,0.059856151728835495,1.8288280246773772,0.7089707594316084,0.11313266253951479,-0.0931169201427654,EN,60
2001-02-01,0.11764705657734006,0.062396403548550104,1.8854781667953011,0.7783171906954549,0.12202322185799137,-0.0931169201427654,EN,60
2001-03-01,0.11812937202294793,0.06230015841718518,1.8961327711545999,0.7826221990679516,0.12256594267448706,-0.0931169201427654,EN,60
2001-04-01,0.12189784481037651,0.06228986194088741,1.9569451755416731,0.8161972580783996,0.12676306668608545,-0.09311692014276529,EN,60
2001-05-01,0.12569780917087217,0.06157336725812573,2.0414314624686054,0.8510835762607691,0.13105885851199028,-0.0931169201427654,EN,60
2001-06-01,0.12279805273552946,0.06161574744767714,1.9929653996294876,0.8246860413581453,0.12781438589080954,-0.0931169201427654,EN,60
2001-07-01,0.1250481328291313,0.06178384799331028,2.0239615512887936,0.8450251082108111,0.130317511899213,-0.09311692014276529,EN,60
2001-08-01,0.12379540234215103,0.061734621272946134,2.0052832558057934,0.8336496904045156,0.1289202776328091,-0.0931169201427654,EN,60
2001-09-01,0.12737222624356362,0.06198983832911269,2.054727511424158,0.866249346249337,0.13290614828376932,-0.0931169201427654,EN,60
2001-10-01,0.12808891137174455,0.06206878034330116,2.0636608398503626,0.8728336376883494,0.1337044209853855,-0.0931169201427654,EN,60
2001-11-01,0.12547097740543137,0.06256129959526673,2.00556858980155,0.84845020089087,0.13073686344610141,-0.0931169201427654,EN,60
2001-12-01,0.1222021674290777,0.06279390630218269,1.9460832208941587,0.8186570847586999,0.12706811521698683,-0.09311692014276551,EN,60
2002-01-01,0.12259131620317423,0.06284905272376502,1.950567445176766,0.8221327148500505,0.12749857358140976,-0.09311692014276529,EN,60
2002-02-01,0.12237920282750844,0.06282192178598489,1.948033414902795,0.8202358342898527,0.12726372556498247,-0.0931169201427654,EN,60
2002-03-01,0.11910853853609271,0.06284696168699361,1.8952155416725998,0.7909882984692808,0.12361764252356813,-0.0931169201427654,EN,60
2002-04-01,0.11960825262403055,0.06287749586219618,1.9022426224824034,0.7954077957444025,0.124171630601516,-0.0931169201427654,EN,60
2002-05-01,0.11880248764032816,0.06290758434914222,1.8885240765400346,0.7882431900745684,0.12327298979476217,-0.0931169201427654,EN,60
2002-06-01,0.12088569468219112,0.0630991301522926,1.9158060402802386,0.8066747358963501,0.12557903230385578,-0.0931169201427654,EN,60
2002-07-01,0.12767951307946865,0.06377817016816137,2.001931268062742,0.8680634540867579,0.13312631342680253,-0.0931169201427654,EN,60
2002-08-01,0.13176216113349776,0.06359662101992868,2.0718421674039673,0.9062818569695607,0.13772531871876537,-0.0931169201427654,EN,60
2002-09-01,0.13474188166760684,0.06379030309104161,2.1122627599888184,0.9344631168052518,0.1410694832119386,-0.0931169201427654,EN,60
2002-10-01,0.13669191360696115,0.06391954146252228,2.1384995962010653,0.9531253773805201,0.14326267399828513,-0.0931169201427654,EN,60
2002-11-01,0.12326507223025807,0.06999642176947528,1.7610196223489338,0.8238261970189495,0.12770807416005678,-0.0931169201427654,EN,60
2002-12-01,0.13355657912026608,0.07400270112760066,1.8047527601726105,0.9164713962779686,0.1389390101017236,-0.0931169201427654,EN,60
2003-01-01,0.1323658019844005,0.07397137553600715,1.78941923176714,0.9052406744965882,0.13760100986682355,-0.0931169201427654,EN,60
2003-02-01,0.12995553375833538,0.07410709065212677,1.7536180764182494,0.8825698562915405,0.13488072539306126,-0.09311692014276529,EN,60
2003-03-01,0.1285055019908687,0.0742427959827336,1.730881768256071,0.8690218908993119,0.13324256292110712,-0.09311692014276551,EN,60
2003-04-01,0.12416130282178213,0.0753684633010546,1.6473906642600311,0.8285060951241157,0.12828621591200368,-0.0931169201427654,EN,60
2003-05-01,0.11368658060479789,0.07801137124167606,1.457307810326798,0.7343180216611435,0.11641521700128336,-0.09311692014276529,EN,60
2003-06-01,0.10999417325447527,0.07845559316785584,1.4019927555597291,0.7025889513843101,0.11230006386973242,-0.09311692014276551,EN,60
2003-07-01,0.1063920710447375,0.07896576569126894,1.3473189313543377,0.6721337850236013,0.10829201526598566,-0.09311692014276551,EN,60
2003-08-01,0.10047053579612249,0.07893080754740545,1.2728938030411052,0.6237809004990826,0.10180689483689169,-0.09311692014276529,EN,60
2003-09-01,0.09727686647232725,0.07843999940692388,1.240143641099271,0.5985657987334034,0.09836352803823109,-0.09311692014276529,EN,60
2003-10-01,0.09301238501821847,0.07874775661907975,1.1811432986991601,0.5649152256324307,0.09369987680667746,-0.09311692014276529,EN,60
2003-11-01,0.08850745088623546,0.07897431215095942,1.1207118932172964,0.5301821486165275,0.08880128868833832,-0.0931169201427654,EN,60
2003-12-01,0.08706421934600576,0.07901368344612258,1.1018878699076549,0.5192360946232484,0.0872390790032715,-0.09311692014276518,EN,60
2004-01-01,0.08901760531414067,0.07912186090121844,1.1250696621667784,0.5339736796704638,0.08934032756801756,-0.09311692014276551,EN,60
2004-02-01,0.0867043677818899,0.07905066908656887,1.096820163368123,0.5165029265612072,0.08684759964525948,-0.0931169201427654,EN,60
2004-03-01,0.08817816157186999,0.07891751350811987,1.1173459179348988,0.5277176204111751,0.08845033544863175,-0.09311692014276518,EN,60
2004-04-01,0.09073846700924833,0.0782888020046486,1.159022295472863,0.5476382463526074,0.09127420768822472,-0.09311692014276518,EN,60
2004-05-01,0.09099528575173083,0.07828947452522331,1.1622927130825735,0.5496114794703255,0.09155234000398008,-0.09311692014276551,EN,60
2004-06-01,0.09088124659561093,0.07829041769679276,1.160822093804386,0.5487342276017335,0.09142872408453456,-0.0931169201427654,EN,60
2004-07-01,0.08888391815513325,0.07828337561252956,1.1354124353946105,0.5334624343128399,0.08926770644653469,-0.0931169201427654,EN,60
2004-08-01,0.089675087630582,0.07827021454356535,1.1457115347584574,0.5395034476269441,0.09012458248236521,-0.0931169201427654,EN,60
2004-09-01,0.09177507733669944,0.07830100599924866,1.172080437096556,0.5556124444379767,0.09239645406392206,-0.09311692014276529,EN,60
2004-10-01,0.0873524068023185,0.07777214039923747,1.12318378218603,0.5221447786524158,0.08765507963058448,-0.09311692014276529,EN,60
2004-11-01,0.086453388917963,0.07781099960152311,1.1110689923108341,0.5153442683868383,0.08668147139530788,-0.09311692014276529,EN,60
2004-12-01,0.0901714012108426,0.07683227011214849,1.173613653211386,0.5441568381896335,0.09078280163065705,-0.0827297992599837,EN,60
2005-01-01,0.09410942991256332,0.0770813007533332,1.220911284485476,0.574479641151631,0.09503351074853357,-0.0827297992599837,EN,60
2005-02-01,0.10852961205296971,0.06764946123636902,1.6042938120935561,0.6971974489498165,0.11159471698246698,-0.08272979925998403,EN,60
2005-03-01,0.10043670060586467,0.0657065558971795,1.5285643758749494,0.6314751223271733,0.10284909504774556,-0.0827297992599838,EN,60
2005-04-01,0.10152881633444891,0.06565098180297839,1.546493495544995,0.6403630980623292,0.10404810880059683,-0.0827297992599838,EN,60
2005-05-01,0.1067106763366412,0.06466073174742766,1.6503165592598843,0.6835868586234796,0.10980609455305994,-0.08272979925998392,EN,60
2005-06-01,0.09877586215004386,0.06264500127825756,1.5767556889543295,0.6196420762328207,0.10124464637314526,-0.0827297992599838,EN,60
2005-07-01,0.09294582631310173,0.062094891613340246,1.496835309607555,0.5737352051357696,0.09492994172442241,-0.08272979925998392,EN,60
2005-08-01,0.09035381937449918,0.06187507505097142,1.460261976249201,0.5537271811949669,0.09213154824298078,-0.08272979925998403,EN,60
2005-09-01,0.08641534483974697,0.06183822154762383,1.3974422723848132,0.5236654167122893,0.08787230853182325,-0.08272979925998403,EN,60
2005-10-01,0.08510157267445144,0.06176676807553051,1.3777889846913527,0.5137928360817883,0.08645886804044209,-0.0827297992599838,EN,60
2005-11-01,0.08707533289004041,0.06161310824151486,1.4132598626369755,0.5287705444075224,0.08860032909162321,-0.08272979925998403,EN,60
2005-12-01,0.08744605643627365,0.0615633836715245,1.4204231674926748,0.5316097399817865,0.08900437347580424,-0.0827297992599838,EN,60
2006-01-01,0.07535637443381793,0.057789081210267955,1.3039898343361895,0.44390603269496476,0.07623667185488209,-0.0827297992599837,EN,60
2006-02-01,0.0673686593429443,0.05452038267182843,1.2356600603567438,0.3889267267697045,0.06791298443974046,-0.08272979925998414,EN,60
2006-03-01,0.06701546501244221,0.05457149767079459,1.228030526424554,0.3864704540850242,0.067535002944924,-0.08272979925998392,EN,60
2006-04-01,0.06295807503681693,0.05429622367693424,1.159529535818572,0.3588744782207889,0.06325116783299803,-0.0827297992599838,EN,60
2006-05-01,0.06200444522903801,0.054286595260496624,1.1421686132922306,0.35244747162048756,0.06224349754826663,-0.0827297992599838,EN,60
2006-06-01,0.06231025994830709,0.054274139371678916,1.1480653709052002,0.35451091469946616,0.06256743509015769,-0.08272979925998403,EN,60
2006-07-01,0.06050442329522393,0.053909252090607165,1.1223383918131906,0.342527192351905,0.060680581849513436,-0.08272979925998403,EN,60
2006-08-01,0.06147855110139283,0.054035884708561306,1.137735625741542,0.3490035730805798,0.061701962177042484,-0.0827297992599838,EN,60
2006-09-01,0.058009541548697974,0.05337898024226018,1.0867487779912994,0.32614945939350953,0.05807997358303102,-0.0827297992599838,EN,60
2006-10-01,0.05469710003601143,0.052987142608740705,1.0322711764228754,0.3046007063810389,0.05461883137204979,-0.08272979925998392,EN,60
2006-11-01,0.055761076139812585,0.05279310015845796,1.056219012947644,0.3115949049720445,0.05574721435059604,-0.0827297992599838,EN,60
2006-12-01,0.058318281786489054,0.05276050536556468,1.1053397116349795,0.32840386373057445,0.05843946846824016,-0.08272979925998392,EN,60
2007-01-01,0.05442899640390769,0.052342053641166425,1.0398712434374164,0.3030795422630305,0.05437277952465156,-0.0827297992599838,EN,60
2007-02-01,0.05180223385913313,0.05200368170008795,0.9961262773255823,0.2862630267624681,0.051637241275888715,-0.0827297992599838,EN,60
2007-03-01,0.05268910261011887,0.05199119056211865,1.0134236596710813,0.29195876081192146,0.05256695230755006,-0.08272979925998392,EN,60
2007-04-01,0.05034633472739132,0.051770516825046395,0.972490479427355,0.27704915767783606,0.05012627011704125,-0.08272979925998403,EN,60
2007-05-01,0.04976033424791503,0.05177125536187179,0.961157574798973,0.27332812992945243,0.049513590295731984,-0.0827297992599837,EN,60
2007-06-01,0.045465934856596654,0.05124732722227656,0.8871864606596145,0.2465492677648858,0.045061598504020944,-0.08272979925998392,EN,60
2007-07-01,0.037434833295870114,0.04963118749867951,0.7542602783152449,0.1981244970225583,0.03681289412611723,-0.0827297992599838,EN,60
2007-08-01,0.034694796108275534,0.04916920385535656,0.7056204572752266,0.18200312939207094,0.03400758671104568,-0.0827297992599838,EN,60
2007-09-01,0.030645640099495615,0.048351379855962204,0.6338110761427773,0.15860357683603732,0.02988082676350787,-0.08272979925998392,EN,60
2007-10-01,0.02605637338519337,0.047722651787604334,0.545995924559275,0.13254980745152278,0.025206762233034898,-0.08272979925998392,EN,60
2007-11-01,0.03823212360371562,0.04076588414320572,0.9378460545443021,0.20535988687348777,0.03806212822267527,-0.0827297992599838,EN,60
2007-12-01,0.02704672073245119,0.030104833626040155,0.8984178776213614,0.1420298159582109,0.026917343117007015,-0.0827297992599838,EN,60
2008-01-01,0.02776519292328167,0.030332175771565384,0.9153709622542109,0.14609158048536017,0.027646776799070155,-0.08272979925998392,EN,60
2008-02-01,0.032209308524784236,0.03167202947781175,1.016963833888475,0.1715396819555326,0.03217040054198814,-0.0827297992599838,EN,60
2008-03-01,0.034080801483819534,0.03179698844513796,1.0718248221092392,0.18250010644973208,0.03409452246144849,-0.08272979925998392,EN,60
2008-04-01,0.04100086143398349,0.030566499529839867,1.3413659419508375,0.224237879974843,0.041293512476177324,-0.06428085928617866,EN,60
2008-05-01,0.04687529814982806,0.025402126744190057,1.845329669514751,0.2615248166430915,0.04756060950920357,-0.029713092452238077,EN,60
2008-06-01,0.04718020873424285,0.02525188407066736,1.8683837056359478,0.26346617731623534,0.047882829450934514,-0.02058196697785719,EN,60
2008-07-01,0.05509824987561973,0.026594724039662954,2.0717737019360327,0.3140504252019642,0.0561422249511017,-0.016004965639218938,EN,60
2008-08-01,0.05636699134754897,0.026249424007724953,2.147361074702466,0.32243431974571113,0.05748647680125679,-0.016004965639218827,EN,60
2008-09-01,0.054899588764869806,0.026022419202934903,2.109703495925468,0.31284994795846854,0.055949182392955724,-0.016004965639218938,EN,60
2008-10-01,0.06045050800759563,0.026164233812374173,2.3104253096456437,0.34959640051907637,0.06179525999447602,-0.014003837574501077,EN,60
2008-11-01,0.06515931769872951,0.025960670003344836,2.509924346726576,0.38161679903190276,0.06678652432336982,-0.014003837574501188,EN,60
2008-12-01,0.07243457054734087,0.029627229219107185,2.4448648238974164,0.43179695438804716,0.07442544976939232,-0.014003837574501188,EN,60
2009-01-01,0.07182891728906587,0.029441153619995507,2.4397453379775826,0.427531887515306,0.07378458147686683,-0.014003837574501188,EN,60
2009-02-01,0.07148087043855662,0.029475047929942617,2.425131609911373,0.42505747747142836,0.07341207456673336,-0.014003837574501188,EN,60
2009-03-01,0.07000476451755488,0.02976163212015077,2.352181635568185,0.41457998117740447,0.07182899548641541,-0.014003837574501077,EN,60
2009-04-01,0.05340375367825895,0.05113975769938319,1.0442707607686428,0.2965197065370473,0.053309071348626,-0.09168311181472755,EN,60
2009-05-01,0.04685351314709433,0.052670978463857605,0.8895508402078541,0.2544116472255613,0.046376591679346595,-0.11378419076393431,EN,60
2009-06-01,0.04610169600518015,0.052658231666253566,0.875488875079806,0.24972733632229122,0.04559393134238239,-0.11378419076393431,EN,60
2009-07-01,0.045930969137024914,0.05266305772857936,0.8721667734097204,0.24866347614445788,0.04541585334438769,-0.11378419076393442,EN,60
2009-08-01,0.03916227281302373,0.05422734839182064,0.7221867558423852,0.20674456023483015,0.03830051627000413,-0.13243034323901204,EN,60
2009-09-01,0.03310659466150774,0.05469348795817616,0.6053114529251487,0.1707092673817446,0.03202403375968613,-0.14658918145366184,EN,60
2009-10-01,0.03489981392057138,0.05493518461556265,0.6352907369803317,0.18114606648732487,0.03385759274409551,-0.14658918145366195,EN,60
2009-11-01,0.03487848756747079,0.05493570048480373,0.6348965656152659,0.18102032399560963,0.03383557931668915,-0.14658918145366184,EN,60
2009-12-01,0.035315668534386856,0.054891662467883656,0.6433703580220321,0.18361150876427412,0.03428883334657548,-0.14658918145366173,EN,60
2010-01-01,0.031253579391107754,0.05418700396855737,0.576772604169867,0.16009829205136494,0.030146419724818616,-0.14658918145366195,EN,60
2010-02-01,0.033023401621814746,0.05415132327099993,0.6098355428278153,0.17039335261064356,0.0319683296078682,-0.14658918145366173,EN,60
2010-03-01,0.03291757571663546,0.054148449910109156,0.6079135371609218,0.16977682642986452,0.031859585040343995,-0.14658918145366184,EN,60
2010-04-01,0.02795576456137349,0.05479858730437937,0.5101548404175619,0.14098047583251894,0.02672855963204864,-0.14658918145366184,EN,60
2010-05-01,0.026716438546148913,0.0547124944265902,0.4883059861581591,0.13397455661601243,0.025464574828379338,-0.14658918145366162,EN,60
2010-06-01,0.026113045275155095,0.05469942055317627,0.47739162519590467,0.13057005868275823,0.024848089709883114,-0.14658918145366173,EN,60
2010-07-01,0.02910064758714725,0.05494285133910279,0.5296530281535705,0.14747038441635082,0.02789391971160505,-0.14658918145366173,EN,60
2010-08-01,0.029246145799371757,0.05495436112838313,0.53218971522656,0.1482998386299477,0.028042480326601515,-0.14658918145366173,EN,60
2010-09-01,0.032760821158675194,0.055228756538210994,0.5931841166115887,0.16851779878897075,0.03163737181549316,-0.14658918145366173,EN,60
2010-10-01,0.030839409208408018,0.055236761711275555,0.5583131279419793,0.15737228722442687,0.029661835386845026,-0.14658918145366184,EN,60
2010-11-01,0.029628576431170315,0.055198184902672,0.5367672231145425,0.15041618557486094,0.028421143166340233,-0.14658918145366173,EN,60
2010-12-01,0.028009700391297354,0.05538881274606508,0.5056923772623598,0.14110370032819416,0.026750735759768524,-0.14658918145366173,EN,60
2011-01-01,0.028386012251619894,0.05534654220388502,0.5128777900352256,0.14326113256152007,0.027138688546350244,-0.14658918145366184,EN,60
2011-02-01,0.02648106115491658,0.055280815890833335,0.4790280448684128,0.13246851912303492,0.025192045045991384,-0.14658918145366184,EN,60
2011-03-01,0.02779576560622496,0.055229602699425215,0.5032765808129601,0.13993655692073972,0.02654061358808543,-0.14658918145366162,EN,60
2011-04-01,0.028587140175464983,0.055209457131883743,0.5177942631672021,0.1444518134996586,0.02735254787420342,-0.14658918145366173,EN,60
2011-05-01,0.02878696397167328,0.05521481292453423,0.5213630626806314,0.14559141559522426,0.02755706623946945,-0.14658918145366162,EN,60
2011-06-01,0.0286470192976965,0.05521230233873134,0.5188521051331102,0.14479280011394213,0.02741376001442458,-0.14658918145366184,EN,60
2011-07-01,0.02658339895125722,0.05505989148886832,0.4828087784486769,0.13311538082553126,0.025309135454271558,-0.14658918145366195,EN,60
2011-08-01,0.027221544100668883,0.05522061498031878,0.49295981419929735,0.13667904637488126,0.025953248310334402,-0.14658918145366195,EN,60
2011-09-01,0.02666469902143624,0.055191978941213,0.48312634431604246,0.13353464009079385,0.025384998293022345,-0.14658918145366184,EN,60
2011-10-01,0.03469919927410556,0.05806307202951865,0.5976121838070305,0.17894866360458397,0.0334726286500428,-0.14658918145366184,EN,60
2011-11-01,0.0371484593653781,0.058094533343466426,0.6394484511261846,0.19342091722963883,0.03599755176733509,-0.14658918145366184,EN,60
2011-12-01,0.036235183376676194,0.05801378740269848,0.6245960658481459,0.18802778942873732,0.03505950983380004,-0.14658918145366162,EN,60
2012-01-01,0.03684988319384847,0.058004464168315034,0.6352939161185759,0.19167689781674133,0.03569458122307715,-0.14658918145366173,EN,60
2012-02-01,0.03544692980279705,0.05805135825266749,0.6106132719326726,0.18335567456460222,0.03424411777318264,-0.14658918145366173,EN,60
2012-03-01,0.035492395806062636,0.05805370505559078,0.61137175951261,0.18362312528692296,0.03429086353847572,-0.14658918145366195,EN,60
2012-04-01,0.035914978671319056,0.05806392569715494,0.6185420334588029,0.1861157364294035,0.03472612302667589,-0.14658918145366195,EN,60
2012-05-01,0.03719190930025491,0.05812518607141042,0.639858756831545,0.1936687275801477,0.03604057256437517,-0.1465891814536615,EN,60
2012-06-01,0.037066466754319564,0.05813358425532807,0.6376084879184502,0.19291968084542296,0.035910513418951705,-0.14658918145366173,EN,60
2012-07-01,0.040699421273881334,0.05809412114322643,0.7005772782677984,0.2147299824908691,0.0396710479712706,-0.14658918145366173,EN,60
2012-08-01,0.03994319493040868,0.05810409479606148,0.6874419964824267,0.21015743366622477,0.0388871501624926,-0.14658918145366184,EN,60
2012-09-01,0.03929565901820528,0.058131643069041436,0.675977091711219,0.2062488995210061,0.03821520751994048,-0.14658918145366207,EN,60
2012-10-01,0.042622186412079016,0.058267308754206874,0.7314939942030824,0.22636287841665886,0.04165475147972832,-0.14658918145366195,EN,60
2012-11-01,0.04208968290215874,0.058240089951641004,0.7226926149514435,0.22312306118492642,0.04110379826073949,-0.14658918145366207,EN,60
2012-12-01,0.03907967071533884,0.05836278141324326,0.6695991823732919,0.20487068927507382,0.03797785464343618,-0.14658918145366195,EN,60
2013-01-01,0.036740418414141995,0.05817672508553697,0.6315312242159166,0.19096786728345239,0.03557130721928164,-0.14658918145366195,EN,60
2013-02-01,0.03320594811298296,0.057491920002861234,0.5775759117338641,0.17039298221265087,0.03196826428982014,-0.14658918145366162,EN,60
2013-03-01,0.030609442728413865,0.057473423475395954,0.5325842950962819,0.15534220507126734,0.029300367210288076,-0.14658918145366195,EN,60
2013-04-01,0.02793714670416942,0.05720480107271488,0.48837066435486065,0.14013151868127507,0.026575724748241186,-0.14658918145366184,EN,60
2013-05-01,0.028465624259992515,0.05713747792901483,0.49819532278545775,0.1431631485463617,0.027121081611168548,-0.14658918145366184,EN,60
2013-06-01,0.02973298422785922,0.056980776877020196,0.5218072805857136,0.15046408061791663,0.028429706233393505,-0.14658918145366195,EN,60
2013-07-01,0.02500735453034006,0.055777289718752496,0.4483429484730325,0.1240327965102448,0.02366014910060137,-0.14658918145366184,EN,60
2013-08-01,0.025306846835609197,0.05577341031091383,0.45374393809763336,0.12571494066629232,0.023966352637375763,-0.14658918145366184,EN,60
2013-09-01,0.025175268532143757,0.05576732708156106,0.45143401790306925,0.12497803483320127,0.023832257511207353,-0.14658918145366173,EN,60
2013-10-01,0.022652325161103656,0.05526515791479046,0.40988438314117753,0.1110561465436593,0.02128558308656493,-0.14658918145366184,EN,60
2013-11-01,0.02070462739222698,0.05493985089233987,0.37685991235760297,0.10040526481850523,0.019319967987908304,-0.14658918145366173,EN,60
2013-12-01,0.01244059775540472,0.0524956772244425,0.23698327963682803,0.05659791294191507,0.011071688567397958,-0.14658918145366184,EN,60
2014-01-01,0.00771886766962046,0.0524122886474557,0.14727209722781612,0.03198704813657565,0.006317092541026676,-0.14658918145366184,EN,60
2014-02-01,0.0061871835564622,0.05247584868011538,0.11790535478860587,0.024101261270482746,0.004774443443740601,-0.14658918145366184,EN,60
2014-03-01,0.0067314387794373196,0.05244759903784237,0.12834598538210304,0.026898039255026387,0.005322644374445455,-0.14355273750372033,EN,60
2014-04-01,0.02348713832741142,0.03388504581884697,0.6931417018874972,0.1212780500539414,0.023157905279299073,-0.0604481435423172,EN,60
2014-05-01,0.0287741060385638,0.03174345914026098,0.9064577969093773,0.15165805770024016,0.028643083094478362,-0.04162796768469823,EN,60
2014-06-01,0.02740873933980224,0.03186657465819638,0.8601093664377402,0.14381850876344793,0.027238821583695783,-0.04162796768469823,EN,60
2014-07-01,0.029416209455087043,0.03215319357470486,0.9148767566973184,0.1552774232672017,0.029288824062291007,-0.04162796768469823,EN,60
2014-08-01,0.033990269581292996,0.029646397119708318,1.1465227779296312,0.1823966822316159,0.03407643296467635,-0.025939959918428346,EN,60
2014-09-01,0.038688323961489954,0.028415978689828075,1.3614989081948816,0.210632310546824,0.0389686711376424,-0.025939959918428346,EN,60
2014-10-01,0.03819587072986187,0.028237435658008157,1.352667826939501,0.207694609663544,0.03846395207067161,-0.025939959918428457,EN,60
2014-11-01,0.03791234490806604,0.028261069048503753,1.3415042737059255,0.20598515400173395,0.03816980253579466,-0.025939959918428346,EN,60
2014-12-01,0.035449359868536416,0.029181056333658185,1.2148072867275956,0.19111101992280505,0.03559620086132332,-0.025939959918428235,EN,60
2015-01-01,0.0372831179714613,0.02940849636125273,1.2677668899993064,0.20200940371965317,0.037484394843909474,-0.025939959918428568,EN,60
2015-02-01,0.03743066033320035,0.02942487962788495,1.2720752236392696,0.20289084220653553,0.03763650855514686,-0.025939959918428235,EN,60
2015-03-01,0.03926947393801644,0.02975760679653728,1.3196448963962384,0.2139067538777406,0.039530091696672126,-0.025939959918428235,EN,60
2015-04-01,0.042683574673809184,0.028361256143296685,1.5049959161945528,0.23498724221713152,0.0431157293028527,-0.025939959918428346,EN,60
2015-05-01,0.04749278034324585,0.0302085952004424,1.5721611689692314,0.26459544662828993,0.04807007927333166,-0.025939959918428346,EN,60
2015-06-01,0.04753931971775259,0.03020556738468535,1.5738595177608117,0.26488916241404686,0.04811875984268015,-0.025939959918428568,EN,60
2015-07-01,0.04751972884698087,0.03019893380753105,1.573556508645028,0.2647670001664916,0.04809851372247757,-0.025939959918428346,EN,60
2015-08-01,0.04771130961991646,0.03022209700078327,1.5786895799679257,0.26596993445314965,0.0482978096005738,-0.025939959918428568,EN,60
2015-09-01,0.04943544073319458,0.031117832781714726,1.588653074909623,0.27671503462709174,0.05007131403065397,-0.025939959918428457,EN,60
2015-10-01,0.052974185379368766,0.03136658728985848,1.6888730957510478,0.29935885172027343,0.05376997932202133,-0.025939959918428235,EN,60
2015-11-01,0.054431316274280564,0.03138605649697538,1.7342515227908932,0.3088136973706934,0.05529909643817722,-0.025939959918428457,EN,60
2015-12-01,0.060348523458644845,0.03173365513340382,1.9017198997388773,0.34785474796565474,0.061521069316207135,-0.025939959918428457,EN,60
2016-01-01,0.06410806231222754,0.03188545582665807,2.01057380709074,0.37326573227423676,0.06549377464838928,-0.02593995991842868,EN,60
2016-02-01,0.0642954177776483,0.0318534189203899,2.018477763355309,0.37455290729316704,0.06569343929114034,-0.025939959918428457,EN,60
2016-03-01,0.06047508459746388,0.03318720150423634,1.8222411609410407,0.34838551810361584,0.06160465917753937,-0.025939959918428235,EN,60
2016-04-01,0.05136638039204357,0.03934329909974552,1.305594130828134,0.2871542137581375,0.051782926222902044,-0.057657874459479896,EN,60
2016-05-01,0.05649909418027669,0.04096756903315584,1.3791175682050083,0.32004345949057816,0.05710382902406794,-0.05765787445948001,EN,60
2016-06-01,0.056283651633469246,0.04097915866873844,1.3734701604893138,0.31862579270412117,0.056876675111370345,-0.05765787445948001,EN,60
2016-07-01,0.05435558078106416,0.0413639059062968,1.3140824008302763,0.3059291910537472,0.0548335291898228,-0.057657874459479896,EN,60
2016-08-01,0.04956081294270792,0.041200358841298045,1.2029218758412752,0.27516632282969145,0.04981643373992383,-0.057657874459479896,EN,60
2016-09-01,0.04879119635528434,0.04124385774244727,1.18299303280424,0.27027742763970053,0.049010212380255776,-0.05765787445948012,EN,60
2016-10-01,0.04301598963667716,0.037639583262062785,1.1428391578403392,0.235105001023951,0.04313562122961091,-0.057657874459479896,EN,60
2016-11-01,0.04191485098416391,0.037534962910101104,1.1166882217135243,0.22837130509577436,0.041995713862467705,-0.05765787445948001,EN,60
2016-12-01,0.04085536121487351,0.0375403326370984,1.0883057859348615,0.22190228495967323,0.04089589400060082,-0.05765787445948001,EN,60
1992-01-01,,,,,,,FFN,36
1992-02-01,,,,,,,FFN,36
1992-03-01,,,,,,,FFN,36
1992-04-01,,,,,,,FFN,36
1992-05-01,,,,,,,FFN,36
1992-06-01,,,,,,,FFN,36
1992-07-01,,,,,,,FFN,36
1992-08-01,,,,,,,FFN,36
1992-09-01,,,,,,,FFN,36
1992-10-01,,,,,,,FFN,36
1992-11-01,,,,,,,FFN,36
1992-12-01,,,,,,,FFN,36
1993-01-01,,,,,,,FFN,36
1993-02-01,,,,,,,FFN,36
1993-03-01,,,,,,,FFN,36
1993-04-01,,,,,,,FFN,36
1993-05-01,,,,,,,FFN,36
1993-06-01,,,,,,,FFN,36
1993-07-01,,,,,,,FFN,36
1993-08-01,,,,,,,FFN,36
1993-09-01,,,,,,,FFN,36
1993-10-01,,,,,,,FFN,36
1993-11-01,,,,,,,FFN,36
1993-12-01,,,,,,,FFN,36
1994-01-01,,,,,,,FFN,36
1994-02-01,,,,,,,FFN,36
1994-03-01,,,,,,,FFN,36
1994-04-01,,,,,,,FFN,36
1994-05-01,,,,,,,FFN,36
1994-06-01,,,,,,,FFN,36
1994-07-01,,,,,,,FFN,36
1994-08-01,,,,,,,FFN,36
1994-09-01,,,,,,,FFN,36
1994-10-01,,,,,,,FFN,36
1994-11-01,,,,,,,FFN,36
1994-12-01,0.287501406395357,0.0852865538926551,3.371005079619199,1.3220653808664382,0.3242139171891476,-0.002888948249390677,FFN,36
1995-01-01,0.25017026247675667,0.04671339626319904,5.355428688319148,1.0952582209137827,0.27961459362484253,-0.002888948249390566,FFN,36
1995-02-01,0.2581331375980648,0.044598861957161944,5.787886198665933,1.1454560786069807,0.2897529881005693,-0.00010686420830374743,FFN,36
1995-03-01,0.25422807034355116,0.04515388629305298,5.630258903820304,1.1208344408050512,0.2848001810559012,-0.00010686420830374743,FFN,36
1995-04-01,0.2626190388250488,0.04440666331893242,5.913955681355669,1.1739584509813878,0.2954393347412346,-0.00010686420830374743,FFN,36
1995-05-01,0.2596250345087429,0.04513472365713175,5.752223863848105,1.1547273970601961,0.2916081534506444,-0.00010686420830374743,FFN,36
1995-06-01,0.26603014078172066,0.04378967651329306,6.075179402180852,1.1960090699999513,0.29980452090341614,-0.00010686420830374743,FFN,36
1995-07-01,0.26589122689941497,0.04376592322303792,6.075302594312751,1.19512043397359,0.2996291711478969,-0.00010686420830374743,FFN,36
1995-08-01,0.2673846308993675,0.043787222213609964,6.106453375712399,1.2047564968204003,0.3015280841403973,-0.00010686420830385845,FFN,36
1995-09-01,0.26766932136478344,0.043770475765225046,6.115293852424663,1.206603877244635,0.30189150239254026,-0.00010686420830374743,FFN,36
1995-10-01,0.2635697490389186,0.04421090830471483,5.961645194491751,1.1800900984694915,0.2966561198966535,-0.00010686420830374743,FFN,36
1995-11-01,0.25695194831399704,0.0436029051530703,5.8930006478227455,1.1382977486077666,0.28831696636912985,-0.00010686420830374743,FFN,36
1995-12-01,0.24575523371450295,0.04368937183096119,5.625057615050085,1.0690617338218853,0.27425931272911286,-0.00010686420830374743,FFN,36
1996-01-01,0.23962840833729315,0.038068567785601824,6.294652577603002,1.0334166652777932,0.266899387545752,-0.00010686420830363641,FFN,36
1996-02-01,0.2363128360814708,0.038213386349472654,6.184032839181548,1.0136482532922604,0.26278050889125365,-0.00010686420830374743,FFN,36
1996-03-01,0.2275492095275909,0.0385590664049615,5.901315325889516,0.9622974335380476,0.2519537305799707,-0.00010686420830374743,FFN,36
1996-04-01,0.23441471579635073,0.038486287226472904,6.090863335736575,1.002371621027111,0.2604188623853375,-0.00010686420830374743,FFN,36
1996-05-01,0.23593124668578241,0.03873271726619249,6.09126504253067,1.0112715852625207,0.262283501930595,-0.00010686420830363641,FFN,36
1996-06-01,0.23535660006511255,0.038827296963591676,6.061627217722784,1.0078525381476124,0.2615678262271887,-0.00010686420830374743,FFN,36
1996-07-01,0.2243281241516445,0.04063030916260255,5.521201506340574,0.9433066880419989,0.2479019071577354,-0.003884325646746567,FFN,36
1996-08-01,0.22812013556070015,0.04143535573447176,5.505446532728032,0.9649405640914468,0.2525155877314604,-0.003884325646746567,FFN,36
1996-09-01,0.225061696477906,0.04151478330636071,5.421242231160171,0.947306493062668,0.24875748385216126,-0.003884325646746567,FFN,36
1996-10-01,0.21869141205657971,0.04181948843604438,5.229413850698582,0.9110367086818267,0.24095588553169892,-0.003884325646746567,FFN,36
1996-11-01,0.21931451710642752,0.04158306329717769,5.274130853205149,0.9146037135555942,0.2417274989119484,-0.003884325646746567,FFN,36
1996-12-01,0.21217811451936097,0.04210049909155177,5.039800455998355,0.8746386550787876,0.2330268184576173,-0.003884325646746567,FFN,36
1997-01-01,0.22362199069443472,0.05168776457717174,4.326400890496219,0.9365061104281096,0.24644453340561967,-0.003884325646746567,FFN,36
1997-02-01,0.2324187290507418,0.050671360782344695,4.586786805451708,0.9876163850236183,0.25731526810826405,-0.003884325646746567,FFN,36
1997-03-01,0.23270684949181702,0.0506580815405199,4.593676712879104,0.9893063287922893,0.257671505561164,-0.003884325646746567,FFN,36
1997-04-01,0.23085198559133807,0.05082067043768185,4.542482096422107,0.9784286388902735,0.25537496430960466,-0.003884325646746567,FFN,36
1997-05-01,0.23582714983541236,0.05106544619175392,4.618135499097898,1.0075359373817774,0.2615015141968772,-0.003884325646746456,FFN,36
1997-06-01,0.2460390385563595,0.05138000889600842,4.788614168096682,1.0686508063075517,0.27417494874382603,-0.003884325646746567,FFN,36
1997-07-01,0.24467556475239113,0.05168669717056501,4.733820850362462,1.060280391744218,0.27245405412422785,-0.003884325646746567,FFN,36
1997-08-01,0.24238705976711505,0.051789233678082865,4.680259632219523,1.0464319852319444,0.2695966613923196,-0.003884325646746678,FFN,36
1997-09-01,0.24919099726335492,0.05320114935489984,4.683940108154906,1.0873374024341582,0.2780000919281084,-0.003884325646746567,FFN,36
1997-10-01,0.2515201487347314,0.052990070193518105,4.746552473249942,1.1017416961547193,0.2809330956988086,-0.003884325646746567,FFN,36
1997-11-01,0.2504475702965837,0.05317462260626103,4.7099078098035205,1.0950682097625175,0.27957591129762305,-0.003884325646746567,FFN,36
1997-12-01,0.23205573750613495,0.05587030952672741,4.1534714855145625,0.983885797615016,0.25652815073838886,-0.015474790652809656,FFN,36
1998-01-01,0.2380172267079801,0.058370724216285974,4.0776815758878495,1.018179892028841,0.26372707899348574,-0.015474790652809656,FFN,36
1998-02-01,0.24211441821276242,0.0588697644763912,4.112712533610671,1.0424762841651594,0.2687781010433174,-0.015474790652809656,FFN,36
1998-03-01,0.2479658583634965,0.05861772087992208,4.23022005361574,1.078006794294332,0.2760929844595466,-0.015474790652809656,FFN,36
1998-04-01,0.24160672645009784,0.058596402852449124,4.123234783856693,1.039523493159481,0.2681663855091136,-0.015474790652809656,FFN,36
1998-05-01,0.24408792679176938,0.058165735594476915,4.196421214261177,1.0546086168097946,0.27128532876588807,-0.015474790652809656,FFN,36
1998-06-01,0.2380514823419475,0.058884715656993394,4.042670151089971,1.0182081349382164,0.2637329739359235,-0.015474790652809656,FFN,36
1998-07-01,0.2301792544444413,0.05913514945375902,3.8924270348624197,0.9719078647691454,0.25399423442943025,-0.015474790652809656,FFN,36
1998-08-01,0.2157026171717002,0.06274805872484394,3.4375982549129716,0.8883637244238985,0.23602868488949977,-0.018345635091235768,FFN,36
1998-09-01,0.22111024422632844,0.06360883547576093,3.476093259254615,0.9183934538506952,0.24254624506344685,-0.018345635091235768,FFN,36
1998-10-01,0.22685484880646317,0.06371812779583468,3.5602874198273744,0.951086580513613,0.2495649858039186,-0.018345635091235768,FFN,36
1998-11-01,0.23557303566425147,0.0650190519070255,3.6231385840739567,1.0013228800906322,0.26019877608290887,-0.018345635091235768,FFN,36
1998-12-01,0.2365039938666172,0.06481168760558133,3.649094825394584,1.0068910867849545,0.2613664286748081,-0.018345635091235768,FFN,36
1999-01-01,0.24557035597800436,0.07044880763677325,3.4857986134291954,1.0589499209482829,0.27218009019868755,-0.018345635091235768,FFN,36
1999-02-01,0.24714401615643394,0.07033753008921055,3.5136863043523996,1.0685436271734863,0.27415294288283454,-0.018345635091235768,FFN,36
1999-03-01,0.24330993582092764,0.0715008878033155,3.402893912173848,1.0448612891357072,0.2692717607943659,-0.018345635091235657,FFN,36
1999-04-01,0.23860168847093793,0.07136930837916766,3.343197431636938,1.0167959302412546,0.2634381470494272,-0.018345635091235768,FFN,36
1999-05-01,0.24011736693318825,0.07159138601565362,3.3539980198272175,1.0257153236200363,0.26529795012060065,-0.018345635091235768,FFN,36
1999-06-01,0.24248744282620782,0.07145349738170143,3.3936399436244606,1.0399423154044496,0.268253186820252,-0.018345635091235657,FFN,36
1999-07-01,0.2524837357689195,0.07010990740839548,3.6012561576808646,1.1013564508187619,0.2808548267000238,-0.018345635091235768,FFN,36
1999-08-01,0.24165245006688552,0.0706615241590075,3.419859010160922,1.0352726486175352,0.26728472079126314,-0.018345635091235768,FFN,36
1999-09-01,0.23369743375045837,0.07271671091649913,3.213806438781506,0.9873344058839922,0.2572558077000862,-0.01834563509123588,FFN,36
1999-10-01,0.2382572736446853,0.07234681732223443,3.2932654464049436,1.0143327834426688,0.2629235847566511,-0.018345635091235768,FFN,36
1999-11-01,0.2472126404420289,0.07192064940728907,3.4372971111822883,1.0682687088295042,0.27409649358007504,-0.018345635091235657,FFN,36
1999-12-01,0.24653199293223582,0.07208469082133305,3.4200326050268086,1.0640632560173164,0.2732323588602893,-0.018345635091235768,FFN,36
2000-01-01,0.246165752567294,0.0718121963637349,3.4279100909327918,1.0619528819446324,0.2727982777127195,-0.01834563509123588,FFN,36
2000-02-01,0.2121350173493026,0.09023343912722001,2.350957908743938,0.8568347559458348,0.22911094366105544,-0.07580885479335697,FFN,36
2000-03-01,0.22097345971857318,0.09146787346239188,2.4158587201595876,0.9052236292349821,0.2396963419720095,-0.07580885479335697,FFN,36
2000-04-01,0.2166770630760168,0.09205757851058866,2.3537123893726375,0.8809600669606992,0.2344112142487008,-0.07580885479335686,FFN,36
2000-05-01,0.19610651032914891,0.09613278090506198,2.039954617799085,0.7681996467280627,0.20923423230300922,-0.07580885479335697,FFN,36
2000-06-01,0.20400806061360593,0.0987403134683762,2.0661070787358202,0.8086197326079043,0.21837904690886858,-0.07580885479335697,FFN,36
2000-07-01,0.21424214044245865,0.09922974006820795,2.1590517146895083,0.8637728297446229,0.23063990096862744,-0.07580885479335697,FFN,36
2000-08-01,0.2189123037303202,0.09939435351950367,2.2024621719317694,0.8895108813539102,0.23627892478900195,-0.07580885479335697,FFN,36
2000-09-01,0.207135445112354,0.09866123443916733,2.0994613161876647,0.8254184547726143,0.2221395883922461,-0.07580885479335686,FFN,36
2000-10-01,0.19481159902243947,0.10060183076060039,1.9364617676394742,0.7592236968570433,0.20718460628588412,-0.07580885479335697,FFN,36
2000-11-01,0.18149874653128428,0.10391845232374379,1.7465497461976207,0.6896703974609089,0.19106098382062708,-0.07580885479335697,FFN,36
2000-12-01,0.1782019106992775,0.10503575884495386,1.6965832651556898,0.6726960248666594,0.1870590998166351,-0.07580885479335697,FFN,36
2001-01-01,0.2509804203231882,0.17877218002882397,1.4039120644091367,1.0196923578788704,0.264042687922439,-0.07580885479335697,FFN,36
2001-02-01,0.27005387661382013,0.18301005604911155,1.4756231566933675,1.1315364691528194,0.2869576501830539,-0.07580885479335697,FFN,36
2001-03-01,0.27085253455073605,0.18303330199639578,1.4797992037321686,1.1365109216940172,0.28795801403032056,-0.07580885479335697,FFN,36
2001-04-01,0.2753258359162167,0.18291128586598326,1.5052424710301602,1.1648691469280417,0.29363140535316223,-0.07580885479335697,FFN,36
2001-05-01,0.28313262955231194,0.1830080106813577,1.547105115771599,1.2148797725339637,0.30351705861811407,-0.07580885479335697,FFN,36
2001-06-01,0.284564878227759,0.18287145635144944,1.5560923716868704,1.2243580312376408,0.3053738170033956,-0.07580885479335686,FFN,36
2001-07-01,0.2934862346041749,0.18263326048576867,1.6069703504364923,1.2835461897666163,0.3168508857496763,-0.07580885479335697,FFN,36
2001-08-01,0.30610284302227064,0.18093956584355136,1.6917407842513623,1.3715932940554996,0.33356259210234834,-0.07580885479335708,FFN,36
2001-09-01,0.3009384754191929,0.18084453407505205,1.6640728289542928,1.3361393655262588,0.3268838735770838,-0.07580885479335697,FFN,36
2001-10-01,0.29813956011899007,0.18085485111645402,1.6485018691979425,1.3170668367479599,0.3232630543713922,-0.07580885479335708,FFN,36
2001-11-01,0.2859294417928863,0.1809021868865467,1.5805748217527504,1.2356090244503286,0.3075710140996713,-0.07580885479335697,FFN,36
2001-12-01,0.2895297213197573,0.1806638019041184,1.6025884447700043,1.2595969910886406,0.3122311087246643,-0.07580885479335697,FFN,36
2002-01-01,0.2812237607269371,0.17883878822566782,1.5724986929126066,1.207256662151166,0.3020198702946582,-0.07580885479335697,FFN,36
2002-02-01,0.28471651832897604,0.17883040694967148,1.5921035084883761,1.2299779036843217,0.30647224101345116,-0.07580885479335708,FFN,36
2002-03-01,0.29517611762202334,0.1779328627997829,1.6589184986820966,1.3004334392915506,0.3200890357932449,-0.07580885479335686,FFN,36
2002-04-01,0.3035001382717161,0.17805234242633383,1.7045557173575752,1.3570302806572272,0.33082735953434744,-0.07580885479335697,FFN,36
2002-05-01,0.3035101575306277,0.17805275975717402,1.7046079934090927,1.357098884838709,0.33084027118234455,-0.07580885479335686,FFN,36
2002-06-01,0.3028861382625581,0.17807623960579538,1.7008790107711869,1.3527706706625517,0.3300251885599386,-0.07580885479335708,FFN,36
2002-07-01,0.2996349270777286,0.17814701514849074,1.6819531151166025,1.3304064165636482,0.32579758156672867,-0.07580885479335697,FFN,36
2002-08-01,0.3126748542196601,0.1777663069007156,1.7589095463084148,1.42150240384946,0.34285246744387643,-0.07580885479335697,FFN,36
2002-09-01,0.31898876754668554,0.17678701627499369,1.8043676185500852,1.4678634902470824,0.3513682497760221,-0.07580885479335697,FFN,36
2002-10-01,0.32178222431074777,0.1767571836151188,1.8204760775743902,1.4881272458331931,0.35505689059725465,-0.07580885479335686,FFN,36
2002-11-01,0.3056084896225507,0.17859358176743828,1.711195254600522,1.3709426042612032,0.3334406185550438,-0.07580885479335697,FFN,36
2002-12-01,0.3263133174606994,0.17939469713736123,1.818968579716956,1.517889415409792,0.3604384067091486,-0.07580885479335697,FFN,36
2003-01-01,0.30754225280569525,0.17740136563919134,1.7335957459943774,1.3858085045092978,0.3362217218748793,-0.07580885479335697,FFN,36
2003-02-01,0.3318705668770933,0.1681128258387745,1.974094274016711,1.5742198485682275,0.3705089569314063,-0.07085500296150404,FFN,36
2003-03-01,0.3159730491725695,0.16875907839224458,1.8723321564849826,1.456622164701,0.34931326108880256,-0.07085500296150415,FFN,36
2003-04-01,0.3147782543254685,0.16896340487168907,1.8629966326999114,1.4478095998633762,0.3476978780088067,-0.07085500296150404,FFN,36
2003-05-01,0.32541835027079014,0.1662327357848112,1.9576068981505854,1.5285521761303398,0.3623560975657017,-0.07085500296150427,FFN,36
2003-06-01,0.3089334579098302,0.16528602233829484,1.8690839887085469,1.4106570926719195,0.340844698844275,-0.07085500296150427,FFN,36
2003-07-01,0.30025182290700403,0.16533292983032355,1.816043683585259,1.3501418067092008,0.3295296368854167,-0.07085500296150404,FFN,36
2003-08-01,0.29754672708268026,0.16533967110364486,1.799608799851549,1.3315991940297887,0.32602373836419546,-0.07085500296150404,FFN,36
2003-09-01,0.30356775158924043,0.16498373448429712,1.8399859388449802,1.373453400050096,0.3339111509572049,-0.07085500296150404,FFN,36
2003-10-01,0.31297216002355616,0.16332178130188374,1.91629161480341,1.441603807641021,0.3465580002932994,-0.05437596088350771,FFN,36
2003-11-01,0.32535079565636144,0.16043165274403995,2.027971351610028,1.5350566670487493,0.3635232800287787,-0.02536529814883015,FFN,36
2003-12-01,0.3417320531450305,0.15748550104597314,2.169927078209391,1.662881223056506,0.3860660679679787,-0.018292940238943234,FFN,36
2004-01-01,0.2673041280215544,0.06988721538183713,3.824792940469962,1.1950122855790786,0.2996078275783988,-0.018292940238943234,FFN,36
2004-02-01,0.23978302459135875,0.057770783575548317,4.150593254076058,1.0288265457676182,0.26594539373486187,-0.018292940238943234,FFN,36
2004-03-01,0.2370973576842621,0.057530202299835666,4.121267581305538,1.0129419404256619,0.2626328461562349,-0.018292940238943234,FFN,36
2004-04-01,0.22756650433359055,0.059031557082686925,3.854997489136745,0.9567618705720082,0.25077538464549837,-0.018292940238943345,FFN,36
2004-05-01,0.2171263561496078,0.05848839912016144,3.712297813170313,0.8976759411931242,0.23805712504516163,-0.018292940238943345,FFN,36
2004-06-01,0.2207894845148033,0.05821272125323911,3.7928047299887724,0.9183573265109205,0.24253844510421813,-0.018292940238943234,FFN,36
2004-07-01,0.21091093076432232,0.05824957623445647,3.6208148522042256,0.8632997600353394,0.23053577030156772,-0.018292940238943123,FFN,36
2004-08-01,0.20580589257176274,0.058731062591777794,3.5042085651039296,0.8353090469094439,0.22434290388313963,-0.018292940238943234,FFN,36
2004-09-01,0.2072077889566012,0.05886861692366812,3.519834502401794,0.842869948585101,0.2260219041530869,-0.018292940238943345,FFN,36
2004-10-01,0.2021819222716631,0.05925156594859195,3.412262934064576,0.8156312964198869,0.2199514664066191,-0.018292940238943234,FFN,36
2004-11-01,0.21281021168176156,0.05995961864751577,3.5492255701759476,0.8732161208941162,0.2327148531532119,-0.018292940238943123,FFN,36
2004-12-01,0.2161158772791718,0.06020688612702199,3.589554138761129,0.8914749545583951,0.23670713110401903,-0.018292940238943234,FFN,36
2005-01-01,0.20709060385343253,0.057186003885528726,3.6213512010381637,0.8427384129365265,0.22599273417586274,-0.018292940238943234,FFN,36
2005-02-01,0.19868543693526872,0.05735100576678199,3.464375807866797,0.797555618890073,0.21588951190766686,-0.018292940238943345,FFN,36
2005-03-01,0.19070132987651314,0.05785774273331054,3.2960381941537498,0.7555314541256322,0.20633947205734002,-0.018292940238943234,FFN,36
2005-04-01,0.17569966990663832,0.05728015118178568,3.067374409488438,0.6795615084293666,0.18868095458179454,-0.018292940238943234,FFN,36
2005-05-01,0.17156239767648152,0.05640320035268416,3.0417138850937038,0.6593756512374291,0.18389968334672796,-0.018292940238943123,FFN,36
2005-06-01,0.1717177597666223,0.05641300600840221,3.0439391891480923,0.6601356640506918,0.18408040224012456,-0.018292940238943123,FFN,36
2005-07-01,0.1711499241986829,0.05640079488186645,3.034530356481016,0.6573531091492841,0.1834184862086842,-0.018292940238943345,FFN,36
2005-08-01,0.1606550363908978,0.054448609960002906,2.9505810434630457,0.6071729510522578,0.17135230956674383,-0.018292940238943123,FFN,36
2005-09-01,0.15824657874034806,0.05482795183056371,2.8862391071871825,0.5956560540134889,0.16854765466419527,-0.018292940238943234,FFN,36
2005-10-01,0.14884161718691297,0.05446681863550339,2.732702605286601,0.5519036715798283,0.15776812024819514,-0.018292940238943234,FFN,36
2005-11-01,0.16053204618743333,0.05145420793528421,3.1199012214771664,0.6073451177053151,0.17139413468702464,-0.011246473873881002,FFN,36
2005-12-01,0.14317571619452807,0.04192920215152522,3.414701660124956,0.5287095685107375,0.15197130535490577,-0.011246473873880891,FFN,36
2006-01-01,0.146138734376167,0.04260138531753357,3.4303751694201425,0.5420685967467503,0.15531717874544476,-0.011246473873880891,FFN,36
2006-02-01,0.14916784665964558,0.04184200798346164,3.5650260073227185,0.556121577922183,0.15881606759806075,-0.00844641322727957,FFN,36
2006-03-01,0.15149101483471977,0.04112842302597647,3.683365509517322,0.5670072503048528,0.16151191339156667,-0.0050192710937044804,FFN,36
2006-04-01,0.15434378565040208,0.040227067104285065,3.83681428353401,0.5804773012892406,0.16483055522538081,-0.0050192710937045915,FFN,36
2006-05-01,0.1504689164984495,0.042007266061456994,3.5819735632952683,0.5620979388034041,0.16029766905101617,-0.012001892873739761,FFN,36
2006-06-01,0.1468908832230856,0.04256014002480363,3.451372179167621,0.5455163257974293,0.15617755027334812,-0.01200189287373965,FFN,36
2006-07-01,0.14256015274838496,0.043275520326072785,3.294244683234804,0.5256643264798656,0.1512058747232731,-0.013025993303254935,FFN,36
2006-08-01,0.14290629955924677,0.04334795477558988,3.2967253080119994,0.5272169054615587,0.15159624720267348,-0.013025993303254824,FFN,36
2006-09-01,0.13769565131307074,0.042766271910243604,3.219725385510846,0.5039102217375115,0.14570806537446776,-0.013025993303254824,FFN,36
2006-10-01,0.13961531689332046,0.04286094537258963,3.257401713369744,0.5124788099263418,0.14787985169678997,-0.013025993303254824,FFN,36
2006-11-01,0.14054206024070465,0.042797916463438695,3.283852856733495,0.5166530835994981,0.14893488869908986,-0.013025993303254935,FFN,36
2006-12-01,0.13867196112177024,0.042387856939935305,3.2715020558428325,0.5083418375637961,0.14683232551761638,-0.013025993303254824,FFN,36
2007-01-01,0.1271498458776259,0.036807066537152745,3.4544955042608976,0.45857003869398916,0.13407670419976894,-0.013025993303254824,FFN,36
2007-02-01,0.12662214486934395,0.03685602439391168,3.435588806758574,0.45627918050531435,0.13348265884839616,-0.013025993303254824,FFN,36
2007-03-01,0.11983491484071482,0.036753502336912394,3.2605032778158343,0.4272369317027951,0.1258970771906132,-0.013025993303254824,FFN,36
2007-04-01,0.12284921662695336,0.035948627655275955,3.4173548377144662,0.4401966426927242,0.1292946345005922,-0.013025993303254713,FFN,36
2007-05-01,0.12300020998994426,0.03593143799998253,3.423191968826966,0.44084518006667983,0.1294641205850871,-0.013025993303254935,FFN,36
2007-06-01,0.11611529837283519,0.03611122745572578,3.215490210494741,0.4116498310853076,0.12178335973740387,-0.013025993303254824,FFN,36
2007-07-01,0.10782213640282076,0.04020127761395537,2.6820574569349414,0.37663209667438236,0.11242984107976613,-0.02320330254306424,FFN,36
2007-08-01,0.10357361129017682,0.04134659814637501,2.505009261548098,0.35915932334178036,0.10770331697345385,-0.03156126324315489,FFN,36
2007-09-01,0.09480474304400889,0.04056249095993876,2.337251505033112,0.32427928932373445,0.09814543958705942,-0.03274799353346747,FFN,36
2007-10-01,0.0957369184310524,0.04052749872028375,2.362270592908234,0.3279641766093163,0.09916304837054869,-0.0327479935334678,FFN,36
2007-11-01,0.06948187526364367,0.04602526320073498,1.50964645135444,0.22711882485058066,0.07060402756105809,-0.06570203692732313,FFN,36
2007-12-01,0.05998406492215903,0.04441137709411744,1.350646362418343,0.19308399131984527,0.06061314690018032,-0.06679396763986245,FFN,36
2008-01-01,0.05496943254364929,0.04310140058566918,1.275351422383386,0.17555161556083826,0.05539225040838395,-0.06679396763986256,FFN,36
2008-02-01,0.06392356012062293,0.04545777814807968,1.4062183134510131,0.20702977890846216,0.06472960107090794,-0.06679396763986234,FFN,36
2008-03-01,0.06485146154027127,0.0453887005454736,1.4288018991708848,0.21038780408238245,0.06571606617632082,-0.06679396763986234,FFN,36
2008-04-01,0.07152194312021724,0.04528633174589645,1.57932736794691,0.23473160085299252,0.07281339587276049,-0.0667939676398619,FFN,36
2008-05-01,0.0679426285563873,0.04455873999587314,1.5247879218011973,0.221737063677438,0.06903662194056553,-0.06679396763986234,FFN,36
2008-06-01,0.052828991169394296,0.047705823112021095,1.1073908324638515,0.1673270259682283,0.05292518437546683,-0.06679396763986223,FFN,36
2008-07-01,0.057163468740461236,0.04918797032077448,1.1621432713664608,0.18228715718538577,0.05740410159273071,-0.06679396763986256,FFN,36
2008-08-01,0.059726689640798136,0.049570383239840324,1.2048865822121597,0.19130288139235413,0.0600851009735431,-0.06679396763986234,FFN,36
2008-09-01,0.04978267716821814,0.05313527123211232,0.9369045459606491,0.1558018444636178,0.04944849176815614,-0.06679396763986234,FFN,36
2008-10-01,0.03760092256777167,0.05777623740988236,0.6508025488233022,0.1135959458840749,0.03651568974390416,-0.06679396763986245,FFN,36
2008-11-01,0.02445286217545837,0.05902112527077058,0.4143069462548576,0.07039589113545416,0.022935249849324588,-0.0847200846473285,FFN,36
2008-12-01,0.0392742444852364,0.06653381975433943,0.590289940217582,0.11741443604179387,0.03769906620409883,-0.08472008464732872,FFN,36
2009-01-01,0.0500591890601941,0.07251283131355221,0.6903493926989764,0.1526490123559764,0.04849338340471818,-0.0847200846473285,FFN,36
2009-02-01,0.044659903476181935,0.0729420967575229,0.6122651453884334,0.13409478178654133,0.04283704592068151,-0.08472008464732872,FFN,36
2009-03-01,0.06383545622639407,0.07984783020700338,0.7994638809959186,0.19912284928149385,0.06239958614606792,-0.0847200846473285,FFN,36
2009-04-01,0.06485608188295373,0.07985215815492216,0.8122019915495037,0.2027791697498424,0.06347830016857062,-0.08472008464732861,FFN,36
2009-05-01,0.06991137430939723,0.07921436028399384,0.8825593498294475,0.2212419594566146,0.06889219477686705,-0.08472008464732872,FFN,36
2009-06-01,0.07891049315850927,0.08009412279701024,0.985222016333199,0.25419613931863344,0.07842137316230743,-0.08472008464732872,FFN,36
2009-07-01,0.08978188211524075,0.08113965200416556,1.1065105641645039,0.295163180441941,0.09003764436438477,-0.0847200846473285,FFN,36
2009-08-01,0.08587267330368811,0.08073905449655211,1.0635828452431928,0.28029335043676007,0.085849985676605,-0.08472008464732872,FFN,36
2009-09-01,0.08180428640905273,0.0809608020971736,1.0104184283014725,0.2648016692143086,0.08145256912681446,-0.08472008464732872,FFN,36
2009-10-01,0.07802444025017786,0.08076371472764515,0.96608285680389,0.2506928409109833,0.07741633232182937,-0.08472008464732861,FFN,36
2009-11-01,0.07914737449291266,0.08083717805106447,0.979096207971481,0.25486384080258495,0.07861271373107083,-0.08472008464732861,FFN,36
2009-12-01,0.08195853534396316,0.08138036217650424,1.0071045784510633,0.2652578725033038,0.08158257710240518,-0.0847200846473285,FFN,36
2010-01-01,0.081370305794685,0.08134215793258931,1.000346042726319,0.26305367899053145,0.08095414051136349,-0.08472008464732861,FFN,36
2010-02-01,0.08448942474076881,0.08150048889705762,1.0366738394353252,0.2747977694020395,0.0842941091255852,-0.08472008464732872,FFN,36
2010-03-01,0.09663237941868834,0.08316879088718472,1.161882701285948,0.32120730976352474,0.09729564597537804,-0.08472008464732861,FFN,36
2010-04-01,0.10412135597138795,0.08386781268545006,1.2414936390662734,0.35074525154519004,0.10541278478539615,-0.08472008464732861,FFN,36
2010-05-01,0.09471464473625602,0.08564537446721757,1.1058932875879932,0.3128686422203686,0.0949822817675737,-0.08472008464732861,FFN,36
2010-06-01,0.08625114071158406,0.08774818554628905,0.9829393072302872,0.27949068134316024,0.08562301674800628,-0.08472008464732861,FFN,36
2010-07-01,0.10632250868723084,0.08778388466508089,1.2111848215977201,0.35826127277647163,0.10745929535684298,-0.0847200846473285,FFN,36
2010-08-01,0.10295532923260434,0.08863616441771699,1.1615499148564823,0.34442233152394536,0.10368525176538541,-0.0847200846473285,FFN,36
2010-09-01,0.12097287800247661,0.09192327474058938,1.3160201085510301,0.4171810752755344,0.12324660532415663,-0.08472008464732861,FFN,36
2010-10-01,0.12264360649136621,0.09192638113639431,1.334150273025495,0.42422916524337,0.12510561385257013,-0.08472008464732861,FFN,36
2010-11-01,0.14011195399231016,0.08678370824080583,1.6144960480777115,0.5021024022683801,0.14524880395486275,-0.08472008464732861,FFN,36
2010-12-01,0.14666432784763656,0.08653501192295289,1.6948553491645697,0.5316639609157698,0.15271292980205572,-0.0847200846473285,FFN,36
2011-01-01,0.15171276173111034,0.0867586642341183,1.7486756287730911,0.554661434758067,0.15845350662490165,-0.08472008464732872,FFN,36
2011-02-01,0.1503113569425266,0.08651034097190985,1.7374958329124273,0.5483159099741959,0.15687523813143064,-0.0847200846473285,FFN,36
2011-03-01,0.15371463241583402,0.08634547360379671,1.7802280304948723,0.5640707591399737,0.16078592180741846,-0.0847200846473285,FFN,36
2011-04-01,0.14941842776382197,0.08654837287928734,1.7264152149021006,0.5442098136687746,0.15585166439280382,-0.08472008464732861,FFN,36
2011-05-01,0.14497516933105958,0.08702744766474044,1.665855695200365,0.5238210411166999,0.15074206450711958,-0.08472008464732861,FFN,36
2011-06-01,0.15190231150392627,0.08466939038448427,1.7940640745626821,0.5563751307946803,0.15887900295177215,-0.08472008464732872,FFN,36
2011-07-01,0.14220474520452334,0.08457197595550607,1.681464144568861,0.512314297054175,0.1478382317509439,-0.08472008464732861,FFN,36
2011-08-01,0.13453545544724993,0.08520012325912389,1.5790523569793409,0.47806989443488346,0.13910823211994108,-0.08472008464732861,FFN,36
2011-09-01,0.136691080826496,0.08426313046978175,1.6221932423400272,0.48791146145126,0.14163085078170648,-0.05761433244073655,FFN,36
2011-10-01,0.17675354184929615,0.0894630820216348,1.9757148742824657,0.6733715132970369,0.18721886918765912,-0.047953778597290664,FFN,36
2011-11-01,0.18407348325906445,0.08724941139132804,2.1097389692804276,0.7109706739488163,0.1960450057142304,-0.04795377859729055,FFN,36
2011-12-01,0.1672577073568297,0.08393993784072847,1.9925879344132016,0.6292888035302887,0.17670073398213307,-0.04795377859729044,FFN,36
2012-01-01,0.16096987441936755,0.08124997926734641,1.9811681906983547,0.6002517115061771,0.1696684261448227,-0.04795377859729055,FFN,36
2012-02-01,0.1645962564469068,0.08043987430884865,2.0462023077626896,0.6178357712993652,0.17393705502265228,-0.04795377859729055,FFN,36
2012-03-01,0.14847720593478952,0.07556868558369946,1.9647980481324767,0.544085577218235,0.155820666282308,-0.04795377859729055,FFN,36
2012-04-01,0.1493139396447463,0.07552525592063541,1.9770067353581773,0.5479337140514439,0.15678004020647815,-0.04795377859729044,FFN,36
2012-05-01,0.14659771928510062,0.07599993282455769,1.9289190639617355,0.5353599101624024,0.1536393615308424,-0.04795377859729055,FFN,36
2012-06-01,0.1393777756140356,0.07554818851735365,1.8448857391467444,0.502993907427838,0.14547532941101932,-0.04795377859729044,FFN,36
2012-07-01,0.1324600306226882,0.07468380452997495,1.7736111792420042,0.4727424123715719,0.13773800273551418,-0.04795377859729044,FFN,36
2012-08-01,0.13202930773100843,0.07469485993996706,1.7675822384180326,0.4708577550650803,0.13725247733494472,-0.04795377859729055,FFN,36
2012-09-01,0.14066377360489168,0.07447104394183889,1.8888384821723272,0.5090926610861264,0.14702258430152387,-0.047953778597290664,FFN,36
2012-10-01,0.14515565570905084,0.07447313884210151,1.949100816293119,0.5293233380906289,0.15212545504968608,-0.04795377859729044,FFN,36
2012-11-01,0.14102736410338595,0.07472755708761057,1.8872203187111483,0.510635505689315,0.14741334335516929,-0.04795377859729055,FFN,36
2012-12-01,0.13503524168767836,0.07423593239289727,1.8190010866031532,0.4841834360134462,0.1406765851387731,-0.04795377859729033,FFN,36
2013-01-01,0.14494406186820333,0.0761343588743762,1.9037930313088345,0.5278139774132621,0.151746301468273,-0.047953778597290664,FFN,36
2013-02-01,0.1429778126212627,0.07611430372087696,1.8784618085134779,0.518941289568303,0.1495124056591797,-0.04795377859729055,FFN,36
2013-03-01,0.13389089046475144,0.07467932589391353,1.7928775984795509,0.47901400999702887,0.13935071521977685,-0.04795377859729033,FFN,36
2013-04-01,0.12330023119905972,0.07456699123648126,1.6535497698710435,0.43327575479172964,0.1274827813141215,-0.04795377859729055,FFN,36
2013-05-01,0.13659945351421315,0.07226241374100884,1.8903250866182055,0.4917369926818339,0.14260841945228284,-0.04035122893618004,FFN,36
2013-06-01,0.14408749307182633,0.06939111596864739,2.076454472023891,0.5261666625676554,0.1513322084975601,-0.040351228936179484,FFN,36
2013-07-01,0.13650693581372883,0.06770747569823803,2.0161279741415785,0.4927389306805128,0.14286417646223,-0.040351228936179595,FFN,36
2013-08-01,0.14274070805904043,0.06575103226054387,2.1709272562203834,0.5211858784632565,0.15007835092216365,-0.04035122893617982,FFN,36
2013-09-01,0.1308168342515821,0.06133307406976538,2.132892183143797,0.46950096449498074,0.13690268413316511,-0.040351228936179706,FFN,36
2013-10-01,0.13442356765527247,0.06175421248905739,2.176751386459536,0.4851998782482109,0.14093692296744237,-0.04035122893617993,FFN,36
2013-11-01,0.13547250652850734,0.06177412208153932,2.1930300579535413,0.4898233898282284,0.14211963035210998,-0.04035122893618015,FFN,36
2013-12-01,0.1320658833155852,0.061650965613097596,2.1421543361443818,0.4748739797285435,0.13828663819036138,-0.04035122893617982,FFN,36
2014-01-01,0.1279084312256128,0.06119237510421845,2.090267472177185,0.456907218261422,0.13364557806644214,-0.04035122893617993,FFN,36
2014-02-01,0.12220022403399826,0.06055001419691859,2.0181700310850967,0.43258652252891533,0.12730202472613544,-0.04035122893617993,FFN,36
2014-03-01,0.11826376470122059,0.06070183743357482,1.9482732269947343,0.4158953295168692,0.12290681187549488,-0.04035122893617982,FFN,36
2014-04-01,0.11187732803739522,0.062471482124617755,1.7908543903956522,0.3888246966752035,0.11570439425226856,-0.04035122893617982,FFN,36
2014-05-01,0.11294333943223672,0.062274517527362114,1.8136365228781066,0.39328295078848424,0.11689695674936006,-0.03673318699980177,FFN,36
2014-06-01,0.11799976526541539,0.06158041208114434,1.9161899259447537,0.41455552933705303,0.12255251413772397,-0.030467180360238544,FFN,36
2014-07-01,0.11840985174428267,0.061509268110630184,1.9250733325474045,0.4162983124631524,0.12301333325515568,-0.02906723778993514,FFN,36
2014-08-01,0.12499939304004584,0.06073483326864238,2.058117003254926,0.44449183875896275,0.1304161775983553,-0.02229603180927542,FFN,36
2014-09-01,0.12694222335793198,0.059771389006312375,2.1237957736690007,0.4531030420359834,0.13265801881896466,-0.017604211618755916,FFN,36
2014-10-01,0.09891659805567418,0.041522235647007306,2.382256073507052,0.3404424305119938,0.102595093430468,-0.017604211618755916,FFN,36
2014-11-01,0.09468347339574773,0.04303633094164887,2.2000823797949924,0.3234076240416898,0.09790444677991716,-0.02931109265715104,FFN,36
2014-12-01,0.08264149463943186,0.04810731150192194,1.7178572665847318,0.27589574803233197,0.08460531930406395,-0.058300826241199144,FFN,36
2015-01-01,0.06878113330706027,0.044366497405351764,1.5502944187512866,0.22486245786487083,0.06994743325325131,-0.06018634372244447,FFN,36
2015-02-01,0.0786922874572425,0.046475830014490425,1.6931873499130081,0.26124748633158396,0.08043863250918,-0.06018634372244447,FFN,36
2015-03-01,0.07935682180476077,0.0465736791764757,1.7038984939124966,0.26373102022714995,0.08114733472092724,-0.06018634372244447,FFN,36
2015-04-01,0.07834320663699486,0.04653774145572135,1.6834337934412873,0.25992528449483177,0.08006094891939529,-0.06018634372244436,FFN,36
2015-05-01,0.08954968561885857,0.047686527068772945,1.8778823102322182,0.30249546172246855,0.09209077750653549,-0.06018634372244458,FFN,36
2015-06-01,0.08589387314151824,0.048217685538506284,1.7813769404780744,0.2882931785819927,0.08810691198792009,-0.06018634372244447,FFN,36
2015-07-01,0.07548983800896714,0.050739812090839685,1.4877831607617578,0.24849419163773545,0.07678461577115338,-0.06018634372244458,FFN,36
2015-08-01,0.07529206939923626,0.05073249162835776,1.4840995776590344,0.24775966482986592,0.07657340605110975,-0.06018634372244458,FFN,36
2015-09-01,0.07139714496617433,0.04992561720002382,1.430070352062473,0.2334990378098214,0.07245630061871032,-0.06018634372244458,FFN,36
2015-10-01,0.07731452863574409,0.05239632704263856,1.4755715333410269,0.25499472309843296,0.07865021219529793,-0.06018634372244458,FFN,36
2015-11-01,0.07807024216151832,0.052335622745899806,1.4917228087753034,0.25783674860322287,0.07946382524899008,-0.06018634372244447,FFN,36
2015-12-01,0.0768365437055452,0.05232807193929976,1.4683618344408926,0.2532211854207912,0.07814186247402959,-0.06018634372244469,FFN,36
2016-01-01,0.06039054488618566,0.04890109938943678,1.2349527033175602,0.1938212245818609,0.060831560774320684,-0.06018634372244458,FFN,36
2016-02-01,0.0623401110027184,0.049204522254855554,1.2669589734014053,0.20073559926122772,0.0628756611791285,-0.06018634372244458,FFN,36
2016-03-01,0.0597421240197509,0.049160758323113264,1.2152400828947898,0.19146804830411,0.06013409016398238,-0.0601863437224448,FFN,36
2016-04-01,0.0549325506963075,0.05073708442985152,1.0826903302308704,0.17420109185226496,0.054987935698242556,-0.06018634372244447,FFN,36
2016-05-01,0.05594403641811993,0.0510343255416167,1.0962040905684063,0.1777009604412525,0.056035075107052926,-0.06018634372244458,FFN,36
2016-06-01,0.06467143780490843,0.05168585447184782,1.2512405660263113,0.20866679189191314,0.06521072391866846,-0.06018634372244469,FFN,36
2016-07-01,0.06767030554455519,0.05252210321757855,1.2884157602033481,0.21937423611338222,0.06834700838094626,-0.06018634372244447,FFN,36
2016-08-01,0.06759777387001187,0.05252997651323106,1.2868418826150736,0.2191089178302703,0.06826951711630701,-0.06018634372244425,FFN,36
2016-09-01,0.0638107052692056,0.05210291330731717,1.2247051310323607,0.2054906387028326,0.06427684637881989,-0.06018634372244469,FFN,36
2016-10-01,0.05235703142671033,0.05174400328146612,1.0118473273494049,0.16502566051896964,0.05223278777410174,-0.06018634372244447,FFN,36
2016-11-01,0.06336282233272497,0.05694440058446555,1.1127138345892142,0.2029609785757315,0.0635318816307706,-0.06018634372244458,FFN,36
2016-12-01,0.0592533208795889,0.0571608309407496,1.0366070594916348,0.18825189149484306,0.059179349240636614,-0.06018634372244447,FFN,36
1992-01-01,,,,,,,FFN,60
1992-02-01,,,,,,,FFN,60
1992-03-01,,,,,,,FFN,60
1992-04-01,,,,,,,FFN,60
1992-05-01,,,,,,,FFN,60
1992-06-01,,,,,,,FFN,60
1992-07-01,,,,,,,FFN,60
1992-08-01,,,,,,,FFN,60
1992-09-01,,,,,,,FFN,60
1992-10-01,,,,,,,FFN,60
1992-11-01,,,,,,,FFN,60
1992-12-01,,,,,,,FFN,60
1993-01-01,,,,,,,FFN,60
1993-02-01,,,,,,,FFN,60
1993-03-01,,,,,,,FFN,60
1993-04-01,,,,,,,FFN,60
1993-05-01,,,,,,,FFN,60
1993-06-01,,,,,,,FFN,60
1993-07-01,,,,,,,FFN,60
1993-08-01,,,,,,,FFN,60
1993-09-01,,,,,,,FFN,60
1993-10-01,,,,,,,FFN,60
1993-11-01,,,,,,,FFN,60
1993-12-01,,,,,,,FFN,60
1994-01-01,,,,,,,FFN,60
1994-02-01,,,,,,,FFN,60
1994-03-01,,,,,,,FFN,60
1994-04-01,,,,,,,FFN,60
1994-05-01,,,,,,,FFN,60
1994-06-01,,,,,,,FFN,60
1994-07-01,,,,,,,FFN,60
1994-08-01,,,,,,,FFN,60
1994-09-01,,,,,,,FFN,60
1994-10-01,,,,,,,FFN,60
1994-11-01,,,,,,,FFN,60
1994-12-01,,,,,,,FFN,60
1995-01-01,,,,,,,FFN,60
1995-02-01,,,,,,,FFN,60
1995-03-01,,,,,,,FFN,60
1995-04-01,,,,,,,FFN,60
1995-05-01,,,,,,,FFN,60
1995-06-01,,,,,,,FFN,60
1995-07-01,,,,,,,FFN,60
1995-08-01,,,,,,,FFN,60
1995-09-01,,,,,,,FFN,60
1995-10-01,,,,,,,FFN,60
1995-11-01,,,,,,,FFN,60
1995-12-01,,,,,,,FFN,60
1996-01-01,,,,,,,FFN,60
1996-02-01,,,,,,,FFN,60
1996-03-01,,,,,,,FFN,60
1996-04-01,,,,,,,FFN,60
1996-05-01,,,,,,,FFN,60
1996-06-01,,,,,,,FFN,60
1996-07-01,,,,,,,FFN,60
1996-08-01,,,,,,,FFN,60
1996-09-01,,,,,,,FFN,60
1996-10-01,,,,,,,FFN,60
1996-11-01,,,,,,,FFN,60
1996-12-01,0.25692996526356476,0.07232431560770493,3.552470052494949,2.5223537178070794,0.28637204394217974,-0.003884325646746567,FFN,60
1997-01-01,0.2425329355345998,0.05143278171223114,4.715532146240564,2.301214567857708,0.2697983271293104,-0.003884325646746567,FFN,60
1997-02-01,0.24836739535660138,0.05042961975519562,4.9250301025918946,2.3977976100682836,0.2771429233853633,-0.003884325646746567,FFN,60
1997-03-01,0.247697310940036,0.050449770703568146,4.909780708329704,2.3866458204799716,0.27630348763762785,-0.003884325646746567,FFN,60
1997-04-01,0.24912210138774465,0.0501046703470466,4.972033538235404,2.410653020917306,0.27810786645336527,-0.003884325646746567,FFN,60
1997-05-01,0.2519320859013093,0.05018938762440243,5.0196286072798815,2.4578473307257607,0.2816255681850374,-0.003884325646746567,FFN,60
1997-06-01,0.2587352222797955,0.050011202001466304,5.173545364340763,2.5751214976246897,0.2902033378389414,-0.003884325646746567,FFN,60
1997-07-01,0.25412568212839887,0.05029021538881456,5.053183410801634,2.49511204578077,0.28437611497623533,-0.003884325646746567,FFN,60
1997-08-01,0.2529135487952177,0.05037577740062123,5.0205388749414865,2.474356975522321,0.2828470731313426,-0.003884325646746567,FFN,60
1997-09-01,0.2573715844815273,0.05118127327710545,5.028628011813365,2.550335265097101,0.2884093660645315,-0.003884325646746567,FFN,60
1997-10-01,0.25656891903804496,0.05117911869327564,5.0131562556929135,2.536414555279845,0.28739741830359994,-0.003884325646746567,FFN,60
1997-11-01,0.2514736941596175,0.05100534616513818,4.930339916632075,2.449421629318418,0.2810003737294193,-0.003884325646746567,FFN,60
1997-12-01,0.24089790663171468,0.05294865352814155,4.549651229632882,2.2735964682575776,0.2676665440905825,-0.015474790652809656,FFN,60
1998-01-01,0.23801175805533298,0.05073584944792063,4.691194897596963,2.2293189694075526,0.26421863807075735,-0.015474790652809656,FFN,60
1998-02-01,0.24004234628495363,0.05106679322914567,4.700556488985738,2.2613645737104964,0.26671778995197953,-0.015474790652809656,FFN,60
1998-03-01,0.23918394060525655,0.050917894559218815,4.697443652684411,2.2477870493651824,0.265661323950422,-0.015474790652809545,FFN,60
1998-04-01,0.23968689281053587,0.050817500272613794,4.716621075903377,2.2558852835940533,0.2662918710983582,-0.015474790652809656,FFN,60
1998-05-01,0.2377326753870937,0.05086290328048112,4.673989490456883,2.2248051379931217,0.26386502400792256,-0.015474790652809656,FFN,60
1998-06-01,0.23572217174451598,0.051281649197333884,4.596618389503181,2.1928389682450278,0.2613493945247525,-0.015474790652809656,FFN,60
1998-07-01,0.23104675724586482,0.051457866784736,4.490018177636552,2.1203174485263636,0.2555666047586773,-0.015474790652809656,FFN,60
1998-08-01,0.2230025719022518,0.054073008570804014,4.124101428723885,1.9975020125699081,0.24552341580318965,-0.01834563509123588,FFN,60
1998-09-01,0.22579766872504228,0.054622324514285454,4.133798236030564,2.0384760181503054,0.24891005629989985,-0.018345635091235768,FFN,60
1998-10-01,0.22628591358382394,0.054697677346837524,4.137029661222117,2.0457052820721207,0.249503782893446,-0.018345635091235768,FFN,60
1998-11-01,0.2343773763733344,0.05507025895247239,4.255970115840757,2.1687426607210387,0.2594397439786018,-0.018345635091235768,FFN,60
1998-12-01,0.23056881970590443,0.05529418648719052,4.169856441586641,2.1099100181277883,0.2547279278693602,-0.018345635091235768,FFN,60
1999-01-01,0.23766025292674867,0.060028791232036915,3.9591044238770405,2.2159091055099,0.263166947012904,-0.018345635091235768,FFN,60
1999-02-01,0.24126414061812923,0.0593615454547818,4.064317038408481,2.2738641750422506,0.26768727675189125,-0.018345635091235768,FFN,60
1999-03-01,0.23657470258313737,0.060536512516324636,3.9079671548528863,2.198355678387752,0.2617849751965107,-0.018345635091235768,FFN,60
1999-04-01,0.2360474988819835,0.06056577534402471,3.8973743428725283,2.1900709758588364,0.2611306163829383,-0.018345635091235657,FFN,60
1999-05-01,0.2396884735645342,0.060791912308427135,3.942769103042477,2.2473164084212156,0.2656246401061902,-0.018345635091235768,FFN,60
1999-06-01,0.24232142871849732,0.06048085465304903,4.006580761938374,2.2897973663352404,0.2689187938163843,-0.018345635091235768,FFN,60
1999-07-01,0.24536230423582311,0.06038939001468449,4.06300352058797,2.3392773471966852,0.27271305297604403,-0.01834563509123588,FFN,60
1999-08-01,0.24123201538199152,0.06101480250480269,3.9536637910612473,2.271761879927855,0.26752442713872304,-0.018345635091235657,FFN,60
1999-09-01,0.2348685626431291,0.0625165190237257,3.756904036099545,2.169821450993996,0.25952548690606264,-0.018345635091235768,FFN,60
1999-10-01,0.2364812267469581,0.062437780297609186,3.7874701121624152,2.195063758281677,0.26152512876997525,-0.01834563509123588,FFN,60
1999-11-01,0.2398487565610212,0.06254352882241147,3.834909239644233,2.2481502597115517,0.2656896312697326,-0.018345635091235768,FFN,60
1999-12-01,0.23234831718569207,0.062390471301933745,3.7240994071235782,2.130988878921564,0.25642423543610016,-0.018345635091235768,FFN,60
2000-01-01,0.24013022958892216,0.06653948808934983,3.608837946971776,2.248739856581097,0.26573557695622185,-0.018345635091235768,FFN,60
2000-02-01,0.22076852320734403,0.07894524393970116,2.796476547415171,1.940702799257927,0.2407669792148631,-0.07580885479335697,FFN,60
2000-03-01,0.22774454456504922,0.07963716480082497,2.8597771547322837,2.042348576053438,0.24922824296421206,-0.07580885479335697,FFN,60
2000-04-01,0.22155691593832544,0.07995168106128181,2.7711351781147067,1.950977343522033,0.2416327950964446,-0.07580885479335697,FFN,60
2000-05-01,0.21382097139355288,0.08290611066223787,2.579073721895679,1.8375582159352175,0.23193829649741296,-0.07580885479335697,FFN,60
2000-06-01,0.22152197417892663,0.08504162941172427,2.6048651197220174,1.9444483519710059,0.2410828895619552,-0.07580885479335686,FFN,60
2000-07-01,0.22313623025422505,0.08532491740192043,2.615135613939696,1.967534157589513,0.24302294483664566,-0.07580885479335697,FFN,60
2000-08-01,0.22383015249378935,0.08539154282212007,2.621221553053,1.9775783949042878,0.24386326191494428,-0.07580885479335697,FFN,60
2000-09-01,0.2210512587300697,0.08556508823193744,2.583428163258313,1.9370235321216076,0.24045634601867852,-0.07580885479335697,FFN,60
2000-10-01,0.21531402902815744,0.08697927227623904,2.4754636753494292,1.853709712239001,0.23333756277876827,-0.07580885479335686,FFN,60
2000-11-01,0.20620177308998988,0.08951409222207883,2.3035677173423847,1.725712833591831,0.22206982230112984,-0.07580885479335697,FFN,60
2000-12-01,0.20036591282257932,0.09130315293570392,2.194512526458729,1.6464806293418033,0.21488101090833303,-0.07580885479335697,FFN,60
2001-01-01,0.24482296524686997,0.1445154140756936,1.6940958638407788,2.2075230596060242,0.2625074729924061,-0.07580885479335686,FFN,60
2001-02-01,0.26028697060436334,0.14777500939881957,1.7613733990832856,2.4522998327543504,0.2812140762059487,-0.07580885479335697,FFN,60
2001-03-01,0.26516593561914376,0.1476088957819703,1.7964089102787828,2.5361267785965116,0.28737646515949156,-0.07580885479335697,FFN,60
2001-04-01,0.26423356488245553,0.1475788947574673,1.7904563204427006,2.520108616388741,0.28620801883103325,-0.07580885479335686,FFN,60
2001-05-01,0.2660535051070114,0.1477095680735042,1.8011934404588887,2.5512636497433943,0.28847674079347985,-0.07580885479335697,FFN,60
2001-06-01,0.2652471386421039,0.14777375970403173,1.7949542542150472,2.5371208126750435,0.2874488354272701,-0.07580885479335708,FFN,60
2001-07-01,0.27254162351738304,0.14737555981135167,1.8493000051450212,2.666631244718215,0.2967416106525274,-0.07580885479335697,FFN,60
2001-08-01,0.2697921963791941,0.14730501391946793,1.831520796207862,2.617847685492546,0.29327253830805716,-0.07580885479335697,FFN,60
2001-09-01,0.2713237360898144,0.1472478206621506,1.8426332890341848,2.6451906582226807,0.2952215144787783,-0.07580885479335708,FFN,60
2001-10-01,0.27395480242127007,0.1470833223011752,1.862582365798798,2.692813786117781,0.2985882881523459,-0.07580885479335708,FFN,60
2001-11-01,0.27434633118520974,0.14703405490444735,1.8658693141768994,2.7000187758504524,0.29909462409985593,-0.07580885479335697,FFN,60
2001-12-01,0.27697978378614224,0.146816319930554,1.8865735356747613,2.748532177377207,0.3024835549380369,-0.07580885479335697,FFN,60
2002-01-01,0.2722213149462501,0.14551963606312698,1.8706844128455586,2.6655380325343097,0.29666427629685743,-0.07580885479335697,FFN,60
2002-02-01,0.27264281418506975,0.14553305911295628,1.873408116663421,2.673065298222105,0.2971963853113478,-0.07580885479335697,FFN,60
2002-03-01,0.2740562634612611,0.14551588506044574,1.8833425872881235,2.6985778644649505,0.29899342613274,-0.07580885479335697,FFN,60
2002-04-01,0.2796363904902103,0.14562953491775807,1.920190095011499,2.800538336203315,0.3060777275575225,-0.07580885479335686,FFN,60
2002-05-01,0.2802982781816634,0.1456647008365154,1.9242704414451925,2.812756595027999,0.30691642526904117,-0.07580885479335697,FFN,60
2002-06-01,0.27642968854221645,0.1455556396948177,1.8991341669879542,2.741636206717875,0.3020039802856091,-0.07580885479335697,FFN,60
2002-07-01,0.2783379216310257,0.14540433757364138,1.9142339649259696,2.777094315791026,0.30446240133781566,-0.07580885479335697,FFN,60
2002-08-01,0.2834046920535186,0.14553684497200856,1.9473054545605033,2.871410979813423,0.310912955361583,-0.07580885479335697,FFN,60
2002-09-01,0.2767472248131274,0.14546370414699994,1.902517376660899,2.747686703830274,0.30242479515137505,-0.07580885479335686,FFN,60
2002-10-01,0.27863847209256787,0.1454784205075347,1.9153251122776416,2.782446341384103,0.30483186854714883,-0.07580885479335697,FFN,60
2002-11-01,0.27294530815660134,0.1465328896338361,1.8626897267818239,2.675860193909944,0.29739373685852466,-0.07580885479335697,FFN,60
2002-12-01,0.2889028651584308,0.1466427034537937,1.9701141506127673,2.973758856220315,0.31777207991780826,-0.07580885479335697,FFN,60
2003-01-01,0.2818452452475513,0.14610937428274784,1.9290017949302154,2.8405254206440844,0.3088145935156036,-0.07580885479335697,FFN,60
2003-02-01,0.27462221240594253,0.14650198368248588,1.8745289688440805,2.7062929803780156,0.299534906319836,-0.07580885479335697,FFN,60
2003-03-01,0.26854885905049297,0.14696343305504495,1.827317540615075,2.596668194348929,0.29175477287665313,-0.07580885479335697,FFN,60
2003-04-01,0.26545983266354783,0.14736049856181183,1.8014314233077735,2.5417246698455735,0.287783805441617,-0.07580885479335697,FFN,60
2003-05-01,0.2626192254809654,0.14765473294261272,1.7786035045895519,2.4921074228434112,0.28415521255193527,-0.07580885479335697,FFN,60
2003-06-01,0.26405115951965624,0.14751597848040535,1.7899834461304158,2.5170085685450587,0.28598139447535187,-0.07580885479335686,FFN,60
2003-07-01,0.26517977133176274,0.1474133785562042,1.7988853788508599,2.5367403372089887,0.2874211369799037,-0.07580885479335697,FFN,60
2003-08-01,0.27293661844037737,0.14628430689181504,1.8657956156720785,2.6764736030064173,0.29743703447929265,-0.07580885479335708,FFN,60
2003-09-01,0.27052576314781684,0.14615739711191533,1.8509207778287844,2.633711569620328,0.2944047272269915,-0.07580885479335697,FFN,60
2003-10-01,0.26698441575841325,0.1462241660296705,1.8258569907264108,2.5711528995656945,0.2899167700388962,-0.07580885479335708,FFN,60
2003-11-01,0.2600684290852559,0.1460964239846754,1.7801149541657186,2.452634534885439,0.28123891810691376,-0.07580885479335697,FFN,60
2003-12-01,0.2635027483896274,0.14594065763957703,1.8055472179684708,2.511532649410879,0.28558069486078763,-0.07580885479335697,FFN,60
2004-01-01,0.25786322847300003,0.14439006001183852,1.7858793635230696,2.4194870164062916,0.27876927172682764,-0.07580885479335697,FFN,60
2004-02-01,0.2558703756653182,0.1445069852359052,1.7706436491468844,2.3860139339733166,0.2762558570797574,-0.07580885479335708,FFN,60
2004-03-01,0.2614383887371444,0.14394840943603174,1.8161950504449527,2.4809294582067944,0.28333206171978387,-0.07580885479335686,FFN,60
2004-04-01,0.25761245440004704,0.14437776443436393,1.7842945235321266,2.4153253770189376,0.2784578583976204,-0.07580885479335697,FFN,60
2004-05-01,0.2522588986368631,0.1444494991449962,1.7463466479980625,2.326798938810706,0.2717604381666588,-0.07580885479335686,FFN,60
2004-06-01,0.25222836365526125,0.1444498361184264,1.7461311859743005,2.326300736304942,0.27172234556139585,-0.07580885479335708,FFN,60
2004-07-01,0.2475979405146247,0.1446515684894339,1.7116851417529602,2.251249028102551,0.2659310353233349,-0.07580885479335697,FFN,60
2004-08-01,0.24828426188212044,0.14456524469221188,1.7174547202595796,2.2623975918091426,0.26679802487301185,-0.07580885479335697,FFN,60
2004-09-01,0.25542994921350015,0.14388294499683302,1.7752621703644051,2.380212359335489,0.2758182113070487,-0.07580885479335697,FFN,60
2004-10-01,0.25230959159745675,0.14406361116702465,1.751376281307663,2.3285405157668126,0.27189356343610016,-0.07580885479335686,FFN,60
2004-11-01,0.25370487392904933,0.14418590764817926,1.7595677557345044,2.3510804417944344,0.2736114963900994,-0.07580885479335697,FFN,60
2004-12-01,0.2587301143943038,0.1439560517809567,1.7972854297781597,2.4350956586214987,0.2799345639369333,-0.07580885479335697,FFN,60
2005-01-01,0.24877622571793329,0.1420431723760438,1.7514127680795903,2.275840003802827,0.26784025368724496,-0.07580885479335697,FFN,60
2005-02-01,0.2645730659366494,0.13547364379245438,1.952948621814405,2.555803306797801,0.28880599001342444,-0.07085500296150404,FFN,60
2005-03-01,0.2558929855560251,0.1354347876493826,1.8894184426123077,2.4079830194044978,0.2779076925269749,-0.07085500296150415,FFN,60
2005-04-01,0.2550499545885832,0.13558534604299904,1.881102656239101,2.3936062827274496,0.27682768581988504,-0.07085500296150404,FFN,60
2005-05-01,0.265571810590063,0.13341956464424634,1.9905012529323647,2.5781001707537423,0.29041825718533476,-0.07085500296150427,FFN,60
2005-06-01,0.25705550803402627,0.13229064887115108,1.9431117031136047,2.434455345524156,0.2798868435785676,-0.07085500296150427,FFN,60
2005-07-01,0.25248259188476024,0.13212292799948075,1.9109672765180656,2.3587671780171275,0.2741952451636348,-0.07085500296150404,FFN,60
2005-08-01,0.24845033164986519,0.13219612183480917,1.8794071127164076,2.292929969635591,0.26916035921326975,-0.07085500296150404,FFN,60
2005-09-01,0.24741390498992383,0.13232934225395424,1.8696828743780043,2.2759715789427255,0.2678504381638084,-0.07085500296150404,FFN,60
2005-10-01,0.251056482991252,0.13152616161484967,1.9087950253305879,2.3366946882507134,0.27251612407389875,-0.05437596088350771,FFN,60
2005-11-01,0.2603652879502908,0.12954345807082146,2.009868285343664,2.4967624129102695,0.2844973867321199,-0.02536529814883015,FFN,60
2005-12-01,0.26788714845558104,0.12787373026817764,2.0949349635282113,2.6316958348379735,0.2942610858987781,-0.018292940238943234,FFN,60
2006-01-01,0.21894023367933851,0.06168150671734758,3.549527975745164,1.9323048250787282,0.24005749900044918,-0.018292940238943234,FFN,60
2006-02-01,0.20209059443343788,0.05258486926482935,3.8431320122840598,1.7057676771348051,0.22027608737393062,-0.018292940238943234,FFN,60
2006-03-01,0.19693194722088325,0.05262994971286579,3.7418228270269793,1.6379481987468165,0.21409662716212746,-0.018292940238943234,FFN,60
2006-04-01,0.19287060250405907,0.05277779641451108,3.654389072807706,1.5856599490320695,0.20924494805533597,-0.018292940238943345,FFN,60
2006-05-01,0.18302099764864793,0.05334212216885643,3.431078296234414,1.4628938667234639,0.19753754835372786,-0.018292940238943345,FFN,60
2006-06-01,0.18144676251685218,0.053658769151427414,3.381493190885564,1.4436687279302116,0.19566210823812694,-0.018292940238943234,FFN,60
2006-07-01,0.17462412221828874,0.053570301063643584,3.2597188880986225,1.3629382180588163,0.18765546999960744,-0.018292940238943123,FFN,60
2006-08-01,0.17501869236256307,0.05361390281429078,3.2644273812484292,1.3675107587242035,0.18811476294635007,-0.018292940238943234,FFN,60
2006-09-01,0.1725800686841436,0.05360045264686932,3.219750210341248,1.3392337174057372,0.18526298816976666,-0.018292940238943345,FFN,60
2006-10-01,0.17186986982301145,0.05354783801583224,3.2096509624197247,1.3310907574772108,0.18443664781360344,-0.018292940238943234,FFN,60
2006-11-01,0.1728360001539468,0.05342812633045327,3.2349253478393596,1.342291857210414,0.18557273113530337,-0.018292940238943123,FFN,60
2006-12-01,0.17298809227083514,0.05343774324314164,3.2371893304651653,1.3440426013870082,0.1857499092486271,-0.018292940238943234,FFN,60
2007-01-01,0.16541887956341328,0.0508547812212038,3.2527694661370834,1.2596200049397528,0.1770829857447888,-0.018292940238943234,FFN,60
2007-02-01,0.16101375158953893,0.05052658078528466,3.1867137868239146,1.211224420116171,0.171997173745519,-0.018292940238943345,FFN,60
2007-03-01,0.15623366706835923,0.05058560756561856,3.0885003578477592,1.1596413069594989,0.1664773896969106,-0.018292940238943234,FFN,60
2007-04-01,0.14922190141318945,0.049218584362074325,3.0318202635704665,1.0868379087240287,0.15850454909296904,-0.018292940238943234,FFN,60
2007-05-01,0.14395293011245303,0.04842693680992764,2.972579716893064,1.0336025131861846,0.1525325880528604,-0.018292940238943123,FFN,60
2007-06-01,0.14016585972142748,0.048713517200041155,2.8773504312127365,0.9957626687098702,0.1482112004265966,-0.018292940238943123,FFN,60
2007-07-01,0.13251026610968,0.050888637906430424,2.6039263686587226,0.9205979414385638,0.13942906078307002,-0.02320330254306424,FFN,60
2007-08-01,0.12282351612443046,0.04992364234741627,2.4602274663716925,0.8311433828462259,0.1286114978634891,-0.03156126324315489,FFN,60
2007-09-01,0.12091953451189412,0.050175533468268745,2.4099302220346934,0.8138544691286524,0.1264722248004937,-0.03274799353346758,FFN,60
2007-10-01,0.11668240806963956,0.04945182638971476,2.359516656677169,0.7765098520316421,0.1217950622414405,-0.03274799353346769,FFN,60
2007-11-01,0.11202890531370513,0.05303492681560548,2.1123608919686623,0.7344046567487131,0.11642637052633784,-0.06570203692732346,FFN,60
2007-12-01,0.0989325628711796,0.04707419352965173,2.101630542196386,0.6276956461515577,0.10233764873581458,-0.06679396763986245,FFN,60
2008-01-01,0.09723253356070569,0.04690143932456184,2.073124726255169,0.6140939230918172,0.10048913833398854,-0.06679396763986245,FFN,60
2008-02-01,0.10380486188276722,0.04762873257476784,2.179458832330123,0.6672859086349219,0.1076486332069075,-0.06679396763986234,FFN,60
2008-03-01,0.1052200329766462,0.04736440861589257,2.221499983879052,0.6791271944373736,0.10921751606924865,-0.06679396763986245,FFN,60
2008-04-01,0.10909616786543243,0.04706656911085551,2.3179120536378828,0.7118132547444502,0.11350270648102473,-0.06679396763986223,FFN,60
2008-05-01,0.11108637756142131,0.04687267214248612,2.369960415820435,0.7288540206635145,0.11571087146254698,-0.06679396763986245,FFN,60
2008-06-01,0.10339282798976471,0.049576346120033477,2.0855273952507836,0.6630870298802074,0.10709017176025354,-0.066793967639862,FFN,60
2008-07-01,0.10662957938483454,0.05027703183048219,2.120840779629848,0.6896968885915461,0.11061046364692337,-0.06679396763986234,FFN,60
2008-08-01,0.1057583091847359,0.05011368081334124,2.110368016643091,0.6824834092818782,0.10966057952042485,-0.06679396763986234,FFN,60
2008-09-01,0.09514286033731048,0.0523099027931947,1.8188307616141879,0.5953015944077416,0.09791459875747828,-0.06679396763986245,FFN,60
2008-10-01,0.08583374051778135,0.05576012476885248,1.539339104307886,0.5218397292224533,0.08761148125977596,-0.06679396763986234,FFN,60
2008-11-01,0.07982652786174896,0.05730624027571622,1.3929814183879694,0.47646408370565724,0.0810470036214113,-0.0847200846473285,FFN,60
2008-12-01,0.08641246325970461,0.06101514800948338,1.4162460647686015,0.5239543236189975,0.08791356036902151,-0.08472008464732861,FFN,60
2009-01-01,0.08859327030252233,0.06262720744489653,1.414613135680246,0.5398174683391287,0.0901690505570077,-0.0847200846473285,FFN,60
2009-02-01,0.08501672176433177,0.06309527944831866,1.347433952392095,0.5124984488036916,0.08627300644306513,-0.0847200846473285,FFN,60
2009-03-01,0.09297480634616243,0.06718603191889283,1.3838413088363644,0.5714432179148515,0.09461082467387363,-0.0847200846473285,FFN,60
2009-04-01,0.09524434903367698,0.06697340068780515,1.422122037339214,0.5893492067295301,0.09709406564727985,-0.0847200846473285,FFN,60
2009-05-01,0.09469200854452157,0.06700118109363493,1.4132886465417438,0.5849857535949774,0.09649100317582743,-0.08472008464732872,FFN,60
2009-06-01,0.09631936770307578,0.06737562210275225,1.4295878048618595,0.5976376465369111,0.09823595301223054,-0.08472008464732861,FFN,60
2009-07-01,0.10194669302883982,0.06810331432706347,1.4969417279641466,0.6424574528098611,0.10432988646522698,-0.08472008464732861,FFN,60
2009-08-01,0.10305876080171826,0.06807762949772145,1.5138417944644742,0.6515519751762245,0.10555015331098548,-0.08472008464732861,FFN,60
2009-09-01,0.09733796715561452,0.06787317587132732,1.4341154057701082,0.6054669037979276,0.09931023498285159,-0.08472008464732861,FFN,60
2009-10-01,0.09737538061012033,0.06787152187673567,1.4347015937990584,0.6057657342872046,0.09935115553486089,-0.08472008464732861,FFN,60
2009-11-01,0.0926382978406375,0.06664284810475339,1.3900711100315346,0.5690967654157947,0.09428373837263979,-0.0847200846473285,FFN,60
2009-12-01,0.09249368710970994,0.06660106513649217,1.3887718900614194,0.5679924007137956,0.09412965881180552,-0.0847200846473285,FFN,60
2010-01-01,0.08998670072816475,0.06622844592877411,1.3587318782165239,0.5487935456946837,0.09143708452204632,-0.08472008464732861,FFN,60
2010-02-01,0.09249614427283895,0.0662983365007024,1.3951503032336112,0.5681650841780141,0.09415375711446673,-0.0847200846473285,FFN,60
2010-03-01,0.09979229679366436,0.06747864095506939,1.4788723569597524,0.625339081516649,0.10201827261387067,-0.08472008464732861,FFN,60
2010-04-01,0.1062749130520392,0.06772806889104478,1.5691413440859407,0.6782870896996505,0.10910650060342686,-0.08472008464732861,FFN,60
2010-05-01,0.09784427834831771,0.06887229262757076,1.4206624262882306,0.6089503111075019,0.09978685971826971,-0.08472008464732861,FFN,60
2010-06-01,0.08888588828840456,0.07042601995816124,1.262117159839644,0.5381632911591153,0.08993472302039208,-0.0847200846473285,FFN,60
2010-07-01,0.09361381680280875,0.07168117516576836,1.305974917212496,0.5740000064133839,0.09496678646604195,-0.0847200846473285,FFN,60
2010-08-01,0.08820369182945437,0.07263401086920501,1.2143579952962573,0.5317766855825589,0.0890281127559177,-0.08472008464732872,FFN,60
2010-09-01,0.09855531406917123,0.07531606408209857,1.308556352091642,0.6109738815501321,0.10006336016855591,-0.08472008464732861,FFN,60
2010-10-01,0.10096360165231152,0.07526788324419381,1.341390209217819,0.6303570833297689,0.10269789857369595,-0.08472008464732861,FFN,60
2010-11-01,0.09977684999663125,0.07518194667517614,1.327138420979141,0.6208425761898793,0.10140784938913458,-0.0847200846473285,FFN,60
2010-12-01,0.10102572986304466,0.07529812746664499,1.341676523201673,0.6308413395872173,0.10276339648591885,-0.08472008464732872,FFN,60
2011-01-01,0.1005769499736717,0.07519933197629557,1.337471322290146,0.6272749342034029,0.10228065840395163,-0.0847200846473285,FFN,60
2011-02-01,0.1044909680524958,0.07558889403042199,1.3823587365948455,0.6589226288232382,0.10653518069519179,-0.08472008464732872,FFN,60
2011-03-01,0.10655420352531471,0.07557890690310262,1.409840495072581,0.6759805962514276,0.10880148076119844,-0.0847200846473285,FFN,60
2011-04-01,0.10614095313348437,0.07561020692939706,1.403791332466477,0.6725319781488607,0.10834479480244566,-0.08472008464732861,FFN,60
2011-05-01,0.10779012926098734,0.07524303951071785,1.432559476091252,0.6864910120323938,0.11018870927336182,-0.08472008464732872,FFN,60
2011-06-01,0.10639968495826913,0.07546283330744351,1.4099614379012992,0.6747718871990771,0.10864150215750464,-0.08472008464732872,FFN,60
2011-07-01,0.10641633485851756,0.07546054949976651,1.4102247540464417,0.67491152408398,0.10865998850592647,-0.0847200846473285,FFN,60
2011-08-01,0.10073580271753779,0.07556252982610155,1.3331449191731621,0.6283398031101112,0.10242488446574677,-0.08472008464732872,FFN,60
2011-09-01,0.09454011804536563,0.07677801815465873,1.231343557929922,0.5783306027725381,0.09556864786204378,-0.08472008464732872,FFN,60
2011-10-01,0.10811667549136675,0.08388361664493471,1.2888890562385562,0.6837282175269281,0.10982473044382535,-0.08472008464732861,FFN,60
2011-11-01,0.10594538167276482,0.08399218477589772,1.2613718997242558,0.6656325534667745,0.10742886724723812,-0.08472008464732861,FFN,60
2011-12-01,0.10356391100074028,0.0838933162298886,1.234471536647202,0.6461531827389813,0.10482641519826946,-0.0847200846473285,FFN,60
2012-01-01,0.10888528742756734,0.0849912986012325,1.2811345304704913,0.6893913036381598,0.11057028953011519,-0.08472008464732861,FFN,60
2012-02-01,0.10780118871086948,0.08505981399230145,1.2673574470857212,0.6802918885789041,0.10937135085385302,-0.08472008464732872,FFN,60
2012-03-01,0.11016018100260724,0.08498933927565232,1.296164694789736,0.7000981086614788,0.11197442012029091,-0.08472008464732861,FFN,60
2012-04-01,0.11112318284435274,0.0849679693732011,1.3078243915218362,0.7082439630589111,0.11303796712857557,-0.08472008464732861,FFN,60
2012-05-01,0.1088505141216154,0.08519418027699387,1.2776754675930575,0.6889556337591057,0.11051300357856797,-0.08472008464732861,FFN,60
2012-06-01,0.11027685404779602,0.08507909480762507,1.2961686334010294,0.7010164958374991,0.11209453112439316,-0.08472008464732861,FFN,60
2012-07-01,0.11672942956076028,0.08391420950329695,1.3910567739564301,0.7571265097714875,0.11933634657410463,-0.0847200846473285,FFN,60
2012-08-01,0.12013217866621718,0.08351102782299458,1.4385187417504044,0.7872798198582814,0.12315193679570924,-0.0847200846473285,FFN,60
2012-09-01,0.1248533854921442,0.08353193595321463,1.4946784612064214,0.8295221723020082,0.1284115828594252,-0.08472008464732861,FFN,60
2012-10-01,0.1270266229769194,0.08360354534607914,1.519392777556134,0.8492479362070386,0.13083444498265454,-0.08472008464732861,FFN,60
2012-11-01,0.1355655911444829,0.08035857357510534,1.6870084312507059,0.9316249068120842,0.1407344551516533,-0.08472008464732861,FFN,60
2012-12-01,0.13752439316902154,0.08017187078747377,1.715369640476303,0.950565396791494,0.14296281962816063,-0.0847200846473285,FFN,60
2013-01-01,0.14397147832289714,0.08121745549668453,1.7726666939076214,1.012900493621347,0.15017642391733174,-0.08472008464732872,FFN,60
2013-02-01,0.1399286957732228,0.08081317388498536,1.7315084787088253,0.9733984503442642,0.1456262510482662,-0.0847200846473285,FFN,60
2013-03-01,0.14121595414835247,0.08073157285796724,1.7492035538165054,0.9860570838957418,0.14709224949233177,-0.0847200846473285,FFN,60
2013-04-01,0.1373418858993447,0.08103330681023913,1.6948819109772597,0.9481547192804659,0.14268016539024186,-0.08472008464732861,FFN,60
2013-05-01,0.13903837332301322,0.08108142653077954,1.7147992983353897,0.9645231120692976,0.14459390384087187,-0.08472008464732861,FFN,60
2013-06-01,0.14364098942986375,0.0795041230317714,1.8067111987696791,1.0109990468226173,0.1499590434638862,-0.08472008464732872,FFN,60
2013-07-01,0.14121989704676932,0.07920730013105078,1.7829151708632522,0.9873099967169956,0.14723694262005532,-0.08472008464732861,FFN,60
2013-08-01,0.13801210288039972,0.07935182575642222,1.739242941983977,0.9559400883376347,0.14359200263399255,-0.08472008464732861,FFN,60
2013-09-01,0.14717580831918964,0.07727644275369526,1.9045365324111256,1.0482124025444575,0.15418386382103294,-0.05761433244073655,FFN,60
2013-10-01,0.15905718870481197,0.07432728981845878,2.1399567923612217,1.1744027989794326,0.1680676594402171,-0.047953778597290664,FFN,60
2013-11-01,0.16638863660846062,0.07254045394832272,2.2937358060509885,1.2559589412059373,0.17670131348302387,-0.04795377859729055,FFN,60
2013-12-01,0.15670071316125392,0.06995332047753478,2.240075411596476,1.152545536589851,0.1657098589699304,-0.04795377859729044,FFN,60
2014-01-01,0.1472864952729229,0.0668932755885636,2.201813171458802,1.0568174460072675,0.15515204015589826,-0.04795377859729055,FFN,60
2014-02-01,0.1510151603871856,0.06616231388221083,2.2824951475554314,1.09554813066561,0.15947003151778189,-0.04795377859729055,FFN,60
2014-03-01,0.13921118861021065,0.06264448352248991,2.2222417806387154,0.9789574521202621,0.1462709636736886,-0.04795377859729055,FFN,60
2014-04-01,0.13435370082614928,0.06389669854116603,2.102670464884671,0.9312387308098158,0.14068883972160118,-0.04795377859729044,FFN,60
2014-05-01,0.13360930833469103,0.06401148853056596,2.0872707603244,0.9240734037407821,0.13984113864434253,-0.04795377859729055,FFN,60
2014-06-01,0.1298532482224128,0.06359239398005537,2.041961940655025,0.8889053786298071,0.1356435552881862,-0.04795377859729044,FFN,60
2014-07-01,0.12359311663594272,0.0631103228054198,1.9583660983164668,0.8315640846706158,0.1286633523814968,-0.04795377859729044,FFN,60
2014-08-01,0.12421183455935245,0.0631198415593107,1.9678730410410887,0.8371754844438792,0.12935408813967814,-0.04795377859729055,FFN,60
2014-09-01,0.12162288021469318,0.06394455647491588,1.9020052201379065,0.813309593156976,0.12640453894986764,-0.047953778597290664,FFN,60
2014-10-01,0.1206519701746645,0.0640555436770476,1.88355235548327,0.8045523812061681,0.1253144577019977,-0.04795377859729044,FFN,60
2014-11-01,0.11526704101446587,0.0648719254933302,1.7768401375155272,0.7566135451796308,0.1192709845219439,-0.04795377859729055,FFN,60
2014-12-01,0.1039736865780215,0.06671995444153689,1.5583596758766982,0.6599935018077288,0.10667800264022596,-0.058300826241199144,FFN,60
2015-01-01,0.10133178393499248,0.06687625385076991,1.5152132199436272,0.6383088216199929,0.1037714435912513,-0.06018634372244458,FFN,60
2015-02-01,0.1043229063407537,0.06752749138736035,1.544895333699315,0.6624314629665229,0.10700287793414068,-0.06018634372244458,FFN,60
2015-03-01,0.09979484643425073,0.06636085147534557,1.5038210664208636,0.6261389877789584,0.10212672233311015,-0.06018634372244458,FFN,60
2015-04-01,0.09565629324371688,0.06580323941901758,1.453671492289353,0.5933868793404912,0.09765092402680024,-0.06018634372244469,FFN,60
2015-05-01,0.10575153865117692,0.06503235983431309,1.6261371864808003,0.6756109311144461,0.10875256355777108,-0.06018634372244469,FFN,60
2015-06-01,0.11006249350575652,0.06335956096852348,1.737109472087956,0.7127189593459471,0.11362051035405811,-0.06018634372244447,FFN,60
2015-07-01,0.09822982715380207,0.06335460377167569,1.550476544811385,0.6151253704952059,0.10062975055200177,-0.06018634372244458,FFN,60
2015-08-01,0.10353422276619638,0.06218812821051383,1.6648551057160192,0.6587761276292311,0.10651563614874147,-0.06018634372244458,FFN,60
2015-09-01,0.09510794567036282,0.05892015426669096,1.6141835820706552,0.5923962565951578,0.09751440621121792,-0.06018634372244447,FFN,60
2015-10-01,0.09982917626354611,0.06022843542053577,1.657509041476908,0.6295105157770918,0.10258335897718159,-0.06018634372244447,FFN,60
2015-11-01,0.09834056404600777,0.0602564573228522,1.6320336178926367,0.6175120874824401,0.10095484486508882,-0.06018634372244458,FFN,60
2015-12-01,0.09562772268376674,0.06009306457798211,1.5913271083000218,0.5959700960426534,0.09800659825318685,-0.06018634372244458,FFN,60
2016-01-01,0.08917814821594235,0.06009098042155192,1.4840521421074728,0.5457020278054463,0.0910010167735583,-0.06018634372244447,FFN,60
2016-02-01,0.0871459482093379,0.059635877295776914,1.461300682760461,0.5303916698077387,0.08883110402106305,-0.06018634372244436,FFN,60
2016-03-01,0.08483244911070258,0.05961118935390391,1.423096066865288,0.5129261535910098,0.08633443481968367,-0.06018634372244469,FFN,60
2016-04-01,0.08065035965883602,0.060671415839254665,1.3292974713580836,0.48135659949051984,0.08176250263550827,-0.06018634372244458,FFN,60
2016-05-01,0.08561969357524944,0.06081371601245594,1.4079010326833623,0.5183021453736866,0.08710537023863099,-0.06018634372244447,FFN,60
2016-06-01,0.09130246521045307,0.06084849202713966,1.5004885440666353,0.5617235962770216,0.09325339437079837,-0.06018634372244458,FFN,60
2016-07-01,0.09649923325078844,0.061165798147556294,1.577666541978146,0.602361766920773,0.0988846699786174,-0.06018634372244458,FFN,60
2016-08-01,0.0978494939340569,0.06090812461836584,1.6065097152006544,0.6132552414551509,0.10037475193974651,-0.06018634372244458,FFN,60
2016-09-01,0.10344758298481539,0.059354492048591584,1.7428770664927304,0.6594407270269302,0.1066042884733029,-0.06018634372244447,FFN,60
2016-10-01,0.08441928245126051,0.049174980310063315,1.7167120742900366,0.5138509511997653,0.0864672098312377,-0.06018634372244447,FFN,60
2016-11-01,0.09396224005265695,0.052136232711725544,1.8022445267995868,0.5861350617286787,0.0966499750357693,-0.06018634372244436,FFN,60
2016-12-01,0.09189808127490949,0.05239860957281651,1.7538267145658117,0.5698667417584833,0.09439111317238649,-0.06018634372244447,FFN,60
1992-01-01,,,,,,,GAN–LSTM original,36
1992-02-01,,,,,,,GAN–LSTM original,36
1992-03-01,,,,,,,GAN–LSTM original,36
1992-04-01,,,,,,,GAN–LSTM original,36
1992-05-01,,,,,,,GAN–LSTM original,36
1992-06-01,,,,,,,GAN–LSTM original,36
1992-07-01,,,,,,,GAN–LSTM original,36
1992-08-01,,,,,,,GAN–LSTM original,36
1992-09-01,,,,,,,GAN–LSTM original,36
1992-10-01,,,,,,,GAN–LSTM original,36
1992-11-01,,,,,,,GAN–LSTM original,36
1992-12-01,,,,,,,GAN–LSTM original,36
1993-01-01,,,,,,,GAN–LSTM original,36
1993-02-01,,,,,,,GAN–LSTM original,36
1993-03-01,,,,,,,GAN–LSTM original,36
1993-04-01,,,,,,,GAN–LSTM original,36
1993-05-01,,,,,,,GAN–LSTM original,36
1993-06-01,,,,,,,GAN–LSTM original,36
1993-07-01,,,,,,,GAN–LSTM original,36
1993-08-01,,,,,,,GAN–LSTM original,36
1993-09-01,,,,,,,GAN–LSTM original,36
1993-10-01,,,,,,,GAN–LSTM original,36
1993-11-01,,,,,,,GAN–LSTM original,36
1993-12-01,,,,,,,GAN–LSTM original,36
1994-01-01,,,,,,,GAN–LSTM original,36
1994-02-01,,,,,,,GAN–LSTM original,36
1994-03-01,,,,,,,GAN–LSTM original,36
1994-04-01,,,,,,,GAN–LSTM original,36
1994-05-01,,,,,,,GAN–LSTM original,36
1994-06-01,,,,,,,GAN–LSTM original,36
1994-07-01,,,,,,,GAN–LSTM original,36
1994-08-01,,,,,,,GAN–LSTM original,36
1994-09-01,,,,,,,GAN–LSTM original,36
1994-10-01,,,,,,,GAN–LSTM original,36
1994-11-01,,,,,,,GAN–LSTM original,36
1994-12-01,0.11814418806666667,0.027111498007763628,4.357715240701011,0.4213706771588008,0.12435239822108472,-0.0044704814999999565,GAN–LSTM original,36
1995-01-01,0.11071426006666667,0.023378577904620643,4.735714059185123,0.3907115487659314,0.11620942956127027,-0.0044704814999999565,GAN–LSTM original,36
1995-02-01,0.1166313879,0.0220587288261459,5.287312284366923,0.4155094614156938,0.12280479555703566,-0.003981658299999857,GAN–LSTM original,36
1995-03-01,0.11707429156666668,0.022049684607891824,5.30956762641242,0.41737418484533473,0.12329762205048236,-0.003981658299999857,GAN–LSTM original,36
1995-04-01,0.11790442766666667,0.022014026195767783,5.355877503649646,0.42087740362041465,0.12422231780763776,-0.003981658299999968,GAN–LSTM original,36
1995-05-01,0.11678884540000001,0.022217373347107643,5.25664503968936,0.41615711612826467,0.12297601281333524,-0.003981658299999968,GAN–LSTM original,36
1995-06-01,0.1175562054,0.022000584862017614,5.343321831546038,0.41940952373292956,0.12383504725626553,-0.003981658299999857,GAN–LSTM original,36
1995-07-01,0.11470102526666667,0.022017215374034026,5.209606361117727,0.4074173888433575,0.12066111819058188,-0.003981658299999968,GAN–LSTM original,36
1995-08-01,0.11364786660000001,0.021998341696524537,5.166201533179882,0.4030211938456817,0.11949307252827344,-0.003981658299999968,GAN–LSTM original,36
1995-09-01,0.11398976193333335,0.022022273876920982,5.1761122657180705,0.40444528196241136,0.11987171201804141,-0.003981658299999968,GAN–LSTM original,36
1995-10-01,0.11666678543333334,0.02181867652051131,5.347106426169212,0.41568034943741305,0.12284997744494325,-0.003981658299999968,GAN–LSTM original,36
1995-11-01,0.11741142310000001,0.021808392177243494,5.383772547089274,0.4188167144740581,0.12367857078262628,-0.003981658299999968,GAN–LSTM original,36
1995-12-01,0.1147876171,0.021216334227632003,5.410341667341449,0.4078510941536321,0.12077621950196207,-0.003981658299999968,GAN–LSTM original,36
1996-01-01,0.10942365376666667,0.01894052365026677,5.777224314763096,0.38576820860483385,0.11488532234480629,-0.003981658299999968,GAN–LSTM original,36
1996-02-01,0.10740633790000001,0.018822935248128097,5.706141814979752,0.3774905555697414,0.11266102772193648,-0.003981658299999968,GAN–LSTM original,36
1996-03-01,0.10199891833333333,0.017702168557552807,5.761944814937063,0.35559604569089,0.10673445611475148,-0.003981658299999968,GAN–LSTM original,36
1996-04-01,0.09882156654666667,0.018267684695410655,5.4096382871931965,0.34280151120955027,0.10324154326711235,-0.003981658299999857,GAN–LSTM original,36
1996-05-01,0.09984502121333334,0.017864669666245062,5.588965431697208,0.346925932810094,0.10436992609433722,-0.003981658299999857,GAN–LSTM original,36
1996-06-01,0.09919873271333333,0.01779753219336141,5.573735259225156,0.34434313304141934,0.10366357903364865,-0.003981658299999968,GAN–LSTM original,36
1996-07-01,0.10036635904666666,0.017991234949315364,5.578625332247466,0.349007739698349,0.104938604097058,-0.003981658299999968,GAN–LSTM original,36
1996-08-01,0.10118201437999999,0.018221855433862472,5.552783290771203,0.3522686268902966,0.10582819149482876,-0.003981658299999968,GAN–LSTM original,36
1996-09-01,0.09946899621333333,0.018251513885188864,5.449903873127619,0.34539223244653366,0.10395059696273215,-0.003981658299999968,GAN–LSTM original,36
1996-10-01,0.10436069254666666,0.01837434415413326,5.6796961933028225,0.3651041445959391,0.10931596103617804,-0.003981658299999968,GAN–LSTM original,36
1996-11-01,0.10601118136,0.017427300308838368,6.083052422424587,0.37189043263510824,0.11115115610896095,-0.0013842138999999865,GAN–LSTM original,36
1996-12-01,0.10492162602666666,0.016833358026349315,6.2329587395713,0.3674930786557001,0.10996268539326544,-0.0013842138999999865,GAN–LSTM original,36
1997-01-01,0.10681265336000001,0.01754906369740875,6.086515793761219,0.3751552618377358,0.11203189816222944,-0.0013842138999999865,GAN–LSTM original,36
1997-02-01,0.11197313482666667,0.016717902264134575,6.697798148209422,0.39647416148246506,0.11774902960573687,0.0,GAN–LSTM original,36
1997-03-01,0.11498836916,0.016696957720223858,6.886785669986013,0.4090456846085759,0.12109313040068881,0.0,GAN–LSTM original,36
1997-04-01,0.11316780182666668,0.016406314465754603,6.897819864594529,0.40146272932483096,0.11907841102556377,0.0,GAN–LSTM original,36
1997-05-01,0.11537736526,0.01598006205791359,7.220082427831574,0.41072402524151874,0.12153807211038739,0.0,GAN–LSTM original,36
1997-06-01,0.11742395192666669,0.01643809638460185,7.143403298003646,0.4192975860364594,0.12380550379438135,0.0,GAN–LSTM original,36
1997-07-01,0.12007672772666667,0.016528908361441188,7.264649612722332,0.4305200881530014,0.1267597383143378,0.0,GAN–LSTM original,36
1997-08-01,0.11724204779333333,0.01700751610344137,6.893543247600399,0.41849092802505555,0.12359255843380341,0.0,GAN–LSTM original,36
1997-09-01,0.11780105392666666,0.01690406802763955,6.968799092268924,0.4208560053711567,0.12421667422664111,0.0,GAN–LSTM original,36
1997-10-01,0.11741135592666666,0.016949913571013643,6.926958974437129,0.41920871799131904,0.12378204794698965,0.0,GAN–LSTM original,36
1997-11-01,0.12007195345999999,0.016960639552077036,7.079447275046637,0.43046929277726986,0.12674640170522986,0.0,GAN–LSTM original,36
1997-12-01,0.11607712712666665,0.015786476714835476,7.352947033303647,0.41367261939410976,0.1223189144823969,0.0,GAN–LSTM original,36
1998-01-01,0.11668749379333333,0.015874825107909173,7.350474288702378,0.4162328423787005,0.12299602877674669,0.0,GAN–LSTM original,36
1998-02-01,0.11690114712666669,0.015926804997584105,7.33989944275698,0.4171286932734122,0.12323276596562778,0.0,GAN–LSTM original,36
1998-03-01,0.11751994162666665,0.01596996535211178,7.358810055973382,0.41973350518865704,0.12392054619317205,0.0,GAN–LSTM original,36
1998-04-01,0.11534599922666669,0.01635652301958228,7.051987704756853,0.41056673768847024,0.12149638889612535,0.0,GAN–LSTM original,36
1998-05-01,0.11975124799333334,0.016593547945983996,7.216735588022075,0.4291327864275306,0.12639538101412648,0.0,GAN–LSTM original,36
1998-06-01,0.12097161899333334,0.01633185617528893,7.407095537393391,0.4343406854795056,0.12776195386911096,0.0,GAN–LSTM original,36
1998-07-01,0.12210198279333331,0.016111233137721136,7.578686358119706,0.43917918427779945,0.12902863355272615,0.0,GAN–LSTM original,36
1998-08-01,0.12389742012666666,0.016197078740868773,7.6493682662692954,0.4468670188686631,0.13103541999061447,0.0,GAN–LSTM original,36
1998-09-01,0.12548190012666666,0.016538255068521985,7.587372404571392,0.45366616295553136,0.13280431288357142,0.0,GAN–LSTM original,36
1998-10-01,0.12471090046000001,0.01652062859651882,7.548798747662587,0.45034356977512696,0.13194058427361036,0.0,GAN–LSTM original,36
1998-11-01,0.12779224412666665,0.017369826974780622,7.3571397292678355,0.46361037457776094,0.13538153372876863,0.0,GAN–LSTM original,36
1998-12-01,0.12707643312666667,0.01741508916927254,7.296915444503283,0.4605003157190095,0.1345767641164899,0.0,GAN–LSTM original,36
1999-01-01,0.12639683736000001,0.017483859202981473,7.229344270768658,0.45755160785914045,0.13381269045675007,0.0,GAN–LSTM original,36
1999-02-01,0.1289150272266667,0.017519614934508196,7.358325380356628,0.4684850546868085,0.13664063216728542,0.0,GAN–LSTM original,36
1999-03-01,0.12430688179333332,0.020672136990266526,6.013257451412168,0.44827299490508826,0.13140165818323812,-0.009425165999999985,GAN–LSTM original,36
1999-04-01,0.12005957674666667,0.023760171793898468,5.052975954386726,0.4298266105766845,0.12657763463579572,-0.021650288355758107,GAN–LSTM original,36
1999-05-01,0.12183676191333333,0.02340489636720571,5.20560997159755,0.4374292918275925,0.12857085410341823,-0.021650288355757996,GAN–LSTM original,36
1999-06-01,0.12457753658000001,0.02375594631631129,5.244057000350377,0.44914083165227303,0.13162759990459047,-0.021650288355758107,GAN–LSTM original,36
1999-07-01,0.12471150258,0.023772007914314157,5.246149295823925,0.44971574433461337,0.13177722903392503,-0.021650288355758107,GAN–LSTM original,36
1999-08-01,0.12139442591333334,0.02384017252074292,5.092011217943584,0.43549885813125344,0.12806541307531794,-0.021650288355757996,GAN–LSTM original,36
1999-09-01,0.12074093014666669,0.02399302340602726,5.032334946013327,0.432699905645981,0.12733176432499357,-0.021650288355757996,GAN–LSTM original,36
1999-10-01,0.12151155981333334,0.02422802282299573,5.015331242712969,0.4359590563050506,0.1281859468244093,-0.021650288355758107,GAN–LSTM original,36
1999-11-01,0.12300491276666667,0.02379400795093579,5.169575172888392,0.44238600449118104,0.12986658943719248,-0.021650288355758107,GAN–LSTM original,36
1999-12-01,0.11432491410000001,0.026029552675883402,4.392119815640282,0.4054356884422683,0.12013489245890098,-0.021650288355757996,GAN–LSTM original,36
2000-01-01,0.11487756543333333,0.02622930068334925,4.37974183224257,0.40772426365032854,0.12074256232485422,-0.021650288355758107,GAN–LSTM original,36
2000-02-01,0.09459918293333333,0.04127788765509637,2.2917641455825235,0.3232756421150224,0.09786794798220773,-0.04673791699999985,GAN–LSTM original,36
2000-03-01,0.10196790626666666,0.0441629619515569,2.3089009831024687,0.3521282001984674,0.10578991182978151,-0.04673791699999996,GAN–LSTM original,36
2000-04-01,0.10169199626666665,0.04415972350186922,2.302822305088984,0.3510194454102836,0.10548757729886583,-0.04673791699999996,GAN–LSTM original,36
2000-05-01,0.09811950250000001,0.04447981703693227,2.2059331408339626,0.3366792092354539,0.10156230050653928,-0.04673791699999996,GAN–LSTM original,36
2000-06-01,0.1032399085,0.04625055991039218,2.232187214598513,0.35688096973818195,0.10708402451970134,-0.04673791700000007,GAN–LSTM original,36
2000-07-01,0.10544913283333335,0.04668121193236936,2.2589202051160444,0.3657459292775232,0.10948977694439087,-0.04673791699999985,GAN–LSTM original,36
2000-08-01,0.1088281061,0.04660481010789046,2.33512604917952,0.37955165956590686,0.11321569994190595,-0.04673791699999996,GAN–LSTM original,36
2000-09-01,0.11150787363333332,0.046738774212535396,2.3857680376099113,0.3905597958393801,0.11616882823282317,-0.04673791699999996,GAN–LSTM original,36
2000-10-01,0.11158661563333333,0.046735484037405274,2.3876208395322,0.39088592605248257,0.1162560803655794,-0.04673791699999996,GAN–LSTM original,36
2000-11-01,0.11152218463333333,0.04672919493048454,2.3865633636367236,0.39062077752461355,0.11618514417057013,-0.04673791699999985,GAN–LSTM original,36
2000-12-01,0.1110774353,0.046741397478373546,2.376425209609825,0.38878127432943466,0.11569276643319495,-0.04673791699999985,GAN–LSTM original,36
2001-01-01,0.10987904396666667,0.04669262252211213,2.353242076189477,0.383851979050082,0.11437120036533008,-0.04673791699999996,GAN–LSTM original,36
2001-02-01,0.12393213129999998,0.05376006884032903,2.3052822284898227,0.44139307796564214,0.12960726633605604,-0.04673791699999996,GAN–LSTM original,36
2001-03-01,0.12473726913333334,0.05379981083903777,2.3185447530016687,0.44483400734929085,0.13050542752525715,-0.04673791699999996,GAN–LSTM original,36
2001-04-01,0.12687946286666665,0.05365216430637842,2.364852648667197,0.4540863401228179,0.13291344675643926,-0.04673791699999996,GAN–LSTM original,36
2001-05-01,0.12656427920000002,0.05361539389318049,2.360595903709253,0.45273479557958196,0.13256233105552734,-0.04673791699999985,GAN–LSTM original,36
2001-06-01,0.1247613669,0.053778095418764965,2.319929070163139,0.4449422508913213,0.13053365841668982,-0.04673791699999996,GAN–LSTM original,36
2001-07-01,0.12913225956666666,0.05415349734929662,2.3845599247957696,0.46372668689452784,0.13541160898213647,-0.04673791699999985,GAN–LSTM original,36
2001-08-01,0.12884675456666667,0.05414011431092229,2.379875923916787,0.46248994557297585,0.13509173912825614,-0.04673791699999996,GAN–LSTM original,36
2001-09-01,0.12907070523333333,0.054164436602515006,2.3829418956300965,0.4634567709703351,0.13534181350364885,-0.04673791699999996,GAN–LSTM original,36
2001-10-01,0.1269426103,0.054329721783191745,2.336522369957596,0.45420290976700245,0.13294372001345672,-0.04673791699999996,GAN–LSTM original,36
2001-11-01,0.11615892963333334,0.05560331973577632,2.0890646491129248,0.40807192245494694,0.12083481617466933,-0.04673791700000007,GAN–LSTM original,36
2001-12-01,0.1140034405,0.05577274899860105,2.044070671554302,0.3990429305972455,0.118433964218001,-0.04673791700000007,GAN–LSTM original,36
2002-01-01,0.11868918793333333,0.056200370078520905,2.111893351725363,0.4185578633440443,0.12361023140392793,-0.04673791700000007,GAN–LSTM original,36
2002-02-01,0.12289628159999999,0.057011109670311116,2.155654964632252,0.4362031342752222,0.12824986455575577,-0.04673791700000007,GAN–LSTM original,36
2002-03-01,0.1298888766,0.055837630891799266,2.326188889562584,0.46661816152307944,0.136158755400071,-0.04673791699999985,GAN–LSTM original,36
2002-04-01,0.1425220461,0.054754218301655,2.602941846686763,0.5228968289398789,0.15050937206579895,-0.04673791699999985,GAN–LSTM original,36
2002-05-01,0.14519301893333333,0.05475659686880756,2.6516077922301164,0.5350024636678469,0.15354982848434295,-0.04673791699999996,GAN–LSTM original,36
2002-06-01,0.1467078536,0.05496392389005425,2.6691663043101412,0.5418589937663444,0.1552648315504822,-0.04673791699999996,GAN–LSTM original,36
2002-07-01,0.1529877096,0.056136192355314085,2.725295449888445,0.5705218052306682,0.16237962886222893,-0.04673791699999996,GAN–LSTM original,36
2002-08-01,0.15663379326666665,0.055964318025352615,2.7988153665288897,0.5876186798661783,0.1665823463448152,-0.04673791699999996,GAN–LSTM original,36
2002-09-01,0.16221384453333332,0.05582449938530449,2.905782341436191,0.6141025777288087,0.17303339726680622,-0.04673791699999996,GAN–LSTM original,36
2002-10-01,0.157581798,0.05596295545998918,2.8158233728857187,0.5920824060451387,0.16767463875589214,-0.04673791699999996,GAN–LSTM original,36
2002-11-01,0.14365448800000002,0.06254259265375647,2.2969065065033196,0.5259226920435957,0.15127085519583303,-0.04673791699999996,GAN–LSTM original,36
2002-12-01,0.16360425233333334,0.06491386721421472,2.5203282342344804,0.6181284033983704,0.1740078308414264,-0.04673791699999996,GAN–LSTM original,36
2003-01-01,0.15808374213333334,0.06507196126290027,2.429368026801156,0.5918506296844233,0.16761797240252813,-0.04673791699999996,GAN–LSTM original,36
2003-02-01,0.17308091076666668,0.05561793612914616,3.1119621261164507,0.6669818640790314,0.18570583835655477,-0.036332063000000026,GAN–LSTM original,36
2003-03-01,0.161106164642,0.054731766426677424,2.9435586526853523,0.6091760672263556,0.17183874977402142,-0.036332063000000026,GAN–LSTM original,36
2003-04-01,0.154348148642,0.05651659569056715,2.7310234587919693,0.5768294218193439,0.16393368801352903,-0.036332063000000026,GAN–LSTM original,36
2003-05-01,0.14424134640866668,0.06141946214815086,2.3484631965799347,0.5289712490023779,0.1520370320795897,-0.04427094886894323,GAN–LSTM original,36
2003-06-01,0.13300782107533332,0.060802469305479515,2.1875397922917363,0.4790301084185437,0.13935484898308043,-0.04612675104564201,GAN–LSTM original,36
2003-07-01,0.12391356597533335,0.06129101781108287,2.021724722491504,0.43951063290165454,0.12911530014409975,-0.05205582713392176,GAN–LSTM original,36
2003-08-01,0.120845549642,0.06138396669995066,1.9686826404149134,0.4264305888878349,0.12568500540761274,-0.05205582713392187,GAN–LSTM original,36
2003-09-01,0.12076250964200001,0.061376739743106076,1.9675614923088875,0.42608067192901244,0.12559295080877128,-0.05205582713392176,GAN–LSTM original,36
2003-10-01,0.11973387177533334,0.06144546174450821,1.948620262195926,0.42171250042188496,0.12444252226049377,-0.05205582713392176,GAN–LSTM original,36
2003-11-01,0.11589317044200001,0.06155897694051858,1.8826363952406466,0.4055537433254105,0.12016625490223433,-0.052055827133921984,GAN–LSTM original,36
2003-12-01,0.11566314890866666,0.06156894398976271,1.8785956265207076,0.40459087402751837,0.11991040791304852,-0.05205582713392165,GAN–LSTM original,36
2004-01-01,0.11609663890866667,0.06157108369348759,1.8855708222810812,0.4064006526813513,0.12039119324868088,-0.05205582713392176,GAN–LSTM original,36
2004-02-01,0.09926585777533334,0.05527300969601432,1.7959191714232143,0.3391591661142918,0.10224312685620582,-0.05205582713392187,GAN–LSTM original,36
2004-03-01,0.09543887144199999,0.055247360839718665,1.7274829058148722,0.32399995225768075,0.09806822166218324,-0.05205582713392176,GAN–LSTM original,36
2004-04-01,0.092300805942,0.055391175021019215,1.6663449711434128,0.3116588975097489,0.09464585407633962,-0.05205582713392176,GAN–LSTM original,36
2004-05-01,0.08924642060866667,0.055159178620964575,1.6179795065829063,0.29983324655229143,0.09134621605901344,-0.052055827133921984,GAN–LSTM original,36
2004-06-01,0.09235725640866667,0.05516037270651044,1.6743406883791045,0.31192861044688713,0.09472087864124198,-0.05205582713392176,GAN–LSTM original,36
2004-07-01,0.08749770527533335,0.05454136290399409,1.604244936624527,0.293209966369037,0.08948941279225836,-0.05205582713392165,GAN–LSTM original,36
2004-08-01,0.08406811560866667,0.054505758538091566,1.542371262477071,0.28007335146139234,0.08578778650210912,-0.05205582713392165,GAN–LSTM original,36
2004-09-01,0.085078912942,0.054717354149468295,1.554879877955991,0.28389028621643264,0.0868659196921272,-0.05205582713392165,GAN–LSTM original,36
2004-10-01,0.08467135190866668,0.05475028483848977,1.5465006649452573,0.2823255989724691,0.08642421617746586,-0.05205582713392165,GAN–LSTM original,36
2004-11-01,0.09506119557533335,0.0539007146793419,1.7636351603287124,0.3228025897034788,0.09773710827837638,-0.05205582713392176,GAN–LSTM original,36
2004-12-01,0.09482399840866668,0.05392837916801932,1.7583320669296014,0.3218631543153555,0.09747718103052459,-0.05205582713392165,GAN–LSTM original,36
2005-01-01,0.09396680240866667,0.05372642913777462,1.7489865586953621,0.31853649933833045,0.09655575561787295,-0.05205582713392176,GAN–LSTM original,36
2005-02-01,0.08904625674200001,0.05258985963803975,1.6932210383309387,0.2995897066712049,0.09127805271842819,-0.05205582713392165,GAN–LSTM original,36
2005-03-01,0.08632345737533335,0.05258150527901042,1.6417076102572534,0.2890953775662623,0.08833271388898928,-0.05205582713392165,GAN–LSTM original,36
2005-04-01,0.076257825942,0.05187121520816075,1.4701376406158027,0.2511387974860984,0.07754437436518138,-0.05205582713392176,GAN–LSTM original,36
2005-05-01,0.074273021942,0.051610593464675,1.4391042023734206,0.24380663406602276,0.0754353049582045,-0.05205582713392176,GAN–LSTM original,36
2005-06-01,0.07025762260866666,0.05083467834192339,1.3820805973453985,0.2291452117184975,0.07119301286652996,-0.05205582713392143,GAN–LSTM original,36
2005-07-01,0.05744156817533334,0.04884651245990772,1.1759604787031679,0.18336448649539788,0.05772518168038822,-0.05205582713392187,GAN–LSTM original,36
2005-08-01,0.05462306550866667,0.048450767966791694,1.127393182830569,0.17351347380377594,0.05478196007744243,-0.05205582713392165,GAN–LSTM original,36
2005-09-01,0.04785737711066667,0.04762881139661814,1.0047988960325966,0.1501674643790165,0.047740405972999965,-0.05205582713392176,GAN–LSTM original,36
2005-10-01,0.047953510310666664,0.04763054336791879,1.0067806688715082,0.1504976184990303,0.04784064723626342,-0.05205582713392143,GAN–LSTM original,36
2005-11-01,0.061080091944000006,0.041382226166572715,1.4759982147441504,0.1975120526054432,0.06192366143994846,-0.05205582713392165,GAN–LSTM original,36
2005-12-01,0.045003622444,0.031821562277194675,1.4142493084399066,0.1425228216665954,0.045413958586629846,-0.05205582713392165,GAN–LSTM original,36
2006-01-01,0.046204710310666655,0.0318691958480227,1.4498235390377254,0.14662624857292786,0.046664015115251326,-0.05205582713392176,GAN–LSTM original,36
2006-02-01,0.049145264844,0.03174823211762542,1.5479685502461855,0.15675909572951707,0.04973813446432773,-0.050440596332044896,GAN–LSTM original,36
2006-03-01,0.050508798135333335,0.03165957060716592,1.5953721786707056,0.1614907192476527,0.05116747519626129,-0.050440596332044896,GAN–LSTM original,36
2006-04-01,0.055761697202,0.030262867576288512,1.8425781053772399,0.18001068235629739,0.05672499402842928,-0.03921502779540431,GAN–LSTM original,36
2006-05-01,0.06645485773533334,0.021909938940927482,3.033091872802827,0.2190889274773811,0.06826367809704736,-0.008145486689732251,GAN–LSTM original,36
2006-06-01,0.06894949640199999,0.021468077155338893,3.211722032816197,0.2282302368909667,0.07092714844509797,-0.006215790299999968,GAN–LSTM original,36
2006-07-01,0.07411458750199999,0.020374600276740935,3.6375971305119092,0.24738103744725096,0.0764645011555135,-0.006171466299999873,GAN–LSTM original,36
2006-08-01,0.07481695583533333,0.020325799359470462,3.680886272277091,0.24999961207287077,0.07721723358077508,-0.006171466299999984,GAN–LSTM original,36
2006-09-01,0.07172427616866667,0.019622943952273843,3.6551231223567493,0.2385766594873457,0.07392585245919159,-0.006171466299999984,GAN–LSTM original,36
2006-10-01,0.071900839702,0.019610841700018145,3.6663821370774445,0.23922986417815595,0.0741146094802746,-0.006171466300000095,GAN–LSTM original,36
2006-11-01,0.070341401602,0.02008438071938047,3.5022937766820905,0.23344530895067753,0.07244072901078834,-0.006171466299999984,GAN–LSTM original,36
2006-12-01,0.07201916346866667,0.02035162726893871,3.5387422596218916,0.23961266780858867,0.07422519769134321,-0.006171466299999984,GAN–LSTM original,36
2007-01-01,0.06864700646866667,0.0204026840059515,3.364606659037713,0.22720382992530014,0.0706287479799195,-0.006171466300000095,GAN–LSTM original,36
2007-02-01,0.06763055573533333,0.02048294110517092,3.301799062355356,0.223482451195917,0.0695454590152653,-0.006171466300000095,GAN–LSTM original,36
2007-03-01,0.06990155440200001,0.02052929667592688,3.4049658644160057,0.23179523379562103,0.07196228663746486,-0.006171466299999873,GAN–LSTM original,36
2007-04-01,0.070814610102,0.02035450006678352,3.479064082618381,0.2351673703766652,0.07293958912677728,-0.006171466299999984,GAN–LSTM original,36
2007-05-01,0.06949581176866666,0.02039612743774856,3.4073042532596567,0.23031540392120156,0.07153284364650714,-0.006171466299999984,GAN–LSTM original,36
2007-06-01,0.06601220613533333,0.020158587649296306,3.27464439889159,0.21761325813116159,0.06783247070965752,-0.006171466299999984,GAN–LSTM original,36
2007-07-01,0.061804145502,0.02106629352768112,2.933793048159578,0.20235164133714986,0.06335228061811747,-0.006171466299999984,GAN–LSTM original,36
2007-08-01,0.061660072102,0.021085367366192067,2.9243062751121305,0.2018332929443321,0.06319945062688023,-0.006171466300000095,GAN–LSTM original,36
2007-09-01,0.05564694623533333,0.019270942853610282,2.8876089072573965,0.18057799186908408,0.05689431286159726,-0.006171466299999873,GAN–LSTM original,36
2007-10-01,0.05597237473533334,0.019235049260992527,2.909915850792324,0.18172822756852908,0.05723744506183277,-0.006171466299999873,GAN–LSTM original,36
2007-11-01,0.04751045956866666,0.018505548440832915,2.567362957146071,0.15227787864899012,0.048380838879305325,-0.0067542815000000145,GAN–LSTM original,36
2007-12-01,0.049928476202,0.01861434145415124,2.6822585330229503,0.1606259745597112,0.05090654122182663,-0.0067542814999999035,GAN–LSTM original,36
2008-01-01,0.04580607153533334,0.016478889633674526,2.7796819175078924,0.14654351945944402,0.04663884223124852,-0.0067542815000000145,GAN–LSTM original,36
2008-02-01,0.04885712486866667,0.01875716796770925,2.60471756465448,0.15690821421082907,0.049783239975374885,-0.0067542815000000145,GAN–LSTM original,36
2008-03-01,0.050269237568666664,0.01886018398684928,2.6653630528587686,0.16179273824855836,0.05125857795819969,-0.0067542815000000145,GAN–LSTM original,36
2008-04-01,0.05645369533533333,0.01892273400607204,2.983379426948459,0.18344836937302764,0.05775017339867651,-0.0067542814999999035,GAN–LSTM original,36
2008-05-01,0.05362207716866667,0.018733990429993463,2.8622880623882847,0.17349556091449983,0.05477659320578747,-0.0067542815000000145,GAN–LSTM original,36
2008-06-01,0.047871013835333334,0.019621188106317633,2.4397612201638195,0.15344743553524515,0.04873541955914994,-0.0073561799999999344,GAN–LSTM original,36
2008-07-01,0.056392766602,0.02058217432720596,2.7398838288653904,0.18311873256990294,0.057651955971038435,-0.0073561800000001565,GAN–LSTM original,36
2008-08-01,0.05423689216866667,0.020641901599797365,2.6275143259669007,0.17552201219155672,0.05538339118338225,-0.0073561800000001565,GAN–LSTM original,36
2008-09-01,0.05571678166666667,0.020468840952794505,2.72202914640655,0.18074116052913175,0.05694300203072368,-0.0073561799999999344,GAN–LSTM original,36
2008-10-01,0.064020826,0.025018673878989588,2.5589216402778243,0.21000976126416435,0.0656051022203178,-0.0073561799999999344,GAN–LSTM original,36
2008-11-01,0.06704952936666667,0.025275148299486325,2.652784805540758,0.22097063791171834,0.06881303084070339,-0.0073561800000000455,GAN–LSTM original,36
2008-12-01,0.07584227186666666,0.028328718726927,2.6772221009267563,0.25311106593068516,0.07811028307657662,-0.0073561800000000455,GAN–LSTM original,36
2009-01-01,0.07486501953333333,0.028359074340978185,2.6398964448975386,0.24946229731425953,0.0770628634872442,-0.0073561800000000455,GAN–LSTM original,36
2009-02-01,0.07306974320000001,0.028471636124735824,2.5664047854460272,0.24278018467314713,0.07513938979924263,-0.0073561800000000455,GAN–LSTM original,36
2009-03-01,0.0731781212,0.02846480245673438,2.5708283523565107,0.2431825903921162,0.07525541877929696,-0.0073561800000000455,GAN–LSTM original,36
2009-04-01,0.0545382178,0.043578144034283464,1.2515039134547379,0.17394631458764048,0.054911626684089956,-0.051844760000000156,GAN–LSTM original,36
2009-05-01,0.054049483300000006,0.04362861433163466,1.2388539981846105,0.1722263685828572,0.054396192027559145,-0.05251929460971483,GAN–LSTM original,36
2009-06-01,0.056881209966666665,0.043962741125613755,1.2938503949092086,0.18212975652324115,0.05735717461415093,-0.052519294609714606,GAN–LSTM original,36
2009-07-01,0.05001921196666667,0.04480804923394697,1.1162997010986069,0.15801818338130608,0.05011886284965657,-0.05251929460971472,GAN–LSTM original,36
2009-08-01,0.04307714196666667,0.046098167055342594,0.9344653967467064,0.13404120115341586,0.042820622616961006,-0.06431310450984518,GAN–LSTM original,36
2009-09-01,0.040802814800000003,0.04614255671836828,0.8842772854794443,0.12634985573796081,0.0404577175743613,-0.06507723929501186,GAN–LSTM original,36
2009-10-01,0.03974726963333333,0.04614335629334026,0.8613866182740145,0.12280052441366225,0.039363677688711615,-0.06507723929501186,GAN–LSTM original,36
2009-11-01,0.04079282331,0.04604748174155382,0.8858860846930536,0.12633098098803563,0.040451905736288575,-0.06507723929501152,GAN–LSTM original,36
2009-12-01,0.04082253464333333,0.046052845076978856,0.8864280713840179,0.12643021740292384,0.04048246149255895,-0.06507723929501197,GAN–LSTM original,36
2010-01-01,0.040288956509999994,0.04609552839451634,0.874031775168736,0.124627992700267,0.03992726090754687,-0.06507723929501197,GAN–LSTM original,36
2010-02-01,0.04260021137666666,0.046223339720526134,0.9216169068317975,0.13240614639981696,0.04231920376063902,-0.06507723929501164,GAN–LSTM original,36
2010-03-01,0.03968966811,0.04611232075219408,0.8607172109877274,0.12261198398018384,0.03930549785363771,-0.06507723929501152,GAN–LSTM original,36
2010-04-01,0.03666423404333333,0.046400122232956795,0.7901753762469977,0.11245652769734564,0.03616205224346957,-0.06507723929501175,GAN–LSTM original,36
2010-05-01,0.03370982154333333,0.046662914780042086,0.722411398907107,0.1026282567794981,0.03310161219953,-0.06507723929501186,GAN–LSTM original,36
2010-06-01,0.033114628322,0.046686808174262906,0.7092930448017892,0.10066297044279295,0.03248745902030091,-0.06507723929501175,GAN–LSTM original,36
2010-07-01,0.04020720575533333,0.04701247026265436,0.8552455450798344,0.12421050792276217,0.039798564266737314,-0.06507723929501186,GAN–LSTM original,36
2010-08-01,0.03985063058866666,0.047025609644304085,0.847424007686278,0.12301047695184535,0.03942845721022105,-0.06507723929501208,GAN–LSTM original,36
2010-09-01,0.04173346758866667,0.047080896739741585,0.8864204056979847,0.12934142596032785,0.04137805053954463,-0.06507723929501175,GAN–LSTM original,36
2010-10-01,0.042893750222,0.04711119230446659,0.9104789780056843,0.13326067354662982,0.04258131999581859,-0.06507723929501197,GAN–LSTM original,36
2010-11-01,0.045703171621999994,0.046738095448621245,0.977856953376311,0.14287704559457134,0.04552198629758247,-0.06507723929501186,GAN–LSTM original,36
2010-12-01,0.042128878988666664,0.046776245895287914,0.9006468600104264,0.13072566912061687,0.041803352061932066,-0.06507723929501175,GAN–LSTM original,36
2011-01-01,0.039064204822,0.046847303600698456,0.8338623959014276,0.12040093755631716,0.03862272617520238,-0.06507723929501186,GAN–LSTM original,36
2011-02-01,0.030020722921999997,0.04582601744766206,0.6551021579888912,0.09064888382804219,0.029346644379810268,-0.06507723929501175,GAN–LSTM original,36
2011-03-01,0.030696038255333333,0.04591587606565395,0.6685277704696703,0.09284176856412656,0.03003605886396233,-0.06507723929501186,GAN–LSTM original,36
2011-04-01,0.028916081588666674,0.04557499409749713,0.6344725251484931,0.08708622140930934,0.02822461663627754,-0.06507723929501197,GAN–LSTM original,36
2011-05-01,0.029960631422000002,0.04559121147161949,0.6571580454853777,0.09048734693221028,0.029295822746935627,-0.06507723929501186,GAN–LSTM original,36
2011-06-01,0.032804799322000006,0.04523390022157654,0.7252259734691665,0.09986088770789582,0.03223659760576328,-0.06507723929501208,GAN–LSTM original,36
2011-07-01,0.025512088421999996,0.044251900219339835,0.5765196137464443,0.07625577784588371,0.02479854152007572,-0.06507723929501197,GAN–LSTM original,36
2011-08-01,0.025401064868666667,0.04425562127213903,0.5739624512888224,0.0758975968564189,0.024684843614614652,-0.06507723929501186,GAN–LSTM original,36
2011-09-01,0.023728586202000003,0.0442616042738757,0.5360986478297444,0.07052298416221404,0.022975734182588147,-0.06507723929501186,GAN–LSTM original,36
2011-10-01,0.036159712202000004,0.05571528500965907,0.6490088347521005,0.10928710081635075,0.03517709582608503,-0.06507723929501197,GAN–LSTM original,36
2011-11-01,0.03587435120199999,0.05567068555713379,0.6444028997125032,0.10834884360506679,0.03488515567195014,-0.06507723929501164,GAN–LSTM original,36
2011-12-01,0.029096877202,0.05374080106519967,0.5414299121946274,0.08643684110670884,0.028019836249482264,-0.06507723929501186,GAN–LSTM original,36
2012-01-01,0.03210823953533334,0.05407039637768336,0.5938228991527325,0.09621335338403124,0.0310942445712329,-0.06507723929501175,GAN–LSTM original,36
2012-02-01,0.032649088768666665,0.05406842056427262,0.6038476513264482,0.0979890119998802,0.031650670230167405,-0.06507723929501175,GAN–LSTM original,36
2012-03-01,0.03430344293533333,0.054195343744580717,0.6329592279551416,0.10341419729480003,0.033347014814340624,-0.06507723929501186,GAN–LSTM original,36
2012-04-01,0.05273866326866665,0.04372011148779991,1.2062792493880845,0.1677760749322356,0.0530601806355706,-0.02691357267802208,GAN–LSTM original,36
2012-05-01,0.052359732535333325,0.043769130917085106,1.1962707835008648,0.16644761110596049,0.052660708166528784,-0.02691357267802208,GAN–LSTM original,36
2012-06-01,0.052002237535333326,0.043694310295806,1.1901375072242473,0.16521393111293994,0.052289465730720484,-0.02691357267802219,GAN–LSTM original,36
2012-07-01,0.059293341868666666,0.04285063768438101,1.3837213416844667,0.1909924856505776,0.05999302405833249,-0.01578554107179131,GAN–LSTM original,36
2012-08-01,0.063359474602,0.041501648161894916,1.5266736963033198,0.20574164515747395,0.06435070892359976,-0.011362816540884002,GAN–LSTM original,36
2012-09-01,0.06383143896866667,0.04144009798243987,1.5403303099262713,0.20745024176976437,0.06485321781734152,-0.011362816540884113,GAN–LSTM original,36
2012-10-01,0.06658907246866666,0.04146938374590485,1.605740583864895,0.21742202669093982,0.06777656521005601,-0.011362816540883891,GAN–LSTM original,36
2012-11-01,0.06822051565866666,0.041371996495033925,1.6489539166149616,0.22337633914860963,0.06951453773276352,-0.011362816540884224,GAN–LSTM original,36
2012-12-01,0.06382567252533333,0.041407699678427515,1.5413962384050297,0.20743414524505344,0.0648484859419377,-0.011362816540883891,GAN–LSTM original,36
2013-01-01,0.06517642759199999,0.04126210606659042,1.5795710351482226,0.21233240806776277,0.06628648579941365,-0.011362816540884002,GAN–LSTM original,36
2013-02-01,0.06450061492533334,0.04121201855459854,1.5650923489680948,0.20989754520088116,0.0655721598672473,-0.011362816540884113,GAN–LSTM original,36
2013-03-01,0.065332282192,0.04114459661114962,1.5878702812290022,0.21291375656712802,0.0664568969799773,-0.011362816540884002,GAN–LSTM original,36
2013-04-01,0.06777342202533332,0.04068870501766781,1.6656568941160652,0.22184786622147307,0.0690689388768831,-0.009924461869394219,GAN–LSTM original,36
2013-05-01,0.06830444539200001,0.04055128626635291,1.6843965181118072,0.2238053926579299,0.06963955386409623,-0.009924461869394108,GAN–LSTM original,36
2013-06-01,0.06883587771333334,0.04048703064978547,1.7001957567292745,0.22575646705341817,0.07020768293885592,-0.009924461869394219,GAN–LSTM original,36
2013-07-01,0.06342059519666665,0.04019014951182667,1.5780134178899732,0.20615362310445762,0.06447191761154113,-0.00992446186939433,GAN–LSTM original,36
2013-08-01,0.06244185466333334,0.04032736452236102,1.548374296284849,0.20261586810796228,0.06343016841473445,-0.009924461869393997,GAN–LSTM original,36
2013-09-01,0.06123435452999999,0.040308172059776846,1.5191548363738672,0.19829227366736724,0.0621542381956496,-0.009924461869394219,GAN–LSTM original,36
2013-10-01,0.06334359303,0.04054136982104361,1.5624433340464126,0.20582578660598658,0.06437546655655349,-0.009924461869394219,GAN–LSTM original,36
2013-11-01,0.06510211733,0.040496227726101286,1.6076094240264094,0.21217657733411613,0.06624079774552673,-0.009924461869394219,GAN–LSTM original,36
2013-12-01,0.06665689836333334,0.040289967587294896,1.6544291880828672,0.2178430557777715,0.06789964309292341,-0.007740661895984657,GAN–LSTM original,36
2014-01-01,0.06616881099666666,0.040393604516885014,1.6381011743828728,0.21605570460779094,0.06737695773412614,-0.00545385570000001,GAN–LSTM original,36
2014-02-01,0.06783041048333333,0.040040571386579425,1.6940420212401948,0.2221507386475334,0.06915726540860512,-0.004702029348616965,GAN–LSTM original,36
2014-03-01,0.06593338201666667,0.03998237439561661,1.6490611929214272,0.21526182833003948,0.06714463567171522,-0.004702029348616743,GAN–LSTM original,36
2014-04-01,0.06061387201666665,0.040599915418897486,1.4929556229679615,0.1960329176445121,0.061486261370505994,-0.007673913199191751,GAN–LSTM original,36
2014-05-01,0.06018544918333334,0.040609919972767514,1.482038113438611,0.19450292759190196,0.061033443168675136,-0.00767391319919164,GAN–LSTM original,36
2014-06-01,0.06073489481666666,0.040568797459351956,1.4970839319928126,0.19646955745129702,0.06161541912148755,-0.007673913199191529,GAN–LSTM original,36
2014-07-01,0.06369938471666665,0.04033264156361091,1.5793506759581495,0.20713682433273387,0.06476107531862053,-0.007673913199191529,GAN–LSTM original,36
2014-08-01,0.06327946903666666,0.04038933313266072,1.5667371587647207,0.20561685417323244,0.06431398852124857,-0.007673913199191529,GAN–LSTM original,36
2014-09-01,0.06671937227,0.04031459323549718,1.6549682612511958,0.2180661884148878,0.06796485913510922,-0.007673913199191751,GAN–LSTM original,36
2014-10-01,0.047493116603333316,0.0182536675181245,2.6018396881709536,0.1522335801943538,0.04836740397005757,-0.00767391319919164,GAN–LSTM original,36
2014-11-01,0.04399859997999999,0.017822859227653132,2.468661140056236,0.14028879184160653,0.04473213125862345,-0.00767391319919164,GAN–LSTM original,36
2014-12-01,0.038195512313333325,0.019084203458909675,2.001420305310218,0.12059706913809513,0.038683327943096084,-0.009290888999999969,GAN–LSTM original,36
2015-01-01,0.03785459331333332,0.018917571432490957,2.0010281683576996,0.1194656421438035,0.038333636358300935,-0.00929088900000008,GAN–LSTM original,36
2015-02-01,0.03971675991333332,0.019198302562505626,2.068764141205918,0.12569889238446727,0.040257238015498034,-0.009290888999999969,GAN–LSTM original,36
2015-03-01,0.04106320524666666,0.019756726385172035,2.0784417643950226,0.13020351572658093,0.041642963936307544,-0.009290888999999858,GAN–LSTM original,36
2015-04-01,0.03782631037999999,0.020509395722709874,1.8443405593912867,0.11926631840868368,0.038272006709402555,-0.00929088900000008,GAN–LSTM original,36
2015-05-01,0.04630184341333333,0.023353606069631046,1.9826421356633264,0.14777815022853316,0.04701439098384456,-0.009290888999999858,GAN–LSTM original,36
2015-06-01,0.04330155751333333,0.022737690397994406,1.9043955984708438,0.13757938780121887,0.04390402340188225,-0.009290888999999969,GAN–LSTM original,36
2015-07-01,0.04258231118,0.02254998628490674,1.888351976892393,0.13515045444837478,0.04316052069102508,-0.00929088900000008,GAN–LSTM original,36
2015-08-01,0.044349984613333324,0.022253816462382784,1.9929158977428107,0.14118697831238478,0.0450063652954721,-0.009290888999999858,GAN–LSTM original,36
2015-09-01,0.049555578079999996,0.023281527859054185,2.1285363391959615,0.1589979717488794,0.05041494461480863,-0.009290888999999969,GAN–LSTM original,36
2015-10-01,0.05011786758,0.023442816220830862,2.1378774251306103,0.16093367086164537,0.05099940245709222,-0.009290888999999969,GAN–LSTM original,36
2015-11-01,0.05060823248,0.023487334352581598,2.154703114465496,0.16263201764174712,0.051511660187567955,-0.00929088900000008,GAN–LSTM original,36
2015-12-01,0.05583536794666666,0.023923702261551782,2.333893280238682,0.18088976906391274,0.05698734258757854,-0.009290888999999969,GAN–LSTM original,36
2016-01-01,0.05664020154666666,0.023905752067790928,2.3693126819875294,0.1837326536110402,0.05783486308890006,-0.009290888999999969,GAN–LSTM original,36
2016-02-01,0.05410081762666666,0.024009365462573127,2.253321426216009,0.1747814471031757,0.05516171823794636,-0.009290888999999969,GAN–LSTM original,36
2016-03-01,0.055008979293333336,0.02401446929278916,2.290659794420313,0.17797153381175562,0.05611594257674499,-0.009290888999999858,GAN–LSTM original,36
2016-04-01,0.044119573659999994,0.03143677839312086,1.4034381356855077,0.13954949044915066,0.044506299900108404,-0.031101767000000002,GAN–LSTM original,36
2016-05-01,0.053104217460000006,0.03293871679984418,1.6122126973765785,0.17038958471351967,0.053845186294517317,-0.031101767000000002,GAN–LSTM original,36
2016-06-01,0.05422902229333333,0.032898640972522625,1.6483666403918058,0.17433260756675648,0.05502732199908359,-0.031101767000000113,GAN–LSTM original,36
2016-07-01,0.05422050001,0.03289991863713663,1.6480435896518362,0.17430257154384562,0.05501832707584401,-0.031101767000000002,GAN–LSTM original,36
2016-08-01,0.05337131444333333,0.03309613620739013,1.612614660179453,0.17130537057339637,0.05411997938473369,-0.031101767000000002,GAN–LSTM original,36
2016-09-01,0.05140741014333333,0.033293084229426576,1.5440867475382811,0.16443175152488887,0.05205395430557887,-0.031101767000000002,GAN–LSTM original,36
2016-10-01,0.05122822681,0.03324849834147952,1.5407681358676482,0.1638137366442358,0.05186779767902486,-0.03110176699999989,GAN–LSTM original,36
2016-11-01,0.04988558414333333,0.03321930884229579,1.5017044568915756,0.1591583317031008,0.05046338781845712,-0.031101767000000002,GAN–LSTM original,36
2016-12-01,0.049787976643333336,0.033224702988353796,1.4985228509276798,0.15881973819007286,0.05036109672315411,-0.031101767000000113,GAN–LSTM original,36
1992-01-01,,,,,,,GAN–LSTM original,60
1992-02-01,,,,,,,GAN–LSTM original,60
1992-03-01,,,,,,,GAN–LSTM original,60
1992-04-01,,,,,,,GAN–LSTM original,60
1992-05-01,,,,,,,GAN–LSTM original,60
1992-06-01,,,,,,,GAN–LSTM original,60
1992-07-01,,,,,,,GAN–LSTM original,60
1992-08-01,,,,,,,GAN–LSTM original,60
1992-09-01,,,,,,,GAN–LSTM original,60
1992-10-01,,,,,,,GAN–LSTM original,60
1992-11-01,,,,,,,GAN–LSTM original,60
1992-12-01,,,,,,,GAN–LSTM original,60
1993-01-01,,,,,,,GAN–LSTM original,60
1993-02-01,,,,,,,GAN–LSTM original,60
1993-03-01,,,,,,,GAN–LSTM original,60
1993-04-01,,,,,,,GAN–LSTM original,60
1993-05-01,,,,,,,GAN–LSTM original,60
1993-06-01,,,,,,,GAN–LSTM original,60
1993-07-01,,,,,,,GAN–LSTM original,60
1993-08-01,,,,,,,GAN–LSTM original,60
1993-09-01,,,,,,,GAN–LSTM original,60
1993-10-01,,,,,,,GAN–LSTM original,60
1993-11-01,,,,,,,GAN–LSTM original,60
1993-12-01,,,,,,,GAN–LSTM original,60
1994-01-01,,,,,,,GAN–LSTM original,60
1994-02-01,,,,,,,GAN–LSTM original,60
1994-03-01,,,,,,,GAN–LSTM original,60
1994-04-01,,,,,,,GAN–LSTM original,60
1994-05-01,,,,,,,GAN–LSTM original,60
1994-06-01,,,,,,,GAN–LSTM original,60
1994-07-01,,,,,,,GAN–LSTM original,60
1994-08-01,,,,,,,GAN–LSTM original,60
1994-09-01,,,,,,,GAN–LSTM original,60
1994-10-01,,,,,,,GAN–LSTM original,60
1994-11-01,,,,,,,GAN–LSTM original,60
1994-12-01,,,,,,,GAN–LSTM original,60
1995-01-01,,,,,,,GAN–LSTM original,60
1995-02-01,,,,,,,GAN–LSTM original,60
1995-03-01,,,,,,,GAN–LSTM original,60
1995-04-01,,,,,,,GAN–LSTM original,60
1995-05-01,,,,,,,GAN–LSTM original,60
1995-06-01,,,,,,,GAN–LSTM original,60
1995-07-01,,,,,,,GAN–LSTM original,60
1995-08-01,,,,,,,GAN–LSTM original,60
1995-09-01,,,,,,,GAN–LSTM original,60
1995-10-01,,,,,,,GAN–LSTM original,60
1995-11-01,,,,,,,GAN–LSTM original,60
1995-12-01,,,,,,,GAN–LSTM original,60
1996-01-01,,,,,,,GAN–LSTM original,60
1996-02-01,,,,,,,GAN–LSTM original,60
1996-03-01,,,,,,,GAN–LSTM original,60
1996-04-01,,,,,,,GAN–LSTM original,60
1996-05-01,,,,,,,GAN–LSTM original,60
1996-06-01,,,,,,,GAN–LSTM original,60
1996-07-01,,,,,,,GAN–LSTM original,60
1996-08-01,,,,,,,GAN–LSTM original,60
1996-09-01,,,,,,,GAN–LSTM original,60
1996-10-01,,,,,,,GAN–LSTM original,60
1996-11-01,,,,,,,GAN–LSTM original,60
1996-12-01,0.11328633949599999,0.023220861215769575,4.878645044356314,0.7549772411008246,0.11906238423230804,-0.0044704814999999565,GAN–LSTM original,60
1997-01-01,0.110246549096,0.020956959761671688,5.260617491742794,0.7291646426900127,0.11575096038429844,-0.0044704814999999565,GAN–LSTM original,60
1997-02-01,0.113960091496,0.020138522724403623,5.658810879802246,0.7614154504153601,0.11988224770670845,-0.003981658299999857,GAN–LSTM original,60
1997-03-01,0.11500819129600001,0.020226956857194073,5.685887012464522,0.770567230267928,0.12104355032255137,-0.003981658299999857,GAN–LSTM original,60
1997-04-01,0.11537195755600001,0.02020733450118814,5.709409994139327,0.773763305749255,0.12144798066511543,-0.003981658299999968,GAN–LSTM original,60
1997-05-01,0.11583038925599999,0.020183129077506926,5.738970841002403,0.7777991026038591,0.12195783705184908,-0.003981658299999968,GAN–LSTM original,60
1997-06-01,0.11863645105599999,0.02012925055604564,5.893734132111967,0.8026832654975263,0.12508124586148942,-0.003981658299999857,GAN–LSTM original,60
1997-07-01,0.118757919456,0.02015484557237439,5.892276327771904,0.803763173512888,0.12521601088048104,-0.003981658299999968,GAN–LSTM original,60
1997-08-01,0.11702120709600002,0.020384233402411446,5.740770564477369,0.788277988808479,0.12327736147908797,-0.003981658299999968,GAN–LSTM original,60
1997-09-01,0.11641749377600001,0.020405639401063463,5.70516274878075,0.7829361104212778,0.1226054756025131,-0.003981658299999968,GAN–LSTM original,60
1997-10-01,0.11707681227599999,0.02027102200905804,5.775575213903108,0.7887907271645751,0.12334176772331308,-0.003981658299999968,GAN–LSTM original,60
1997-11-01,0.118200683676,0.02034526078553495,5.809740406966825,0.7987594909040026,0.12459104174520087,-0.003981658299999968,GAN–LSTM original,60
1997-12-01,0.116239670476,0.0199762205198818,5.818902047076911,0.781442295690102,0.12241729983102319,-0.003981658299999968,GAN–LSTM original,60
1998-01-01,0.11363938907599999,0.018653114894777938,6.0922473118853775,0.7588659234678383,0.11955786943815824,-0.003981658299999968,GAN–LSTM original,60
1998-02-01,0.11379152867599998,0.01868624249590273,6.089588567682918,0.7601865088177227,0.11972593544894564,-0.003981658299999968,GAN–LSTM original,60
1998-03-01,0.112028847376,0.01803283942847788,6.212490707319304,0.7449867126374223,0.1177853796793136,-0.003981658299999968,GAN–LSTM original,60
1998-04-01,0.110755897936,0.018210735763790557,6.081901323076811,0.7339895430390823,0.11637292414458704,-0.003981658299999857,GAN–LSTM original,60
1998-05-01,0.114288202536,0.01803187876274838,6.338119507109,0.7646258203058685,0.12029017168946197,-0.003981658299999857,GAN–LSTM original,60
1998-06-01,0.11373124863600001,0.018025018950629683,6.309632680415403,0.7597657648520807,0.11967239987418163,-0.003981658299999968,GAN–LSTM original,60
1998-07-01,0.11355628043600002,0.01802866240380071,6.298652550732807,0.7582407862434813,0.11947827533024784,-0.003981658299999968,GAN–LSTM original,60
1998-08-01,0.11384061163599998,0.018084245653430947,6.295015773267939,0.7607100431158046,0.11979253580041227,-0.003981658299999968,GAN–LSTM original,60
1998-09-01,0.11497613763599998,0.01832867307614541,6.273020264933434,0.7706017107045462,0.12104791658092583,-0.003981658299999968,GAN–LSTM original,60
1998-10-01,0.11658231723600002,0.01797315235190137,6.4864702058605115,0.7847983021641007,0.12283987927048741,-0.003981658299999968,GAN–LSTM original,60
1998-11-01,0.12134124389600001,0.017436146814259826,6.9591776892336865,0.8274366947884496,0.12815420956764048,-0.0013842138999999865,GAN–LSTM original,60
1998-12-01,0.119078184896,0.01689746997106025,7.047101435891961,0.8071594158187524,0.12563941805175136,-0.0013842138999999865,GAN–LSTM original,60
1999-01-01,0.11813500083600001,0.016883492196520248,6.997071426985233,0.7987421458933587,0.12458887290396056,-0.0013842138999999865,GAN–LSTM original,60
1999-02-01,0.12134460081600001,0.01623642856995158,7.473601740260166,0.8276483720708523,0.12818034383035834,0.0,GAN–LSTM original,60
1999-03-01,0.11849600281600002,0.018266915445664732,6.486919106209721,0.8017420068918434,0.12496373063598361,-0.009425165999999985,GAN–LSTM original,60
1999-04-01,0.113051767716,0.020613374088272317,5.484389272318071,0.7534155561996555,0.11886315142443887,-0.021650288355757996,GAN–LSTM original,60
1999-05-01,0.11404095327600003,0.020425136083943814,5.583363205381408,0.7620611555780357,0.1199643416544551,-0.021650288355758107,GAN–LSTM original,60
1999-06-01,0.115469127676,0.020721233205958187,5.572502684965582,0.7745160485465417,0.12154314766139472,-0.021650288355757996,GAN–LSTM original,60
1999-07-01,0.11686035855600002,0.02073993386545279,5.634557916824328,0.7867803714006057,0.12308915768191818,-0.021650288355758107,GAN–LSTM original,60
1999-08-01,0.115556446156,0.020842450969220886,5.544282979321775,0.7752616134084177,0.12163737534321999,-0.021650288355758107,GAN–LSTM original,60
1999-09-01,0.11509595399600002,0.02095141157069211,5.493470146756223,0.7711977830971252,0.12112338648980384,-0.021650288355757996,GAN–LSTM original,60
1999-10-01,0.117137646996,0.02132056461952334,5.494115614965304,0.7891284885502119,0.12338418663933125,-0.021650288355757996,GAN–LSTM original,60
1999-11-01,0.11703310131600002,0.021340394441986935,5.484111441058417,0.7881988128547796,0.12326741468870886,-0.021650288355758107,GAN–LSTM original,60
1999-12-01,0.110994775116,0.022430946484391947,4.9482876343730355,0.7353021887136362,0.11654189385589385,-0.021650288355757996,GAN–LSTM original,60
2000-01-01,0.11274453231599998,0.022903854102319723,4.922513556553834,0.7503176884674568,0.11846751878123642,-0.021650288355757996,GAN–LSTM original,60
2000-02-01,0.100740768516,0.03376016733889231,2.984012712518307,0.6466425867959693,0.10489210073055466,-0.04673791699999996,GAN–LSTM original,60
2000-03-01,0.10594436011599997,0.035903758588482285,2.9507874462476553,0.6890627104611744,0.11052708412068442,-0.04673791699999996,GAN–LSTM original,60
2000-04-01,0.10564449871599998,0.03589938404394821,2.9427941879634876,0.6865555828507365,0.11019721032022545,-0.04673791700000007,GAN–LSTM original,60
2000-05-01,0.10462878351600001,0.036103264106192495,2.8980422160237276,0.6780250380303101,0.10907186274365566,-0.04673791699999996,GAN–LSTM original,60
2000-06-01,0.11004667291600001,0.037468460089689154,2.9370481907337167,0.7232705406866853,0.11498928220078501,-0.04673791699999996,GAN–LSTM original,60
2000-07-01,0.11320678399600002,0.037792986253701116,2.995444266723261,0.750356526169163,0.11847248225987919,-0.04673791699999996,GAN–LSTM original,60
2000-08-01,0.11412935079600002,0.03782137246629725,3.0175888222380363,0.7583639349479898,0.11949395673613665,-0.04673791699999996,GAN–LSTM original,60
2000-09-01,0.11492836079600002,0.03790561081938452,3.0319617152093716,0.7653085567262603,0.12037684667173205,-0.04673791699999996,GAN–LSTM original,60
2000-10-01,0.114028710396,0.03790157371741038,3.0085481739144786,0.7574615965073743,0.11937903515150487,-0.04673791700000007,GAN–LSTM original,60
2000-11-01,0.114667140596,0.037945950075035303,3.021854515943183,0.7630130067560872,0.12008531465279827,-0.04673791699999996,GAN–LSTM original,60
2000-12-01,0.11401356139599998,0.037955746251960104,3.0038550853182637,0.757312056528383,0.11935998522002617,-0.04673791699999996,GAN–LSTM original,60
2001-01-01,0.11391262319599998,0.03795557138992361,3.0012095464393753,0.7564337772802822,0.11924807484653367,-0.04673791699999996,GAN–LSTM original,60
2001-02-01,0.12370700471599999,0.04319248693261722,2.8640861756580507,0.841842500828618,0.12992729048245882,-0.04673791699999985,GAN–LSTM original,60
2001-03-01,0.125671857856,0.04314335719544733,2.9128900953786085,0.8598579959018954,0.13212910961133736,-0.04673791699999996,GAN–LSTM original,60
2001-04-01,0.127590635728,0.04290452706971894,2.9738268766060036,0.8776941248582392,0.1342922622388053,-0.04673791699999996,GAN–LSTM original,60
2001-05-01,0.130319757328,0.04282656117286171,3.042965714711198,0.9032474376584273,0.13736288165961888,-0.04673791699999996,GAN–LSTM original,60
2001-06-01,0.129068829148,0.04296533685990503,3.0040222789093542,0.8914515519219829,0.13594955129039066,-0.04673791699999996,GAN–LSTM original,60
2001-07-01,0.130815820748,0.04323181994971776,3.0259151916377744,0.9077607081679745,0.13790178838206396,-0.04673791699999996,GAN–LSTM original,60
2001-08-01,0.130439455748,0.04320644158817468,3.018981683131721,0.9042227882249938,0.13747942984790867,-0.04673791699999996,GAN–LSTM original,60
2001-09-01,0.132737163048,0.04321993465378806,3.071202307714875,0.9259803942157826,0.14006699332903247,-0.04673791699999996,GAN–LSTM original,60
2001-10-01,0.13013146788799998,0.04329082559694436,3.0059825862315077,0.9012900185153844,0.13712883828053735,-0.04673791699999996,GAN–LSTM original,60
2001-11-01,0.12742989286,0.0443095160413262,2.8759035133931463,0.8756325131978593,0.1340430738530885,-0.04673791699999996,GAN–LSTM original,60
2001-12-01,0.12452727358,0.04439211537461186,2.805166469972232,0.8488529445786196,0.13078613255274277,-0.04673791699999996,GAN–LSTM original,60
2002-01-01,0.12526092158,0.04455034793667262,2.811671005534137,0.8555139815815554,0.13159975885005176,-0.04673791699999985,GAN–LSTM original,60
2002-02-01,0.12789848888,0.04514685312847118,2.832943605527685,0.8796440297432063,0.13452774722412197,-0.04673791699999985,GAN–LSTM original,60
2002-03-01,0.12743630728000002,0.04512566593523441,2.824031615686294,0.8753597406748949,0.13401008724356522,-0.04673791699999996,GAN–LSTM original,60
2002-04-01,0.13066431428,0.04560481985808867,2.86514264690873,0.9053457037967323,0.13761355198866224,-0.04673791699999996,GAN–LSTM original,60
2002-05-01,0.13193034548,0.0456585562428552,2.88949884394658,0.9172908141850327,0.13903638775624008,-0.04673791699999996,GAN–LSTM original,60
2002-06-01,0.13303946868,0.04585562213752877,2.9012684263882,0.9277518372133097,0.1402766342060575,-0.04673791700000007,GAN–LSTM original,60
2002-07-01,0.13660694767999998,0.04678924306255884,2.9196229461834156,0.9616484645566671,0.14425873531620453,-0.04673791699999985,GAN–LSTM original,60
2002-08-01,0.13919149343999998,0.04666616982911941,2.9827066148708288,0.9869274053240827,0.14719276664503378,-0.04673791699999996,GAN–LSTM original,60
2002-09-01,0.14174362835999998,0.046784634222307664,3.0297047463591014,1.0120933413078823,0.15008416734463395,-0.04673791699999996,GAN–LSTM original,60
2002-10-01,0.14123991224000002,0.04684731532487407,3.014898746289677,1.0070620710436948,0.14950843058043944,-0.04673791699999996,GAN–LSTM original,60
2002-11-01,0.13118262203999997,0.05145919838390331,2.549255063425833,0.9075230486932169,0.13787343612416328,-0.04673791699999985,GAN–LSTM original,60
2002-12-01,0.13951105024,0.054325291132320534,2.56806815632505,0.9862744185003446,0.14711735369811932,-0.04673791699999985,GAN–LSTM original,60
2003-01-01,0.13758228132,0.0544480664832111,2.526853389044092,0.9673631560859289,0.14492465270386612,-0.04673791699999996,GAN–LSTM original,60
2003-02-01,0.13444862670000002,0.054749208777586725,2.4557181683882288,0.9369612243674149,0.14136403966976233,-0.04673791699999996,GAN–LSTM original,60
2003-03-01,0.13209609392519997,0.054971306360159435,2.4030008139107437,0.9144432950164323,0.1386978521026515,-0.04673791699999996,GAN–LSTM original,60
2003-04-01,0.12904578836519998,0.0557940938725484,2.312893344230698,0.8853489122611476,0.13521559067039138,-0.04673791699999996,GAN–LSTM original,60
2003-05-01,0.1193228425652,0.058742478157991,2.0312871759389326,0.7952509820084287,0.12415199253234488,-0.04673791699999985,GAN–LSTM original,60
2003-06-01,0.11726839416519999,0.0589750696403493,1.988440113430028,0.7769620846906725,0.1218521698014269,-0.04673791699999996,GAN–LSTM original,60
2003-07-01,0.11429373390519999,0.059398628810431404,1.9241813522322937,0.7507596401581592,0.1185239952365643,-0.05205582713392165,GAN–LSTM original,60
2003-08-01,0.11229822850519999,0.05942263045427135,1.8898225751150317,0.7335277330242802,0.11631345352899174,-0.05205582713392187,GAN–LSTM original,60
2003-09-01,0.1120967265052,0.05940079408291438,1.8871250500242502,0.7318091848680058,0.11609203225166806,-0.05205582713392176,GAN–LSTM original,60
2003-10-01,0.11104249318519999,0.05944136867345433,1.8681012174403373,0.7227677447167508,0.11492421086771222,-0.05205582713392165,GAN–LSTM original,60
2003-11-01,0.10752769638519999,0.059327795176315076,1.812433717882834,0.6930800534208361,0.11105484780105143,-0.05205582713392165,GAN–LSTM original,60
2003-12-01,0.10716559086520001,0.059336368509068343,1.8060692549599147,0.6900403586719814,0.11065561144299056,-0.05205582713392176,GAN–LSTM original,60
2004-01-01,0.1077325041252,0.05933865604894481,1.815553490735248,0.6947939252640771,0.11127969659635996,-0.05205582713392176,GAN–LSTM original,60
2004-02-01,0.10591750304519999,0.05930119943353781,1.7860937730932016,0.6796359347692251,0.10928472185480742,-0.05205582713392176,GAN–LSTM original,60
2004-03-01,0.10835105164520001,0.05879555343768209,1.8428443191718944,0.7002677716444959,0.11199661335321145,-0.05205582713392165,GAN–LSTM original,60
2004-04-01,0.1109353732452,0.058131717918414046,1.9083450002440001,0.7225124972871669,0.11489117119571234,-0.05205582713392165,GAN–LSTM original,60
2004-05-01,0.11076555254520001,0.058136484308159306,1.905267472970572,0.7210615575660657,0.11470328458197399,-0.05205582713392165,GAN–LSTM original,60
2004-06-01,0.10973666104519998,0.05803660233078211,1.890818149893599,0.7123590420203191,0.11357370232298883,-0.05205582713392165,GAN–LSTM original,60
2004-07-01,0.1084875423652,0.0580103027103666,1.8701426694298726,0.7018061443365475,0.11219776360448235,-0.05205582713392165,GAN–LSTM original,60
2004-08-01,0.1080436695652,0.05805116497849378,1.8611800401460836,0.6980472207588835,0.11170600783191607,-0.05205582713392176,GAN–LSTM original,60
2004-09-01,0.11133995272519998,0.05819942895841316,1.913076377514954,0.7259354243218281,0.11533391531262228,-0.05205582713392176,GAN–LSTM original,60
2004-10-01,0.1080273431452,0.05813220690618681,1.8583045250549919,0.6978707374057475,0.11168289825538066,-0.05205582713392176,GAN–LSTM original,60
2004-11-01,0.11066366254519999,0.058264866041219415,1.8993206380481693,0.7201300747960375,0.11458259723532699,-0.05205582713392187,GAN–LSTM original,60
2004-12-01,0.11282672416519998,0.0577633156701199,1.9532591378504185,0.7389131393800649,0.11700618486550207,-0.05205582713392176,GAN–LSTM original,60
2005-01-01,0.1127144637652,0.05774359597044243,1.9519820660787361,0.7379560563968409,0.1168831996481829,-0.05205582713392154,GAN–LSTM original,60
2005-02-01,0.1245667331652,0.05190802926805353,2.3997584751664576,0.8459993938647015,0.13043686199300536,-0.05205582713392176,GAN–LSTM original,60
2005-03-01,0.11804963794519999,0.0506925350023405,2.3287381059114436,0.7879351770216939,0.1232342918610049,-0.05205582713392176,GAN–LSTM original,60
2005-04-01,0.11540381208520001,0.05109551148821026,2.258590015520799,0.7644838057231728,0.12027213923621043,-0.05205582713392165,GAN–LSTM original,60
2005-05-01,0.1176224571452,0.050870653154264096,2.3121868867795454,0.7840772996545661,0.12274914619236818,-0.05205582713392176,GAN–LSTM original,60
2005-06-01,0.11325009714520001,0.04989800201072856,2.269631900709173,0.7462747233823188,0.11795034307789326,-0.05205582713392187,GAN–LSTM original,60
2005-07-01,0.10780240888519999,0.05009008496651876,2.152170613351072,0.6996903144149023,0.11192107022451682,-0.05205582713392176,GAN–LSTM original,60
2005-08-01,0.10666846908519999,0.05006357112895065,2.1306604119480395,0.6901767073742505,0.11067353191024154,-0.05205582713392187,GAN–LSTM original,60
2005-09-01,0.10355333044639997,0.05012660161704868,2.065835845755404,0.6642537080320581,0.1072454559528172,-0.05205582713392176,GAN–LSTM original,60
2005-10-01,0.10306004904640001,0.05015002936798244,2.055034669873936,0.6601793789581938,0.10670278550117815,-0.05205582713392176,GAN–LSTM original,60
2005-11-01,0.10091736642640001,0.05015407404587974,2.012146936140885,0.6426346264572305,0.10435371048718309,-0.052055827133921984,GAN–LSTM original,60
2005-12-01,0.0998667625264,0.05023082837533677,1.9881567904907251,0.6340685860161382,0.1031994996720443,-0.05205582713392165,GAN–LSTM original,60
2006-01-01,0.0993776811264,0.05023291415550112,1.9783379642034349,0.6301094838133443,0.10266440357355927,-0.05205582713392176,GAN–LSTM original,60
2006-02-01,0.0895765068264,0.04537256977393996,1.9742436294152519,0.5544666813057897,0.09223548897298783,-0.05205582713392187,GAN–LSTM original,60
2006-03-01,0.08755901132639998,0.045292499723122985,1.933190083604479,0.5390059400435482,0.09005411620740984,-0.05205582713392176,GAN–LSTM original,60
2006-04-01,0.0863751289664,0.045298056441154845,1.9068175491945654,0.5299860778893435,0.08877338442827064,-0.05205582713392176,GAN–LSTM original,60
2006-05-01,0.0832571896864,0.04519595901951707,1.842137914375196,0.5065176389171706,0.08541256353970905,-0.052055827133921984,GAN–LSTM original,60
2006-06-01,0.08378127186640001,0.04516431476717508,1.8550325029461376,0.5104538336252475,0.08597915989929363,-0.05205582713392176,GAN–LSTM original,60
2006-07-01,0.0812831306664,0.04468346128308732,1.81908760718959,0.49198917790765373,0.08331095405896041,-0.05205582713392165,GAN–LSTM original,60
2006-08-01,0.0798803492664,0.044600602295089796,1.7910150346824856,0.4816573613769082,0.0818064254170322,-0.05205582713392165,GAN–LSTM original,60
2006-09-01,0.07768886906639999,0.044358213801212694,1.751397597174575,0.46569306153204953,0.07946510146963683,-0.05205582713392165,GAN–LSTM original,60
2006-10-01,0.07801743082639999,0.04434039970500775,1.7595112210409052,0.4680930865678911,0.07981838799308438,-0.05205582713392165,GAN–LSTM original,60
2006-11-01,0.0800371795664,0.04369459841670289,1.831740820755653,0.483107230722237,0.08201806198618247,-0.05205582713392176,GAN–LSTM original,60
2006-12-01,0.08197502464640001,0.043697866330565174,1.8759502815601146,0.49744900024133953,0.08410265505128597,-0.05205582713392165,GAN–LSTM original,60
2007-01-01,0.07770719524639999,0.04325509929340667,1.7964863453277244,0.46617748190774966,0.07953644598054845,-0.05205582713392176,GAN–LSTM original,60
2007-02-01,0.07275806752640002,0.0422546371601644,1.7218954513942137,0.4308596336723998,0.07428473916865101,-0.05205582713392165,GAN–LSTM original,60
2007-03-01,0.07235865832640001,0.04221200818572765,1.714172375027286,0.42803477567261355,0.07386022496745001,-0.05205582713392165,GAN–LSTM original,60
2007-04-01,0.0679109116464,0.0412965443368778,1.6444695975628054,0.3970685284020158,0.06916206687527582,-0.05205582713392176,GAN–LSTM original,60
2007-05-01,0.0653472282464,0.04104236974045256,1.5921894534757297,0.37944309243032787,0.06645063645414008,-0.05205582713392176,GAN–LSTM original,60
2007-06-01,0.061319272566400004,0.040389886907427064,1.518183814352903,0.35225794360847906,0.06221372394318919,-0.05205582713392143,GAN–LSTM original,60
2007-07-01,0.0537774039064,0.038745653448393376,1.3879596579272537,0.30285959995325645,0.054337184331069516,-0.05205582713392187,GAN–LSTM original,60
2007-08-01,0.0510594368664,0.038424108559266396,1.328838554254148,0.2854281124177993,0.05150068210254798,-0.05205582713392165,GAN–LSTM original,60
2007-09-01,0.0473998137464,0.037751199001048695,1.25558432581395,0.2623741548128078,0.047701628328005403,-0.05205582713392176,GAN–LSTM original,60
2007-10-01,0.047061689186399996,0.03775187229346125,1.2466054351045057,0.26024995285205044,0.047348796432328207,-0.05205582713392143,GAN–LSTM original,60
2007-11-01,0.0529772454864,0.03348146754783579,1.582285645356199,0.2989307020081192,0.05370052494605917,-0.05205582713392165,GAN–LSTM original,60
2007-12-01,0.0446212584864,0.02640903097376051,1.6896211955196234,0.24726057142870808,0.04518083751882949,-0.05205582713392165,GAN–LSTM original,60
2008-01-01,0.04534786140639999,0.026445583549666515,1.7147612311611038,0.25177715572605047,0.045936705942124324,-0.05205582713392176,GAN–LSTM original,60
2008-02-01,0.05003246162640001,0.02748634059953012,1.8202663772293979,0.2811488284368243,0.05079964345717449,-0.050440596332044896,GAN–LSTM original,60
2008-03-01,0.05154748170119999,0.027464312341151775,1.8768895816831592,0.2908532182580384,0.05238675211880287,-0.050440596332044896,GAN–LSTM original,60
2008-04-01,0.0566671401012,0.026824259255984837,2.112533269247941,0.32428749348098057,0.05778268941092518,-0.03921502779540431,GAN–LSTM original,60
2008-05-01,0.06325089560120001,0.021401149555747255,2.9554905654221755,0.3692911445123617,0.0648762962234651,-0.008145486689732251,GAN–LSTM original,60
2008-06-01,0.0621680128012,0.02189510492472768,2.8393566970756687,0.36186281128453957,0.06371840117940825,-0.0073561799999999344,GAN–LSTM original,60
2008-07-01,0.0672899292612,0.022172870355189573,3.034786574010286,0.39695769144713455,0.06914510186230499,-0.0073561800000001565,GAN–LSTM original,60
2008-08-01,0.0667032746012,0.02226031961168941,2.9965101923411988,0.3928752926989503,0.06851948697633779,-0.0073561800000000455,GAN–LSTM original,60
2008-09-01,0.06452589366119998,0.021828383505020397,2.956054608732681,0.3779394765785731,0.06621804524409057,-0.0073561800000001565,GAN–LSTM original,60
2008-10-01,0.0696322215812,0.024381200427923008,2.8559800321173863,0.4129672865595421,0.07158449582407146,-0.0073561800000000455,GAN–LSTM original,60
2008-11-01,0.07161118178120002,0.024486591780255883,2.9245058856635895,0.4269170832104056,0.073692074802122,-0.0073561800000000455,GAN–LSTM original,60
2008-12-01,0.0759742363012,0.026438918901378824,2.87357575340336,0.4578404754653227,0.07830594787819752,-0.0073561800000000455,GAN–LSTM original,60
2009-01-01,0.0746387095012,0.026388536774310325,2.8284519956355445,0.44820776116395356,0.07687718038065051,-0.0073561800000000455,GAN–LSTM original,60
2009-02-01,0.07385883808120002,0.026463740460566893,2.790944771819223,0.44259206683172336,0.07604072374640876,-0.0073561800000000455,GAN–LSTM original,60
2009-03-01,0.0742025611812,0.026430373642580295,2.8074730302585262,0.4450645469508496,0.0764093195941752,-0.0073561800000001565,GAN–LSTM original,60
2009-04-01,0.06371757608119999,0.036831789381709786,1.7299614585883072,0.36935107208026513,0.06488561700665609,-0.051844760000000045,GAN–LSTM original,60
2009-05-01,0.06213902730120001,0.03691779438831201,1.683172798667325,0.35862019667370515,0.06321137234113991,-0.05251929460971494,GAN–LSTM original,60
2009-06-01,0.0624956440012,0.03699453550613643,1.689320953653644,0.3610134029890472,0.0635856775705771,-0.05251929460971472,GAN–LSTM original,60
2009-07-01,0.058796034681199996,0.03769898907659445,1.5596183378217885,0.33601707561550737,0.05964990072772812,-0.05251929460971472,GAN–LSTM original,60
2009-08-01,0.055285765081200006,0.0387059535051315,1.4283530070863752,0.3126282895237252,0.055913523199434385,-0.06431310450984495,GAN–LSTM original,60
2009-09-01,0.0511232101812,0.03814742947316925,1.340148232455798,0.28584442622261214,0.051568783546110816,-0.06507723929501186,GAN–LSTM original,60
2009-10-01,0.0510629814612,0.03815116988535434,1.3384381557537064,0.28545799039444275,0.05150557018931471,-0.06507723929501164,GAN–LSTM original,60
2009-11-01,0.0474761562072,0.03762494232648264,1.2618266838852665,0.26282608991889006,0.04777663388072597,-0.06507723929501164,GAN–LSTM original,60
2009-12-01,0.049574146387199994,0.03776237572653728,1.3127920432284153,0.27605629779830576,0.04996293221739706,-0.06507723929501175,GAN–LSTM original,60
2010-01-01,0.045500487707200006,0.037206355626021724,1.2229224534793581,0.2505563852405296,0.045732620568856415,-0.06507723929501186,GAN–LSTM original,60
2010-02-01,0.044890440307200005,0.037087587485819286,1.2103898730097822,0.24678907157268995,0.045101803969634806,-0.06507723929501186,GAN–LSTM original,60
2010-03-01,0.0443783847672,0.03710988477679119,1.1958642564946627,0.24360771174057294,0.04456791356165749,-0.06507723929501186,GAN–LSTM original,60
2010-04-01,0.0441547565072,0.03716339890766677,1.1881248164868718,0.2422107021092642,0.044333124475884694,-0.06507723929501186,GAN–LSTM original,60
2010-05-01,0.0410093080072,0.037275223103297415,1.1001760577946011,0.22286928745568596,0.04106059300504219,-0.06507723929501186,GAN–LSTM original,60
2010-06-01,0.0390334759944,0.03718913036971,1.0495936744515058,0.2109067592884579,0.03901577343100575,-0.06507723929501186,GAN–LSTM original,60
2010-07-01,0.0434367864544,0.03735459169936649,1.1628232160582457,0.23773230423134994,0.04357903366717686,-0.06507723929501186,GAN–LSTM original,60
2010-08-01,0.0421959759144,0.037334580425282086,1.1302116009806793,0.23010878855490663,0.04229031971228519,-0.06507723929501164,GAN–LSTM original,60
2010-09-01,0.043725468033199995,0.0373428327978378,1.1709199532321435,0.2395163941291621,0.043879707125771626,-0.06507723929501186,GAN–LSTM original,60
2010-10-01,0.0440258331332,0.03735963212221139,1.1784332615798256,0.24136868033632256,0.04419150763925922,-0.06507723929501186,GAN–LSTM original,60
2010-11-01,0.0437510932932,0.03736916555785539,1.1707805791238242,0.2396685944940893,0.04390534148933306,-0.06507723929501175,GAN–LSTM original,60
2010-12-01,0.0428964124132,0.037453110588044514,1.14533644174519,0.23438194620854366,0.04301345818836855,-0.06507723929501175,GAN–LSTM original,60
2011-01-01,0.041063558113200005,0.03751254881527662,1.0946619040846746,0.22314686292291475,0.04110785016487363,-0.06507723929501208,GAN–LSTM original,60
2011-02-01,0.0385577364732,0.037679633548443586,1.0233044443924184,0.20792958958409663,0.03850435950246284,-0.06507723929501164,GAN–LSTM original,60
2011-03-01,0.03965982577320001,0.037785722681584324,1.0495981804399643,0.2145584037998847,0.03964167593311345,-0.06507723929501197,GAN–LSTM original,60
2011-04-01,0.040559770733199996,0.03785668637396562,1.0714030893388837,0.22000140242218688,0.040571833191598274,-0.06507723929501197,GAN–LSTM original,60
2011-05-01,0.0413543598132,0.03784258242908709,1.0927996230355999,0.22484474569617457,0.04139672772310403,-0.06507723929501175,GAN–LSTM original,60
2011-06-01,0.0404811945532,0.037843749426547564,1.0696930184407745,0.2195267593699155,0.04049085343715352,-0.06507723929501164,GAN–LSTM original,60
2011-07-01,0.0381284298132,0.037836153286093396,1.0077247949836916,0.2053123638171427,0.03805394267351983,-0.06507723929501164,GAN–LSTM original,60
2011-08-01,0.0370537400212,0.037835421140033125,0.9793399651628023,0.19887331616877238,0.03694246185079927,-0.06507723929501197,GAN–LSTM original,60
2011-09-01,0.0357284796812,0.03784730807027952,0.9440164044125667,0.1909766498202643,0.035572834534425814,-0.06507723929501186,GAN–LSTM original,60
2011-10-01,0.0481875450812,0.04736716082023672,1.0173196840755712,0.26480682088423874,0.04810511343759873,-0.06507723929501186,GAN–LSTM original,60
2011-11-01,0.05093095154119999,0.04738391092906858,1.0748574894428016,0.28219864117202553,0.05097179854507299,-0.06507723929501152,GAN–LSTM original,60
2011-12-01,0.050220864541200005,0.04729873087784202,1.0617803820340328,0.2776987861877947,0.050233087179066195,-0.06507723929501197,GAN–LSTM original,60
2012-01-01,0.052715449341199996,0.04742733807424888,1.1114992213704344,0.29362755196009427,0.05283872686109772,-0.06507723929501197,GAN–LSTM original,60
2012-02-01,0.052869957901200006,0.04742253684377757,1.1148698787533802,0.29462440317894695,0.05300093741648974,-0.06507723929501164,GAN–LSTM original,60
2012-03-01,0.052843694301200006,0.04741972048116457,1.114382239393205,0.29445600483424617,0.05297354215941506,-0.06507723929501152,GAN–LSTM original,60
2012-04-01,0.052872007981199995,0.047419114611049036,1.1149935719989252,0.2946386526309351,0.053003255404657494,-0.06507723929501175,GAN–LSTM original,60
2012-05-01,0.05185737976119999,0.04749769138223278,1.0917873743353768,0.28809188095953747,0.051936122334180365,-0.06507723929501186,GAN–LSTM original,60
2012-06-01,0.054089662841199995,0.04763705497758465,1.1354535427652188,0.3024429284125265,0.054269737538034574,-0.06507723929501175,GAN–LSTM original,60
2012-07-01,0.05728955250119999,0.04749755402876301,1.2061579521864902,0.32339512256942665,0.05764009363192944,-0.06507723929501186,GAN–LSTM original,60
2012-08-01,0.05630540658120001,0.04760218794718469,1.1828323236669636,0.3168969461756176,0.056599396056407576,-0.06507723929501208,GAN–LSTM original,60
2012-09-01,0.056033905821200006,0.04762159207459343,1.1766491496846576,0.3151127447859168,0.05631293345849711,-0.06507723929501175,GAN–LSTM original,60
2012-10-01,0.05743300010119999,0.04767401602966048,1.2047023700597812,0.32428492049481233,0.05778227837293571,-0.06507723929501197,GAN–LSTM original,60
2012-11-01,0.059902189861199995,0.04738984615425143,1.2640300554304722,0.340745654752728,0.060398927046271034,-0.06507723929501186,GAN–LSTM original,60
2012-12-01,0.057912464181199996,0.04744696420064589,1.2205725941979577,0.32751978586482766,0.05829854865714822,-0.06507723929501175,GAN–LSTM original,60
2013-01-01,0.057122701341200004,0.047444847936271094,1.2039811238920692,0.32231355217807406,0.057467161704383526,-0.06507723929501186,GAN–LSTM original,60
2013-02-01,0.0542765343412,0.046846005956712164,1.15861604917512,0.3038951738345808,0.054504738390796385,-0.06507723929501175,GAN–LSTM original,60
2013-03-01,0.05341621154120001,0.04682795795719536,1.1406906017560459,0.2983287394419899,0.053602843694432155,-0.06507723929501186,GAN–LSTM original,60
2013-04-01,0.05094659252119999,0.04664872471438399,1.0921325895430267,0.2825168676972238,0.051023961118860345,-0.06507723929501197,GAN–LSTM original,60
2013-05-01,0.0498187289412,0.04677968448485658,1.064965048178707,0.2752958582457448,0.049837761606065505,-0.06507723929501186,GAN–LSTM original,60
2013-06-01,0.051612394321199996,0.04650671868309815,1.109783613694453,0.28681788651059004,0.051727955306258296,-0.06507723929501208,GAN–LSTM original,60
2013-07-01,0.04765348361119999,0.04604814762773106,1.0348621185904592,0.26183050110219264,0.04761137219905989,-0.06507723929501197,GAN–LSTM original,60
2013-08-01,0.0471189534112,0.046100127840903,1.0221002764637246,0.25846078020878965,0.04705124389387389,-0.06507723929501186,GAN–LSTM original,60
2013-09-01,0.047036011751199994,0.04609964749489038,1.0203117443883578,0.2579411710381923,0.04696476566361738,-0.06507723929501186,GAN–LSTM original,60
2013-10-01,0.043619493351199995,0.04477720773941228,0.9741450070993756,0.23707627273247278,0.04346838520006234,-0.06507723929501197,GAN–LSTM original,60
2013-11-01,0.0425826460712,0.04463922065144792,0.9539289765763146,0.23073986158469048,0.04239724137306576,-0.06507723929501164,GAN–LSTM original,60
2013-12-01,0.0373851883112,0.04320439817989507,0.8653097806277739,0.19964105516140931,0.03707523606548385,-0.06507723929501186,GAN–LSTM original,60
2014-01-01,0.035845832991200005,0.0433099648669339,0.8276578635270937,0.19044386007305497,0.035480164145746965,-0.06507723929501175,GAN–LSTM original,60
2014-02-01,0.035414136843199995,0.04333347186531215,0.8172466991168673,0.1878786436659168,0.035033520123081544,-0.06507723929501175,GAN–LSTM original,60
2014-03-01,0.035312982263199996,0.04333052737630579,0.8149677467925306,0.18728051520566277,0.034929265747167704,-0.06507723929501186,GAN–LSTM original,60
2014-04-01,0.0442051632632,0.03594355147332708,1.22984962395838,0.24295448500296096,0.04445815497886697,-0.02691357267802208,GAN–LSTM original,60
2014-05-01,0.0450359393432,0.03588912785129068,1.25486301951415,0.2481212450018551,0.0453250433652319,-0.02691357267802208,GAN–LSTM original,60
2014-06-01,0.0427934054632,0.03558973545144386,1.2024086417159328,0.23432020387911634,0.04300302391894076,-0.02691357267802219,GAN–LSTM original,60
2014-07-01,0.0463365334632,0.03497085433651136,1.3250043312445552,0.2564370405124453,0.04671427296532112,-0.01578554107179131,GAN–LSTM original,60
2014-08-01,0.0491751362632,0.033994187471763936,1.4465748388322437,0.27454088486516254,0.049713431661347514,-0.011362816540884002,GAN–LSTM original,60
2014-09-01,0.0512784141632,0.0340100213070039,1.5077442527988036,0.28795540830183824,0.05191383097361544,-0.011362816540884113,GAN–LSTM original,60
2014-10-01,0.05283505326319999,0.034069082869726514,1.550821120287589,0.2979624250200004,0.053543383640968494,-0.011362816540883891,GAN–LSTM original,60
2014-11-01,0.052854417543200014,0.03406700367371576,1.5514841883197255,0.29808800798539825,0.05356376974453312,-0.011362816540884224,GAN–LSTM original,60
2014-12-01,0.048644651143200004,0.034435189835656764,1.4126436176294777,0.27108230312255105,0.04914311385070153,-0.011362816540883891,GAN–LSTM original,60
2015-01-01,0.051254831423200004,0.03453030613148391,1.4843433831148998,0.2876894471324853,0.05187038360854061,-0.011362816540884002,GAN–LSTM original,60
2015-02-01,0.051139887023200006,0.0345139266083721,1.4817174412949845,0.28695632865091814,0.0517505843363975,-0.011362816540884113,GAN–LSTM original,60
2015-03-01,0.0536678165832,0.03471671262710885,1.545878411923513,0.30320961159708565,0.054393827524492185,-0.011362816540884002,GAN–LSTM original,60
2015-04-01,0.0535692537832,0.03474642936582337,1.5417196748247974,0.3025636528909218,0.054289281034752376,-0.009924461869394219,GAN–LSTM original,60
2015-05-01,0.0594125928832,0.03545600657649275,1.6756707429818227,0.34083605001226336,0.060413225425819006,-0.009924461869394108,GAN–LSTM original,60
2015-06-01,0.060201820355999996,0.03538932130744947,1.7011295535449413,0.34612707880368954,0.06124879988311841,-0.009924461869394219,GAN–LSTM original,60
2015-07-01,0.058714615755999996,0.03508662047761405,1.673418954483264,0.33627337959614423,0.05969055464658464,-0.00992446186939433,GAN–LSTM original,60
2015-08-01,0.059005018996,0.03506086458812666,1.6829310882419597,0.33821159962286035,0.05999778561732471,-0.009924461869393997,GAN–LSTM original,60
2015-09-01,0.060727172116,0.03539922315753612,1.7154944854509278,0.3496476519772353,0.061803324291137204,-0.009924461869394219,GAN–LSTM original,60
2015-10-01,0.061767470516000005,0.03551637583277659,1.7391265034141623,0.356622522870512,0.06289852555577873,-0.009924461869394219,GAN–LSTM original,60
2015-11-01,0.062845226376,0.03549136784347202,1.770718633701778,0.3639208449747289,0.06403970317651274,-0.009924461869394219,GAN–LSTM original,60
2015-12-01,0.066136357556,0.03555184699756598,1.8602790893122363,0.38641456205454394,0.0675263958143652,-0.009290888999999969,GAN–LSTM original,60
2016-01-01,0.067668299376,0.035377130716159236,1.912769577581686,0.3970585685509692,0.06916054243677039,-0.009290888999999969,GAN–LSTM original,60
2016-02-01,0.068724591164,0.03512253582225979,1.9567092624457956,0.40447753800639896,0.07029367658306791,-0.009290888999999969,GAN–LSTM original,60
2016-03-01,0.068003976164,0.03507843841243012,1.938626097446306,0.3994654492404873,0.0695286830989106,-0.009290888999999969,GAN–LSTM original,60
2016-04-01,0.060068687764,0.03865160980248298,1.5541057169665717,0.3444117074560288,0.060978191790281425,-0.031101767000000002,GAN–LSTM original,60
2016-05-01,0.06370488056399999,0.03945798947906853,1.6144988988299525,0.3687393935547382,0.06479046477098639,-0.031101767000000002,GAN–LSTM original,60
2016-06-01,0.064466928104,0.03941433657358247,1.6356212918526976,0.3739484884117998,0.0655997013845196,-0.031101767000000002,GAN–LSTM original,60
2016-07-01,0.06487853056399999,0.03934279239232649,1.6490575940068262,0.37678313352474174,0.0660390347844925,-0.031101767000000002,GAN–LSTM original,60
2016-08-01,0.06390110315599999,0.03952466999863637,1.616739701007108,0.37005777763741615,0.06499550924564805,-0.031101767000000002,GAN–LSTM original,60
2016-09-01,0.063643306116,0.039567556646636234,1.6084719783022163,0.3682906978906266,0.06472064439067256,-0.031101767000000002,GAN–LSTM original,60
2016-10-01,0.052660602116,0.028267659054472285,1.8629275956145526,0.29788434249634205,0.053530707572050744,-0.031101767000000002,GAN–LSTM original,60
2016-11-01,0.050989385836000004,0.028102767032258016,1.8143902263243818,0.28716006061297183,0.05178388175889724,-0.03110176699999989,GAN–LSTM original,60
2016-12-01,0.049799847976,0.028062739367239305,1.7745896907746925,0.2795660832415256,0.05053988119877058,-0.031101767000000002,GAN–LSTM original,60
1992-01-01,,,,,,,GAN–LSTM reduced schedule,36
1992-02-01,,,,,,,GAN–LSTM reduced schedule,36
1992-03-01,,,,,,,GAN–LSTM reduced schedule,36
1992-04-01,,,,,,,GAN–LSTM reduced schedule,36
1992-05-01,,,,,,,GAN–LSTM reduced schedule,36
1992-06-01,,,,,,,GAN–LSTM reduced schedule,36
1992-07-01,,,,,,,GAN–LSTM reduced schedule,36
1992-08-01,,,,,,,GAN–LSTM reduced schedule,36
1992-09-01,,,,,,,GAN–LSTM reduced schedule,36
1992-10-01,,,,,,,GAN–LSTM reduced schedule,36
1992-11-01,,,,,,,GAN–LSTM reduced schedule,36
1992-12-01,,,,,,,GAN–LSTM reduced schedule,36
1993-01-01,,,,,,,GAN–LSTM reduced schedule,36
1993-02-01,,,,,,,GAN–LSTM reduced schedule,36
1993-03-01,,,,,,,GAN–LSTM reduced schedule,36
1993-04-01,,,,,,,GAN–LSTM reduced schedule,36
1993-05-01,,,,,,,GAN–LSTM reduced schedule,36
1993-06-01,,,,,,,GAN–LSTM reduced schedule,36
1993-07-01,,,,,,,GAN–LSTM reduced schedule,36
1993-08-01,,,,,,,GAN–LSTM reduced schedule,36
1993-09-01,,,,,,,GAN–LSTM reduced schedule,36
1993-10-01,,,,,,,GAN–LSTM reduced schedule,36
1993-11-01,,,,,,,GAN–LSTM reduced schedule,36
1993-12-01,,,,,,,GAN–LSTM reduced schedule,36
1994-01-01,,,,,,,GAN–LSTM reduced schedule,36
1994-02-01,,,,,,,GAN–LSTM reduced schedule,36
1994-03-01,,,,,,,GAN–LSTM reduced schedule,36
1994-04-01,,,,,,,GAN–LSTM reduced schedule,36
1994-05-01,,,,,,,GAN–LSTM reduced schedule,36
1994-06-01,,,,,,,GAN–LSTM reduced schedule,36
1994-07-01,,,,,,,GAN–LSTM reduced schedule,36
1994-08-01,,,,,,,GAN–LSTM reduced schedule,36
1994-09-01,,,,,,,GAN–LSTM reduced schedule,36
1994-10-01,,,,,,,GAN–LSTM reduced schedule,36
1994-11-01,,,,,,,GAN–LSTM reduced schedule,36
1994-12-01,0.0913621992471062,0.025591240055494194,3.5700575294119683,0.31269300992660415,0.09493345159015294,-0.006435633179341038,GAN–LSTM reduced schedule,36
1995-01-01,0.09120547725343502,0.025596102973739845,3.5632563811376547,0.3120801457504882,0.09476302587210826,-0.006435633179341038,GAN–LSTM reduced schedule,36
1995-02-01,0.09775988222839835,0.0244226270336353,4.002840566404326,0.3380469726276741,0.10193789872181397,-0.00623924112805585,GAN–LSTM reduced schedule,36
1995-03-01,0.09607644765791748,0.02436747970601235,3.942814308950133,0.33136560212962857,0.10010070761981425,-0.00623924112805585,GAN–LSTM reduced schedule,36
1995-04-01,0.09675481579645043,0.024553117528591694,3.9406326175802753,0.3340384238079773,0.10083639522998203,-0.006239241128055739,GAN–LSTM reduced schedule,36
1995-05-01,0.09443930088341415,0.024881447254537982,3.7955710500798907,0.32484441965327837,0.09830162694152488,-0.00623924112805585,GAN–LSTM reduced schedule,36
1995-06-01,0.0888246994645591,0.025821669120226626,3.4399286525974784,0.3027895236328152,0.09217295773796533,-0.00623924112805585,GAN–LSTM reduced schedule,36
1995-07-01,0.08737395233111177,0.025861451570035925,3.378540144759182,0.2971689810694789,0.09060006267919232,-0.00623924112805585,GAN–LSTM reduced schedule,36
1995-08-01,0.0808483029920273,0.024886170442810936,3.2487241529514868,0.27228669609929623,0.08358170026360813,-0.006239241128055739,GAN–LSTM reduced schedule,36
1995-09-01,0.0794659500797268,0.025014048280416108,3.176852830412978,0.26704423724534554,0.08209135149315121,-0.006239241128055628,GAN–LSTM reduced schedule,36
1995-10-01,0.08185274191426674,0.024792433815992856,3.3015210415310645,0.27610923352484723,0.08466580872571133,-0.00623924112805585,GAN–LSTM reduced schedule,36
1995-11-01,0.08165396201599757,0.024808923418856044,3.2913142032570586,0.27535206538297785,0.08445124065716474,-0.006239241128055628,GAN–LSTM reduced schedule,36
1995-12-01,0.07974037682579352,0.02435614891840094,3.2739320609733213,0.26814170432611567,0.08240368389985686,-0.00623924112805585,GAN–LSTM reduced schedule,36
1996-01-01,0.0760068463273062,0.023196511817947758,3.276649822345172,0.25420910052398177,0.07842508804981774,-0.006239241128055739,GAN–LSTM reduced schedule,36
1996-02-01,0.07320724678776931,0.022512637331222767,3.251828993231202,0.24384113288390954,0.07544524779623753,-0.006239241128055739,GAN–LSTM reduced schedule,36
1996-03-01,0.06819616530405864,0.021854681854536498,3.12043733960386,0.22544245265212412,0.07011628650047033,-0.006239241128055739,GAN–LSTM reduced schedule,36
1996-04-01,0.06227996668378964,0.020940177231333904,2.9741852705332783,0.20406913225292708,0.06385835247523566,-0.00623924112805585,GAN–LSTM reduced schedule,36
1996-05-01,0.06360633344012054,0.020923314883330754,3.0399740096056487,0.20884596323188373,0.06526335651189547,-0.006239241128055739,GAN–LSTM reduced schedule,36
1996-06-01,0.06869852019456177,0.02118545469651767,3.2427210639880197,0.227332229003075,0.07066608569201793,-0.006239241128055628,GAN–LSTM reduced schedule,36
1996-07-01,0.06796597461311636,0.02096643270738566,3.241656583247687,0.2246698612834654,0.06989135103269223,-0.006239241128055739,GAN–LSTM reduced schedule,36
1996-08-01,0.0706114026147276,0.0210931674496545,3.347595982597872,0.23436192155201124,0.07270631821771321,-0.006239241128055739,GAN–LSTM reduced schedule,36
1996-09-01,0.07001021739674293,0.021270465367371382,3.2914285695007726,0.23213682527050197,0.07206136677828096,-0.006239241128055739,GAN–LSTM reduced schedule,36
1996-10-01,0.07630846063600474,0.021374672740724094,3.570041121173193,0.25548772264876696,0.0787914357512542,-0.005031277263123357,GAN–LSTM reduced schedule,36
1996-11-01,0.07941347346830681,0.020623233887525513,3.8506799613198415,0.26722078360573714,0.08214160767517195,-0.005031277263123246,GAN–LSTM reduced schedule,36
1996-12-01,0.07404924241713107,0.019582785669626755,3.781343658986307,0.2471950564788933,0.07641099923028333,-0.005031277263123357,GAN–LSTM reduced schedule,36
1997-01-01,0.07328698519689453,0.019323507559155472,3.792633659936711,0.24438210420535714,0.07560113606270859,-0.005031277263123357,GAN–LSTM reduced schedule,36
1997-02-01,0.08251436576820183,0.021361112256075555,3.862830960252689,0.27892797480967346,0.08546384488659338,-0.005031277263123468,GAN–LSTM reduced schedule,36
1997-03-01,0.08364872723304521,0.021513164994108738,3.888257597427061,0.2832453239338271,0.08668389351094229,-0.005031277263123357,GAN–LSTM reduced schedule,36
1997-04-01,0.08117918712455724,0.021169275510340157,3.834764542834977,0.27386528932881254,0.08402966737089672,-0.005031277263123357,GAN–LSTM reduced schedule,36
1997-05-01,0.08569787788348093,0.021232210671788564,4.036220213157008,0.29112577900586,0.08890381028161709,-0.005031277263123357,GAN–LSTM reduced schedule,36
1997-06-01,0.08764408490786395,0.021184472702203895,4.137185104387612,0.29863576248607904,0.09101097530522088,-0.005031277263123357,GAN–LSTM reduced schedule,36
1997-07-01,0.08629164961727404,0.021496899949034757,4.014143891531144,0.2933896000386378,0.08953985572762345,-0.005031277263123468,GAN–LSTM reduced schedule,36
1997-08-01,0.08216315833343654,0.02156716259136519,3.8096415319061054,0.2775735182455185,0.08508052047287828,-0.005031277263123468,GAN–LSTM reduced schedule,36
1997-09-01,0.08738821167307989,0.022658006420839302,3.85683585969444,0.297523010814708,0.09069927096724534,-0.005031277263123468,GAN–LSTM reduced schedule,36
1997-10-01,0.08739764616986717,0.02265529297717106,3.857714232958042,0.2975597076361782,0.09070955333314891,-0.005031277263123357,GAN–LSTM reduced schedule,36
1997-11-01,0.08750021346791663,0.02261583446714191,3.8689800986580405,0.2979595988581525,0.09082158937906172,-0.005031277263123468,GAN–LSTM reduced schedule,36
1997-12-01,0.08239192366153814,0.022680491916128465,3.632722075262746,0.27835195825046377,0.08530085967476637,-0.005031277263123468,GAN–LSTM reduced schedule,36
1998-01-01,0.08259645568481593,0.02268058246641739,3.6417255071431502,0.27913122416461994,0.08552134307898011,-0.005031277263123357,GAN–LSTM reduced schedule,36
1998-02-01,0.08383075704023125,0.0231195700686306,3.6259652230287616,0.28380588985331107,0.08684210417305464,-0.005031277263123357,GAN–LSTM reduced schedule,36
1998-03-01,0.08587802834904314,0.023326757312294787,3.6815244913522367,0.2916410295740018,0.0890486409140703,-0.005031277263123246,GAN–LSTM reduced schedule,36
1998-04-01,0.08190248701089181,0.02284602424864271,3.584977680121199,0.2764749157746435,0.08476940621863237,-0.005031277263123357,GAN–LSTM reduced schedule,36
1998-05-01,0.08445269277870714,0.022608386218145465,3.735458690586482,0.286231094349745,0.08752604878100852,-0.005031277263123357,GAN–LSTM reduced schedule,36
1998-06-01,0.08628137107298914,0.021834651486385307,3.9515799520220733,0.2933230847709052,0.08952117811814232,-0.0021359907824259894,GAN–LSTM reduced schedule,36
1998-07-01,0.08619717070235594,0.021845662398612988,3.9457339003750564,0.29299783949476993,0.08942983942385305,-0.0021359907824259894,GAN–LSTM reduced schedule,36
1998-08-01,0.09342490882150138,0.02324668554357179,4.018848564299325,0.32100581696999947,0.09723986154146441,-0.0021359907824261004,GAN–LSTM reduced schedule,36
1998-09-01,0.09793909800965611,0.023458537894350005,4.174987309556268,0.3388546080844044,0.10215956137335347,-0.0021359907824258784,GAN–LSTM reduced schedule,36
1998-10-01,0.09811173474047481,0.02345912438507078,4.182241976725798,0.33954251845491074,0.10234829413324177,-0.0021359907824259894,GAN–LSTM reduced schedule,36
1998-11-01,0.0991600763768549,0.02336105918284451,4.244673822395619,0.34373671826863034,0.10349760490067601,-0.0021359907824261004,GAN–LSTM reduced schedule,36
1998-12-01,0.09759708114980545,0.02341931742505647,4.16737513644978,0.33749630627835575,0.10178671235513184,-0.0021359907824261004,GAN–LSTM reduced schedule,36
1999-01-01,0.0948459526330455,0.023869726967286703,3.9734829293619995,0.32654802097527413,0.09877218953582716,-0.0021359907824262114,GAN–LSTM reduced schedule,36
1999-02-01,0.09204263789031167,0.024379999618978413,3.7753338526987426,0.31547598107556396,0.09570667562535205,-0.0021359907824259894,GAN–LSTM reduced schedule,36
1999-03-01,0.09274746051338473,0.02422470858558404,3.828630597792954,0.31825393503439686,0.09647741885328746,-0.0021359907824259894,GAN–LSTM reduced schedule,36
1999-04-01,0.09746815283834456,0.024033984497945693,4.055430461256878,0.3369255808104654,0.1016299749255282,-0.0021359907824258784,GAN–LSTM reduced schedule,36
1999-05-01,0.10019382504834473,0.02435184319814248,4.114424696032346,0.3477819884326042,0.10460384191822836,-0.0021359907824259894,GAN–LSTM reduced schedule,36
1999-06-01,0.10188233129893376,0.024923939231502195,4.087729887022085,0.35451338305997726,0.10643974217096887,-0.0021359907824261004,GAN–LSTM reduced schedule,36
1999-07-01,0.10421569510841794,0.02546202277290109,4.092985700230123,0.3638928922602852,0.10898776650271404,-0.0021359907824259894,GAN–LSTM reduced schedule,36
1999-08-01,0.1006524179153642,0.025896539868232517,3.8867129905194506,0.34946816805856495,0.1050642982612166,-0.0021359907824259894,GAN–LSTM reduced schedule,36
1999-09-01,0.09895363745611953,0.026681946156464003,3.7086364268877317,0.34258193878665716,0.103181406649379,-0.0063856985491826945,GAN–LSTM reduced schedule,36
1999-10-01,0.0953390739304254,0.026357642415980428,3.6171320797880644,0.3282512079753293,0.09924223513095712,-0.0063856985491825835,GAN–LSTM reduced schedule,36
1999-11-01,0.09015802763596573,0.02815152336501403,3.202598540298239,0.30773045308855607,0.09355193255930586,-0.010831076856554156,GAN–LSTM reduced schedule,36
1999-12-01,0.07960940026109649,0.03504504615196119,2.2716306297870683,0.2664389562835861,0.08191901506960218,-0.0399114183474899,GAN–LSTM reduced schedule,36
2000-01-01,0.07735760582831593,0.034935995416317665,2.2142665439034337,0.25798188361416596,0.07950534149211097,-0.0399114183474899,GAN–LSTM reduced schedule,36
2000-02-01,0.04277850701844213,0.0586260161391556,0.7296847003368336,0.13064339835091934,0.04177808450004572,-0.1113791028641532,GAN–LSTM reduced schedule,36
2000-03-01,0.050303613450811566,0.061004714210964574,0.8245856750816534,0.1558778755999988,0.04947150292479625,-0.1113791028641532,GAN–LSTM reduced schedule,36
2000-04-01,0.059292711475885995,0.06318379075391693,0.938416495249777,0.18685869642315284,0.05876523375046844,-0.11137910286415331,GAN–LSTM reduced schedule,36
2000-05-01,0.05456344899110633,0.06301976076898953,0.8658149178178989,0.17025272163168073,0.05380410649102968,-0.11137910286415298,GAN–LSTM reduced schedule,36
2000-06-01,0.05237350360877176,0.06295435993357199,0.8319281407043941,0.1626376230328626,0.051513350067242114,-0.11137910286415309,GAN–LSTM reduced schedule,36
2000-07-01,0.0627702235128688,0.06475933066104936,0.9692846246575406,0.19889000870807405,0.06233081761753279,-0.11137910286415298,GAN–LSTM reduced schedule,36
2000-08-01,0.057882916001060464,0.06565114875107575,0.8816740773345874,0.18132005424386402,0.05711570646263365,-0.11137910286415298,GAN–LSTM reduced schedule,36
2000-09-01,0.06060988440348296,0.06642220266735069,0.9124943463110303,0.19079929904735785,0.05993570840850356,-0.11137910286415298,GAN–LSTM reduced schedule,36
2000-10-01,0.06607737361533472,0.0667263358483957,0.9902742713980962,0.21031611029942535,0.06569502423569076,-0.1113791028641532,GAN–LSTM reduced schedule,36
2000-11-01,0.07460963294615866,0.06744740816631156,1.1061897702901569,0.24133559954784403,0.07472265411928583,-0.1113791028641532,GAN–LSTM reduced schedule,36
2000-12-01,0.08094158529277172,0.06764860859921727,1.1965003710912727,0.264936371980233,0.0814909597258113,-0.11137910286415298,GAN–LSTM reduced schedule,36
2001-01-01,0.0826019590706575,0.06771895469753537,1.2197760499936332,0.2711921857510693,0.08327088676500025,-0.11137910286415298,GAN–LSTM reduced schedule,36
2001-02-01,0.09422540610976451,0.07220438333447983,1.3049817996959328,0.31478110924314806,0.0955137138341084,-0.11137910286415309,GAN–LSTM reduced schedule,36
2001-03-01,0.09745727994180617,0.07262183376029438,1.3419831873632806,0.3273714465929521,0.09899948876569632,-0.11137910286415309,GAN–LSTM reduced schedule,36
2001-04-01,0.10041188777460938,0.07262210121591461,1.3826629372244716,0.33909226852318136,0.1022247723942535,-0.11137910286415287,GAN–LSTM reduced schedule,36
2001-05-01,0.10165843686265705,0.07265795308722588,1.3991370874516114,0.3440571101652084,0.10358530154290566,-0.11137910286415309,GAN–LSTM reduced schedule,36
2001-06-01,0.10184336126112287,0.07263823299188324,1.4020627576734015,0.3448024180885542,0.10378925093283807,-0.11137910286415309,GAN–LSTM reduced schedule,36
2001-07-01,0.10329656803928479,0.07259493839000172,1.4229169461422326,0.35064070039773493,0.105384263454445,-0.1113791028641532,GAN–LSTM reduced schedule,36
2001-08-01,0.09509938140215413,0.072353580893085,1.3143700730262406,0.3181634490758089,0.09645233059630151,-0.1113791028641532,GAN–LSTM reduced schedule,36
2001-09-01,0.0865310916989007,0.07289389586665433,1.1870828231926724,0.28480859537198855,0.08712498675566356,-0.11137910286415298,GAN–LSTM reduced schedule,36
2001-10-01,0.0872279190147527,0.07291600087901617,1.1962795266224648,0.2874718074420677,0.08787561639051646,-0.11137910286415298,GAN–LSTM reduced schedule,36
2001-11-01,0.08967406508672585,0.07304673953913318,1.2276258413790657,0.29684855475021693,0.09051025537647521,-0.11137910286415298,GAN–LSTM reduced schedule,36
2001-12-01,0.09011390859082827,0.07303560204466664,1.2338353634124493,0.29855130308523253,0.09098732275802175,-0.1113791028641532,GAN–LSTM reduced schedule,36
2002-01-01,0.09677824139699129,0.07323880698930751,1.3214065790438176,0.3245126990377257,0.09820995335881182,-0.11137910286415276,GAN–LSTM reduced schedule,36
2002-02-01,0.09966637382000958,0.07305472183094312,1.3642701159091235,0.3359980980343746,0.1013751666278459,-0.11137910286415298,GAN–LSTM reduced schedule,36
2002-03-01,0.10250086344576112,0.07302485834219283,1.403643441051873,0.34732019430791883,0.10447766972354196,-0.11137910286415298,GAN–LSTM reduced schedule,36
2002-04-01,0.1003717527997322,0.07295528440935335,1.3757982524822268,0.33883349682797403,0.102153768338201,-0.1113791028641532,GAN–LSTM reduced schedule,36
2002-05-01,0.09937597593972794,0.07288250866928718,1.3635092665464894,0.3348936306910068,0.10107158129893655,-0.11137910286415309,GAN–LSTM reduced schedule,36
2002-06-01,0.0920972877843519,0.07284212339230127,1.264341063869724,0.3062967375398689,0.09315215197846403,-0.11137910286415309,GAN–LSTM reduced schedule,36
2002-07-01,0.08055107792045531,0.07388337207020768,1.09024636617711,0.2618439828282214,0.08060893381606005,-0.11137910286415309,GAN–LSTM reduced schedule,36
2002-08-01,0.08285194466443824,0.07378061604418384,1.1229500254487164,0.2705534661845993,0.08308942397867572,-0.11137910286415309,GAN–LSTM reduced schedule,36
2002-09-01,0.08118592702880377,0.074134726589768,1.0951133262830293,0.2641623610688942,0.08127032765378313,-0.1101645769428109,GAN–LSTM reduced schedule,36
2002-10-01,0.08229437005056081,0.0741332921541093,1.1100865435665008,0.26834498180372646,0.08246151564279144,-0.11016457694281101,GAN–LSTM reduced schedule,36
2002-11-01,0.08478938198942747,0.07370467779263225,1.1503934964342692,0.2779294417288386,0.08518127652169281,-0.10164899407481465,GAN–LSTM reduced schedule,36
2002-12-01,0.10491879279018138,0.07173683442549363,1.4625511932666995,0.3574388190907157,0.10723572082519767,-0.0789124817336202,GAN–LSTM reduced schedule,36
2003-01-01,0.10460596767730324,0.07175576754182,1.4578057104097977,0.35617105394074183,0.10689091656059871,-0.0789124817336202,GAN–LSTM reduced schedule,36
2003-02-01,0.12844560921746553,0.051267887696517314,2.5053813408074346,0.4614725518503292,0.13482846595558495,-0.023648813132001734,GAN–LSTM reduced schedule,36
2003-03-01,0.11440969392709369,0.05046742309065744,2.2670009071311843,0.4019610217909807,0.11921102538960404,-0.023648813132001734,GAN–LSTM reduced schedule,36
2003-04-01,0.10807713716148626,0.04863563766284437,2.2221799148744945,0.3761804338118805,0.11230816775666178,-0.023648813132001623,GAN–LSTM reduced schedule,36
2003-05-01,0.11778102649070041,0.04962005680042419,2.3736576313168087,0.4162498033500691,0.12300051180309776,-0.023648813132001623,GAN–LSTM reduced schedule,36
2003-06-01,0.1221670039480157,0.04958760433409773,2.4636601341922555,0.43482802467573345,0.12788966419998435,-0.023648813132001734,GAN–LSTM reduced schedule,36
2003-07-01,0.11704434980653661,0.04813793367384995,2.431436932867743,0.4134505799233728,0.12226015213945983,-0.023648813132001623,GAN–LSTM reduced schedule,36
2003-08-01,0.12853496448701615,0.046387772319801616,2.7708803001119375,0.4628767868720853,0.1351918108483394,-0.023648813132001734,GAN–LSTM reduced schedule,36
2003-09-01,0.12092855735148672,0.04541074155325986,2.6629945518431137,0.4303948155161714,0.1267268467142456,-0.023648813132001623,GAN–LSTM reduced schedule,36
2003-10-01,0.11599660516766319,0.04542015652112128,2.5538574512336267,0.4095884177015474,0.12123705197931424,-0.023648813132001734,GAN–LSTM reduced schedule,36
2003-11-01,0.10678276099547232,0.04517062379917235,2.3639868572598473,0.37155068950273923,0.11105942450216262,-0.023648813132001623,GAN–LSTM reduced schedule,36
2003-12-01,0.1054893537767979,0.044959936975244245,2.346296744919421,0.36632351447507705,0.10964615902170571,-0.023648813132001845,GAN–LSTM reduced schedule,36
2004-01-01,0.10450351129762506,0.04491729018788538,2.326576488930996,0.36233117188796493,0.10856432409888386,-0.023648813132001734,GAN–LSTM reduced schedule,36
2004-02-01,0.09244433476498733,0.037448666345968384,2.4685614678756003,0.31547270303028824,0.0957057654911429,-0.023648813132001623,GAN–LSTM reduced schedule,36
2004-03-01,0.08866422316089259,0.03653184042145265,2.427039594447209,0.30087861504247704,0.09163870312662634,-0.023648813132001623,GAN–LSTM reduced schedule,36
2004-04-01,0.08533141098357803,0.03649222516652476,2.3383449651038184,0.28803476180479987,0.08803415321710677,-0.023648813132001623,GAN–LSTM reduced schedule,36
2004-05-01,0.08201596282936086,0.036452897691909535,2.249916138973054,0.2753801706692419,0.08445920671597523,-0.023648813132001623,GAN–LSTM reduced schedule,36
2004-06-01,0.08503967766609123,0.03633529027578529,2.340415530483974,0.28693766086032146,0.08772514955640608,-0.02364881313200151,GAN–LSTM reduced schedule,36
2004-07-01,0.08827795351661136,0.0368836843106974,2.393414735170804,0.2993338785762413,0.0912064409102338,-0.02364881313200151,GAN–LSTM reduced schedule,36
2004-08-01,0.09198138209731865,0.036494961795945635,2.520385762057085,0.31379726247540285,0.09524038910266733,-0.023648813132001734,GAN–LSTM reduced schedule,36
2004-09-01,0.09710789110549688,0.03505435301774428,2.7702091964539037,0.334204139256972,0.10088197563733274,-0.023648813132001623,GAN–LSTM reduced schedule,36
2004-10-01,0.09366081823102178,0.035301423246419245,2.6531739974682784,0.3205515317701963,0.097114069266804,-0.023648813132001734,GAN–LSTM reduced schedule,36
2004-11-01,0.0930491452819176,0.03519307208101099,2.643962001036102,0.3181639668436891,0.09645247415657725,-0.023648813132001734,GAN–LSTM reduced schedule,36
2004-12-01,0.08764081352899766,0.03660024705245071,2.3945415833779005,0.29691068854917263,0.09052767104736659,-0.023648813132001734,GAN–LSTM reduced schedule,36
2005-01-01,0.08460733417126907,0.035906882452040746,2.3562985253391293,0.285339809578298,0.0872747928998723,-0.02364881313200151,GAN–LSTM reduced schedule,36
2005-02-01,0.0843645703042306,0.03590383662023366,2.3497369152099696,0.2844110032824346,0.08701283596786516,-0.02364881313200151,GAN–LSTM reduced schedule,36
2005-03-01,0.08172765981787657,0.03582811235365955,2.2811042627962714,0.2743699202798388,0.08417279153220407,-0.023648813132001623,GAN–LSTM reduced schedule,36
2005-04-01,0.0853299861301531,0.03643501221307317,2.3419777007659683,0.2880375272808181,0.0880349319047358,-0.023648813132001623,GAN–LSTM reduced schedule,36
2005-05-01,0.08048307941812843,0.036702858762829714,2.192828627824394,0.2695335130837379,0.08279952507976909,-0.023648813132001734,GAN–LSTM reduced schedule,36
2005-06-01,0.08474397106742687,0.036349536420555474,2.3313631867806874,0.28580280148601866,0.08740532621508294,-0.02116677763973973,GAN–LSTM reduced schedule,36
2005-07-01,0.09039013048457992,0.0338448254556909,2.6707223118321948,0.3079531760636868,0.0936140109265894,-0.015368090559497172,GAN–LSTM reduced schedule,36
2005-08-01,0.09160657394004751,0.0338880686347054,2.7032102338883814,0.3126933262744267,0.09493353954668779,-0.01536809055949695,GAN–LSTM reduced schedule,36
2005-09-01,0.09558265896114371,0.032299846222923916,2.9592295363098833,0.3285317679738629,0.09931962553381479,-0.01536809055949695,GAN–LSTM reduced schedule,36
2005-10-01,0.09356240142770907,0.03245789251376019,2.8825778318183857,0.32054674084141116,0.0971127424974946,-0.01536809055949695,GAN–LSTM reduced schedule,36
2005-11-01,0.09418791760138734,0.03228633127886666,2.9172691312573806,0.3230297622448562,0.09779994492948262,-0.01536809055949706,GAN–LSTM reduced schedule,36
2005-12-01,0.0840594980457893,0.029544206962202984,2.8452108446616884,0.2840375099536588,0.0869074617533809,-0.01536809055949706,GAN–LSTM reduced schedule,36
2006-01-01,0.08348975711707317,0.02961965075581143,2.818728613830543,0.28185137051801445,0.08629027286845437,-0.01536809055949706,GAN–LSTM reduced schedule,36
2006-02-01,0.08723988398293463,0.02847289400945962,3.0639626570432457,0.2963801053365398,0.09037893435983045,-0.009923575970192555,GAN–LSTM reduced schedule,36
2006-03-01,0.09093737156492351,0.027155266903827843,3.348793141565655,0.3108766173628669,0.09442819331728079,-0.009923575970192444,GAN–LSTM reduced schedule,36
2006-04-01,0.08877476120274953,0.026885300467312,3.3019813675017207,0.302490161915753,0.09208929627862672,-0.009923575970192666,GAN–LSTM reduced schedule,36
2006-05-01,0.0830934063659465,0.023917943808289585,3.474103252017325,0.28091504399948103,0.08602571537889209,-0.009923575970192444,GAN–LSTM reduced schedule,36
2006-06-01,0.07854704720133873,0.023407795541589397,3.3555935270274215,0.2637232200501686,0.0811451103135258,-0.009923575970192555,GAN–LSTM reduced schedule,36
2006-07-01,0.07618522107767339,0.022781820079213654,3.344123551708035,0.25491110788453825,0.0786262562987359,-0.009923575970192555,GAN–LSTM reduced schedule,36
2006-08-01,0.06994379341560973,0.021420983826192758,3.265199861179351,0.23188061788786613,0.07198705439364016,-0.009923575970192555,GAN–LSTM reduced schedule,36
2006-09-01,0.06691310519724643,0.022167456000800355,3.0185288377173514,0.22073467618793338,0.06874417436277219,-0.009923575970192666,GAN–LSTM reduced schedule,36
2006-10-01,0.0661332322545039,0.022319135300217976,2.9630732268493407,0.21788542425071825,0.06791202694163113,-0.009923575970192555,GAN–LSTM reduced schedule,36
2006-11-01,0.06837846221898175,0.02175382619589388,3.1432843860768016,0.22611597898590127,0.070312302639156,-0.009923575970192666,GAN–LSTM reduced schedule,36
2006-12-01,0.06571721466741544,0.02117529739947019,3.1034848497126513,0.21646447384362652,0.06749654161589166,-0.009923575970192666,GAN–LSTM reduced schedule,36
2007-01-01,0.060887732653776803,0.02191600046506386,2.7782319475142145,0.1990007215378844,0.06236351731752109,-0.009923575970192444,GAN–LSTM reduced schedule,36
2007-02-01,0.05809200814924685,0.021074201778360047,2.7565460727864135,0.18909918902983452,0.05943104301937435,-0.009923575970192666,GAN–LSTM reduced schedule,36
2007-03-01,0.054609044411470714,0.020920385416956403,2.61032688084269,0.17680775372746288,0.05576803046752324,-0.009923575970192555,GAN–LSTM reduced schedule,36
2007-04-01,0.05432515709157457,0.02095130406590766,2.5929248566428584,0.1758081947435198,0.05546902911056165,-0.009923575970192444,GAN–LSTM reduced schedule,36
2007-05-01,0.05169015307114011,0.021685203182135248,2.3836600762737428,0.16653596932363346,0.052687287121489366,-0.009923575970192666,GAN–LSTM reduced schedule,36
2007-06-01,0.04977622840540412,0.021420394592030583,2.323777379148901,0.15990482979281023,0.05068883893993605,-0.009923575970192555,GAN–LSTM reduced schedule,36
2007-07-01,0.045908016716343106,0.019828125824502014,2.315297831104826,0.14668617741985535,0.04668224955879615,-0.009923575970192666,GAN–LSTM reduced schedule,36
2007-08-01,0.04176537138580449,0.019963901510058463,2.092044551750655,0.13256535739587047,0.04236804986959892,-0.009923575970192555,GAN–LSTM reduced schedule,36
2007-09-01,0.03964293759756865,0.02007630679919376,1.974613059766583,0.1253935278694697,0.04016316715968225,-0.009923575970192555,GAN–LSTM reduced schedule,36
2007-10-01,0.039746869543300575,0.020061312615978127,1.9812696359481283,0.12574433083599673,0.04027123436995259,-0.009923575970192666,GAN–LSTM reduced schedule,36
2007-11-01,0.037990709268688846,0.019417869366777096,1.956481864776001,0.11989009252047145,0.038464849381653114,-0.009923575970192555,GAN–LSTM reduced schedule,36
2007-12-01,0.04349912668200224,0.017926197904466673,2.4265673576639224,0.13858204983886288,0.044210632206978455,-0.005472743612335962,GAN–LSTM reduced schedule,36
2008-01-01,0.041130403836454915,0.017412217460656035,2.3621577165224106,0.130578439627106,0.041758133066198175,-0.005472743612335962,GAN–LSTM reduced schedule,36
2008-02-01,0.04286747841977068,0.018023264889380688,2.3784524437094747,0.1364284448149124,0.04355184887792483,-0.00547274361233574,GAN–LSTM reduced schedule,36
2008-03-01,0.04184262802171834,0.01808410501060795,2.3137793104593163,0.1329483407761253,0.042485530845191605,-0.00547274361233574,GAN–LSTM reduced schedule,36
2008-04-01,0.03955279457402111,0.01654675539996525,2.3903655803181914,0.12530655395274767,0.04013637078636541,-0.00547274361233574,GAN–LSTM reduced schedule,36
2008-05-01,0.04173065711376357,0.0162140549309411,2.573733547314523,0.1326764003323222,0.042402115255090696,-0.005472743612335851,GAN–LSTM reduced schedule,36
2008-06-01,0.031002779779382345,0.0212914109316009,1.4561167354751365,0.09659251030427805,0.03121310873587201,-0.021936665320520743,GAN–LSTM reduced schedule,36
2008-07-01,0.03259255190684,0.02128631596490134,1.5311504330097012,0.10182147724093936,0.032849581471084265,-0.021936665320520854,GAN–LSTM reduced schedule,36
2008-08-01,0.025526296679475542,0.022071603230840946,1.1565220891524228,0.07870948121863587,0.0255767465934221,-0.027485543443314886,GAN–LSTM reduced schedule,36
2008-09-01,0.018773172737569014,0.02532874851571987,0.741180430841964,0.056867397839886986,0.018607415837217128,-0.046658537794932786,GAN–LSTM reduced schedule,36
2008-10-01,0.02113193489218611,0.025716266944379396,0.8217341551902327,0.06432880149711365,0.020998893780196478,-0.046658537794932675,GAN–LSTM reduced schedule,36
2008-11-01,0.03146266480340174,0.03055799976675625,1.0296048512190141,0.09731855934109149,0.031440645734527144,-0.046658537794932564,GAN–LSTM reduced schedule,36
2008-12-01,0.03611273758444695,0.03127449858263682,1.1547023684177065,0.11261714924432334,0.03621191844446352,-0.04665853779493301,GAN–LSTM reduced schedule,36
2009-01-01,0.040509669318924545,0.032053821545025354,1.2638015489673027,0.12726109932846,0.0407382268835907,-0.04665853779493301,GAN–LSTM reduced schedule,36
2009-02-01,0.03736584280701984,0.03245381798049391,1.1513542976508422,0.11667020654275423,0.03746863609999688,-0.046658537794932786,GAN–LSTM reduced schedule,36
2009-03-01,0.03603406085735678,0.0325356834349557,1.1075243256959677,0.11222232684167217,0.036089334174751,-0.0466585377949329,GAN–LSTM reduced schedule,36
2009-04-01,0.023930933831536806,0.03706920434453406,0.6455745208101688,0.07214350807701095,0.023491656737018418,-0.04665853779493312,GAN–LSTM reduced schedule,36
2009-05-01,0.023764461912067582,0.03702575547280418,0.6418359762982511,0.07161436289712052,0.023323251172679887,-0.046658537794932786,GAN–LSTM reduced schedule,36
2009-06-01,0.02585582201405785,0.03723080196066408,0.6944739477107054,0.07832051797055578,0.025453463594661267,-0.0466585377949329,GAN–LSTM reduced schedule,36
2009-07-01,0.030129551067747645,0.03870571996287383,0.7784263177806183,0.09202220316901938,0.02977850616959767,-0.04665853779493301,GAN–LSTM reduced schedule,36
2009-08-01,0.025158302140655016,0.039746845392472654,0.632963494139828,0.07576119030560913,0.02464153725254982,-0.046658537794932675,GAN–LSTM reduced schedule,36
2009-09-01,0.03082283383831038,0.040024149628761295,0.7701059016669559,0.0941195598985726,0.030437354687035522,-0.046658537794932786,GAN–LSTM reduced schedule,36
2009-10-01,0.0307455756524086,0.040029232915566836,0.7680780622816296,0.09386598290134103,0.03035774260786664,-0.046658537794932786,GAN–LSTM reduced schedule,36
2009-11-01,0.02916969916669774,0.04008573281177285,0.7276828218076341,0.08871223681927935,0.028737018854696893,-0.046658537794932675,GAN–LSTM reduced schedule,36
2009-12-01,0.026327529989880236,0.04010799044930818,0.6564160830534544,0.07948708821165182,0.02582312250555121,-0.0466585377949329,GAN–LSTM reduced schedule,36
2010-01-01,0.030388630861742004,0.03995124453408612,0.7606429090291451,0.09270852930943592,0.029994196501512263,-0.046658537794932675,GAN–LSTM reduced schedule,36
2010-02-01,0.029269724301873266,0.03986511482179661,0.7342189890262093,0.08906696390319886,0.028848735322553873,-0.046658537794932564,GAN–LSTM reduced schedule,36
2010-03-01,0.03178606355847627,0.0399678224532169,0.7952913520790996,0.09728507300548683,0.03143015363732359,-0.0466585377949329,GAN–LSTM reduced schedule,36
2010-04-01,0.0295133975387641,0.0402019899511316,0.7341277776209524,0.08981747313828382,0.029085018060506822,-0.046658537794932786,GAN–LSTM reduced schedule,36
2010-05-01,0.0320234390493262,0.039934391519622144,0.8019012643172784,0.09806909343006605,0.031675750642866915,-0.046658537794932675,GAN–LSTM reduced schedule,36
2010-06-01,0.02946724328100677,0.04006587566158108,0.7354698429632157,0.08968483319807692,0.02904326693653599,-0.046658537794932786,GAN–LSTM reduced schedule,36
2010-07-01,0.0268586485808549,0.04003889450433634,0.670813940128792,0.0812137317067523,0.026369767085137552,-0.046658537794932786,GAN–LSTM reduced schedule,36
2010-08-01,0.031163105377684734,0.04012760849610659,0.7766001151229422,0.09522085002744682,0.030782968942322086,-0.046658537794932675,GAN–LSTM reduced schedule,36
2010-09-01,0.0298620825487787,0.04030056980967692,0.7409841272668124,0.09094248324199032,0.029439001771074055,-0.046658537794932786,GAN–LSTM reduced schedule,36
2010-10-01,0.028769809930440902,0.04039566854960445,0.7122003661138221,0.08736969454501045,0.028313983581567524,-0.046658537794932786,GAN–LSTM reduced schedule,36
2010-11-01,0.02564113056499847,0.040327678097670946,0.6358196597110639,0.07724296691949259,0.025111775847563043,-0.046658537794932786,GAN–LSTM reduced schedule,36
2010-12-01,0.019993213632898035,0.04085248252150861,0.48940021263999595,0.059110137609897,0.019327423328990612,-0.046658537794932786,GAN–LSTM reduced schedule,36
2011-01-01,0.019885379737555768,0.040847245859028054,0.48682302366686253,0.058768813158673515,0.019217910401377814,-0.046658537794932786,GAN–LSTM reduced schedule,36
2011-02-01,0.013748789713295035,0.04058624646116281,0.3387548963526677,0.03951468137779985,0.013001781502577324,-0.046658537794932786,GAN–LSTM reduced schedule,36
2011-03-01,0.014353025239097036,0.04059601163684501,0.35355752105633464,0.04139728343492991,0.013612941422870112,-0.046658537794932675,GAN–LSTM reduced schedule,36
2011-04-01,0.010010310281197036,0.040160132249340987,0.2492598933451296,0.027985147690398133,0.009242692014871537,-0.046658537794932675,GAN–LSTM reduced schedule,36
2011-05-01,0.008904460841107102,0.040113173333831284,0.2219834558338748,0.024588856169300025,0.008130009216694935,-0.046658537794932786,GAN–LSTM reduced schedule,36
2011-06-01,0.016702949365456004,0.03785140272109551,0.4412768923923403,0.049097221283397274,0.01610497773559074,-0.03501182237390388,GAN–LSTM reduced schedule,36
2011-07-01,0.017093207250491602,0.03789409869542953,0.4510783430390242,0.05031940700865844,0.016499407991646495,-0.03501182237390377,GAN–LSTM reduced schedule,36
2011-08-01,0.02801848657986307,0.03900826512623567,0.7182705123950452,0.08511286373730084,0.02760207051313575,-0.03501182237390388,GAN–LSTM reduced schedule,36
2011-09-01,0.03866622384560693,0.0371854823070264,1.0398204204090888,0.12047195356381846,0.03864466989151188,-0.03501182237390377,GAN–LSTM reduced schedule,36
2011-10-01,0.043367837840669575,0.03879778026427119,1.1177917279099323,0.1361289528091415,0.04346016899059183,-0.03501182237390388,GAN–LSTM reduced schedule,36
2011-11-01,0.035644592981116635,0.03547056606803435,1.0049062344465687,0.11059354329362639,0.03558332331953788,-0.03501182237390388,GAN–LSTM reduced schedule,36
2011-12-01,0.029734049265325104,0.0349730952056271,0.8501978189377116,0.0911834116383508,0.029514778094722322,-0.03501182237390377,GAN–LSTM reduced schedule,36
2012-01-01,0.025037604692978,0.03414777446843561,0.7332133669830059,0.07604253737052902,0.02473085532914534,-0.03501182237390388,GAN–LSTM reduced schedule,36
2012-02-01,0.026185594564855072,0.03394590603470099,0.7713918296388085,0.07976916986876696,0.0259124676177837,-0.029602188341006808,GAN–LSTM reduced schedule,36
2012-03-01,0.0256375324724678,0.03400910726352514,0.7538431477724826,0.07799216348935298,0.025349367636452222,-0.028692251808136726,GAN–LSTM reduced schedule,36
2012-04-01,0.036721108690463536,0.028836338994825666,1.273431717426151,0.11489501429645763,0.03691858319489204,-0.02179584197913287,GAN–LSTM reduced schedule,36
2012-05-01,0.0355702630203965,0.028568961810421695,1.245066700583456,0.11108921051892774,0.035737363583382406,-0.021795841979132757,GAN–LSTM reduced schedule,36
2012-06-01,0.030323635180984236,0.02889232489639052,1.0495394638446878,0.09375412078479103,0.030322618888021475,-0.021795841979132646,GAN–LSTM reduced schedule,36
2012-07-01,0.025617092704123497,0.02678651445260779,0.956342892220886,0.07864089341184173,0.02555500964698032,-0.021795841979132646,GAN–LSTM reduced schedule,36
2012-08-01,0.030889603212803464,0.02520155295107186,1.2257023713092128,0.0959335033714031,0.031006495139808805,-0.021795841979132757,GAN–LSTM reduced schedule,36
2012-09-01,0.026553416536827933,0.024524135344089405,1.0827462890848711,0.08185691244970963,0.02657324532876794,-0.021795841979132757,GAN–LSTM reduced schedule,36
2012-10-01,0.031042402599670966,0.02527226657540578,1.2283188968052634,0.09642891749795722,0.03116182641222397,-0.02179584197913287,GAN–LSTM reduced schedule,36
2012-11-01,0.03245843721134767,0.025169782724467668,1.2895795552416374,0.10109274080117489,0.03262182493603363,-0.02179584197913287,GAN–LSTM reduced schedule,36
2012-12-01,0.0317772015184183,0.025330666631336225,1.2544952717157136,0.09883732152660886,0.031916287279593746,-0.02179584197913287,GAN–LSTM reduced schedule,36
2013-01-01,0.03305815915036047,0.025638771801748794,1.2893815431558857,0.10303103593585014,0.03322739080664137,-0.021795841979132757,GAN–LSTM reduced schedule,36
2013-02-01,0.03460144901047773,0.025841137903550082,1.3390063990070709,0.10811819064627914,0.03481336242603935,-0.02179584197913287,GAN–LSTM reduced schedule,36
2013-03-01,0.030354994668892736,0.02602591587888315,1.1663372313257228,0.09411278211745594,0.030435226920405612,-0.02179584197913287,GAN–LSTM reduced schedule,36
2013-04-01,0.030858318623137627,0.025894450935199983,1.1916961939204487,0.09577313861367748,0.030956204627538956,-0.021795841979132757,GAN–LSTM reduced schedule,36
2013-05-01,0.029537192852863763,0.0260186810475242,1.135230213972524,0.09143909300103532,0.029595182293739936,-0.02179584197913298,GAN–LSTM reduced schedule,36
2013-06-01,0.030438269327923335,0.025863167568004726,1.176896420281422,0.09439936003264898,0.030525185410146427,-0.02179584197913287,GAN–LSTM reduced schedule,36
2013-07-01,0.031229590038443264,0.0257855127678934,1.2111293003770902,0.09700041833756053,0.03134095566826992,-0.021795841979132757,GAN–LSTM reduced schedule,36
2013-08-01,0.02819372860344327,0.025469148232384733,1.1069757161173592,0.08710538003856663,0.02823065702145593,-0.021795841979132757,GAN–LSTM reduced schedule,36
2013-09-01,0.0276642395346086,0.025632375854691164,1.0792694243965515,0.0853702985104242,0.027683327679219893,-0.01712227580788417,GAN–LSTM reduced schedule,36
2013-10-01,0.03200310283730446,0.025853815389221897,1.2378483545080976,0.09953648519811192,0.03213510202140421,-0.015250802183370493,GAN–LSTM reduced schedule,36
2013-11-01,0.0302163058339148,0.026321034843215574,1.1479907995222025,0.09363339710769165,0.03028471002916672,-0.015250802183370493,GAN–LSTM reduced schedule,36
2013-12-01,0.03187170809126,0.025655648596057283,1.242288144535858,0.09912136364950687,0.03200519411330333,-0.017285182266586485,GAN–LSTM reduced schedule,36
2014-01-01,0.0314989134830855,0.025651521743768616,1.227954964922787,0.09789639143386013,0.03162166121008626,-0.017285182266586596,GAN–LSTM reduced schedule,36
2014-02-01,0.0326788084787734,0.02532861653407172,1.2901931866201337,0.10180633887595918,0.03284485120522734,-0.01745497295098075,GAN–LSTM reduced schedule,36
2014-03-01,0.03303916730825704,0.025336234884972025,1.304028300110761,0.10299422898658486,0.033215898119694276,-0.01745497295098075,GAN–LSTM reduced schedule,36
2014-04-01,0.034811971494224034,0.025223041627377107,1.3801654855312566,0.10886890315968749,0.03504699333398187,-0.017454972950981418,GAN–LSTM reduced schedule,36
2014-05-01,0.0355432126495155,0.025194007954428055,1.4107804011893423,0.11129942854306647,0.03580267995040245,-0.017454972950980863,GAN–LSTM reduced schedule,36
2014-06-01,0.03404565856332024,0.0254122254405763,1.3397354215565367,0.10631400827480934,0.034251446977227824,-0.017454972950981307,GAN–LSTM reduced schedule,36
2014-07-01,0.036848264158360365,0.02621425040203952,1.4056577469593978,0.1155589574186514,0.03712437786161968,-0.017454972950981196,GAN–LSTM reduced schedule,36
2014-08-01,0.027806674422837633,0.02408128609634328,1.154700555094524,0.08595652207449839,0.02786831638835465,-0.017454972950980974,GAN–LSTM reduced schedule,36
2014-09-01,0.02692906535580824,0.023764649611107184,1.1331564233634674,0.0831319263312015,0.026976373587078682,-0.017454972950981307,GAN–LSTM reduced schedule,36
2014-10-01,0.017242810150331266,0.020655608729354027,0.8347761799838522,0.052380079892333904,0.01716374697377053,-0.017454972950981196,GAN–LSTM reduced schedule,36
2014-11-01,0.014800484595554365,0.020333098695353255,0.7279010846948151,0.044728272117742905,0.01469249734056741,-0.017454972950981085,GAN–LSTM reduced schedule,36
2014-12-01,0.012427399182325466,0.02123189938022625,0.5853173547864203,0.037266877498682155,0.012271096757434622,-0.017454972950981085,GAN–LSTM reduced schedule,36
2015-01-01,0.0144248655628339,0.021529756307569828,0.6699966946566013,0.0434744571440136,0.014286412181906766,-0.017454972950980974,GAN–LSTM reduced schedule,36
2015-02-01,0.0182576048808627,0.021927807267503336,0.8326233744274185,0.05549817264931049,0.01816733991960539,-0.017454972950981196,GAN–LSTM reduced schedule,36
2015-03-01,0.02017283190600843,0.02181313871885441,0.9248018896323177,0.061578421660937854,0.020118665439548263,-0.017454972950981418,GAN–LSTM reduced schedule,36
2015-04-01,0.018112340016219,0.02182517695913122,0.8298828481498819,0.055046078013579976,0.018021950838422524,-0.017454972950980974,GAN–LSTM reduced schedule,36
2015-05-01,0.019088891535764232,0.022174481711194054,0.8608495018906275,0.05811260620769519,0.019007302227480885,-0.017454972950980974,GAN–LSTM reduced schedule,36
2015-06-01,0.020894213436295838,0.021692723024388943,0.9631899790913594,0.06388309592768715,0.02085635373383053,-0.017454972950980974,GAN–LSTM reduced schedule,36
2015-07-01,0.0160649149362612,0.021926749511083542,0.7326628567604467,0.04858785540180628,0.015940502036986215,-0.017454972950981196,GAN–LSTM reduced schedule,36
2015-08-01,0.019456913406295833,0.02284455576759241,0.8517089850308084,0.059232210622920424,0.01936658437718882,-0.017454972950981085,GAN–LSTM reduced schedule,36
2015-09-01,0.02223129726943967,0.023109943929968523,0.9619797147413479,0.0680503594355494,0.02218752596498592,-0.017454972950981418,GAN–LSTM reduced schedule,36
2015-10-01,0.0151407095152095,0.022773125585498297,0.6648498669348644,0.045628865733214015,0.01498398083002227,-0.017454972950980974,GAN–LSTM reduced schedule,36
2015-11-01,0.0134360144015376,0.022833167536511288,0.5884428597150523,0.040297130190245556,0.013255881891227998,-0.017454972950981196,GAN–LSTM reduced schedule,36
2015-12-01,0.021883821477946933,0.025254486988721386,0.8665320142008907,0.06677590457290015,0.021780787849940628,-0.017454972950980863,GAN–LSTM reduced schedule,36
2016-01-01,0.02123612469873737,0.02504887390095328,0.8477876004609207,0.06472511411045553,0.021125604162199975,-0.017454972950981196,GAN–LSTM reduced schedule,36
2016-02-01,0.0209468468019729,0.02497580674656239,0.8386854933066764,0.06380890605069248,0.020832623379689805,-0.017454972950981085,GAN–LSTM reduced schedule,36
2016-03-01,0.024190707961930066,0.024740057789684987,0.977795127544772,0.0742112955328023,0.024149219235470972,-0.015427246509684633,GAN–LSTM reduced schedule,36
2016-04-01,0.014881588676499299,0.031097593962997525,0.47854469687290396,0.04410679641232049,0.01449125463903033,-0.03140244828869543,GAN–LSTM reduced schedule,36
2016-05-01,0.021626848632650766,0.03251648026191437,0.6651042320217442,0.06527545909836922,0.021301510147376933,-0.03140244828869532,GAN–LSTM reduced schedule,36
2016-06-01,0.026850599476615066,0.03333971293881165,0.8053638471901048,0.0819801245810631,0.026612215816940173,-0.03140244828869532,GAN–LSTM reduced schedule,36
2016-07-01,0.02334399725777253,0.03397824371534265,0.6870277773430561,0.07061179781482738,0.023004023065822148,-0.03140244828869532,GAN–LSTM reduced schedule,36
2016-08-01,0.023621142894511997,0.033970507309575904,0.6953426594207341,0.07150141663024702,0.023287297753263866,-0.03140244828869532,GAN–LSTM reduced schedule,36
2016-09-01,0.02325743232063193,0.03406504711752074,0.6827359504419968,0.07032480365982517,0.022912604179906645,-0.03140244828869543,GAN–LSTM reduced schedule,36
2016-10-01,0.02519626422152587,0.034696512847177084,0.7261901025184968,0.0764868235370822,0.02487186930174819,-0.03140244828869532,GAN–LSTM reduced schedule,36
2016-11-01,0.025737966078744463,0.03456795681314318,0.744561393022759,0.07824839930453892,0.025430602122156042,-0.03140244828869532,GAN–LSTM reduced schedule,36
2016-12-01,0.028124766540067066,0.034287877459829724,0.8202539388160405,0.08601082038436021,0.027885447394072223,-0.03140244828869532,GAN–LSTM reduced schedule,36
1992-01-01,,,,,,,GAN–LSTM reduced schedule,60
1992-02-01,,,,,,,GAN–LSTM reduced schedule,60
1992-03-01,,,,,,,GAN–LSTM reduced schedule,60
1992-04-01,,,,,,,GAN–LSTM reduced schedule,60
1992-05-01,,,,,,,GAN–LSTM reduced schedule,60
1992-06-01,,,,,,,GAN–LSTM reduced schedule,60
1992-07-01,,,,,,,GAN–LSTM reduced schedule,60
1992-08-01,,,,,,,GAN–LSTM reduced schedule,60
1992-09-01,,,,,,,GAN–LSTM reduced schedule,60
1992-10-01,,,,,,,GAN–LSTM reduced schedule,60
1992-11-01,,,,,,,GAN–LSTM reduced schedule,60
1992-12-01,,,,,,,GAN–LSTM reduced schedule,60
1993-01-01,,,,,,,GAN–LSTM reduced schedule,60
1993-02-01,,,,,,,GAN–LSTM reduced schedule,60
1993-03-01,,,,,,,GAN–LSTM reduced schedule,60
1993-04-01,,,,,,,GAN–LSTM reduced schedule,60
1993-05-01,,,,,,,GAN–LSTM reduced schedule,60
1993-06-01,,,,,,,GAN–LSTM reduced schedule,60
1993-07-01,,,,,,,GAN–LSTM reduced schedule,60
1993-08-01,,,,,,,GAN–LSTM reduced schedule,60
1993-09-01,,,,,,,GAN–LSTM reduced schedule,60
1993-10-01,,,,,,,GAN–LSTM reduced schedule,60
1993-11-01,,,,,,,GAN–LSTM reduced schedule,60
1993-12-01,,,,,,,GAN–LSTM reduced schedule,60
1994-01-01,,,,,,,GAN–LSTM reduced schedule,60
1994-02-01,,,,,,,GAN–LSTM reduced schedule,60
1994-03-01,,,,,,,GAN–LSTM reduced schedule,60
1994-04-01,,,,,,,GAN–LSTM reduced schedule,60
1994-05-01,,,,,,,GAN–LSTM reduced schedule,60
1994-06-01,,,,,,,GAN–LSTM reduced schedule,60
1994-07-01,,,,,,,GAN–LSTM reduced schedule,60
1994-08-01,,,,,,,GAN–LSTM reduced schedule,60
1994-09-01,,,,,,,GAN–LSTM reduced schedule,60
1994-10-01,,,,,,,GAN–LSTM reduced schedule,60
1994-11-01,,,,,,,GAN–LSTM reduced schedule,60
1994-12-01,,,,,,,GAN–LSTM reduced schedule,60
1995-01-01,,,,,,,GAN–LSTM reduced schedule,60
1995-02-01,,,,,,,GAN–LSTM reduced schedule,60
1995-03-01,,,,,,,GAN–LSTM reduced schedule,60
1995-04-01,,,,,,,GAN–LSTM reduced schedule,60
1995-05-01,,,,,,,GAN–LSTM reduced schedule,60
1995-06-01,,,,,,,GAN–LSTM reduced schedule,60
1995-07-01,,,,,,,GAN–LSTM reduced schedule,60
1995-08-01,,,,,,,GAN–LSTM reduced schedule,60
1995-09-01,,,,,,,GAN–LSTM reduced schedule,60
1995-10-01,,,,,,,GAN–LSTM reduced schedule,60
1995-11-01,,,,,,,GAN–LSTM reduced schedule,60
1995-12-01,,,,,,,GAN–LSTM reduced schedule,60
1996-01-01,,,,,,,GAN–LSTM reduced schedule,60
1996-02-01,,,,,,,GAN–LSTM reduced schedule,60
1996-03-01,,,,,,,GAN–LSTM reduced schedule,60
1996-04-01,,,,,,,GAN–LSTM reduced schedule,60
1996-05-01,,,,,,,GAN–LSTM reduced schedule,60
1996-06-01,,,,,,,GAN–LSTM reduced schedule,60
1996-07-01,,,,,,,GAN–LSTM reduced schedule,60
1996-08-01,,,,,,,GAN–LSTM reduced schedule,60
1996-09-01,,,,,,,GAN–LSTM reduced schedule,60
1996-10-01,,,,,,,GAN–LSTM reduced schedule,60
1996-11-01,,,,,,,GAN–LSTM reduced schedule,60
1996-12-01,0.08492644906238217,0.023203723326687454,3.66003541184725,0.5247186095896323,0.08802265948169827,-0.006435633179341038,GAN–LSTM reduced schedule,60
1997-01-01,0.08583936758587288,0.02329070558394285,3.6855632078854885,0.5316296206122284,0.08900720056426224,-0.006435633179341038,GAN–LSTM reduced schedule,60
1997-02-01,0.09209145716094133,0.023763932519233543,3.875261684336391,0.5798191788516102,0.09577522339045294,-0.00623924112805585,GAN–LSTM reduced schedule,60
1997-03-01,0.09211099217275551,0.023767035168496087,3.8755777285528388,0.5799717483658506,0.09579638726008935,-0.00623924112805585,GAN–LSTM reduced schedule,60
1997-04-01,0.09059591341702905,0.023619304651847705,3.835672334661294,0.5681647231518813,0.09415370673480453,-0.006239241128055739,GAN–LSTM reduced schedule,60
1997-05-01,0.09181423993470841,0.02379302707015813,3.858871746918842,0.5776422036886507,0.09547306331666297,-0.00623924112805585,GAN–LSTM reduced schedule,60
1997-06-01,0.09137607029967093,0.023736161336062715,3.8496566064724984,0.5742261810057526,0.09499825272172825,-0.00623924112805585,GAN–LSTM reduced schedule,60
1997-07-01,0.0896719975195543,0.023950196120092502,3.744102848674625,0.5609303256387792,0.09314230914685953,-0.00623924112805585,GAN–LSTM reduced schedule,60
1997-08-01,0.08564596173276165,0.023402665376086134,3.659666980508914,0.5301424395908482,0.08879563763729592,-0.006239241128055739,GAN–LSTM reduced schedule,60
1997-09-01,0.08826065850083964,0.02403496998654063,3.6721767720227994,0.5500186256401941,0.09160969304513168,-0.006239241128055628,GAN–LSTM reduced schedule,60
1997-10-01,0.08825095766368839,0.024037613409609148,3.671369372652014,0.5499435055346628,0.09159911208517608,-0.00623924112805585,GAN–LSTM reduced schedule,60
1997-11-01,0.08698686496528647,0.024320356283609595,3.5767101415331726,0.5401964024631921,0.09022270127919642,-0.006239241128055628,GAN–LSTM reduced schedule,60
1997-12-01,0.08373048664869237,0.024299263835438338,3.445803429097256,0.5154997079407011,0.0867037641978616,-0.00623924112805585,GAN–LSTM reduced schedule,60
1998-01-01,0.08127381610189506,0.02363735588301186,3.438363262969969,0.4972398949796688,0.08407237632625948,-0.006239241128055739,GAN–LSTM reduced schedule,60
1998-02-01,0.08146001861534707,0.023713521744572506,3.4351716920322657,0.49861189289417346,0.08427098179646192,-0.006239241128055739,GAN–LSTM reduced schedule,60
1998-03-01,0.08069425486732197,0.023465175324886792,3.4388941804214395,0.4929661250059711,0.08345278624112538,-0.006239241128055739,GAN–LSTM reduced schedule,60
1998-04-01,0.07793442885145829,0.022976789109270764,3.39187640539439,0.47272117369540656,0.08049834538611503,-0.00623924112805585,GAN–LSTM reduced schedule,60
1998-05-01,0.07906430134529699,0.02294099515996263,3.446419860777556,0.4810163102550451,0.08171279874056916,-0.006239241128055739,GAN–LSTM reduced schedule,60
1998-06-01,0.07936359743208853,0.02285086821906494,3.4731108101124084,0.4832349333760351,0.08203669473454887,-0.006239241128055628,GAN–LSTM reduced schedule,60
1998-07-01,0.07758552618742932,0.022686099338319107,3.4199588492667643,0.47021888659682237,0.08013092261282384,-0.006239241128055739,GAN–LSTM reduced schedule,60
1998-08-01,0.08156208899522686,0.02373523217374955,3.4363299418419873,0.4993689647252336,0.0843805105138015,-0.006239241128055739,GAN–LSTM reduced schedule,60
1998-09-01,0.08462739522816193,0.023896491464726416,3.541415079827946,0.5223372796177783,0.08768258871710018,-0.006239241128055739,GAN–LSTM reduced schedule,60
1998-10-01,0.08692847458964516,0.02346962011943479,3.7038722462176183,0.5399050415670528,0.09018145039698093,-0.005031277263123357,GAN–LSTM reduced schedule,60
1998-11-01,0.08909914322236182,0.022987535971878765,3.8759762390957886,0.5566726714258179,0.09254531795224456,-0.005031277263123246,GAN–LSTM reduced schedule,60
1998-12-01,0.08642755826975007,0.022476627318694608,3.8452191711994623,0.5362532435009244,0.08966389844538769,-0.005031277263123357,GAN–LSTM reduced schedule,60
1999-01-01,0.08365184656953036,0.022492260076178775,3.7191392188339845,0.515224546922549,0.08666429995627184,-0.005031277263123357,GAN–LSTM reduced schedule,60
1999-02-01,0.08406145805265904,0.022331034652121984,3.7643333308190967,0.5183367062491667,0.08711031931564597,-0.005031277263123468,GAN–LSTM reduced schedule,60
1999-03-01,0.08312285039439204,0.02238213371935901,3.713803672010792,0.5112683154647439,0.08609625312837099,-0.005031277263123357,GAN–LSTM reduced schedule,60
1999-04-01,0.08322042340393287,0.02241200594348908,3.7132072699681427,0.5119957580031722,0.08620079055987259,-0.005031277263123357,GAN–LSTM reduced schedule,60
1999-05-01,0.08615547674043507,0.022510109670842344,3.827412571518185,0.5341742650207768,0.08936881492554091,-0.005031277263123357,GAN–LSTM reduced schedule,60
1999-06-01,0.08925893643158518,0.023086305870181918,3.8663152491136,0.5578907840133741,0.09271625007750046,-0.005031277263123357,GAN–LSTM reduced schedule,60
1999-07-01,0.091969141716382,0.023501712448781856,3.9132953361085367,0.5789104507799364,0.0956491341636499,-0.005031277263123468,GAN–LSTM reduced schedule,60
1999-08-01,0.08941206367824568,0.023621635978882238,3.785176596497386,0.5589794825493801,0.09286893166364805,-0.005031277263123468,GAN–LSTM reduced schedule,60
1999-09-01,0.0873662150401936,0.024358181688272255,3.586729755048088,0.5430933613099137,0.09063251353018456,-0.0063856985491826945,GAN–LSTM reduced schedule,60
1999-10-01,0.08822636218128976,0.02420182312500546,3.645442813361188,0.5497248089091351,0.09156830547624194,-0.0063856985491825835,GAN–LSTM reduced schedule,60
1999-11-01,0.08664544359137671,0.025024814753160124,3.4623810184423105,0.5374555467453839,0.08983440373311159,-0.010831076856554156,GAN–LSTM reduced schedule,60
1999-12-01,0.07787476967077633,0.029623601222777473,2.6288083303963297,0.47099362147347734,0.0802447340698659,-0.03991141834748979,GAN–LSTM reduced schedule,60
2000-01-01,0.07753064473080143,0.029632402716571866,2.6164143850354242,0.46847913321251056,0.0798751713714051,-0.03991141834749001,GAN–LSTM reduced schedule,60
2000-02-01,0.0591026320349676,0.047941055212673354,1.2328187557153236,0.33493977543176734,0.059478955395981435,-0.11137910286415309,GAN–LSTM reduced schedule,60
2000-03-01,0.06464729164849195,0.049651834279539765,1.3020121529554736,0.37171516605798705,0.06525305425666388,-0.1113791028641532,GAN–LSTM reduced schedule,60
2000-04-01,0.06811865082469037,0.05095555605910546,1.336824795821612,0.39515467162040113,0.0688689752754026,-0.11137910286415309,GAN–LSTM reduced schedule,60
2000-05-01,0.06788872879932371,0.05097925511641305,1.3316932278491955,0.3935523713122638,0.06862334854457852,-0.11137910286415298,GAN–LSTM reduced schedule,60
2000-06-01,0.06950535278619852,0.050765883262815774,1.3691351025327028,0.40487358241643145,0.07035403155670478,-0.11137910286415309,GAN–LSTM reduced schedule,60
2000-07-01,0.07490976022860851,0.05202255808688829,1.4399476493157817,0.4426676855584924,0.07605200443002101,-0.11137910286415309,GAN–LSTM reduced schedule,60
2000-08-01,0.07186672953818156,0.05276080029223833,1.362123567878365,0.42073948841891,0.07276078722189187,-0.11137910286415298,GAN–LSTM reduced schedule,60
2000-09-01,0.07694701909509333,0.05360128733485242,1.4355442363612996,0.45674558051384445,0.07814392924880333,-0.11137910286415309,GAN–LSTM reduced schedule,60
2000-10-01,0.07878573668432919,0.05381004550322349,1.4641455131200272,0.4700321457755855,0.0801034825104002,-0.11137910286415309,GAN–LSTM reduced schedule,60
2000-11-01,0.08276026752338311,0.054373072065315976,1.5220818758220398,0.49911595124829383,0.08434391092947671,-0.11137910286415331,GAN–LSTM reduced schedule,60
2000-12-01,0.0844512117288793,0.05458819596556002,1.5470599501430677,0.5116691579182021,0.08615386133747048,-0.1113791028641532,GAN–LSTM reduced schedule,60
2001-01-01,0.08523088374790584,0.05463321403979614,1.5600561901011647,0.5175138291515801,0.08699245979615186,-0.11137910286415309,GAN–LSTM reduced schedule,60
2001-02-01,0.09407091420854422,0.05811895599980445,1.6185926362624394,0.5840822069423168,0.09636596018872683,-0.11137910286415309,GAN–LSTM reduced schedule,60
2001-03-01,0.09825092364997047,0.058386214797031426,1.68277604553611,0.6171470155734979,0.1009051433536288,-0.1113791028641532,GAN–LSTM reduced schedule,60
2001-04-01,0.10081358150595014,0.05829757603712766,1.7292928515886412,0.6378706874545491,0.10371240078881973,-0.11137910286415309,GAN–LSTM reduced schedule,60
2001-05-01,0.10189556339881892,0.058320352500264586,1.747169882046866,0.6466700990977291,0.10489579283981686,-0.11137910286415298,GAN–LSTM reduced schedule,60
2001-06-01,0.09925050207202515,0.058354761588430205,1.7008123993724482,0.6251980334759955,0.10199914516954166,-0.11137910286415309,GAN–LSTM reduced schedule,60
2001-07-01,0.0987838822431304,0.05834293394138201,1.6931593180140714,0.6214471585428247,0.10149000325512636,-0.1113791028641532,GAN–LSTM reduced schedule,60
2001-08-01,0.09625487626768278,0.05850307533677303,1.645296007322546,0.601161969979127,0.09872005877124722,-0.1113791028641532,GAN–LSTM reduced schedule,60
2001-09-01,0.09453991980945659,0.058898256756221914,1.605139523920961,0.5874146294416069,0.09682685597674456,-0.11137910286415309,GAN–LSTM reduced schedule,60
2001-10-01,0.09348014961689394,0.05880077558664353,1.5897774933112914,0.579134778771652,0.0956802658599086,-0.11137910286415309,GAN–LSTM reduced schedule,60
2001-11-01,0.0952554981934132,0.05888038182168087,1.617779899625894,0.5930678617924395,0.09760696760192879,-0.11137910286415287,GAN–LSTM reduced schedule,60
2001-12-01,0.0960663579739684,0.05882944073573257,1.6329639849120372,0.5995121539762139,0.098493544085176,-0.11137910286415287,GAN–LSTM reduced schedule,60
2002-01-01,0.09774660028958841,0.0590500222454684,1.6553186023073791,0.6127957381500573,0.10031206087398707,-0.11137910286415298,GAN–LSTM reduced schedule,60
2002-02-01,0.09435266288374367,0.058568955268933735,1.6109671489016708,0.5860900626765466,0.0966437525178254,-0.1113791028641532,GAN–LSTM reduced schedule,60
2002-03-01,0.09443413212202156,0.058574290960338685,1.612211271767062,0.5867288058384995,0.09673206539552275,-0.1113791028641532,GAN–LSTM reduced schedule,60
2002-04-01,0.09473596280903787,0.05856917810922423,1.6175054161143778,0.5891088208730768,0.09706087698715213,-0.11137910286415331,GAN–LSTM reduced schedule,60
2002-05-01,0.09436233557418328,0.058535911340552284,1.6120417947403047,0.58618121336186,0.09665635678717803,-0.11137910286415298,GAN–LSTM reduced schedule,60
2002-06-01,0.09193085815747795,0.05871090909601912,1.5658224267508625,0.567081168860013,0.09400245951672294,-0.11137910286415309,GAN–LSTM reduced schedule,60
2002-07-01,0.08852479869829075,0.05961736620286258,1.484882750389603,0.5404010142664977,0.09025166649163593,-0.11137910286415298,GAN–LSTM reduced schedule,60
2002-08-01,0.08982533547684671,0.05953615675477832,1.5087526701937706,0.5504131519444447,0.091665256880327,-0.11137910286415298,GAN–LSTM reduced schedule,60
2002-09-01,0.08364484425362792,0.05986334602961094,1.3972630967245574,0.5034188455420372,0.08496567331343728,-0.11137910286415298,GAN–LSTM reduced schedule,60
2002-10-01,0.08516439650970595,0.05980101714197818,1.4241295646779824,0.5148325529754887,0.08660806935793257,-0.1113791028641532,GAN–LSTM reduced schedule,60
2002-11-01,0.08501894470428323,0.059822226202220226,1.4211932604595687,0.5137294799188534,0.08644977366295473,-0.1113791028641532,GAN–LSTM reduced schedule,60
2002-12-01,0.09139089114796227,0.060637809159295813,1.5071601763823286,0.5619985024747843,0.0932918801790841,-0.11137910286415298,GAN–LSTM reduced schedule,60
2003-01-01,0.09073635192629381,0.06065975666382367,1.4958245287589034,0.5569230553959934,0.0925804619155096,-0.11137910286415298,GAN–LSTM reduced schedule,60
2003-02-01,0.08587154334130816,0.06086713163108774,1.4108031878645233,0.5196828863199024,0.08730302064613604,-0.11137910286415309,GAN–LSTM reduced schedule,60
2003-03-01,0.08176629099532227,0.061187045247425104,1.3363333801244992,0.4888743480432006,0.08285824961101354,-0.11137910286415309,GAN–LSTM reduced schedule,60
2003-04-01,0.08382344091504706,0.061256349096518996,1.3684041271047684,0.5041302711852121,0.08506833616671952,-0.11137910286415287,GAN–LSTM reduced schedule,60
2003-05-01,0.08788572902651967,0.062023475284666334,1.416975244020986,0.5344196548340949,0.08940366141134444,-0.11137910286415309,GAN–LSTM reduced schedule,60
2003-06-01,0.09103673251121445,0.062068022189876365,1.466725204046586,0.5585834745497897,0.09281340446461149,-0.11137910286415309,GAN–LSTM reduced schedule,60
2003-07-01,0.09341806769111691,0.06216279121773946,1.5027971856009275,0.5770633287261646,0.0953926604191961,-0.1113791028641532,GAN–LSTM reduced schedule,60
2003-08-01,0.09293276293749043,0.06205559986287978,1.4975725501459642,0.5733214730028291,0.09487236464993001,-0.1113791028641532,GAN–LSTM reduced schedule,60
2003-09-01,0.0907406947001917,0.06195988566973372,1.4645071358567223,0.5563462330494784,0.09249949217961381,-0.11137910286415298,GAN–LSTM reduced schedule,60
2003-10-01,0.08951665894064222,0.06200063489084056,1.4438022948998324,0.5469014665725719,0.09117028392890596,-0.11137910286415298,GAN–LSTM reduced schedule,60
2003-11-01,0.08733387829455357,0.062184257093437244,1.4044371095939416,0.5301461131674668,0.08879616043442282,-0.11137910286415298,GAN–LSTM reduced schedule,60
2003-12-01,0.08918657530507478,0.062251513067194335,1.4326812459772136,0.544250333159819,0.09079601016403424,-0.1113791028641532,GAN–LSTM reduced schedule,60
2004-01-01,0.09102541894665357,0.062166057536935125,1.464230201385572,0.5584482133593255,0.09279443591066948,-0.11137910286415276,GAN–LSTM reduced schedule,60
2004-02-01,0.09431193233334963,0.062149382428879796,1.5175039340298322,0.5840782595550064,0.09636541377953495,-0.11137910286415298,GAN–LSTM reduced schedule,60
2004-03-01,0.0958009812384752,0.06213029892579443,1.541936589632306,0.5958321185549392,0.09798761225443066,-0.11137910286415298,GAN–LSTM reduced schedule,60
2004-04-01,0.09353153639309021,0.062113152345771354,1.5058249800689403,0.5779744295891848,0.09551919720832279,-0.1113791028641532,GAN–LSTM reduced schedule,60
2004-05-01,0.0909888460674286,0.0620680795221898,1.4659523344024108,0.5582122405905826,0.09276134076563007,-0.11137910286415309,GAN–LSTM reduced schedule,60
2004-06-01,0.08914490989231966,0.06185425890290387,1.4412089235804353,0.5441180440103337,0.0907773207821073,-0.11137910286415309,GAN–LSTM reduced schedule,60
2004-07-01,0.08922123728804644,0.061867406837795305,1.4421363662771212,0.544696975379363,0.09085910086712887,-0.11137910286415309,GAN–LSTM reduced schedule,60
2004-08-01,0.09105225477685547,0.061782289635410916,1.473759799356291,0.5588379650071204,0.09284908974231243,-0.11137910286415309,GAN–LSTM reduced schedule,60
2004-09-01,0.09343247199908297,0.06146858525350551,1.5200036183320909,0.5775090578323464,0.0954545720994689,-0.1101645769428109,GAN–LSTM reduced schedule,60
2004-10-01,0.09247319619725176,0.06154798670223711,1.5024568820524975,0.5699807675365787,0.09440701072209472,-0.11016457694281101,GAN–LSTM reduced schedule,60
2004-11-01,0.09699016878098435,0.06110007552221953,1.5873985089545937,0.6057778934427817,0.0993528204279348,-0.10164899407481465,GAN–LSTM reduced schedule,60
2004-12-01,0.10088520593470911,0.05929443145112891,1.701428000331865,0.6379979458651052,0.10372955138829781,-0.0789124817336202,GAN–LSTM reduced schedule,60
2005-01-01,0.10209643729536032,0.05928273855285067,1.7221950231658265,0.6478699685299203,0.10505676551457456,-0.0789124817336202,GAN–LSTM reduced schedule,60
2005-02-01,0.11930430085521676,0.044290849539564456,2.693655734660129,0.8017984553485153,0.12497077955534801,-0.023648813132001734,GAN–LSTM reduced schedule,60
2005-03-01,0.1132885599422606,0.04300311751645832,2.6344266761334767,0.7493884989817816,0.11834874159903346,-0.023648813132001734,GAN–LSTM reduced schedule,60
2005-04-01,0.11035832760159811,0.0418666224027869,2.6359501022048524,0.7245791789587509,0.11515857362636019,-0.023648813132001623,GAN–LSTM reduced schedule,60
2005-05-01,0.10991411383039654,0.041977350732562514,2.618414738239647,0.7207481520564177,0.11466268410499186,-0.023648813132001623,GAN–LSTM reduced schedule,60
2005-06-01,0.11135313863267103,0.041889153755358365,2.6582809307391893,0.7330914785124198,0.11625726223751703,-0.023648813132001734,GAN–LSTM reduced schedule,60
2005-07-01,0.10509674288131743,0.04085797868950988,2.5722452811475125,0.6805314786072099,0.10940298573310088,-0.023648813132001623,GAN–LSTM reduced schedule,60
2005-08-01,0.1100595302402389,0.03952941763400424,2.7842436551749956,0.7228328514479231,0.11493263776957516,-0.023648813132001734,GAN–LSTM reduced schedule,60
2005-09-01,0.10462850898822434,0.03881166173449572,2.695800806055948,0.6773101046255763,0.10897734118769467,-0.023648813132001623,GAN–LSTM reduced schedule,60
2005-10-01,0.10165541319713055,0.0387230678690433,2.6251900686411718,0.652797292979407,0.10571682638571776,-0.023648813132001734,GAN–LSTM reduced schedule,60
2005-11-01,0.09676591549742042,0.03823529621934796,2.5308007277436646,0.6133502935463677,0.10038771832642497,-0.023648813132001623,GAN–LSTM reduced schedule,60
2005-12-01,0.09326163879977281,0.03810243924748802,2.447655337602074,0.5855854192327773,0.0965739601979768,-0.023648813132001845,GAN–LSTM reduced schedule,60
2006-01-01,0.09126903075414322,0.038128464481995084,2.3937242685774036,0.5699781470661626,0.09440664538473914,-0.023648813132001734,GAN–LSTM reduced schedule,60
2006-02-01,0.08168023006521022,0.032531333916692454,2.5108171178710417,0.4984141819466889,0.08424237084550756,-0.023648813132001623,GAN–LSTM reduced schedule,60
2006-03-01,0.07785434596919266,0.03182076332104732,2.446652369199993,0.4703725728399873,0.08015350351210813,-0.023648813132001623,GAN–LSTM reduced schedule,60
2006-04-01,0.07684116497193115,0.031702593759500595,2.423813191906529,0.4630170948705598,0.0790706499231873,-0.023648813132001623,GAN–LSTM reduced schedule,60
2006-05-01,0.07674671072849334,0.031685478581663644,2.4221414403034003,0.46233460231752604,0.07896995456619635,-0.023648813132001623,GAN–LSTM reduced schedule,60
2006-06-01,0.07705894407534399,0.031639934920447255,2.4354962887595812,0.4646152480708452,0.07930629545155539,-0.02364881313200151,GAN–LSTM reduced schedule,60
2006-07-01,0.07715125951415008,0.03164684687904751,2.4378814043945014,0.4652855407607913,0.07940506797493628,-0.02364881313200151,GAN–LSTM reduced schedule,60
2006-08-01,0.07783941014556378,0.03150228592271682,2.470913073944024,0.47033680053702365,0.08014824770754338,-0.023648813132001734,GAN–LSTM reduced schedule,60
2006-09-01,0.07896990279919916,0.031011429572610584,2.546477343596752,0.4787306231305948,0.08137870589709384,-0.023648813132001623,GAN–LSTM reduced schedule,60
2006-10-01,0.07685984688449295,0.031090944631118205,2.4720975125202758,0.4632932061120621,0.07911137686320466,-0.023648813132001734,GAN–LSTM reduced schedule,60
2006-11-01,0.07455651657390713,0.03087733786378594,2.4146031274719997,0.4466890468171578,0.07665122450106575,-0.023648813132001734,GAN–LSTM reduced schedule,60
2006-12-01,0.07454855895102709,0.030877320129289516,2.4143467969006815,0.4466318462327276,0.07664271043186316,-0.023648813132001734,GAN–LSTM reduced schedule,60
2007-01-01,0.06949111370072489,0.030652357917423708,2.2670723696993007,0.4107683026782636,0.07125074920158671,-0.02364881313200151,GAN–LSTM reduced schedule,60
2007-02-01,0.06936731293089198,0.030645249262420814,2.263558450345341,0.40990183786038964,0.07111912883552081,-0.02364881313200151,GAN–LSTM reduced schedule,60
2007-03-01,0.06706588981790096,0.030610115495577638,2.190971472407225,0.3938688210098764,0.0686718770147279,-0.023648813132001623,GAN–LSTM reduced schedule,60
2007-04-01,0.06590357896819565,0.03064054139860142,2.1508620918559807,0.385829731480862,0.06743631778702265,-0.023648813132001623,GAN–LSTM reduced schedule,60
2007-05-01,0.06237735234627591,0.030870103837732633,2.0206395376627095,0.36168948948265595,0.06369132429989771,-0.023648813132001734,GAN–LSTM reduced schedule,60
2007-06-01,0.06375227426495099,0.03067557706492649,2.0782746525033877,0.3710743704304397,0.06515350923387114,-0.02116677763973973,GAN–LSTM reduced schedule,60
2007-07-01,0.06843540056557912,0.029021648677077776,2.358081076890424,0.4037255746940501,0.07017904406331454,-0.015368090559497172,GAN–LSTM reduced schedule,60
2007-08-01,0.0664003108096752,0.02928297359712589,2.267539892744784,0.3895407977298238,0.06800739667872527,-0.01536809055949695,GAN–LSTM reduced schedule,60
2007-09-01,0.06850667834034191,0.02842603430317909,2.4099977369224628,0.4043437287113127,0.07027328171071515,-0.01536809055949695,GAN–LSTM reduced schedule,60
2007-10-01,0.06694469589289562,0.028490271657404656,2.349738770409253,0.393467056622416,0.0686102637830591,-0.01536809055949695,GAN–LSTM reduced schedule,60
2007-11-01,0.06891096514854117,0.02830060211950329,2.434964629287917,0.4071940867268487,0.07070739028952597,-0.01536809055949706,GAN–LSTM reduced schedule,60
2007-12-01,0.06403340626980164,0.025915401748244908,2.4708629598666447,0.37390726757336346,0.06559330733981734,-0.01536809055949706,GAN–LSTM reduced schedule,60
2008-01-01,0.0640110989908513,0.025916669030873613,2.469881407776483,0.3737546250639351,0.06556962858518357,-0.01536809055949706,GAN–LSTM reduced schedule,60
2008-02-01,0.06795742237659984,0.025451662718381864,2.6700582641117268,0.40106293059640236,0.06977274379292699,-0.009923575970192555,GAN–LSTM reduced schedule,60
2008-03-01,0.06974832039903539,0.024789037762970482,2.8136759912167486,0.4137103432179005,0.07169717791677635,-0.009923575970192444,GAN–LSTM reduced schedule,60
2008-04-01,0.06924372204911902,0.024645068624734,2.8096380295579877,0.4101931732289226,0.07116339136335773,-0.009923575970192666,GAN–LSTM reduced schedule,60
2008-05-01,0.06428389220423446,0.022324657019996273,2.8795018954448053,0.37620553813273266,0.06594957369617797,-0.009923575970192444,GAN–LSTM reduced schedule,60
2008-06-01,0.05665460413149101,0.0248791470723906,2.2771923798932368,0.32454559175368297,0.05782391770996134,-0.021936665320520743,GAN–LSTM reduced schedule,60
2008-07-01,0.054425664141499484,0.024343886517988213,2.235701522075499,0.31001798195822233,0.05549322841362058,-0.021936665320520854,GAN–LSTM reduced schedule,60
2008-08-01,0.048254329555714556,0.02420073828403024,1.9939197304388423,0.2703982646313704,0.04903016934596253,-0.027485543443314997,GAN–LSTM reduced schedule,60
2008-09-01,0.04333527821987373,0.02638544673681286,1.6423931969820518,0.23930424412681325,0.04384397153623081,-0.0466585377949329,GAN–LSTM reduced schedule,60
2008-10-01,0.04473661103184429,0.026503137815109726,1.6879741313626442,0.24796695252564507,0.04529919751638215,-0.046658537794932675,GAN–LSTM reduced schedule,60
2008-11-01,0.05157385778217806,0.028913610901212847,1.7837224813734587,0.290771995068354,0.05237350810948437,-0.04665853779493301,GAN–LSTM reduced schedule,60
2008-12-01,0.05163566908436225,0.028935193492940887,1.784528211188891,0.2911653135881953,0.05243763524431615,-0.046658537794932786,GAN–LSTM reduced schedule,60
2009-01-01,0.05287272556692291,0.02927323393498333,1.8061798598800087,0.2990786150263639,0.053724521441962034,-0.046658537794932786,GAN–LSTM reduced schedule,60
2009-02-01,0.04863313489042973,0.029157881280437763,1.667924168518309,0.2719644202320445,0.04928869219603753,-0.0466585377949329,GAN–LSTM reduced schedule,60
2009-03-01,0.04627624858707119,0.029076868781020723,1.5915141666587214,0.25713589675303195,0.04683068788810628,-0.046658537794932786,GAN–LSTM reduced schedule,60
2009-04-01,0.040000878680706405,0.03246213725594863,1.232231826429614,0.21779654321850764,0.04019544432051239,-0.046658537794932786,GAN–LSTM reduced schedule,60
2009-05-01,0.041795810178117364,0.03265571629423769,1.2798926167022249,0.22869933157468855,0.04205135920020968,-0.046658537794932786,GAN–LSTM reduced schedule,60
2009-06-01,0.041548630684123955,0.032610344613464425,1.2740935790960335,0.227195940377986,0.04179623117955667,-0.046658537794932675,GAN–LSTM reduced schedule,60
2009-07-01,0.04226221804483185,0.03297095171757811,1.2818015811869996,0.2314959002274767,0.04252527801877447,-0.046658537794932675,GAN–LSTM reduced schedule,60
2009-08-01,0.03774556217156561,0.03370396379813733,1.1199146307429761,0.20393862270318344,0.03781721268017041,-0.046658537794932786,GAN–LSTM reduced schedule,60
2009-09-01,0.03919886843888727,0.03395924195154424,1.154291620961956,0.21263909396144826,0.03931288861757905,-0.0466585377949329,GAN–LSTM reduced schedule,60
2009-10-01,0.03911070133732505,0.03396761806484194,1.1514113607455574,0.21210465678000637,0.03922126277461482,-0.046658537794932564,GAN–LSTM reduced schedule,60
2009-11-01,0.03622884890477521,0.033732476486325276,1.0740050147062854,0.1948650606142911,0.036248159970363444,-0.046658537794932786,GAN–LSTM reduced schedule,60
2009-12-01,0.037760588827556625,0.03331315130052803,1.1335039572482022,0.20410789516351804,0.03784639423322745,-0.046658537794932675,GAN–LSTM reduced schedule,60
2010-01-01,0.03695989171500865,0.033173496255631554,1.1141391739417368,0.19933930757322324,0.03702305938482373,-0.0466585377949329,GAN–LSTM reduced schedule,60
2010-02-01,0.03631040532947758,0.03312549052246247,1.0961469477668688,0.19547209579807068,0.03635342897888298,-0.046658537794932786,GAN–LSTM reduced schedule,60
2010-03-01,0.03710093206226079,0.0331949262645347,1.1176687595748405,0.20017855622803593,0.03716815205351589,-0.046658537794932786,GAN–LSTM reduced schedule,60
2010-04-01,0.03241362581336225,0.03264865938198217,0.992801126506602,0.1725601344479332,0.032350149309828664,-0.0466585377949329,GAN–LSTM reduced schedule,60
2010-05-01,0.033301568124994574,0.03256967630175418,1.0224715719143014,0.17777839485112096,0.033267374381904746,-0.04665853779493301,GAN–LSTM reduced schedule,60
2010-06-01,0.030586237593098933,0.03250319194622528,0.9410225815268284,0.16195029666910993,0.030475119253415135,-0.046658537794932675,GAN–LSTM reduced schedule,60
2010-07-01,0.030316511423344104,0.032528202239599645,0.9320069765932822,0.16038356317524496,0.030197077867794898,-0.04665853779493312,GAN–LSTM reduced schedule,60
2010-08-01,0.030134229672257547,0.03248537615471322,0.9276244648897332,0.15933708443286554,0.030011196493964706,-0.046658537794932675,GAN–LSTM reduced schedule,60
2010-09-01,0.029074332492922912,0.032634213959097276,0.8909156668937633,0.15319653745440331,0.0289177655986723,-0.046658537794932786,GAN–LSTM reduced schedule,60
2010-10-01,0.028069140994534725,0.03271347300304561,0.8580299924719548,0.14741402243180296,0.0278838217987884,-0.046658537794932675,GAN–LSTM reduced schedule,60
2010-11-01,0.027782892926707853,0.03274111471675401,0.8485628289403054,0.1457716041437373,0.02758938882251387,-0.046658537794932564,GAN–LSTM reduced schedule,60
2010-12-01,0.025593635622066867,0.03321200374095647,0.7706140171996076,0.13323723329186699,0.025331186354864393,-0.04665853779493301,GAN–LSTM reduced schedule,60
2011-01-01,0.02584847256314087,0.033217398270859046,0.7781606600363163,0.13467800355231613,0.025591770095891454,-0.04665853779493301,GAN–LSTM reduced schedule,60
2011-02-01,0.02386276581481609,0.0334068804084198,0.7143069189064948,0.1234555975472011,0.02355499612299181,-0.046658537794932786,GAN–LSTM reduced schedule,60
2011-03-01,0.02379771260353951,0.03340510823357848,0.712397410513949,0.1230912898215587,0.02348860500433,-0.0466585377949329,GAN–LSTM reduced schedule,60
2011-04-01,0.02198505149618753,0.03334113269298395,0.6593972585944535,0.11298931833889063,0.02164073126566765,-0.04665853779493312,GAN–LSTM reduced schedule,60
2011-05-01,0.01977052488933081,0.03303216137356323,0.5985235015579039,0.10081060002746271,0.019395050400328358,-0.046658537794932786,GAN–LSTM reduced schedule,60
2011-06-01,0.01954814542996137,0.03302962679454816,0.591836703198474,0.09958975013278387,0.01916883876985185,-0.0466585377949329,GAN–LSTM reduced schedule,60
2011-07-01,0.018970455845190404,0.03292493527282212,0.5761729123534393,0.09644205182032434,0.018584672593366824,-0.04665853779493301,GAN–LSTM reduced schedule,60
2011-08-01,0.023099145454266546,0.03416969911867343,0.6760125505946604,0.11904147123006868,0.02274940690342514,-0.046658537794932675,GAN–LSTM reduced schedule,60
2011-09-01,0.02638714940889003,0.034356482806340634,0.7680398938863489,0.13751634533147689,0.026104351049141522,-0.046658537794932786,GAN–LSTM reduced schedule,60
2011-10-01,0.03107737438354368,0.03561384137254029,0.8726206774062174,0.1641911124650202,0.030872266317301358,-0.046658537794932786,GAN–LSTM reduced schedule,60
2011-11-01,0.03193353623945901,0.035684426696318224,0.8948871873778422,0.1691577861767921,0.031750350892563006,-0.046658537794932675,GAN–LSTM reduced schedule,60
2011-12-01,0.03004576984310805,0.03573941562087038,0.8406900146840264,0.15819097241583588,0.029807463633250618,-0.0466585377949329,GAN–LSTM reduced schedule,60
2012-01-01,0.03136264879044362,0.03557173892852033,0.8816731971823285,0.1658573877785557,0.031167189448953466,-0.046658537794932675,GAN–LSTM reduced schedule,60
2012-02-01,0.029489286739794666,0.03557083196454197,0.8290299976449926,0.15501547625906492,0.029242143744786432,-0.046658537794932564,GAN–LSTM reduced schedule,60
2012-03-01,0.028893341423669443,0.03562981910337071,0.8109314655750252,0.15157521765851295,0.028628284381050615,-0.0466585377949329,GAN–LSTM reduced schedule,60
2012-04-01,0.029438449640039777,0.035641524368607756,0.8259593314692368,0.15470814077625517,0.029187364166350115,-0.046658537794932786,GAN–LSTM reduced schedule,60
2012-05-01,0.032123876147671204,0.035541606280015264,0.9038386136682343,0.1702978786637889,0.03195149265228047,-0.046658537794932675,GAN–LSTM reduced schedule,60
2012-06-01,0.029877074749472023,0.035784881058452005,0.8349077561741783,0.15720754179336457,0.029632520404261523,-0.046658537794932786,GAN–LSTM reduced schedule,60
2012-07-01,0.03008766363750008,0.03581254104935869,0.8401432223430254,0.15841793876269758,0.029847821972126765,-0.046658537794932786,GAN–LSTM reduced schedule,60
2012-08-01,0.031220101267765005,0.03571956768561529,0.8740335701301819,0.16499826169595022,0.031015170191160516,-0.046658537794932675,GAN–LSTM reduced schedule,60
2012-09-01,0.03134515580244285,0.03570855124060526,0.8778053075085087,0.16572732437209153,0.0311441809568413,-0.046658537794932786,GAN–LSTM reduced schedule,60
2012-10-01,0.03388802117114728,0.03600693541211058,0.9411526080542076,0.1805403414651064,0.033751532718039066,-0.046658537794932786,GAN–LSTM reduced schedule,60
2012-11-01,0.0329094856703705,0.035935998225843244,0.9157804790491045,0.17480925428876554,0.032745881642643436,-0.046658537794932786,GAN–LSTM reduced schedule,60
2012-12-01,0.030727433729406263,0.03602726619439139,0.8528938488868693,0.1620758420860196,0.03049738627084426,-0.046658537794932786,GAN–LSTM reduced schedule,60
2013-01-01,0.03211654490335199,0.036206550769712444,0.8870368543975793,0.17011649302936205,0.03191950203087658,-0.046658537794932786,GAN–LSTM reduced schedule,60
2013-02-01,0.03135078768390182,0.036041647712387374,0.8698489018615726,0.16569096964096872,0.03113774936065159,-0.046658537794932786,GAN–LSTM reduced schedule,60
2013-03-01,0.030208352050565417,0.03618402166182742,0.8348533596649352,0.15903845915234657,0.0299581283944091,-0.046658537794932675,GAN–LSTM reduced schedule,60
2013-04-01,0.027196940242832167,0.03604547391217846,0.754517482807829,0.14178655960377481,0.026873591990357097,-0.046658537794932675,GAN–LSTM reduced schedule,60
2013-05-01,0.02598548956845468,0.036082200015666546,0.7201747553411939,0.13489906089274095,0.025631728026343947,-0.046658537794932786,GAN–LSTM reduced schedule,60
2013-06-01,0.03024753132222352,0.03443527116501096,0.8783880683639708,0.15962643289581802,0.030062605598654764,-0.03501182237390388,GAN–LSTM reduced schedule,60
2013-07-01,0.029498734302306064,0.034422116893208995,0.8569703715149997,0.1553062637904217,0.029293963075866514,-0.03501182237390377,GAN–LSTM reduced schedule,60
2013-08-01,0.03173468882663818,0.03392824691197374,0.9353471433102124,0.16836053053078576,0.03160960115631559,-0.03501182237390388,GAN–LSTM reduced schedule,60
2013-09-01,0.03440897257114667,0.03266034333112389,1.0535398303163706,0.18429736091423526,0.03440867078517679,-0.03501182237390377,GAN–LSTM reduced schedule,60
2013-10-01,0.03459184176160574,0.0326993797997025,1.0578745521626212,0.18537014080334796,0.03459600396584565,-0.03501182237390388,GAN–LSTM reduced schedule,60
2013-11-01,0.027035077545015676,0.030445957773150435,0.8879693569324092,0.14192372040227588,0.02689826210637298,-0.03501182237390388,GAN–LSTM reduced schedule,60
2013-12-01,0.0230490179261547,0.030116549651637264,0.7653273098268631,0.1194913309040083,0.022831623650612164,-0.03501182237390377,GAN–LSTM reduced schedule,60
2014-01-01,0.02044201906163744,0.02949814284247733,0.6929934257488553,0.10512008822232663,0.020191955480408766,-0.03501182237390388,GAN–LSTM reduced schedule,60
2014-02-01,0.021050545217868224,0.029378617978213624,0.7165260542030509,0.10850141032735747,0.020815486534619804,-0.029602188341006808,GAN–LSTM reduced schedule,60
2014-03-01,0.02200077647407966,0.029367132116357657,0.7491632613940229,0.1137730122860773,0.021784565214879925,-0.028692251808136726,GAN–LSTM reduced schedule,60
2014-04-01,0.02851367409379986,0.02594921851773293,1.098825927043408,0.1511138530964696,0.028545849694782195,-0.02179584197913287,GAN–LSTM reduced schedule,60
2014-05-01,0.02683777533179956,0.025630093724732,1.0471196718996856,0.14157688913144428,0.026835875503699706,-0.021795841979132757,GAN–LSTM reduced schedule,60
2014-06-01,0.0244620473595188,0.02555880965517043,0.9570886786024575,0.1281353954172958,0.024406310437108305,-0.021795841979132646,GAN–LSTM reduced schedule,60
2014-07-01,0.02300168369955804,0.02461471430921707,0.9344688469914506,0.12007406868570211,0.022938086031976307,-0.021795841979132646,GAN–LSTM reduced schedule,60
2014-08-01,0.02468816882357612,0.02383929381431734,1.0356082279899148,0.1296469840196641,0.024680683823867452,-0.021795841979132757,GAN–LSTM reduced schedule,60
2014-09-01,0.02405088831938874,0.02359321082937333,1.0193986945365487,0.12609290201002116,0.024035103209650972,-0.021795841979132757,GAN–LSTM reduced schedule,60
2014-10-01,0.022975715082297277,0.02381237118351434,0.9648646455756453,0.12003806233764638,0.022931509192209387,-0.02179584197913287,GAN–LSTM reduced schedule,60
2014-11-01,0.023312007496772983,0.023778573726896197,0.9803787125551824,0.12192382199543551,0.023275730560533756,-0.02179584197913287,GAN–LSTM reduced schedule,60
2014-12-01,0.021705691358575183,0.024323324109384852,0.892381783877982,0.11289254556548312,0.021622964617942123,-0.02179584197913287,GAN–LSTM reduced schedule,60
2015-01-01,0.021784389611098756,0.02434044835073608,0.8949871956832699,0.11332745392624516,0.02170280034576767,-0.021795841979132757,GAN–LSTM reduced schedule,60
2015-02-01,0.02288201508718832,0.02455426679814844,0.9318956772479876,0.11941392492874905,0.02281747874979891,-0.02179584197913287,GAN–LSTM reduced schedule,60
2015-03-01,0.02192540243218874,0.0244101143088494,0.8982097402239578,0.1141019157741356,0.021844905843301368,-0.02179584197913287,GAN–LSTM reduced schedule,60
2015-04-01,0.022597815126512717,0.02426758135868008,0.9311935455170478,0.11786636313341431,0.022534518308034834,-0.021795841979132757,GAN–LSTM reduced schedule,60
2015-05-01,0.024363147639534018,0.024593758274486337,0.9906232047831601,0.12771313375568033,0.02432961179061292,-0.02179584197913298,GAN–LSTM reduced schedule,60
2015-06-01,0.024733256842645455,0.02452669775434752,1.0084218059180559,0.1298069906881089,0.02470970996323117,-0.02179584197913287,GAN–LSTM reduced schedule,60
2015-07-01,0.02361142345074386,0.024798287553233336,0.9521392717161742,0.12346240751926629,0.023556237002301205,-0.021795841979132757,GAN–LSTM reduced schedule,60
2015-08-01,0.02419638608493166,0.025013680127099615,0.967326117627829,0.1267167567866665,0.02414854103838875,-0.021795841979132757,GAN–LSTM reduced schedule,60
2015-09-01,0.026766684634839416,0.024967119569840872,1.07207740003666,0.14126593007862387,0.026779928556874843,-0.017454972950981307,GAN–LSTM reduced schedule,60
2015-10-01,0.02571056092200844,0.025283853219932522,1.0168766879938822,0.13522297374213185,0.02569026669047904,-0.017454972950980974,GAN–LSTM reduced schedule,60
2015-11-01,0.025586415972293983,0.02530346871354853,1.0111821530063168,0.13451721968761973,0.02556270317908723,-0.017454972950980974,GAN–LSTM reduced schedule,60
2015-12-01,0.0318617984364356,0.026025453853209087,1.2242552470418055,0.1704868677975384,0.03198482006841804,-0.017454972950981307,GAN–LSTM reduced schedule,60
2016-01-01,0.03292699188006094,0.02616615837431708,1.2583808218626327,0.17669920107148318,0.0330779491630336,-0.017454972950981307,GAN–LSTM reduced schedule,60
2016-02-01,0.03566962193710854,0.025947930634549282,1.37466152655792,0.19293402721672548,0.0359130050343738,-0.01745497295098075,GAN–LSTM reduced schedule,60
2016-03-01,0.03611096168426524,0.02596231182614043,1.3908993130537215,0.19555929766949537,0.036368547578820194,-0.01745497295098075,GAN–LSTM reduced schedule,60
2016-04-01,0.030119707280013515,0.03006514871902936,1.0018146779014474,0.15969292903985172,0.030074418647825805,-0.03140244828869532,GAN–LSTM reduced schedule,60
2016-05-01,0.03361892224338088,0.030860720699397763,1.089375798149683,0.17996610137154795,0.03365094537005486,-0.03140244828869532,GAN–LSTM reduced schedule,60
2016-06-01,0.036336121388918965,0.031327104732741744,1.1598940182602322,0.195973763801606,0.036440393469349436,-0.03140244828869532,GAN–LSTM reduced schedule,60
2016-07-01,0.03324920830667462,0.03176545517531827,1.0467096449009559,0.17762702264645305,0.033240813187945834,-0.03140244828869532,GAN–LSTM reduced schedule,60
2016-08-01,0.029096282615427536,0.030537799269506716,0.9527956601797891,0.15370484069911575,0.029008454398909804,-0.031402448288695206,GAN–LSTM reduced schedule,60
2016-09-01,0.02516369765616166,0.03052027421770605,0.8244912046551394,0.1312936805456421,0.024979247029296957,-0.031402448288695206,GAN–LSTM reduced schedule,60
2016-10-01,0.023688897590119523,0.029648850658157054,0.7989819862916737,0.12314305029726787,0.02349803883770893,-0.03140244828869532,GAN–LSTM reduced schedule,60
2016-11-01,0.021091101403592383,0.029706221448741573,0.7099893683882117,0.10866611019554988,0.020845819050805854,-0.03140244828869532,GAN–LSTM reduced schedule,60
2016-12-01,0.02208344829099988,0.02962274868500896,0.7454895062515093,0.11418455020574056,0.021860063714713357,-0.03140244828869532,GAN–LSTM reduced schedule,60
1992-01-01,,,,,,,GAN–Transformer reduced schedule,36
1992-02-01,,,,,,,GAN–Transformer reduced schedule,36
1992-03-01,,,,,,,GAN–Transformer reduced schedule,36
1992-04-01,,,,,,,GAN–Transformer reduced schedule,36
1992-05-01,,,,,,,GAN–Transformer reduced schedule,36
1992-06-01,,,,,,,GAN–Transformer reduced schedule,36
1992-07-01,,,,,,,GAN–Transformer reduced schedule,36
1992-08-01,,,,,,,GAN–Transformer reduced schedule,36
1992-09-01,,,,,,,GAN–Transformer reduced schedule,36
1992-10-01,,,,,,,GAN–Transformer reduced schedule,36
1992-11-01,,,,,,,GAN–Transformer reduced schedule,36
1992-12-01,,,,,,,GAN–Transformer reduced schedule,36
1993-01-01,,,,,,,GAN–Transformer reduced schedule,36
1993-02-01,,,,,,,GAN–Transformer reduced schedule,36
1993-03-01,,,,,,,GAN–Transformer reduced schedule,36
1993-04-01,,,,,,,GAN–Transformer reduced schedule,36
1993-05-01,,,,,,,GAN–Transformer reduced schedule,36
1993-06-01,,,,,,,GAN–Transformer reduced schedule,36
1993-07-01,,,,,,,GAN–Transformer reduced schedule,36
1993-08-01,,,,,,,GAN–Transformer reduced schedule,36
1993-09-01,,,,,,,GAN–Transformer reduced schedule,36
1993-10-01,,,,,,,GAN–Transformer reduced schedule,36
1993-11-01,,,,,,,GAN–Transformer reduced schedule,36
1993-12-01,,,,,,,GAN–Transformer reduced schedule,36
1994-01-01,,,,,,,GAN–Transformer reduced schedule,36
1994-02-01,,,,,,,GAN–Transformer reduced schedule,36
1994-03-01,,,,,,,GAN–Transformer reduced schedule,36
1994-04-01,,,,,,,GAN–Transformer reduced schedule,36
1994-05-01,,,,,,,GAN–Transformer reduced schedule,36
1994-06-01,,,,,,,GAN–Transformer reduced schedule,36
1994-07-01,,,,,,,GAN–Transformer reduced schedule,36
1994-08-01,,,,,,,GAN–Transformer reduced schedule,36
1994-09-01,,,,,,,GAN–Transformer reduced schedule,36
1994-10-01,,,,,,,GAN–Transformer reduced schedule,36
1994-11-01,,,,,,,GAN–Transformer reduced schedule,36
1994-12-01,0.03694572666213397,0.027029984558808888,1.3668423147542497,0.11580706272223036,0.037201259196363176,-0.01803094473375899,GAN–Transformer reduced schedule,36
1995-01-01,0.034138169712131974,0.026754783882148164,1.2759650708638426,0.10650027914387468,0.03430948960140568,-0.01803094473375888,GAN–Transformer reduced schedule,36
1995-02-01,0.042130645008880245,0.025278415353688525,1.6666647975911473,0.13339755779629156,0.042623295397540055,-0.01803094473375877,GAN–Transformer reduced schedule,36
1995-03-01,0.045684497109515214,0.02616311567792384,1.746141310993144,0.14542443875122033,0.046298208376411444,-0.01803094473375899,GAN–Transformer reduced schedule,36
1995-04-01,0.04575308736326661,0.026182056623729737,1.7474978387220714,0.1456575842854164,0.04636919318560103,-0.01803094473375899,GAN–Transformer reduced schedule,36
1995-05-01,0.045935400119058875,0.026166141000529088,1.755528265254324,0.14628339852834674,0.046559684526036614,-0.01803094473375899,GAN–Transformer reduced schedule,36
1995-06-01,0.04762567183794605,0.026278782129518893,1.8123241633959983,0.15207796600464799,0.04832020630929003,-0.01803094473375899,GAN–Transformer reduced schedule,36
1995-07-01,0.04878725282733264,0.02611327955007612,1.8682928252568116,0.15609852191147774,0.049538276785088764,-0.01803094473375888,GAN–Transformer reduced schedule,36
1995-08-01,0.05086077720853846,0.026025567521479102,1.9542619835883561,0.16329055637619833,0.05171015533970487,-0.01803094473375899,GAN–Transformer reduced schedule,36
1995-09-01,0.04726721653874404,0.02605051478031543,1.8144446256570945,0.1508650264351928,0.047952176945798314,-0.01803094473375899,GAN–Transformer reduced schedule,36
1995-10-01,0.05233099701181673,0.02605609206747226,2.008397762653954,0.1684081557262424,0.05325014258476551,-0.01803094473375899,GAN–Transformer reduced schedule,36
1995-11-01,0.0568111698917966,0.02692715107935213,2.109809898729304,0.1840655400581709,0.057934014386306555,-0.01803094473375888,GAN–Transformer reduced schedule,36
1995-12-01,0.06001552486384791,0.028245663748201543,2.1247695008643306,0.19531960342943155,0.06127519588221589,-0.01803094473375899,GAN–Transformer reduced schedule,36
1996-01-01,0.058216602856852824,0.028486275537756445,2.043671970373629,0.18889336008531132,0.059369911545930056,-0.01803094473375899,GAN–Transformer reduced schedule,36
1996-02-01,0.059092966003035236,0.02833720977850793,2.0853487857457895,0.19202300843567272,0.060298660483898064,-0.018030944733759102,GAN–Transformer reduced schedule,36
1996-03-01,0.052656253339295966,0.0275348291278435,1.9123508301001009,0.1694072969318621,0.05355027908254224,-0.01803094473375899,GAN–Transformer reduced schedule,36
1996-04-01,0.04818513131756926,0.029280937519923608,1.6456143620668797,0.1537186949296429,0.048817624442917734,-0.01803094473375899,GAN–Transformer reduced schedule,36
1996-05-01,0.04646473330014376,0.029986273110668687,1.5495334524787032,0.1477304451894296,0.046999885116003774,-0.02591165131791473,GAN–Transformer reduced schedule,36
1996-06-01,0.050289906635355194,0.029361737636275878,1.7127701111674996,0.1609881022657712,0.05101582787989269,-0.025911651317915063,GAN–Transformer reduced schedule,36
1996-07-01,0.05494225917345623,0.029446133908697096,1.8658564599282994,0.17722553654314252,0.055892953039537556,-0.02591165131791484,GAN–Transformer reduced schedule,36
1996-08-01,0.052662070016506905,0.028987912596737546,1.816690658244698,0.16928206853333677,0.05351267053664848,-0.02591165131791473,GAN–Transformer reduced schedule,36
1996-09-01,0.05285084150320436,0.028973522467621513,1.8241082547786942,0.16994299147812744,0.05371112836715743,-0.025911651317914952,GAN–Transformer reduced schedule,36
1996-10-01,0.06032764850754917,0.02955625366664535,2.0411128280317126,0.19629647959163396,0.06156422657088052,-0.025911651317914952,GAN–Transformer reduced schedule,36
1996-11-01,0.0663939797880382,0.029218195338349844,2.2723504658377687,0.2181873322175212,0.0680002630774323,-0.025911651317915063,GAN–Transformer reduced schedule,36
1996-12-01,0.06757071361945934,0.029783689557180776,2.2687153480341116,0.222411765312336,0.06923337677527515,-0.02591165131791484,GAN–Transformer reduced schedule,36
1997-01-01,0.0622081521534102,0.030701898837893638,2.02619885114826,0.20290734960594392,0.06351607702647698,-0.02591165131791473,GAN–Transformer reduced schedule,36
1997-02-01,0.07085729659827009,0.02987741424307604,2.3716007021822834,0.23444507315178412,0.07273040495220828,-0.025911651317914952,GAN–Transformer reduced schedule,36
1997-03-01,0.07575398163040957,0.028782472287246952,2.631948391173295,0.2527215985595506,0.07799857914832943,-0.02591165131791473,GAN–Transformer reduced schedule,36
1997-04-01,0.07515200411464348,0.028829434952725042,2.606780335371779,0.2504703965530056,0.0773524532230918,-0.025911651317914952,GAN–Transformer reduced schedule,36
1997-05-01,0.07944442853592804,0.02873784540106853,2.764453194983578,0.26658289495342447,0.08196000246016633,-0.02591165131791462,GAN–Transformer reduced schedule,36
1997-06-01,0.08048394354937541,0.028867720482404047,2.788025594138386,0.2704987115011172,0.08307386512391952,-0.025911651317914952,GAN–Transformer reduced schedule,36
1997-07-01,0.0766919846017971,0.029259316407209083,2.621113341626166,0.25617793478500106,0.07898909028850234,-0.02591165131791484,GAN–Transformer reduced schedule,36
1997-08-01,0.0681568527774676,0.029667024444629854,2.297394297317368,0.22456405289582584,0.06986053817373254,-0.025911651317914952,GAN–Transformer reduced schedule,36
1997-09-01,0.06883526471563642,0.02946507181426798,2.3361648377963244,0.2270666174648365,0.0705888445081515,-0.025911651317915174,GAN–Transformer reduced schedule,36
1997-10-01,0.06505118423088126,0.03023767814357364,2.151328680793782,0.21320816892680616,0.06654317755547501,-0.02591165131791473,GAN–Transformer reduced schedule,36
1997-11-01,0.06537653234506757,0.03027304235568823,2.1595626754964545,0.21438264197139437,0.06688723014029395,-0.025911651317914952,GAN–Transformer reduced schedule,36
1997-12-01,0.07168682214256654,0.032391983633034555,2.2131038023079768,0.23721744426388064,0.07353286624674463,-0.02591165131791484,GAN–Transformer reduced schedule,36
1998-01-01,0.0673816739802136,0.03380529060696633,1.9932286565324806,0.22126035591206886,0.06889756191664863,-0.02591165131791484,GAN–Transformer reduced schedule,36
1998-02-01,0.0670503915056351,0.033763493066220396,1.985884321095837,0.22005905588161373,0.06854697111802255,-0.02591165131791484,GAN–Transformer reduced schedule,36
1998-03-01,0.06653407162024497,0.033624779551060906,1.978721422372737,0.21819788211807106,0.06800334614567605,-0.025911651317915063,GAN–Transformer reduced schedule,36
1998-04-01,0.060975896220527966,0.03403714247011429,1.791451684701992,0.19810880689597277,0.06210002772762351,-0.02591165131791484,GAN–Transformer reduced schedule,36
1998-05-01,0.06302825509180995,0.0340202889024297,1.8526666623136328,0.2054723349893583,0.06427145982598619,-0.025911651317914952,GAN–Transformer reduced schedule,36
1998-06-01,0.05951713172687734,0.034245716558172594,1.7379438279755846,0.19287768897657223,0.06055201133554317,-0.02591165131791484,GAN–Transformer reduced schedule,36
1998-07-01,0.05806871145430817,0.034458429057105264,1.6851816244459499,0.18770481051806404,0.05901677264982644,-0.02591165131791462,GAN–Transformer reduced schedule,36
1998-08-01,0.0545162247977791,0.03485412818292123,1.564125331486341,0.17512438352059237,0.05526438078733561,-0.02591165131791484,GAN–Transformer reduced schedule,36
1998-09-01,0.05553657094581142,0.03472104134204634,1.5995076414530798,0.17872682482451252,0.056341614259931054,-0.02591165131791484,GAN–Transformer reduced schedule,36
1998-10-01,0.05048911649586724,0.034752228022978345,1.4528310663271309,0.1610858252259502,0.05104531583533874,-0.025911651317914952,GAN–Transformer reduced schedule,36
1998-11-01,0.05221877304464151,0.03547795196714621,1.4718654868521686,0.16701334342322752,0.05283086238082649,-0.025911651317915063,GAN–Transformer reduced schedule,36
1998-12-01,0.04688516402655073,0.0341144076364085,1.3743508175857249,0.1487246915958277,0.04730212664925534,-0.025911651317914952,GAN–Transformer reduced schedule,36
1999-01-01,0.04381211286040347,0.03499965024332577,1.2517871623233772,0.13811781103933898,0.044068692797878325,-0.025718247659546445,GAN–Transformer reduced schedule,36
1999-02-01,0.04396162249008947,0.03499083544643328,1.2563753316890467,0.13862759149867343,0.044224554333878355,-0.025718247659546445,GAN–Transformer reduced schedule,36
1999-03-01,0.0401396483289185,0.03614635031249658,1.1104758290089758,0.1255523480542488,0.04021209556612943,-0.024238569926134823,GAN–Transformer reduced schedule,36
1999-04-01,0.04687976675681899,0.0347944022249108,1.3473364610142882,0.1486251861719124,0.047271885794032985,-0.021852287928501135,GAN–Transformer reduced schedule,36
1999-05-01,0.05062431285524037,0.03378625577890222,1.4983700231989792,0.16166911994827254,0.051221290926483386,-0.021852287928501135,GAN–Transformer reduced schedule,36
1999-06-01,0.05388578712442997,0.034309461421092806,1.57058096782895,0.1729796847932518,0.05462200838239783,-0.021852287928500913,GAN–Transformer reduced schedule,36
1999-07-01,0.05076454675471882,0.03404880520980707,1.490934746224138,0.16212535978824902,0.051358893579706806,-0.021852287928501024,GAN–Transformer reduced schedule,36
1999-08-01,0.04843268133974431,0.03409646571951713,1.420460458809987,0.15405158846064781,0.04891848988166979,-0.021852287928501135,GAN–Transformer reduced schedule,36
1999-09-01,0.04750577704400562,0.034175684577585394,1.3900460994763202,0.1508504102590049,0.04794774053835799,-0.021852287928501135,GAN–Transformer reduced schedule,36
1999-10-01,0.04064851085614348,0.03331143337545485,1.2202570330130216,0.12759880207316082,0.040842143969346566,-0.021852287928501024,GAN–Transformer reduced schedule,36
1999-11-01,0.037654031029317546,0.03286002421249374,1.1458917615465747,0.1175965344055145,0.03775543235082833,-0.021852287928501024,GAN–Transformer reduced schedule,36
1999-12-01,0.029491058202141648,0.03120831657477476,0.9449743350135985,0.0908044765357313,0.02939559114853532,-0.021852287928500913,GAN–Transformer reduced schedule,36
2000-01-01,0.03516279317889938,0.03084250661026853,1.1400757280600688,0.10951092423738468,0.03524671450196004,-0.021852287928501024,GAN–Transformer reduced schedule,36
2000-02-01,0.022343623215352715,0.03324063177821847,0.6721780549909337,0.06749858056648367,0.02201146727740138,-0.022826778197225894,GAN–Transformer reduced schedule,36
2000-03-01,0.028037515847669718,0.03545163945096081,0.7908665517839638,0.08560837326780338,0.027758462580916257,-0.022826778197225783,GAN–Transformer reduced schedule,36
2000-04-01,0.027694443850726516,0.03544872898758032,0.7812535072958308,0.08449454243218135,0.027406849966980867,-0.022826778197226005,GAN–Transformer reduced schedule,36
2000-05-01,0.027390803946295013,0.03536713069895302,0.774470628659335,0.08351862555541463,0.027098575910883934,-0.022826778197225894,GAN–Transformer reduced schedule,36
2000-06-01,0.02476884986678618,0.034940858281325794,0.7088792629923442,0.0750953927381351,0.024430107231914248,-0.022826778197225894,GAN–Transformer reduced schedule,36
2000-07-01,0.032066975004923406,0.03626078294054669,0.8843431499397167,0.09868442326414502,0.03186842289213314,-0.022826778197225783,GAN–Transformer reduced schedule,36
2000-08-01,0.04171020765753648,0.03710621167518148,1.1240761526036995,0.1307310040104102,0.04180499050748388,-0.022826778197225894,GAN–Transformer reduced schedule,36
2000-09-01,0.050899790470419745,0.039001865292874485,1.305060414116116,0.16196868352546326,0.05131164383335755,-0.022826778197225894,GAN–Transformer reduced schedule,36
2000-10-01,0.054220413871626814,0.038522868825315255,1.4074863976899854,0.173616190259064,0.05481273384798938,-0.022826778197225894,GAN–Transformer reduced schedule,36
2000-11-01,0.058502241370885485,0.039719934611308585,1.4728685216472996,0.18855425949748725,0.059269182825950194,-0.022826778197225783,GAN–Transformer reduced schedule,36
2000-12-01,0.06316433145056335,0.042839457370647475,1.474442846090809,0.2047612206037184,0.06406214557650658,-0.022826778197225783,GAN–Transformer reduced schedule,36
2001-01-01,0.03983482768881461,0.06485512823177823,0.6142124574398116,0.11945832593343068,0.03833137436127186,-0.08151743289849978,GAN–Transformer reduced schedule,36
2001-02-01,0.05494360492825938,0.07109660531030124,0.7728020865195734,0.16972838812858004,0.053646696804524885,-0.08151743289849955,GAN–Transformer reduced schedule,36
2001-03-01,0.05802949327579425,0.07169158965044221,0.8094323693858322,0.18040947552034392,0.05684402324449844,-0.08151743289849966,GAN–Transformer reduced schedule,36
2001-04-01,0.06050264777819118,0.0714578913135469,0.8466895211434983,0.18921621951928191,0.059465798086439856,-0.08151743289849978,GAN–Transformer reduced schedule,36
2001-05-01,0.06406386118912401,0.07186130013819203,0.8914932107535871,0.20182096907859856,0.0631958165199591,-0.08151743289849966,GAN–Transformer reduced schedule,36
2001-06-01,0.06596389722802945,0.07173109931522409,0.9195996974499088,0.20868762959517292,0.06521684537898777,-0.08151743289849966,GAN–Transformer reduced schedule,36
2001-07-01,0.07513554420845885,0.07243854893913426,1.0372314921933445,0.24202187065555927,0.07492067073681855,-0.08151743289849966,GAN–Transformer reduced schedule,36
2001-08-01,0.0857495205044257,0.07312679683426893,1.172614201860425,0.28174893240994076,0.08626133543018345,-0.08151743289849978,GAN–Transformer reduced schedule,36
2001-09-01,0.09396251026616106,0.07384321465279978,1.2724596390874818,0.31328012976776887,0.09509666856241851,-0.08151743289849966,GAN–Transformer reduced schedule,36
2001-10-01,0.08464081969382288,0.07690926313539137,1.100528288053168,0.27643004301756935,0.08475669486701785,-0.08151743289849966,GAN–Transformer reduced schedule,36
2001-11-01,0.06865519528144966,0.07870863262063381,0.8722702071621481,0.21651114451438058,0.0675101932387082,-0.08151743289849966,GAN–Transformer reduced schedule,36
2001-12-01,0.06939574746657484,0.0787122390464316,0.8816385902278673,0.21920030251004177,0.06829620902411843,-0.08151743289849966,GAN–Transformer reduced schedule,36
2002-01-01,0.08075118220764267,0.07871105456183795,1.0259192010215277,0.2611867852361435,0.08042129917811328,-0.08151743289849966,GAN–Transformer reduced schedule,36
2002-02-01,0.09213925512266477,0.08038552992400963,1.1462169274714769,0.30419604477388607,0.0925658612812931,-0.08151743289849966,GAN–Transformer reduced schedule,36
2002-03-01,0.09781669589155334,0.07950627856605562,1.2303015265679302,0.32670170870993864,0.09881462078974251,-0.08151743289849966,GAN–Transformer reduced schedule,36
2002-04-01,0.10810885779375184,0.08123244423735983,1.3308581172057259,0.3673961466468101,0.1099364589460559,-0.08151743289849955,GAN–Transformer reduced schedule,36
2002-05-01,0.11238156108481925,0.08110976752455516,1.3855490468616725,0.3849157409777208,0.11465666491396712,-0.08151743289849955,GAN–Transformer reduced schedule,36
2002-06-01,0.11956476557244292,0.08249883945122559,1.4492902732665855,0.4143275290671863,0.1224921993078134,-0.08151743289849955,GAN–Transformer reduced schedule,36
2002-07-01,0.12470940663623066,0.08250331405640766,1.5115684510681184,0.4361010018138856,0.1282231195769308,-0.08151743289849966,GAN–Transformer reduced schedule,36
2002-08-01,0.12421644815355426,0.08257004191623368,1.504376711829338,0.4339770577753233,0.12766664407427256,-0.08151743289849966,GAN–Transformer reduced schedule,36
2002-09-01,0.12658908816156617,0.08236284292479412,1.5369684152009566,0.4441871609693834,0.13033669476320567,-0.08151743289849966,GAN–Transformer reduced schedule,36
2002-10-01,0.11999807485735711,0.08414576363331874,1.426073870816262,0.41556364034893484,0.12281912057371974,-0.08151743289849966,GAN–Transformer reduced schedule,36
2002-11-01,0.10390347376558869,0.08964896342050606,1.1590036270494353,0.3474707686205432,0.10451881306661498,-0.08151743289849966,GAN–Transformer reduced schedule,36
2002-12-01,0.11523898991700086,0.09026734276899345,1.2766409908831953,0.39342986305314986,0.11693621177991241,-0.08151743289849966,GAN–Transformer reduced schedule,36
2003-01-01,0.11061329433655467,0.09063292757283971,1.2204537280080374,0.37426940116455915,0.11179306042016876,-0.08151743289849966,GAN–Transformer reduced schedule,36
2003-02-01,0.11758146861626921,0.0889346027981119,1.3221115844323024,0.4036689440938875,0.11966532945277196,-0.08151743289849955,GAN–Transformer reduced schedule,36
2003-03-01,0.11114077153104421,0.08858732443037283,1.2545900019635174,0.37718219932228125,0.11257799712641073,-0.08151743289849978,GAN–Transformer reduced schedule,36
2003-04-01,0.11125154747234013,0.08857858084733285,1.2559644375437065,0.37763891239755726,0.11270097111370946,-0.08151743289849978,GAN–Transformer reduced schedule,36
2003-05-01,0.10534085799559956,0.08901362491401692,1.1834239769176234,0.3534847964723648,0.10615960287538599,-0.08151743289849966,GAN–Transformer reduced schedule,36
2003-06-01,0.10236650332630676,0.08931918976049757,1.1460751446670587,0.34145515017634764,0.10287269795345967,-0.08151743289849978,GAN–Transformer reduced schedule,36
2003-07-01,0.09765040513470766,0.08908943082349147,1.0960941632703616,0.32284350281575463,0.09774842550713751,-0.08151743289849966,GAN–Transformer reduced schedule,36
2003-08-01,0.08866610337695296,0.08913829491766662,0.9947027084021541,0.2879139880596605,0.08800014531846738,-0.08151743289849978,GAN–Transformer reduced schedule,36
2003-09-01,0.08370830166852702,0.08853142289423317,0.9455207985138988,0.26923451767636625,0.08271451288136351,-0.08151743289849966,GAN–Transformer reduced schedule,36
2003-10-01,0.08685516158120157,0.08858056784808463,0.9805216165486528,0.28117182950019337,0.08609828251883293,-0.08151743289849966,GAN–Transformer reduced schedule,36
2003-11-01,0.08177718845933553,0.08815456617650387,0.9276568645984882,0.2620757564718486,0.08067509131793701,-0.08151743289849966,GAN–Transformer reduced schedule,36
2003-12-01,0.07337732936954217,0.08616744736078426,0.8515667066509501,0.23148590455982115,0.07187254849863225,-0.08151743289849966,GAN–Transformer reduced schedule,36
2004-01-01,0.1057736089768744,0.06933982039836269,1.5254381734650702,0.36179505726102745,0.10841888821211319,-0.06567285592109551,GAN–Transformer reduced schedule,36
2004-02-01,0.09214756475213146,0.06402540096523741,1.4392344813609674,0.30901417781932067,0.0939096414835002,-0.06567285592109551,GAN–Transformer reduced schedule,36
2004-03-01,0.08463210441520264,0.06349943335264019,1.332800939265134,0.2801670545495549,0.08581427956365309,-0.0656728559210954,GAN–Transformer reduced schedule,36
2004-04-01,0.08428895662301113,0.06353005509552247,1.3267571780990273,0.2788516747888715,0.08544225843224915,-0.0656728559210954,GAN–Transformer reduced schedule,36
2004-05-01,0.07845963657840677,0.06324271921254915,1.2406113708475415,0.2568966202521964,0.07919482174303857,-0.0656728559210954,GAN–Transformer reduced schedule,36
2004-06-01,0.08188593562490673,0.06334050854245597,1.2927893619613124,0.2697730210019421,0.08286761380430367,-0.06567285592109551,GAN–Transformer reduced schedule,36
2004-07-01,0.07612387558458489,0.06242695345359343,1.2194071850899049,0.24836296157431775,0.07674688726439398,-0.06567285592109551,GAN–Transformer reduced schedule,36
2004-08-01,0.06991270283276176,0.06122721746415676,1.1418566077037484,0.2257206975103061,0.07019727271103493,-0.06567285592109551,GAN–Transformer reduced schedule,36
2004-09-01,0.06682144281014617,0.060419968241167576,1.105949651337567,0.21464403648969216,0.06696377341337435,-0.0656728559210954,GAN–Transformer reduced schedule,36
2004-10-01,0.07834273239854377,0.05645726929010315,1.3876465047571314,0.2579848370870806,0.07950618630748119,-0.06567285592109551,GAN–Transformer reduced schedule,36
2004-11-01,0.09010690243285666,0.0530802527893952,1.6975597834918172,0.3035837851365544,0.09239486483081841,-0.06567285592109551,GAN–Transformer reduced schedule,36
2004-12-01,0.0885399229083566,0.05315541373385536,1.6656802513412552,0.29749980397080583,0.09069276836230239,-0.06567285592109551,GAN–Transformer reduced schedule,36
2005-01-01,0.08512958849761904,0.052449524799361755,1.623076449658414,0.2845270976849611,0.08704558568827525,-0.06567285592109551,GAN–Transformer reduced schedule,36
2005-02-01,0.07788149918753402,0.0498538728176686,1.562195568484144,0.25756611893780246,0.07938640240692815,-0.06567285592109529,GAN–Transformer reduced schedule,36
2005-03-01,0.07636624463103846,0.04999500190205661,1.5274775822720197,0.25187257920412964,0.0777549899095066,-0.0656728559210954,GAN–Transformer reduced schedule,36
2005-04-01,0.06370985140509113,0.04667567740944761,1.3649475474392496,0.20605794959066945,0.0644437718155191,-0.06567285592109551,GAN–Transformer reduced schedule,36
2005-05-01,0.0593820408180524,0.04652289704891437,1.2764046219137613,0.19060418188968492,0.059877813698743274,-0.0656728559210954,GAN–Transformer reduced schedule,36
2005-06-01,0.04996695283505696,0.04281768702437478,1.1669699207855933,0.15815191865565528,0.050159286086057034,-0.06567285592109551,GAN–Transformer reduced schedule,36
2005-07-01,0.04507190950018483,0.04204890413323546,1.0718926076496718,0.14144448639726676,0.04508496104852084,-0.06567285592109551,GAN–Transformer reduced schedule,36
2005-08-01,0.048398256624068464,0.042013692573975435,1.1519638874600566,0.15285257500072863,0.04855510254634314,-0.06567285592109551,GAN–Transformer reduced schedule,36
2005-09-01,0.04698174512969207,0.0419897953471632,1.118884832404074,0.14798661337741295,0.04707777451727558,-0.06567285592109551,GAN–Transformer reduced schedule,36
2005-10-01,0.0534213856293556,0.03935241727074541,1.3575121767441984,0.17066644935706438,0.05392827813324697,-0.044525339292288635,GAN–Transformer reduced schedule,36
2005-11-01,0.07292364708935056,0.027342334314127095,2.6670600341417354,0.24235011858455066,0.07501535758396638,-0.011932576361361025,GAN–Transformer reduced schedule,36
2005-12-01,0.06312936075488133,0.02320282548488429,2.720761779465504,0.20694534257380723,0.06470477319372503,-0.011932576361361025,GAN–Transformer reduced schedule,36
2006-01-01,0.06847355703609583,0.022703690034662685,3.015965991940268,0.2263867209504221,0.07039107635336947,-0.011932576361361025,GAN–Transformer reduced schedule,36
2006-02-01,0.07106057980461503,0.02226001495429197,3.1922970380086735,0.23592312346157104,0.07315837515208462,-0.011932576361360914,GAN–Transformer reduced schedule,36
2006-03-01,0.07192426533442657,0.02225973597747066,3.2311373956646188,0.23911063241313416,0.07408015994243577,-0.011932576361360914,GAN–Transformer reduced schedule,36
2006-04-01,0.07086325751010471,0.022501531021911533,3.149263818586366,0.23517611687219084,0.07294212169561225,-0.011932576361361025,GAN–Transformer reduced schedule,36
2006-05-01,0.0699867487183934,0.023023699179938198,3.0397699418943356,0.23190734371530694,0.07199480664209516,-0.009742239776301731,GAN–Transformer reduced schedule,36
2006-06-01,0.07294576922567729,0.02217466578010443,3.289599489302145,0.2428976543204923,0.07517326338565516,-0.009742239776301731,GAN–Transformer reduced schedule,36
2006-07-01,0.0723961209037797,0.022206238016285754,3.2601704462811467,0.2408596092563267,0.07458526904545741,-0.009742239776301842,GAN–Transformer reduced schedule,36
2006-08-01,0.07781558302286354,0.021123702975326238,3.683804071367451,0.26115980358464974,0.08041359432974014,-0.009742239776301731,GAN–Transformer reduced schedule,36
2006-09-01,0.07610746476296809,0.0209903456315286,3.6258318990541385,0.2547650827945511,0.07858441731777864,-0.009742239776301731,GAN–Transformer reduced schedule,36
2006-10-01,0.075371262770956,0.020786131011771708,3.6260361646076107,0.2520299327190461,0.0778001439807608,-0.009742239776301842,GAN–Transformer reduced schedule,36
2006-11-01,0.07422716087066253,0.020848053829371303,3.5603880092677667,0.24776170419813956,0.07657399257657463,-0.009742239776301953,GAN–Transformer reduced schedule,36
2006-12-01,0.07383754840714984,0.020703080528303587,3.566500565276026,0.24632409639261926,0.0761603756867101,-0.009742239776301842,GAN–Transformer reduced schedule,36
2007-01-01,0.06979360392277917,0.01998330420876775,3.492595778637896,0.23143719864414164,0.07185841727118486,-0.009742239776301731,GAN–Transformer reduced schedule,36
2007-02-01,0.0669702468512765,0.01942714704799607,3.4472507304249054,0.2211489712845157,0.06886506478475683,-0.009742239776301842,GAN–Transformer reduced schedule,36
2007-03-01,0.06995606489107976,0.01932366499137978,3.62022757702987,0.23208128944840856,0.07204525961045907,-0.009742239776301953,GAN–Transformer reduced schedule,36
2007-04-01,0.07483217414187485,0.019855606986206746,3.7688182584324466,0.2500891682719631,0.07724295870268631,-0.009742239776301731,GAN–Transformer reduced schedule,36
2007-05-01,0.080293317950863,0.020635117557486572,3.8911005826439786,0.2705461551740201,0.0830873465392931,-0.009742239776301842,GAN–Transformer reduced schedule,36
2007-06-01,0.07460405175124041,0.021007018203003335,3.5513870188665995,0.24915226189454542,0.07697377042665716,-0.009742239776301953,GAN–Transformer reduced schedule,36
2007-07-01,0.06968854027315413,0.022251241275613523,3.131894504668825,0.23087617089201967,0.07169561734287785,-0.010253249405587028,GAN–Transformer reduced schedule,36
2007-08-01,0.0685885127043877,0.02218693543356299,3.0913919098818554,0.22684925409457243,0.07052562584285106,-0.01025324940558714,GAN–Transformer reduced schedule,36
2007-09-01,0.06693630826567301,0.021520218092196078,3.110391724605535,0.22086955551068244,0.06878353486276577,-0.01025324940558714,GAN–Transformer reduced schedule,36
2007-10-01,0.06936360528236818,0.021654305061905868,3.2032247206303666,0.2297311651738872,0.07136320418530605,-0.010253249405587028,GAN–Transformer reduced schedule,36
2007-11-01,0.06735116393858746,0.02163310671240655,3.113337572543923,0.22237268724694018,0.06922198290122483,-0.010253249405587028,GAN–Transformer reduced schedule,36
2007-12-01,0.06993461048199011,0.021716570788232907,3.220333963587109,0.23182243803700273,0.07197017802106488,-0.010253249405587028,GAN–Transformer reduced schedule,36
2008-01-01,0.060528223387142865,0.024368161309085316,2.4839060534524524,0.19750923140804616,0.0619228275169229,-0.015169100741697528,GAN–Transformer reduced schedule,36
2008-02-01,0.06052632195776253,0.024367444099592232,2.4839011309674195,0.19750249636524395,0.06192083668770374,-0.015169100741697417,GAN–Transformer reduced schedule,36
2008-03-01,0.06313223992335759,0.024180716869312783,2.6108506321198997,0.20686892002457122,0.064682300712299,-0.015169100741697417,GAN–Transformer reduced schedule,36
2008-04-01,0.06712139904235133,0.024194746806095582,2.7742137407051053,0.221318908729386,0.06891464425926351,-0.015169100741697417,GAN–Transformer reduced schedule,36
2008-05-01,0.0695446105915479,0.024016068628404812,2.895753325308813,0.23019494651318795,0.0714978720500056,-0.015169100741697417,GAN–Transformer reduced schedule,36
2008-06-01,0.06014842744507616,0.028153201317195,2.1364684878070896,0.1957932002573749,0.06141533976759628,-0.020175444173106127,GAN–Transformer reduced schedule,36
2008-07-01,0.06870169090620484,0.031247000797453742,2.1986651247438505,0.2263766381143871,0.07038814291018788,-0.020175444173106127,GAN–Transformer reduced schedule,36
2008-08-01,0.06812454059848796,0.03121239798920465,2.1826115578191083,0.22427099704078882,0.06977518700786725,-0.020175444173106016,GAN–Transformer reduced schedule,36
2008-09-01,0.06883658679037018,0.0311648960021123,2.2087860259730867,0.22687953692822369,0.0705344338477489,-0.02017544417310624,GAN–Transformer reduced schedule,36
2008-10-01,0.056868727240986204,0.03992073708465005,1.4245410128675413,0.18270586298277505,0.05752891305658369,-0.03871765292441609,GAN–Transformer reduced schedule,36
2008-11-01,0.04957790745745594,0.04017380512655647,1.2340854270904744,0.15719387157788414,0.04986963508565847,-0.046303145635858245,GAN–Transformer reduced schedule,36
2008-12-01,0.05398387701644207,0.04060499030347615,1.3294887306455179,0.17246422430349137,0.05446750282892326,-0.046303145635858134,GAN–Transformer reduced schedule,36
2009-01-01,0.0391778246874223,0.045662841357084816,0.8579804393040396,0.1209702878555099,0.038798627498235747,-0.064115678750028,GAN–Transformer reduced schedule,36
2009-02-01,0.02681727586429033,0.04966971601779084,0.5399120030137646,0.07964415947202945,0.025872874379442388,-0.0933553567946166,GAN–Transformer reduced schedule,36
2009-03-01,0.020882521086851,0.05010317594779973,0.4167903669142166,0.06056017280405505,0.019792400658302203,-0.10292791426298176,GAN–Transformer reduced schedule,36
2009-04-01,0.009637147802601068,0.05417564912854298,0.1778870757918365,0.02475440565322795,0.00818430299960053,-0.13385762818534874,GAN–Transformer reduced schedule,36
2009-05-01,0.01563544776946183,0.054057925472054756,0.2892350683628171,0.04336235163713828,0.014250087649682325,-0.1338576281853484,GAN–Transformer reduced schedule,36
2009-06-01,0.015309580972502632,0.05404507516187988,0.28327430254553665,0.04234633248009409,0.013920757449199721,-0.13385762818534852,GAN–Transformer reduced schedule,36
2009-07-01,0.016210251213730834,0.05411160291827688,0.2995707083046991,0.04515166330842822,0.014829551747819771,-0.13385762818534863,GAN–Transformer reduced schedule,36
2009-08-01,-0.0006833987920835,0.058874402326582934,-0.01160774063221245,-0.007290029066020288,-0.002435938667744432,-0.1535141743314944,GAN–Transformer reduced schedule,36
2009-09-01,0.000553937476789566,0.05902881137781005,0.009384188227069748,-0.0036252199935987886,-0.0012098698592795077,-0.15351417433149428,GAN–Transformer reduced schedule,36
2009-10-01,-8.709462386483416e-05,0.05891989193672378,-0.0014781870944089348,-0.005520493819376039,-0.0018435612359076164,-0.1535141743314944,GAN–Transformer reduced schedule,36
2009-11-01,0.003550214405296166,0.059454672048140284,0.05971295918378906,0.0052945265745098285,0.0017617366528259338,-0.1535141743314946,GAN–Transformer reduced schedule,36
2009-12-01,0.0022071133302535993,0.05920427502272967,0.03727962768577515,0.001297117409968556,0.0004321856586374675,-0.15351417433149428,GAN–Transformer reduced schedule,36
2010-01-01,-0.0031071068400698337,0.059597401709735306,-0.0521349379491872,-0.01460991849712956,-0.004893883861962821,-0.15351417433149417,GAN–Transformer reduced schedule,36
2010-02-01,-0.002312307066708034,0.05968752710495125,-0.03874020551466641,-0.012272846889751795,-0.004107799878056548,-0.15351417433149428,GAN–Transformer reduced schedule,36
2010-03-01,-0.006024153053986901,0.05942001291212308,-0.10138256050021542,-0.023168079417792073,-0.00778311282571474,-0.15351417433149417,GAN–Transformer reduced schedule,36
2010-04-01,-0.018117314110445967,0.059754832308328204,-0.3031941252376488,-0.058066664518101864,-0.019742766580618132,-0.1535141743314944,GAN–Transformer reduced schedule,36
2010-05-01,-0.027239904024990397,0.05887028974132384,-0.46271054796371114,-0.08340079058937236,-0.02861104871195936,-0.15351417433149417,GAN–Transformer reduced schedule,36
2010-06-01,-0.025339959722377133,0.05892189981624012,-0.430060127073379,-0.07815828937720729,-0.026762611013479654,-0.1535141743314945,GAN–Transformer reduced schedule,36
2010-07-01,-0.022119784927535333,0.05892036253456278,-0.37541834394789797,-0.06919151928914827,-0.023617221916516804,-0.1535141743314945,GAN–Transformer reduced schedule,36
2010-08-01,-0.02220951617987177,0.05890951397135286,-0.3770106843976347,-0.06944073874550558,-0.023704370279312405,-0.15351417433149428,GAN–Transformer reduced schedule,36
2010-09-01,-0.0180746759587279,0.06028791259337051,-0.2998059674190056,-0.0580343278403387,-0.019731549261812222,-0.1535141743314944,GAN–Transformer reduced schedule,36
2010-10-01,-0.019322377308432535,0.060076460505292494,-0.321629755580063,-0.061523522794064624,-0.020943405037078276,-0.15351417433149417,GAN–Transformer reduced schedule,36
2010-11-01,-0.020317485912400967,0.06002567404843451,-0.3384799293716695,-0.06431706344784298,-0.021915815368875487,-0.1535141743314944,GAN–Transformer reduced schedule,36
2010-12-01,-0.022140847988813335,0.05974159884646713,-0.3706102350175492,-0.06938317084915437,-0.02368423825440452,-0.15351417433149428,GAN–Transformer reduced schedule,36
2011-01-01,-0.018666831216886136,0.059259458904963126,-0.3150017155374792,-0.05953484518692372,-0.020252336655488107,-0.15351417433149428,GAN–Transformer reduced schedule,36
2011-02-01,-0.027690395558563834,0.058857819585487296,-0.4704624764147993,-0.08463662761263878,-0.02904781480383636,-0.15351417433149428,GAN–Transformer reduced schedule,36
2011-03-01,-0.027509726413139306,0.05888817906334138,-0.4671519284634232,-0.08414410012258602,-0.028873700016532135,-0.15351417433149417,GAN–Transformer reduced schedule,36
2011-04-01,-0.02933396429752857,0.058542435595445204,-0.5010718122532444,-0.08909935143163596,-0.03062829912303533,-0.1535141743314944,GAN–Transformer reduced schedule,36
2011-05-01,-0.030258469331014233,0.058405705395220914,-0.5180738615561716,-0.09160681230359527,-0.03151858843806238,-0.15351417433149428,GAN–Transformer reduced schedule,36
2011-06-01,-0.02181506639525567,0.05762847033685752,-0.3785466847851308,-0.06812323150678795,-0.02324383360952367,-0.15351417433149428,GAN–Transformer reduced schedule,36
2011-07-01,-0.03364596205905863,0.054785622273416115,-0.6141385396910024,-0.1002677328863918,-0.0346063631337164,-0.1535141743314944,GAN–Transformer reduced schedule,36
2011-08-01,-0.0334531655508085,0.05482007308899087,-0.610235697725231,-0.09975080458413646,-0.034421514162349474,-0.1535141743314944,GAN–Transformer reduced schedule,36
2011-09-01,-0.03436925178769063,0.05471727337417733,-0.6281243502880842,-0.10221336271511293,-0.03530273851320397,-0.15351417433149428,GAN–Transformer reduced schedule,36
2011-10-01,-0.014298262987856802,0.05224663675275806,-0.27366858187483245,-0.04597765133519116,-0.015566956464415659,-0.12542700705065024,GAN–Transformer reduced schedule,36
2011-11-01,-0.004235090606158501,0.0537609348989305,-0.07877635710986773,-0.016947096763183723,-0.005681247706153073,-0.12542700705065002,GAN–Transformer reduced schedule,36
2011-12-01,-0.006330446453057668,0.05328433978998268,-0.11880500871379425,-0.023036050230057243,-0.007738411963239847,-0.12542700705065013,GAN–Transformer reduced schedule,36
2012-01-01,0.0064810449547247,0.0498428644576232,0.13002954435403558,0.015796949463414936,0.005238163554843065,-0.09552301876589342,GAN–Transformer reduced schedule,36
2012-02-01,0.016265386053825,0.0462772458064289,0.3514769682245305,0.04657526270297071,0.015290108601589334,-0.06635324874825299,GAN–Transformer reduced schedule,36
2012-03-01,0.021144680057824102,0.04576856369560801,0.4619913396988065,0.062058382162612925,0.020272380852536978,-0.05639040705067955,GAN–Transformer reduced schedule,36
2012-04-01,0.03532167716164057,0.04066213532594936,0.8686626238022311,0.10884180081758053,0.035038560588933114,-0.04062050363508285,GAN–Transformer reduced schedule,36
2012-05-01,0.031862565492226165,0.04057694598533963,0.7852381375310512,0.0974374841909025,0.03147790610641624,-0.04062050363508285,GAN–Transformer reduced schedule,36
2012-06-01,0.03614363458728883,0.04125911133420696,0.8760158282256308,0.1114908958934538,0.03586216317064658,-0.04062050363508285,GAN–Transformer reduced schedule,36
2012-07-01,0.037518854951315836,0.041447084165372745,0.905223026102792,0.11604619773306447,0.03727535008709111,-0.04062050363508285,GAN–Transformer reduced schedule,36
2012-08-01,0.049966480012488004,0.03287376729317816,1.5199499213726215,0.15948716558665685,0.050562711407248634,-0.03660447286041946,GAN–Transformer reduced schedule,36
2012-09-01,0.04666398755815863,0.032850928705280176,1.4204769666270731,0.14810437714445093,0.04711357737580159,-0.03660447286041946,GAN–Transformer reduced schedule,36
2012-10-01,0.04653258685961229,0.032830930683903324,1.4173398648862168,0.14765586377227863,0.04697720603167729,-0.03660447286041968,GAN–Transformer reduced schedule,36
2012-11-01,0.04486880882638356,0.032423066698005376,1.3838545639220432,0.14200830329801792,0.04525700608429991,-0.03660447286041957,GAN–Transformer reduced schedule,36
2012-12-01,0.04140183364120309,0.03237051361575119,1.2789983542632868,0.1302396454700686,0.04165406338036102,-0.03660447286041957,GAN–Transformer reduced schedule,36
2013-01-01,0.047906433335490634,0.031064703669965835,1.5421500183762518,0.15257190379338662,0.04847000258954074,-0.03198755797779429,GAN–Transformer reduced schedule,36
2013-02-01,0.04772768022740226,0.031044692140046844,1.5373861661148442,0.15195856713564948,0.04828398984507504,-0.03198755797779418,GAN–Transformer reduced schedule,36
2013-03-01,0.0489173477971349,0.03089620931447976,1.5832799195275191,0.15607659417928205,0.04953164120881504,-0.030413863464731072,GAN–Transformer reduced schedule,36
2013-04-01,0.05582030646342703,0.027389387178489853,2.038026849584473,0.1805260781431401,0.05687882097927726,-0.017524301384302055,GAN–Transformer reduced schedule,36
2013-05-01,0.05436626400477227,0.028256643007612624,1.924017088304702,0.1753253881111734,0.055324544884285475,-0.017524301384302277,GAN–Transformer reduced schedule,36
2013-06-01,0.05499485600677241,0.028226486432679852,1.9483422471987468,0.1775367930918579,0.05598600364178469,-0.017524301384302166,GAN–Transformer reduced schedule,36
2013-07-01,0.0515181515875459,0.02905538796860358,1.7731014861413974,0.16528954509564256,0.05231222723807748,-0.017712592914195913,GAN–Transformer reduced schedule,36
2013-08-01,0.0485668409737659,0.029404334199387736,1.6516898714468142,0.15502492337064863,0.04921329533158041,-0.021359561739055843,GAN–Transformer reduced schedule,36
2013-09-01,0.041441294912163563,0.0268844410276737,1.541460165361283,0.13092227795694197,0.041863730949507745,-0.0213595617390554,GAN–Transformer reduced schedule,36
2013-10-01,0.04104311218767096,0.026843896903317004,1.5289550669746244,0.12958042053575966,0.041451505193408573,-0.021359561739055732,GAN–Transformer reduced schedule,36
2013-11-01,0.0451538065954927,0.027223276190512406,1.6586470445180757,0.14351160854219347,0.04571545323384935,-0.0213595617390554,GAN–Transformer reduced schedule,36
2013-12-01,0.0431011555304212,0.027368464034309578,1.5748474403382247,0.13650373462647428,0.04357489390916137,-0.021359561739055732,GAN–Transformer reduced schedule,36
2014-01-01,0.0392055935740186,0.029296128480312735,1.3382516942593665,0.12315842161690709,0.039474099747472874,-0.02135956173905562,GAN–Transformer reduced schedule,36
2014-02-01,0.041927124407959426,0.02814611548549313,1.489623832090407,0.13244781143784737,0.04233198708247378,-0.023158610072635755,GAN–Transformer reduced schedule,36
2014-03-01,0.0416066598603138,0.028101645286621388,1.4805773624977705,0.1313675782255946,0.04200045750425209,-0.023158610072635977,GAN–Transformer reduced schedule,36
2014-04-01,0.042182070525271474,0.028171080758180842,1.4973536474287326,0.13330888799041482,0.042596105286546414,-0.023158610072635533,GAN–Transformer reduced schedule,36
2014-05-01,0.044399752207443334,0.028522914070722372,1.5566345043621574,0.14081298638715178,0.04489219567749505,-0.023158610072635533,GAN–Transformer reduced schedule,36
2014-06-01,0.0444141348233226,0.02852365820967338,1.5570981287477421,0.1408619575771135,0.044907146676666516,-0.023158610072635644,GAN–Transformer reduced schedule,36
2014-07-01,0.05044661676188897,0.02821425583888194,1.7879832468368244,0.16164479796258474,0.05121395436589881,-0.023158610072635866,GAN–Transformer reduced schedule,36
2014-08-01,0.049885374146212705,0.028169188814951084,1.7709197972976602,0.15970305206302218,0.05062790925619025,-0.02315861007263542,GAN–Transformer reduced schedule,36
2014-09-01,0.05043992471576303,0.028141564548831745,1.7923639116879506,0.16162864707170282,0.05120908250358041,-0.023158610072635755,GAN–Transformer reduced schedule,36
2014-10-01,0.04977600665605684,0.027753781011268252,1.7934856024066554,0.1593636550723584,0.0505254075163068,-0.02315861007263542,GAN–Transformer reduced schedule,36
2014-11-01,0.04774546089551726,0.02661930248082353,1.7936405707817833,0.15245527865951888,0.04843463760029503,-0.023158610072635644,GAN–Transformer reduced schedule,36
2014-12-01,0.04792478082464993,0.026652111355243476,1.7981607605440728,0.1530699726516126,0.04862100836809587,-0.023158610072635755,GAN–Transformer reduced schedule,36
2015-01-01,0.05039089973421963,0.027108537626551375,1.8588571773367961,0.16155521051867316,0.05118693004302418,-0.023158610072635644,GAN–Transformer reduced schedule,36
2015-02-01,0.0501155221737538,0.027174391764141752,1.8442187265396035,0.16059379490495923,0.050896828611860186,-0.023158610072635755,GAN–Transformer reduced schedule,36
2015-03-01,0.05346319543233884,0.02775765474382549,1.9260703372006376,0.17220230260041583,0.054388976341073716,-0.023158610072635977,GAN–Transformer reduced schedule,36
2015-04-01,0.0459665086818418,0.02967272603059372,1.549116472630407,0.14604999302506783,0.04648864642974943,-0.023158610072635644,GAN–Transformer reduced schedule,36
2015-05-01,0.05391070640418889,0.0313306991125134,1.7206991203926598,0.17340132631691743,0.05474835872644699,-0.023158610072635977,GAN–Transformer reduced schedule,36
2015-06-01,0.0511419215452172,0.030683767795595198,1.6667419035989075,0.16380600751939547,0.051865469117541876,-0.023158610072635533,GAN–Transformer reduced schedule,36
2015-07-01,0.059574622607255365,0.03548106747539427,1.6790538404339075,0.19293396230817772,0.060568688054127594,-0.023158610072635866,GAN–Transformer reduced schedule,36
2015-08-01,0.05907920640503693,0.03560601953451487,1.6592477108475492,0.1911551355356253,0.06004127510323911,-0.023158610072635533,GAN–Transformer reduced schedule,36
2015-09-01,0.0641773007508984,0.03586441738012346,1.7894421668889653,0.20938576454568283,0.0654218947668942,-0.023158610072635755,GAN–Transformer reduced schedule,36
2015-10-01,0.06396682042335804,0.03584663568421541,1.784458128424168,0.2086286834446859,0.06519952867622807,-0.023158610072635977,GAN–Transformer reduced schedule,36
2015-11-01,0.06615093907939842,0.036280606538034506,1.8233140344566616,0.21647499172912218,0.06749961822965603,-0.023158610072635533,GAN–Transformer reduced schedule,36
2015-12-01,0.06962980111105069,0.03613128855531106,1.927133072059108,0.2291850065301753,0.07120457305859916,-0.023158610072635755,GAN–Transformer reduced schedule,36
2016-01-01,0.07520101237956063,0.0375576289137344,2.00228327917848,0.24958410253138014,0.07709786190571696,-0.023158610072635866,GAN–Transformer reduced schedule,36
2016-02-01,0.07124038291507513,0.038065591243505836,1.8715165215574858,0.2348427216715161,0.0728455778537334,-0.023158610072635755,GAN–Transformer reduced schedule,36
2016-03-01,0.06544663004432547,0.03991412706152903,1.6396858671977763,0.2134212859107699,0.06660562497464095,-0.023158610072635533,GAN–Transformer reduced schedule,36
2016-04-01,0.04980027874498783,0.049804985639657816,0.9999054935041235,0.15645950943850204,0.0496475035776443,-0.06613426446366655,GAN–Transformer reduced schedule,36
2016-05-01,0.06492814659407345,0.05092433405607403,1.2749925511559852,0.2096990032894357,0.06551387054968293,-0.06613426446366655,GAN–Transformer reduced schedule,36
2016-06-01,0.061809195289023566,0.05127921271862824,1.2053460264332427,0.19842674675829805,0.06219396857530748,-0.06613426446366644,GAN–Transformer reduced schedule,36
2016-07-01,0.0598112691828243,0.051886146234665635,1.152740635473594,0.19118859295401147,0.06005119989846064,-0.06613426446366655,GAN–Transformer reduced schedule,36
2016-08-01,0.05922349273179096,0.05199426518360489,1.1390389405958103,0.18908030764693803,0.05942543551714691,-0.06613426446366644,GAN–Transformer reduced schedule,36
2016-09-01,0.05704287409903326,0.052207731488901676,1.092613535816231,0.1813248986511865,0.0571171514822822,-0.06613426446366666,GAN–Transformer reduced schedule,36
2016-10-01,0.058641565785243696,0.05230418712430486,1.1211638878141357,0.1869592104476927,0.05879512154051521,-0.06613426446366655,GAN–Transformer reduced schedule,36
2016-11-01,0.0535058204342051,0.05231635090278468,1.0227360951384148,0.16889280885787844,0.05339575106766731,-0.06613426446366666,GAN–Transformer reduced schedule,36
2016-12-01,0.05596372953755972,0.05221257156455182,1.0718439613411923,0.17752340487015036,0.05598200155075286,-0.06613426446366666,GAN–Transformer reduced schedule,36
1992-01-01,,,,,,,GAN–Transformer reduced schedule,60
1992-02-01,,,,,,,GAN–Transformer reduced schedule,60
1992-03-01,,,,,,,GAN–Transformer reduced schedule,60
1992-04-01,,,,,,,GAN–Transformer reduced schedule,60
1992-05-01,,,,,,,GAN–Transformer reduced schedule,60
1992-06-01,,,,,,,GAN–Transformer reduced schedule,60
1992-07-01,,,,,,,GAN–Transformer reduced schedule,60
1992-08-01,,,,,,,GAN–Transformer reduced schedule,60
1992-09-01,,,,,,,GAN–Transformer reduced schedule,60
1992-10-01,,,,,,,GAN–Transformer reduced schedule,60
1992-11-01,,,,,,,GAN–Transformer reduced schedule,60
1992-12-01,,,,,,,GAN–Transformer reduced schedule,60
1993-01-01,,,,,,,GAN–Transformer reduced schedule,60
1993-02-01,,,,,,,GAN–Transformer reduced schedule,60
1993-03-01,,,,,,,GAN–Transformer reduced schedule,60
1993-04-01,,,,,,,GAN–Transformer reduced schedule,60
1993-05-01,,,,,,,GAN–Transformer reduced schedule,60
1993-06-01,,,,,,,GAN–Transformer reduced schedule,60
1993-07-01,,,,,,,GAN–Transformer reduced schedule,60
1993-08-01,,,,,,,GAN–Transformer reduced schedule,60
1993-09-01,,,,,,,GAN–Transformer reduced schedule,60
1993-10-01,,,,,,,GAN–Transformer reduced schedule,60
1993-11-01,,,,,,,GAN–Transformer reduced schedule,60
1993-12-01,,,,,,,GAN–Transformer reduced schedule,60
1994-01-01,,,,,,,GAN–Transformer reduced schedule,60
1994-02-01,,,,,,,GAN–Transformer reduced schedule,60
1994-03-01,,,,,,,GAN–Transformer reduced schedule,60
1994-04-01,,,,,,,GAN–Transformer reduced schedule,60
1994-05-01,,,,,,,GAN–Transformer reduced schedule,60
1994-06-01,,,,,,,GAN–Transformer reduced schedule,60
1994-07-01,,,,,,,GAN–Transformer reduced schedule,60
1994-08-01,,,,,,,GAN–Transformer reduced schedule,60
1994-09-01,,,,,,,GAN–Transformer reduced schedule,60
1994-10-01,,,,,,,GAN–Transformer reduced schedule,60
1994-11-01,,,,,,,GAN–Transformer reduced schedule,60
1994-12-01,,,,,,,GAN–Transformer reduced schedule,60
1995-01-01,,,,,,,GAN–Transformer reduced schedule,60
1995-02-01,,,,,,,GAN–Transformer reduced schedule,60
1995-03-01,,,,,,,GAN–Transformer reduced schedule,60
1995-04-01,,,,,,,GAN–Transformer reduced schedule,60
1995-05-01,,,,,,,GAN–Transformer reduced schedule,60
1995-06-01,,,,,,,GAN–Transformer reduced schedule,60
1995-07-01,,,,,,,GAN–Transformer reduced schedule,60
1995-08-01,,,,,,,GAN–Transformer reduced schedule,60
1995-09-01,,,,,,,GAN–Transformer reduced schedule,60
1995-10-01,,,,,,,GAN–Transformer reduced schedule,60
1995-11-01,,,,,,,GAN–Transformer reduced schedule,60
1995-12-01,,,,,,,GAN–Transformer reduced schedule,60
1996-01-01,,,,,,,GAN–Transformer reduced schedule,60
1996-02-01,,,,,,,GAN–Transformer reduced schedule,60
1996-03-01,,,,,,,GAN–Transformer reduced schedule,60
1996-04-01,,,,,,,GAN–Transformer reduced schedule,60
1996-05-01,,,,,,,GAN–Transformer reduced schedule,60
1996-06-01,,,,,,,GAN–Transformer reduced schedule,60
1996-07-01,,,,,,,GAN–Transformer reduced schedule,60
1996-08-01,,,,,,,GAN–Transformer reduced schedule,60
1996-09-01,,,,,,,GAN–Transformer reduced schedule,60
1996-10-01,,,,,,,GAN–Transformer reduced schedule,60
1996-11-01,,,,,,,GAN–Transformer reduced schedule,60
1996-12-01,0.053527125220246066,0.029187355491358733,1.833914868926491,0.3033384660290565,0.05441467727014357,-0.025911651317914952,GAN–Transformer reduced schedule,60
1997-01-01,0.05000233880236021,0.029585158928216018,1.6901156057225664,0.2805916453845225,0.05070822712523463,-0.025911651317914952,GAN–Transformer reduced schedule,60
1997-02-01,0.05585181054836264,0.02890439134640252,1.9322949886406804,0.31856260501930883,0.05686654594952764,-0.02591165131791484,GAN–Transformer reduced schedule,60
1997-03-01,0.056284660878780736,0.028921471826403766,1.9461202118834018,0.3214028686161573,0.057321465040604765,-0.02591165131791484,GAN–Transformer reduced schedule,60
1997-04-01,0.054725268615418404,0.028791204286531372,1.9007634439598304,0.3112113801636213,0.055685464702986714,-0.02591165131791484,GAN–Transformer reduced schedule,60
1997-05-01,0.056926080248085514,0.028952182308692734,1.9662103409384017,0.32562184152039836,0.05799576727191429,-0.025911651317914952,GAN–Transformer reduced schedule,60
1997-06-01,0.05866829299912749,0.029111184179284325,2.015317983556167,0.33713361102951916,0.05982695555020031,-0.02591165131791484,GAN–Transformer reduced schedule,60
1997-07-01,0.0585317440075526,0.02914251131661036,2.0084660299742683,0.3362193571927127,0.05968198634652004,-0.025911651317915063,GAN–Transformer reduced schedule,60
1997-08-01,0.056909006759257454,0.029635473763209092,1.9203002190539311,0.3253770306934692,0.05795668705374224,-0.025911651317914952,GAN–Transformer reduced schedule,60
1997-09-01,0.05463421207460118,0.029714918574813474,1.8386122087815322,0.3104411054747306,0.05556140248820961,-0.02591165131791484,GAN–Transformer reduced schedule,60
1997-10-01,0.05407915050762217,0.02988877296706076,1.8093466254777562,0.306791758005373,0.05497283601545862,-0.025911651317914952,GAN–Transformer reduced schedule,60
1997-11-01,0.05532578858062793,0.029952771048752654,1.847100840539156,0.3149130547997719,0.05628085287398215,-0.025911651317914952,GAN–Transformer reduced schedule,60
1997-12-01,0.05818283413864132,0.03124369404296804,1.8622264722802973,0.33348493811580104,0.0592479274633535,-0.025911651317915063,GAN–Transformer reduced schedule,60
1998-01-01,0.05511091400173452,0.03207521238057381,1.7181776802548052,0.31308130173038146,0.055986396182418956,-0.02591165131791484,GAN–Transformer reduced schedule,60
1998-02-01,0.05723617755659072,0.032033618893705956,1.7867534026209138,0.3270521152784209,0.05822397276503233,-0.025911651317914952,GAN–Transformer reduced schedule,60
1998-03-01,0.05644618510973511,0.03175914692568787,1.777320569781411,0.32190195005602174,0.0574013210524867,-0.02591165131791462,GAN–Transformer reduced schedule,60
1998-04-01,0.055376475524990684,0.032011409045897846,1.729898094944589,0.31483038072080055,0.05626756998160276,-0.02591165131791484,GAN–Transformer reduced schedule,60
1998-05-01,0.05809465597894192,0.03170789485008538,1.8321826867918192,0.33280119707570643,0.05913927983669369,-0.02591165131791473,GAN–Transformer reduced schedule,60
1998-06-01,0.05893447386618937,0.03145986641806251,1.8733224446354437,0.3384346543352576,0.06003311960172318,-0.025911651317915063,GAN–Transformer reduced schedule,60
1998-07-01,0.05888294288194579,0.03147149128529817,1.8709930949301028,0.33808908803726984,0.05997837661426158,-0.02591165131791484,GAN–Transformer reduced schedule,60
1998-08-01,0.05522832024162536,0.031484960351224646,1.7541175096152593,0.3139702756388885,0.056129340909275315,-0.02591165131791473,GAN–Transformer reduced schedule,60
1998-09-01,0.05516324031091045,0.031490868045729696,1.7517218080747963,0.31354352270478836,0.056060729789651494,-0.025911651317914952,GAN–Transformer reduced schedule,60
1998-10-01,0.055333341620365455,0.03144547614609621,1.759659843065687,0.3146654329371536,0.05624106652674605,-0.025911651317914952,GAN–Transformer reduced schedule,60
1998-11-01,0.060746251906926334,0.03199809018469604,1.8984336738940712,0.3504414963753617,0.061928202569573695,-0.025911651317915063,GAN–Transformer reduced schedule,60
1998-12-01,0.0581524114298477,0.031462231647667614,1.848324431689152,0.333236923118323,0.0592085226060106,-0.02591165131791484,GAN–Transformer reduced schedule,60
1999-01-01,0.05434077413371252,0.03217421188596331,1.6889543192639893,0.3080363283749113,0.05517370781027328,-0.02591165131791473,GAN–Transformer reduced schedule,60
1999-02-01,0.05676776485859272,0.03149734331423464,1.8023032702233512,0.3240747521920891,0.05774870154718279,-0.025911651317914952,GAN–Transformer reduced schedule,60
1999-03-01,0.05573022522851469,0.03199009803382573,1.7421086102826753,0.31715189070975386,0.05664030333988323,-0.02591165131791473,GAN–Transformer reduced schedule,60
1999-04-01,0.05606578732328671,0.03200188808404882,1.751952484054602,0.3193509510065069,0.056992892216591595,-0.025911651317914952,GAN–Transformer reduced schedule,60
1999-05-01,0.05627754171428119,0.0319703569178932,1.7603038295385347,0.32074869721931,0.057216757160290455,-0.02591165131791462,GAN–Transformer reduced schedule,60
1999-06-01,0.05747869765907349,0.03223101426161248,1.7833350571139581,0.3286123854751327,0.05847269537970403,-0.025911651317914952,GAN–Transformer reduced schedule,60
1999-07-01,0.0561381659974694,0.03218314123270002,1.7443345754089916,0.31978864269085605,0.057063013910852486,-0.02591165131791484,GAN–Transformer reduced schedule,60
1999-08-01,0.052639836683139,0.031728559613460515,1.6590679603623446,0.2970988640838396,0.05340315752764729,-0.025911651317914952,GAN–Transformer reduced schedule,60
1999-09-01,0.05339995006292947,0.031569350725640925,1.6915124586188437,0.30204892460909255,0.05420594410031401,-0.025911651317915174,GAN–Transformer reduced schedule,60
1999-10-01,0.05189598213336711,0.03171134989557048,1.6365112902562393,0.2923079875854273,0.052623849607035034,-0.02591165131791473,GAN–Transformer reduced schedule,60
1999-11-01,0.051000651171762584,0.031663049411020064,1.6107308714874513,0.28657002363411477,0.05168743606787836,-0.025911651317914952,GAN–Transformer reduced schedule,60
1999-12-01,0.04905432414425066,0.03180216061858751,1.5424840070639643,0.27413374648948935,0.04964635915772918,-0.02591165131791484,GAN–Transformer reduced schedule,60
2000-01-01,0.050617112882420656,0.03185815747864452,1.5888273801255086,0.28407597071786067,0.05127937427348983,-0.02591165131791484,GAN–Transformer reduced schedule,60
2000-02-01,0.043979597472246126,0.03391178637029139,1.2968823580103317,0.2418976020937768,0.04428047419873613,-0.02591165131791484,GAN–Transformer reduced schedule,60
2000-03-01,0.04569647212167343,0.03470982586199701,1.3165284177269654,0.25239690205472065,0.04604025266333892,-0.025911651317915063,GAN–Transformer reduced schedule,60
2000-04-01,0.04389008250789435,0.034559017019112834,1.2700037875388923,0.2412099437628773,0.044164801655256464,-0.02591165131791484,GAN–Transformer reduced schedule,60
2000-05-01,0.045799322544427194,0.03471583029766153,1.3192633490754286,0.2530373881140181,0.04614722149855592,-0.025911651317914952,GAN–Transformer reduced schedule,60
2000-06-01,0.04495419981643157,0.03466010913810331,1.297001103987048,0.24778550333575436,0.04526879931970298,-0.02591165131791484,GAN–Transformer reduced schedule,60
2000-07-01,0.04849957731410706,0.03536855928625981,1.371262451534136,0.2698601079295152,0.04894127780461417,-0.02591165131791462,GAN–Transformer reduced schedule,60
2000-08-01,0.05141866502865627,0.03612748131532866,1.42325629013168,0.28828081032208913,0.05196697882274672,-0.02591165131791484,GAN–Transformer reduced schedule,60
2000-09-01,0.056813756433606616,0.03723001326596328,1.5260203112940423,0.32308436801026613,0.05759041876910552,-0.02591165131791484,GAN–Transformer reduced schedule,60
2000-10-01,0.05521280062350823,0.037096290131917065,1.4883644813852692,0.3126166202930454,0.05591164578411513,-0.025911651317914952,GAN–Transformer reduced schedule,60
2000-11-01,0.05634043146808128,0.037537153870756595,1.5009244350827946,0.3198978090979172,0.057080500340078374,-0.025911651317915063,GAN–Transformer reduced schedule,60
2000-12-01,0.06007211809067059,0.03999230861444155,1.502091781442646,0.3440178987208518,0.06091602758240868,-0.025911651317914952,GAN–Transformer reduced schedule,60
2001-01-01,0.044081848900911595,0.05537779422626243,0.7960203095269938,0.23639330927384825,0.04335314441484818,-0.08151743289849978,GAN–Transformer reduced schedule,60
2001-02-01,0.0547465609117252,0.0598060576528327,0.9154016007796852,0.3022320213469428,0.054235591344655915,-0.08151743289849966,GAN–Transformer reduced schedule,60
2001-03-01,0.05967012907163409,0.06030003941313714,0.9895537325077465,0.3343388498163848,0.05938355293290881,-0.08151743289849966,GAN–Transformer reduced schedule,60
2001-04-01,0.06276698540136383,0.05973458747353881,1.0507645244753434,0.35528497678131366,0.06268885237877819,-0.08151743289849955,GAN–Transformer reduced schedule,60
2001-05-01,0.06865413271233006,0.05958220759343378,1.1522589626218556,0.3956137810688391,0.06893931346428842,-0.08151743289849966,GAN–Transformer reduced schedule,60
2001-06-01,0.06833886822179393,0.05959052417363321,1.1468076371113975,0.3934246238693883,0.06860375560943371,-0.08151743289849966,GAN–Transformer reduced schedule,60
2001-07-01,0.07099891390294735,0.06015657691506327,1.1802352717507956,0.41173960353257705,0.07139821783021012,-0.08151743289849966,GAN–Transformer reduced schedule,60
2001-08-01,0.07508079053437666,0.060901928141088316,1.232814671490218,0.44035390889989035,0.07570662443521717,-0.08151743289849966,GAN–Transformer reduced schedule,60
2001-09-01,0.07983024156868447,0.06151410168982922,1.2977551386706445,0.4744740731117985,0.0807554346252901,-0.08151743289849966,GAN–Transformer reduced schedule,60
2001-10-01,0.06992124433212966,0.06354259118796561,1.1003839003873062,0.40272790545242515,0.07002687922453417,-0.08151743289849966,GAN–Transformer reduced schedule,60
2001-11-01,0.06210298120297318,0.06503894722752504,0.9548583402760039,0.3485833310750259,0.061635805588904455,-0.08151743289849966,GAN–Transformer reduced schedule,60
2001-12-01,0.059247431738117,0.06462806321164702,0.9167446584944178,0.32973430566425604,0.058651396254543436,-0.08151743289849966,GAN–Transformer reduced schedule,60
2002-01-01,0.06546659216625202,0.06487171497079491,1.0091700550189693,0.3714091384474915,0.06520551874047312,-0.08151743289849966,GAN–Transformer reduced schedule,60
2002-02-01,0.06953693997322952,0.06612586844515185,1.0515845252135627,0.39889015100921926,0.06944073535276248,-0.08151743289849978,GAN–Transformer reduced schedule,60
2002-03-01,0.06896785378520096,0.06612843604148212,1.0429379237388536,0.3949369644815679,0.06883561482624267,-0.08151743289849966,GAN–Transformer reduced schedule,60
2002-04-01,0.07583989953075171,0.06759652577381459,1.121949666237587,0.442717405749181,0.07605942135269145,-0.08151743289849955,GAN–Transformer reduced schedule,60
2002-05-01,0.0760398212436159,0.06761556237599685,1.1245905316999865,0.4441420833510481,0.07627185832210447,-0.08151743289849966,GAN–Transformer reduced schedule,60
2002-06-01,0.08092719087291401,0.06886885232327566,1.1750913242032202,0.47902005348507753,0.08142103400150515,-0.08151743289849966,GAN–Transformer reduced schedule,60
2002-07-01,0.08494861921812953,0.06892732197335633,1.2324375412549204,0.508822706932296,0.08574451052340556,-0.08151743289849966,GAN–Transformer reduced schedule,60
2002-08-01,0.086275593908791,0.06869607349608092,1.2559028415752607,0.5189160651614277,0.087193269420334,-0.08151743289849966,GAN–Transformer reduced schedule,60
2002-09-01,0.08805224413048733,0.06856928827106261,1.2841353082506304,0.5324370438496832,0.08912199389988155,-0.08151743289849966,GAN–Transformer reduced schedule,60
2002-10-01,0.08486411650925263,0.0695556761725726,1.2200890161530265,0.5078568099130558,0.08560546356632621,-0.08151743289849966,GAN–Transformer reduced schedule,60
2002-11-01,0.07411681602407526,0.07321139805271784,1.012367172263333,0.4275693992266793,0.07379022465363666,-0.08151743289849966,GAN–Transformer reduced schedule,60
2002-12-01,0.07518562480891126,0.07353403444324617,1.0224602169345105,0.4350072577085126,0.07490682280987818,-0.08151743289849955,GAN–Transformer reduced schedule,60
2003-01-01,0.07655608509622529,0.07326469480199967,1.0449246434878452,0.4449550472882876,0.07639300613188535,-0.08151743289849978,GAN–Transformer reduced schedule,60
2003-02-01,0.07429824373862659,0.07334364542091636,1.0130154195667778,0.42879403042015696,0.0739743902728362,-0.08151743289849955,GAN–Transformer reduced schedule,60
2003-03-01,0.07246049206815298,0.07326506513750623,0.9890183258850147,0.41584445787844637,0.07202054611971442,-0.08151743289849966,GAN–Transformer reduced schedule,60
2003-04-01,0.07405547325898165,0.0730982986881238,1.0130943481317076,0.4271985208193124,0.07373442533484245,-0.08151743289849978,GAN–Transformer reduced schedule,60
2003-05-01,0.07118688428670095,0.073304319904603,0.9711144497260509,0.406890067069633,0.07066112172839928,-0.08151743289849966,GAN–Transformer reduced schedule,60
2003-06-01,0.07066382277608924,0.07337257608009133,0.963082210701648,0.40320194202073617,0.07009919022888061,-0.08151743289849966,GAN–Transformer reduced schedule,60
2003-07-01,0.07224859352234676,0.07327940679298882,0.9859331111460269,0.41434654333575527,0.07179361792302244,-0.08151743289849966,GAN–Transformer reduced schedule,60
2003-08-01,0.07190859217616058,0.0733320703443728,0.9805885997555032,0.4119312810034785,0.07142730984518841,-0.08151743289849978,GAN–Transformer reduced schedule,60
2003-09-01,0.07371679486723597,0.07333284421143388,1.0052357256824114,0.4246764511587858,0.07335466747954622,-0.08151743289849966,GAN–Transformer reduced schedule,60
2003-10-01,0.07703242767470883,0.07327131869903598,1.051331258157393,0.44837478876804054,0.07690201934682146,-0.08151743289849966,GAN–Transformer reduced schedule,60
2003-11-01,0.07407548071689768,0.07295104130275551,1.0154136170514085,0.4274138640064106,0.07376682551407208,-0.08151743289849966,GAN–Transformer reduced schedule,60
2003-12-01,0.07596741729646544,0.07304182400402198,1.040053672431323,0.4408492390387215,0.07578060023081691,-0.08151743289849966,GAN–Transformer reduced schedule,60
2004-01-01,0.08125874657079414,0.07274362112210726,1.117056661702246,0.479384894136881,0.08147438113895618,-0.08151743289849966,GAN–Transformer reduced schedule,60
2004-02-01,0.0836581262689504,0.07277478981564382,1.1495481674475008,0.497100712718366,0.08405222067104581,-0.08151743289849966,GAN–Transformer reduced schedule,60
2004-03-01,0.08636560272340456,0.0722783650730588,1.1949025498308712,0.5176341092383846,0.087009690532366,-0.08151743289849966,GAN–Transformer reduced schedule,60
2004-04-01,0.0852124993210791,0.07233275590658464,1.178062390310805,0.5089417185333892,0.08576163806467253,-0.08151743289849955,GAN–Transformer reduced schedule,60
2004-05-01,0.08535532694622991,0.07232031009133755,1.1802400575775969,0.5100188293555759,0.08591660121785162,-0.08151743289849955,GAN–Transformer reduced schedule,60
2004-06-01,0.08513895732207999,0.07229917304889916,1.17759240848435,0.5084088984038877,0.08568494890188692,-0.08151743289849955,GAN–Transformer reduced schedule,60
2004-07-01,0.08621451120086698,0.07227063503985123,1.192939720999087,0.5165002790738527,0.08684722016464849,-0.08151743289849966,GAN–Transformer reduced schedule,60
2004-08-01,0.0879688034301871,0.07219940714610308,1.2184144843762081,0.529803013601303,0.08874732862719636,-0.08151743289849966,GAN–Transformer reduced schedule,60
2004-09-01,0.09141964102836879,0.0722396486553878,1.265505061693714,0.5562067180050337,0.09247990456117733,-0.08151743289849966,GAN–Transformer reduced schedule,60
2004-10-01,0.09253777725756984,0.07212766243859456,1.2829720821238495,0.564927554351534,0.09370160007907613,-0.08151743289849966,GAN–Transformer reduced schedule,60
2004-11-01,0.09357470404509666,0.07210747668485937,1.2977115321072497,0.5730107504583285,0.09482911495032814,-0.08151743289849966,GAN–Transformer reduced schedule,60
2004-12-01,0.09467675056184596,0.0719842851385964,1.3152419362025776,0.5817041807639773,0.09603658915994116,-0.08151743289849966,GAN–Transformer reduced schedule,60
2005-01-01,0.0954466693574838,0.07201854001857502,1.3253069186471451,0.5877375894783752,0.09687148230326291,-0.08151743289849966,GAN–Transformer reduced schedule,60
2005-02-01,0.10285966555653833,0.07071420899675805,1.4545827071508923,0.6479617772338739,0.10506907856967096,-0.08151743289849955,GAN–Transformer reduced schedule,60
2005-03-01,0.0979650910552222,0.0704803599518667,1.3899629786528571,0.6085757797687303,0.09973565328874845,-0.08151743289849978,GAN–Transformer reduced schedule,60
2005-04-01,0.09744914406337049,0.0705339531883262,1.3815919802932428,0.604434810999003,0.09916885778710502,-0.08151743289849978,GAN–Transformer reduced schedule,60
2005-05-01,0.09523456336667033,0.0706033033655549,1.3488683790556493,0.5868685254942154,0.09675137929832164,-0.08151743289849966,GAN–Transformer reduced schedule,60
2005-06-01,0.09604605265387649,0.07058047739338512,1.3608019696233737,0.5932817908477048,0.09763644499149408,-0.08151743289849978,GAN–Transformer reduced schedule,60
2005-07-01,0.0927515799152864,0.07040984039571853,1.3173099014853953,0.5675450778324261,0.09406722418630487,-0.08151743289849966,GAN–Transformer reduced schedule,60
2005-08-01,0.09028842328871019,0.07016557002193265,1.286790989661845,0.5486320713951212,0.09141432533772124,-0.08151743289849978,GAN–Transformer reduced schedule,60
2005-09-01,0.08570141692605071,0.06972667542315308,1.229105165361048,0.5139970957268407,0.08648818615065776,-0.08151743289849966,GAN–Transformer reduced schedule,60
2005-10-01,0.0843846995638899,0.06985137198826517,1.2080607318359657,0.504066996051015,0.08505920677131588,-0.08151743289849966,GAN–Transformer reduced schedule,60
2005-11-01,0.08276965945515431,0.06959531561968275,1.1892992900192496,0.49218346427598686,0.08333916627282152,-0.08151743289849966,GAN–Transformer reduced schedule,60
2005-12-01,0.07516464239150206,0.0680381325938695,1.104742877647331,0.43760879469791486,0.07529628205386414,-0.08151743289849966,GAN–Transformer reduced schedule,60
2006-01-01,0.09373932270459402,0.05535807037390495,1.693327134985931,0.5829742307620502,0.09621254802804083,-0.06567285592109551,GAN–Transformer reduced schedule,60
2006-02-01,0.08396842866443999,0.051164052086768656,1.6411606438449924,0.5096492474507821,0.08586343970554303,-0.06567285592109551,GAN–Transformer reduced schedule,60
2006-03-01,0.08079735530333237,0.0506464866603995,1.5953200435225416,0.48625367551122844,0.0824767779302496,-0.0656728559210954,GAN–Transformer reduced schedule,60
2006-04-01,0.08027183909812977,0.05071015443313306,1.5829539467085836,0.482355771824175,0.0819083926481328,-0.0656728559210954,GAN–Transformer reduced schedule,60
2006-05-01,0.07474061680426258,0.050888432889692255,1.4687152376311772,0.442110139542634,0.07596881946927213,-0.0656728559210954,GAN–Transformer reduced schedule,60
2006-06-01,0.07485294597467793,0.05088268408404176,1.4710887863353481,0.4429173920309454,0.07608925189202088,-0.06567285592109551,GAN–Transformer reduced schedule,60
2006-07-01,0.07060493953953928,0.05016667092195209,1.4074073133013842,0.4130230236528131,0.0715929498149268,-0.06567285592109551,GAN–Transformer reduced schedule,60
2006-08-01,0.06714822968722327,0.04926539992283189,1.362989639633548,0.38925099292055354,0.06796284390205336,-0.06567285592109551,GAN–Transformer reduced schedule,60
2006-09-01,0.06300376756532021,0.04837972542140507,1.302276253462259,0.36119798409636583,0.06361452477702684,-0.0656728559210954,GAN–Transformer reduced schedule,60
2006-10-01,0.0714706935209887,0.04553645887814688,1.569526820525075,0.4206877997372956,0.07275298137174338,-0.06567285592109551,GAN–Transformer reduced schedule,60
2006-11-01,0.07741866007042542,0.04316492439992645,1.7935548630442482,0.4640822351526231,0.07922772628988571,-0.06567285592109551,GAN–Transformer reduced schedule,60
2006-12-01,0.07863249786081043,0.04327105523809862,1.8172077715261565,0.47290410130794486,0.08052518592683584,-0.06567285592109551,GAN–Transformer reduced schedule,60
2007-01-01,0.07468419959987603,0.042625501218596464,1.7521013821485136,0.4444883272474776,0.07632346222351835,-0.06567285592109551,GAN–Transformer reduced schedule,60
2007-02-01,0.06855672130611744,0.04045790188316525,1.6945199359100789,0.40177008094078936,0.06988071003289445,-0.06567285592109529,GAN–Transformer reduced schedule,60
2007-03-01,0.06964922412312041,0.04048550732130921,1.7203495455881594,0.4093963834866268,0.0710423178848034,-0.0656728559210954,GAN–Transformer reduced schedule,60
2007-04-01,0.0652464891299529,0.038148445865858624,1.710331512832243,0.3794917460590839,0.0664581591945308,-0.06567285592109551,GAN–Transformer reduced schedule,60
2007-05-01,0.06610238106585616,0.0383706415725176,1.722733276193145,0.3853179374823536,0.06735746420084703,-0.0656728559210954,GAN–Transformer reduced schedule,60
2007-06-01,0.05816252902935848,0.03597166426243615,1.6168984733379546,0.3322461371771595,0.05905104706805473,-0.06567285592109551,GAN–Transformer reduced schedule,60
2007-07-01,0.05320199138302106,0.035843840458835756,1.4842715150492864,0.29978605565029176,0.05383926202773565,-0.06567285592109551,GAN–Transformer reduced schedule,60
2007-08-01,0.05459204216068718,0.035744573592933225,1.527281952846687,0.3088338310377989,0.05530234318139359,-0.06567285592109551,GAN–Transformer reduced schedule,60
2007-09-01,0.055627973090832894,0.0358835551081435,1.5502358370898581,0.31556730002934963,0.05638594411318792,-0.06567285592109551,GAN–Transformer reduced schedule,60
2007-10-01,0.062157095512576456,0.033877316199380975,1.8347703562690194,0.3594868714988055,0.06334698397123821,-0.044525339292288635,GAN–Transformer reduced schedule,60
2007-11-01,0.07164331814889591,0.02543793191341002,2.816397118789675,0.42697372209010664,0.07370059831781316,-0.011932576361361025,GAN–Transformer reduced schedule,60
2007-12-01,0.06749412290083952,0.022884074357331093,2.949392745668004,0.39826104769486,0.06934452911829189,-0.011932576361361025,GAN–Transformer reduced schedule,60
2008-01-01,0.06539562678783671,0.024260380857077497,2.6955729661910395,0.38352088669275547,0.06708040265883652,-0.015169100741697417,GAN–Transformer reduced schedule,60
2008-02-01,0.06862657756143431,0.024336288546733725,2.8199278386122266,0.4059143720857803,0.07051257727297751,-0.015169100741697417,GAN–Transformer reduced schedule,60
2008-03-01,0.06915997209061021,0.024341709573870038,2.841212605907146,0.4096465341060274,0.07108033456815002,-0.015169100741697417,GAN–Transformer reduced schedule,60
2008-04-01,0.07097105500537722,0.02442560570629439,2.905600616777672,0.4223803892752293,0.07300847252132016,-0.015169100741697417,GAN–Transformer reduced schedule,60
2008-05-01,0.07375681492423934,0.02379673947463923,3.0994504521446635,0.4423195930473656,0.07600007260899587,-0.015169100741697528,GAN–Transformer reduced schedule,60
2008-06-01,0.07071520712513812,0.026064888874730126,2.7130446427376254,0.42027523718487064,0.07269066942307488,-0.02017544417310624,GAN–Transformer reduced schedule,60
2008-07-01,0.07538235137818469,0.02799631656408439,2.692581047425731,0.45323362782743143,0.07762358484088332,-0.020175444173106127,GAN–Transformer reduced schedule,60
2008-08-01,0.07796348562163119,0.02742491078574978,2.842798149124397,0.4721055502725238,0.08040799680521647,-0.020175444173106127,GAN–Transformer reduced schedule,60
2008-09-01,0.0767783879991566,0.027372604364655467,2.8049354375024587,0.4634742672430624,0.07913808039136311,-0.020175444173106127,GAN–Transformer reduced schedule,60
2008-10-01,0.06639283895976068,0.03373542364162874,1.9680452116164755,0.3884701595744519,0.06784276645784822,-0.03871765292441609,GAN–Transformer reduced schedule,60
2008-11-01,0.06345009085402654,0.03425001844874592,1.8525563993192475,0.36817901086791444,0.06470326221278211,-0.046303145635858134,GAN–Transformer reduced schedule,60
2008-12-01,0.063528570979642,0.034271527183081144,1.853683690261816,0.36870821995306924,0.06478561451879565,-0.046303145635858245,GAN–Transformer reduced schedule,60
2009-01-01,0.05378185213092276,0.0379384143674085,1.4176093816172972,0.3030353353566786,0.05436562551912391,-0.06411567875002777,GAN–Transformer reduced schedule,60
2009-02-01,0.0447702553317353,0.04087032981065732,1.095421924392228,0.2451232541856774,0.044822385427168675,-0.09335535679461615,GAN–Transformer reduced schedule,60
2009-03-01,0.042547605306321394,0.041337519943721986,1.0292732937110607,0.23129356385872676,0.04249101811688616,-0.10292791426298165,GAN–Transformer reduced schedule,60
2009-04-01,0.035480753805883725,0.044635736128387705,0.7948956796372504,0.18782391880833096,0.03502398327247773,-0.13385762818534863,GAN–Transformer reduced schedule,60
2009-05-01,0.037046103518895625,0.044707677189473646,0.828629574332215,0.19710993113423886,0.036637241014731196,-0.13385762818534874,GAN–Transformer reduced schedule,60
2009-06-01,0.034907133183235475,0.0444542771210173,0.7852367745899509,0.18447913664791718,0.03444042275189467,-0.13385762818534852,GAN–Transformer reduced schedule,60
2009-07-01,0.034656764917026836,0.04442956678515328,0.7800383263833183,0.1830079944068603,0.034183336651664446,-0.1338576281853484,GAN–Transformer reduced schedule,60
2009-08-01,0.024790568712316118,0.04834970085411533,0.5127346865519654,0.12515299415556222,0.02386410130727233,-0.1535141743314945,GAN–Transformer reduced schedule,60
2009-09-01,0.023243264365306236,0.0479939944357203,0.4842952673263442,0.11659325794638517,0.022301505225671973,-0.15351417433149417,GAN–Transformer reduced schedule,60
2009-10-01,0.02441279730754354,0.048095475946648654,0.5075903050553895,0.12310169396881412,0.023490501285923296,-0.15351417433149395,GAN–Transformer reduced schedule,60
2009-11-01,0.025484647253889117,0.048307696643687746,0.5275483830632842,0.12906732519669023,0.024575502796829535,-0.15351417433149417,GAN–Transformer reduced schedule,60
2009-12-01,0.02683281211394864,0.0484118438055963,0.5542613130311476,0.13665884676630677,0.025949601898198903,-0.1535141743314944,GAN–Transformer reduced schedule,60
2010-01-01,0.02174218239726272,0.048590323787325466,0.4474590968445873,0.10809999499553688,0.020741543398137663,-0.15351417433149417,GAN–Transformer reduced schedule,60
2010-02-01,0.020440437553572197,0.048342519246833596,0.4228252451885,0.1009889265561924,0.019428075773179773,-0.15351417433149483,GAN–Transformer reduced schedule,60
2010-03-01,0.020214985512105203,0.04835535842242583,0.41805057746671703,0.09974720991022581,0.01919802582024031,-0.1535141743314944,GAN–Transformer reduced schedule,60
2010-04-01,0.01615018982063064,0.049366022391831604,0.3271519364562567,0.077385429179574,0.015019111543017629,-0.1535141743314946,GAN–Transformer reduced schedule,60
2010-05-01,0.014129214160030478,0.049612346186445694,0.28479229962098906,0.06650165150884521,0.012960023985104794,-0.1535141743314945,GAN–Transformer reduced schedule,60
2010-06-01,0.01297838149489802,0.04951932126829816,0.2620872249960879,0.060413610929006545,0.011800893749091722,-0.1535141743314945,GAN–Transformer reduced schedule,60
2010-07-01,0.012886974726388962,0.049515674710471136,0.2602605094597194,0.05993055126810913,0.011708694011997306,-0.15351417433149417,GAN–Transformer reduced schedule,60
2010-08-01,0.012227378478323038,0.04943910311411572,0.2473220124988859,0.056464173586682646,0.011046091900813041,-0.1535141743314945,GAN–Transformer reduced schedule,60
2010-09-01,0.01659412043778092,0.050511575359951245,0.32852114232290963,0.07947185237430154,0.01541193676508973,-0.1535141743314944,GAN–Transformer reduced schedule,60
2010-10-01,0.018510837749903582,0.05053111429366582,0.36632554038540077,0.08984625866113957,0.01735622672890305,-0.1535141743314944,GAN–Transformer reduced schedule,60
2010-11-01,0.015698638347845,0.05022266027533831,0.31258078050385096,0.0747332355787617,0.01451888538057145,-0.1535141743314946,GAN–Transformer reduced schedule,60
2010-12-01,0.016331997654622718,0.0502467109416735,0.32503615358189186,0.07813106081177494,0.015159566557526122,-0.15351417433149428,GAN–Transformer reduced schedule,60
2011-01-01,0.01311139383604754,0.050113365263715376,0.26163467105133437,0.060964834878726025,0.011906062703543642,-0.1535141743314944,GAN–Transformer reduced schedule,60
2011-02-01,0.009375992343527,0.0504429859319799,0.18587306382239352,0.0412642149747059,0.008119902278716572,-0.1535141743314946,GAN–Transformer reduced schedule,60
2011-03-01,0.009499577042070698,0.05045956599775766,0.18826117217284116,0.04190300787630387,0.00824356385459349,-0.1535141743314945,GAN–Transformer reduced schedule,60
2011-04-01,0.01085272192079726,0.050507610322635704,0.2148730033250743,0.04895747367805926,0.00960519434477609,-0.1535141743314945,GAN–Transformer reduced schedule,60
2011-05-01,0.01360968409459476,0.05033628328171362,0.27037522850915263,0.06354856920802855,0.012398435920999238,-0.15351417433149428,GAN–Transformer reduced schedule,60
2011-06-01,0.01385870575257834,0.05035303995879964,0.27523076588658696,0.06486764521440293,0.012649438743984503,-0.15351417433149417,GAN–Transformer reduced schedule,60
2011-07-01,0.011757101600481698,0.05045163286692883,0.23303708784792387,0.053722094632875826,0.010520707118240514,-0.15351417433149428,GAN–Transformer reduced schedule,60
2011-08-01,0.01120223647742798,0.050366694006579574,0.22241357504950773,0.05082784388878934,0.009964978253803157,-0.1535141743314944,GAN–Transformer reduced schedule,60
2011-09-01,0.010492358068761358,0.0503269802867554,0.20848375978406639,0.04711842810838123,0.009250935290279762,-0.15351417433149428,GAN–Transformer reduced schedule,60
2011-10-01,0.012591123504472997,0.05096048342075344,0.24707621787091044,0.057987135987639514,0.011337421812177305,-0.1535141743314944,GAN–Transformer reduced schedule,60
2011-11-01,0.01637273996793394,0.051816879563841185,0.31597309806666074,0.07792404932456516,0.015120579491587962,-0.1535141743314946,GAN–Transformer reduced schedule,60
2011-12-01,0.015427774063517499,0.05164099836963162,0.2987504996144704,0.07289796652274443,0.014172159670346022,-0.15351417433149428,GAN–Transformer reduced schedule,60
2012-01-01,0.01579431675009008,0.05166338745542132,0.305715856586417,0.07485734567358056,0.014542315607751719,-0.15351417433149417,GAN–Transformer reduced schedule,60
2012-02-01,0.014347338853264398,0.05165017358377314,0.2777791023295201,0.0671222164452367,0.013077878695592656,-0.15351417433149428,GAN–Transformer reduced schedule,60
2012-03-01,0.013260774406368001,0.051531267503065456,0.25733452812079877,0.06137935994830744,0.011985121853929345,-0.15351417433149417,GAN–Transformer reduced schedule,60
2012-04-01,0.011774455617743162,0.05122098771016933,0.22987560654566366,0.05361189154714898,0.010499569256617386,-0.1535141743314944,GAN–Transformer reduced schedule,60
2012-05-01,0.007987652043713519,0.05068181057357645,0.15760392048578414,0.034006758254260895,0.006710678793586008,-0.15351417433149417,GAN–Transformer reduced schedule,60
2012-06-01,0.011830882884864537,0.05108524734089208,0.23159098762734776,0.05394499687584244,0.010563456202918636,-0.1535141743314945,GAN–Transformer reduced schedule,60
2012-07-01,0.01535495372392386,0.05114326825054182,0.30023411192070587,0.07264370313447181,0.01412408589154896,-0.1535141743314945,GAN–Transformer reduced schedule,60
2012-08-01,0.013617349097176299,0.051148051609967826,0.2662339750693949,0.06337469879914621,0.012365332093486222,-0.15351417433149428,GAN–Transformer reduced schedule,60
2012-09-01,0.011079871940797618,0.050918612901452595,0.21759964204526736,0.05004306246459652,0.009814080342642114,-0.1535141743314944,GAN–Transformer reduced schedule,60
2012-10-01,0.010714186253890019,0.05085616276513866,0.2106762616631091,0.04814310737065034,0.009448382668676527,-0.15351417433149417,GAN–Transformer reduced schedule,60
2012-11-01,0.011995234186566778,0.05098603004891151,0.2352651142883571,0.054837263470876196,0.010734506271743978,-0.1535141743314944,GAN–Transformer reduced schedule,60
2012-12-01,0.00971314600947644,0.050820783457986025,0.19112546774306183,0.04292376264620095,0.008441042188814217,-0.15351417433149428,GAN–Transformer reduced schedule,60
2013-01-01,0.014169108366271381,0.05037832815724133,0.2812540408654813,0.06651780823747118,0.012963093088846033,-0.15351417433149428,GAN–Transformer reduced schedule,60
2013-02-01,0.01276125251535604,0.05010959121080568,0.25466686530470417,0.05911564286297118,0.011553079367303383,-0.15351417433149428,GAN–Transformer reduced schedule,60
2013-03-01,0.011686050236371578,0.0500319572489192,0.2335717185364365,0.053463211949560295,0.010471048479340519,-0.15351417433149417,GAN–Transformer reduced schedule,60
2013-04-01,0.009369534273276059,0.04980794193132478,0.18811325884925695,0.041400068620196635,0.008146206767992546,-0.1535141743314944,GAN–Transformer reduced schedule,60
2013-05-01,0.005022206207965099,0.050148588433923384,0.10014651189200352,0.018933195127869246,0.0037582832704393413,-0.15351417433149428,GAN–Transformer reduced schedule,60
2013-06-01,0.00988623863191576,0.04930379315880006,0.20051679594050056,0.044224070261933576,0.008692379850195456,-0.15351417433149428,GAN–Transformer reduced schedule,60
2013-07-01,0.002576851135193599,0.04777554177821476,0.05393661776052577,0.007134310564863615,0.001422807585412726,-0.1535141743314944,GAN–Transformer reduced schedule,60
2013-08-01,0.0004927587034897997,0.04771575889831361,0.010326959370800554,-0.003290567129118164,-0.0006589813665613303,-0.1535141743314944,GAN–Transformer reduced schedule,60
2013-09-01,0.00015694531085695972,0.04768881399445802,0.003291029860277056,-0.004956289894526594,-0.0009932290280339504,-0.15351417433149428,GAN–Transformer reduced schedule,60
2013-10-01,0.009015468717914438,0.04442810512734008,0.20292264754650804,0.04089193577938966,0.008047806120173263,-0.12542700705065024,GAN–Transformer reduced schedule,60
2013-11-01,0.013044177830667057,0.044542359805613836,0.2928488272195909,0.06202595879173816,0.012108393332360634,-0.12542700705065002,GAN–Transformer reduced schedule,60
2013-12-01,0.009802364763010201,0.044116728040212695,0.22219156312034924,0.04506385067508613,0.008854568745336374,-0.12542700705065013,GAN–Transformer reduced schedule,60
2014-01-01,0.01312805516800532,0.04213457742677174,0.311574387824854,0.06303583800878632,0.012300802694261708,-0.09552301876589342,GAN–Transformer reduced schedule,60
2014-02-01,0.01844190146972846,0.03962938773203045,0.46535923276005575,0.09219076584760899,0.017793563494303638,-0.06635324874825299,GAN–Transformer reduced schedule,60
2014-03-01,0.021934060306148383,0.03931885434621544,0.5578509514293515,0.11146478341758595,0.0213606960439116,-0.05639040705067955,GAN–Transformer reduced schedule,60
2014-04-01,0.030379675554399497,0.035824731169691156,0.8480084724292823,0.1600758401087549,0.030142432309699534,-0.04062050363508285,GAN–Transformer reduced schedule,60
2014-05-01,0.03086826675738366,0.035929020019552727,0.8591458030468132,0.16288460811547442,0.030640784718685758,-0.04062050363508285,GAN–Transformer reduced schedule,60
2014-06-01,0.03132143806307032,0.03594760352001095,0.8713080983447091,0.1655118346214697,0.031106055843100958,-0.04062050363508285,GAN–Transformer reduced schedule,60
2014-07-01,0.03229892092937658,0.03612261059990361,0.8941469177607767,0.17117049391069727,0.03210533863735681,-0.04062050363508285,GAN–Transformer reduced schedule,60
2014-08-01,0.0415435002404057,0.03040112582574852,1.3665119008592779,0.2275974790543132,0.04186439743185866,-0.03660447286041946,GAN–Transformer reduced schedule,60
2014-09-01,0.04042395041214544,0.03029070214610971,1.334533290682968,0.22078838944475543,0.040706047022058864,-0.03660447286041946,GAN–Transformer reduced schedule,60
2014-10-01,0.042508984272426,0.031027586711754325,1.3700383683505144,0.2334008145718231,0.04284760044671723,-0.03660447286041968,GAN–Transformer reduced schedule,60
2014-11-01,0.0428898878620666,0.03117084339445528,1.3759617383242162,0.2357167255959049,0.04323892990546657,-0.03660447286041957,GAN–Transformer reduced schedule,60
2014-12-01,0.0428583745601553,0.031165146447980543,1.375202090954155,0.23552380947265397,0.043206354449479505,-0.03660447286041957,GAN–Transformer reduced schedule,60
2015-01-01,0.04789312069466377,0.030578440152951154,1.566238187922792,0.26701716799021913,0.04847118647487102,-0.03198755797779429,GAN–Transformer reduced schedule,60
2015-02-01,0.045804036397541506,0.030673752218621873,1.4932648627752203,0.25388415101445533,0.04628857391347059,-0.03198755797779418,GAN–Transformer reduced schedule,60
2015-03-01,0.04895318349816344,0.030909143962179295,1.5837767476855065,0.27365957586892414,0.04956822205901143,-0.030413863464731072,GAN–Transformer reduced schedule,60
2015-04-01,0.05022474929311582,0.030001080530407932,1.6740980126435767,0.28192925706465116,0.05092763395368864,-0.023158610072635866,GAN–Transformer reduced schedule,60
2015-05-01,0.0566780183012211,0.030397723634788293,1.8645481149238636,0.32370275808590304,0.05768926071759039,-0.023158610072635755,GAN–Transformer reduced schedule,60
2015-06-01,0.05772001164542113,0.030401060161477308,1.8986183816892352,0.33058366184194266,0.05878660258144191,-0.023158610072635755,GAN–Transformer reduced schedule,60
2015-07-01,0.06437159824479827,0.03339676588270765,1.9274799982392583,0.37471147872213856,0.06571802630168064,-0.023158610072635644,GAN–Transformer reduced schedule,60
2015-08-01,0.062390582648121515,0.03369752179429691,1.8514887542466316,0.3611645020497442,0.06360929227713874,-0.023158610072635866,GAN–Transformer reduced schedule,60
2015-09-01,0.0604310579665734,0.03285095723520915,1.8395524225943805,0.34814587138095776,0.06156692098438525,-0.02315861007263531,GAN–Transformer reduced schedule,60
2015-10-01,0.06068770489296435,0.03286942472903266,1.8463269556208741,0.34986422642645143,0.06183739906773821,-0.023158610072635533,GAN–Transformer reduced schedule,60
2015-11-01,0.06387628918164642,0.033130477639526416,1.9280219825577949,0.37138671790321415,0.06520203580558416,-0.023158610072635755,GAN–Transformer reduced schedule,60
2015-12-01,0.06477553546939487,0.03317694575159175,1.9524261200652286,0.3775231780070808,0.06615361299492022,-0.023158610072635533,GAN–Transformer reduced schedule,60
2016-01-01,0.07048981452413945,0.03384243958378112,2.0828821855361,0.417068661629509,0.07220586561681872,-0.023158610072635866,GAN–Transformer reduced schedule,60
2016-02-01,0.0721197195995394,0.03312662966056978,2.1770919752027362,0.42876728788787466,0.07397036995791069,-0.023158610072635755,GAN–Transformer reduced schedule,60
2016-03-01,0.06745986411085042,0.03445078685750662,1.958151620451343,0.3957377852505217,0.06895830843779813,-0.023158610072635977,GAN–Transformer reduced schedule,60
2016-04-01,0.0568500800987859,0.04161478510210636,1.3661029357546384,0.3221387144454847,0.057439196334203656,-0.06613426446366655,GAN–Transformer reduced schedule,60
2016-05-01,0.06213417576301772,0.04323774709133865,1.43703545958953,0.3569041327692709,0.06294264953141117,-0.06613426446366655,GAN–Transformer reduced schedule,60
2016-06-01,0.0600607956424833,0.043482580169118046,1.3812610799287237,0.3429093821430887,0.060740965749192556,-0.06613426446366666,GAN–Transformer reduced schedule,60
2016-07-01,0.05865118988032336,0.043966848291150606,1.333986677687978,0.33338210284058334,0.05923158960916436,-0.06613426446366655,GAN–Transformer reduced schedule,60
2016-08-01,0.056098753673049485,0.04419130394015055,1.2694523282007133,0.3164883291289517,0.05653381793778863,-0.06613426446366666,GAN–Transformer reduced schedule,60
2016-09-01,0.05500422084289129,0.0443253374589757,1.240920520769846,0.3092976228168643,0.05537712290973795,-0.06613426446366677,GAN–Transformer reduced schedule,60
2016-10-01,0.05277936598177474,0.04374724106755375,1.2064615892068193,0.2950391277344808,0.05306839318159572,-0.06613426446366666,GAN–Transformer reduced schedule,60
2016-11-01,0.047688724454885215,0.04311597700839691,1.1060569135566092,0.2627952188174412,0.04777151103201133,-0.06613426446366655,GAN–Transformer reduced schedule,60
2016-12-01,0.04717887035738064,0.04307618854572495,1.0952424518083983,0.259603431675671,0.04724131423521128,-0.06613426446366644,GAN–Transformer reduced schedule,60
