date,mean_annualized_arithmetic,volatility_annualized,sharpe_annualized,return_compounded_window,return_annualized_geometric,max_drawdown_window,model,window_months,window_start
1992-01-01,,,,,,,gan_lstm_matched,36,
1992-02-01,,,,,,,gan_lstm_matched,36,
1992-03-01,,,,,,,gan_lstm_matched,36,
1992-04-01,,,,,,,gan_lstm_matched,36,
1992-05-01,,,,,,,gan_lstm_matched,36,
1992-06-01,,,,,,,gan_lstm_matched,36,
1992-07-01,,,,,,,gan_lstm_matched,36,
1992-08-01,,,,,,,gan_lstm_matched,36,
1992-09-01,,,,,,,gan_lstm_matched,36,
1992-10-01,,,,,,,gan_lstm_matched,36,
1992-11-01,,,,,,,gan_lstm_matched,36,
1992-12-01,,,,,,,gan_lstm_matched,36,
1993-01-01,,,,,,,gan_lstm_matched,36,
1993-02-01,,,,,,,gan_lstm_matched,36,
1993-03-01,,,,,,,gan_lstm_matched,36,
1993-04-01,,,,,,,gan_lstm_matched,36,
1993-05-01,,,,,,,gan_lstm_matched,36,
1993-06-01,,,,,,,gan_lstm_matched,36,
1993-07-01,,,,,,,gan_lstm_matched,36,
1993-08-01,,,,,,,gan_lstm_matched,36,
1993-09-01,,,,,,,gan_lstm_matched,36,
1993-10-01,,,,,,,gan_lstm_matched,36,
1993-11-01,,,,,,,gan_lstm_matched,36,
1993-12-01,,,,,,,gan_lstm_matched,36,
1994-01-01,,,,,,,gan_lstm_matched,36,
1994-02-01,,,,,,,gan_lstm_matched,36,
1994-03-01,,,,,,,gan_lstm_matched,36,
1994-04-01,,,,,,,gan_lstm_matched,36,
1994-05-01,,,,,,,gan_lstm_matched,36,
1994-06-01,,,,,,,gan_lstm_matched,36,
1994-07-01,,,,,,,gan_lstm_matched,36,
1994-08-01,,,,,,,gan_lstm_matched,36,
1994-09-01,,,,,,,gan_lstm_matched,36,
1994-10-01,,,,,,,gan_lstm_matched,36,
1994-11-01,,,,,,,gan_lstm_matched,36,
1994-12-01,0.0913621992471062,0.025591240055494194,3.5700575294119683,0.31269300992660415,0.09493345159015294,-0.006435633179341038,gan_lstm_matched,36,1992-01-01
1995-01-01,0.09120547725343502,0.025596102973739845,3.5632563811376547,0.3120801457504882,0.09476302587210826,-0.006435633179341038,gan_lstm_matched,36,1992-02-01
1995-02-01,0.09775988222839835,0.0244226270336353,4.002840566404326,0.3380469726276741,0.10193789872181397,-0.00623924112805585,gan_lstm_matched,36,1992-03-01
1995-03-01,0.09607644765791748,0.02436747970601235,3.942814308950133,0.33136560212962857,0.10010070761981425,-0.00623924112805585,gan_lstm_matched,36,1992-04-01
1995-04-01,0.09675481579645043,0.024553117528591694,3.9406326175802753,0.3340384238079773,0.10083639522998203,-0.006239241128055739,gan_lstm_matched,36,1992-05-01
1995-05-01,0.09443930088341415,0.024881447254537982,3.7955710500798907,0.32484441965327837,0.09830162694152488,-0.00623924112805585,gan_lstm_matched,36,1992-06-01
1995-06-01,0.0888246994645591,0.025821669120226626,3.4399286525974784,0.3027895236328152,0.09217295773796533,-0.00623924112805585,gan_lstm_matched,36,1992-07-01
1995-07-01,0.08737395233111177,0.025861451570035925,3.378540144759182,0.2971689810694789,0.09060006267919232,-0.00623924112805585,gan_lstm_matched,36,1992-08-01
1995-08-01,0.0808483029920273,0.024886170442810936,3.2487241529514868,0.27228669609929623,0.08358170026360813,-0.006239241128055739,gan_lstm_matched,36,1992-09-01
1995-09-01,0.0794659500797268,0.025014048280416108,3.176852830412978,0.26704423724534554,0.08209135149315121,-0.006239241128055628,gan_lstm_matched,36,1992-10-01
1995-10-01,0.08185274191426674,0.024792433815992856,3.3015210415310645,0.27610923352484723,0.08466580872571133,-0.00623924112805585,gan_lstm_matched,36,1992-11-01
1995-11-01,0.08165396201599757,0.024808923418856044,3.2913142032570586,0.27535206538297785,0.08445124065716474,-0.006239241128055628,gan_lstm_matched,36,1992-12-01
1995-12-01,0.07974037682579352,0.02435614891840094,3.2739320609733213,0.26814170432611567,0.08240368389985686,-0.00623924112805585,gan_lstm_matched,36,1993-01-01
1996-01-01,0.0760068463273062,0.023196511817947758,3.276649822345172,0.25420910052398177,0.07842508804981774,-0.006239241128055739,gan_lstm_matched,36,1993-02-01
1996-02-01,0.07320724678776931,0.022512637331222767,3.251828993231202,0.24384113288390954,0.07544524779623753,-0.006239241128055739,gan_lstm_matched,36,1993-03-01
1996-03-01,0.06819616530405864,0.021854681854536498,3.12043733960386,0.22544245265212412,0.07011628650047033,-0.006239241128055739,gan_lstm_matched,36,1993-04-01
1996-04-01,0.06227996668378964,0.020940177231333904,2.9741852705332783,0.20406913225292708,0.06385835247523566,-0.00623924112805585,gan_lstm_matched,36,1993-05-01
1996-05-01,0.06360633344012054,0.020923314883330754,3.0399740096056487,0.20884596323188373,0.06526335651189547,-0.006239241128055739,gan_lstm_matched,36,1993-06-01
1996-06-01,0.06869852019456177,0.02118545469651767,3.2427210639880197,0.227332229003075,0.07066608569201793,-0.006239241128055628,gan_lstm_matched,36,1993-07-01
1996-07-01,0.06796597461311636,0.02096643270738566,3.241656583247687,0.2246698612834654,0.06989135103269223,-0.006239241128055739,gan_lstm_matched,36,1993-08-01
1996-08-01,0.0706114026147276,0.0210931674496545,3.347595982597872,0.23436192155201124,0.07270631821771321,-0.006239241128055739,gan_lstm_matched,36,1993-09-01
1996-09-01,0.07001021739674293,0.021270465367371382,3.2914285695007726,0.23213682527050197,0.07206136677828096,-0.006239241128055739,gan_lstm_matched,36,1993-10-01
1996-10-01,0.07630846063600474,0.021374672740724094,3.570041121173193,0.25548772264876696,0.0787914357512542,-0.005031277263123357,gan_lstm_matched,36,1993-11-01
1996-11-01,0.07941347346830681,0.020623233887525513,3.8506799613198415,0.26722078360573714,0.08214160767517195,-0.005031277263123246,gan_lstm_matched,36,1993-12-01
1996-12-01,0.07404924241713107,0.019582785669626755,3.781343658986307,0.2471950564788933,0.07641099923028333,-0.005031277263123357,gan_lstm_matched,36,1994-01-01
1997-01-01,0.07328698519689453,0.019323507559155472,3.792633659936711,0.24438210420535714,0.07560113606270859,-0.005031277263123357,gan_lstm_matched,36,1994-02-01
1997-02-01,0.08251436576820183,0.021361112256075555,3.862830960252689,0.27892797480967346,0.08546384488659338,-0.005031277263123468,gan_lstm_matched,36,1994-03-01
1997-03-01,0.08364872723304521,0.021513164994108738,3.888257597427061,0.2832453239338271,0.08668389351094229,-0.005031277263123357,gan_lstm_matched,36,1994-04-01
1997-04-01,0.08117918712455724,0.021169275510340157,3.834764542834977,0.27386528932881254,0.08402966737089672,-0.005031277263123357,gan_lstm_matched,36,1994-05-01
1997-05-01,0.08569787788348093,0.021232210671788564,4.036220213157008,0.29112577900586,0.08890381028161709,-0.005031277263123357,gan_lstm_matched,36,1994-06-01
1997-06-01,0.08764408490786395,0.021184472702203895,4.137185104387612,0.29863576248607904,0.09101097530522088,-0.005031277263123357,gan_lstm_matched,36,1994-07-01
1997-07-01,0.08629164961727404,0.021496899949034757,4.014143891531144,0.2933896000386378,0.08953985572762345,-0.005031277263123468,gan_lstm_matched,36,1994-08-01
1997-08-01,0.08216315833343654,0.02156716259136519,3.8096415319061054,0.2775735182455185,0.08508052047287828,-0.005031277263123468,gan_lstm_matched,36,1994-09-01
1997-09-01,0.08738821167307989,0.022658006420839302,3.85683585969444,0.297523010814708,0.09069927096724534,-0.005031277263123468,gan_lstm_matched,36,1994-10-01
1997-10-01,0.08739764616986717,0.02265529297717106,3.857714232958042,0.2975597076361782,0.09070955333314891,-0.005031277263123357,gan_lstm_matched,36,1994-11-01
1997-11-01,0.08750021346791663,0.02261583446714191,3.8689800986580405,0.2979595988581525,0.09082158937906172,-0.005031277263123468,gan_lstm_matched,36,1994-12-01
1997-12-01,0.08239192366153814,0.022680491916128465,3.632722075262746,0.27835195825046377,0.08530085967476637,-0.005031277263123468,gan_lstm_matched,36,1995-01-01
1998-01-01,0.08259645568481593,0.02268058246641739,3.6417255071431502,0.27913122416461994,0.08552134307898011,-0.005031277263123357,gan_lstm_matched,36,1995-02-01
1998-02-01,0.08383075704023125,0.0231195700686306,3.6259652230287616,0.28380588985331107,0.08684210417305464,-0.005031277263123357,gan_lstm_matched,36,1995-03-01
1998-03-01,0.08587802834904314,0.023326757312294787,3.6815244913522367,0.2916410295740018,0.0890486409140703,-0.005031277263123246,gan_lstm_matched,36,1995-04-01
1998-04-01,0.08190248701089181,0.02284602424864271,3.584977680121199,0.2764749157746435,0.08476940621863237,-0.005031277263123357,gan_lstm_matched,36,1995-05-01
1998-05-01,0.08445269277870714,0.022608386218145465,3.735458690586482,0.286231094349745,0.08752604878100852,-0.005031277263123357,gan_lstm_matched,36,1995-06-01
1998-06-01,0.08628137107298914,0.021834651486385307,3.9515799520220733,0.2933230847709052,0.08952117811814232,-0.0021359907824259894,gan_lstm_matched,36,1995-07-01
1998-07-01,0.08619717070235594,0.021845662398612988,3.9457339003750564,0.29299783949476993,0.08942983942385305,-0.0021359907824259894,gan_lstm_matched,36,1995-08-01
1998-08-01,0.09342490882150138,0.02324668554357179,4.018848564299325,0.32100581696999947,0.09723986154146441,-0.0021359907824261004,gan_lstm_matched,36,1995-09-01
1998-09-01,0.09793909800965611,0.023458537894350005,4.174987309556268,0.3388546080844044,0.10215956137335347,-0.0021359907824258784,gan_lstm_matched,36,1995-10-01
1998-10-01,0.09811173474047481,0.02345912438507078,4.182241976725798,0.33954251845491074,0.10234829413324177,-0.0021359907824259894,gan_lstm_matched,36,1995-11-01
1998-11-01,0.0991600763768549,0.02336105918284451,4.244673822395619,0.34373671826863034,0.10349760490067601,-0.0021359907824261004,gan_lstm_matched,36,1995-12-01
1998-12-01,0.09759708114980545,0.02341931742505647,4.16737513644978,0.33749630627835575,0.10178671235513184,-0.0021359907824261004,gan_lstm_matched,36,1996-01-01
1999-01-01,0.0948459526330455,0.023869726967286703,3.9734829293619995,0.32654802097527413,0.09877218953582716,-0.0021359907824262114,gan_lstm_matched,36,1996-02-01
1999-02-01,0.09204263789031167,0.024379999618978413,3.7753338526987426,0.31547598107556396,0.09570667562535205,-0.0021359907824259894,gan_lstm_matched,36,1996-03-01
1999-03-01,0.09274746051338473,0.02422470858558404,3.828630597792954,0.31825393503439686,0.09647741885328746,-0.0021359907824259894,gan_lstm_matched,36,1996-04-01
1999-04-01,0.09746815283834456,0.024033984497945693,4.055430461256878,0.3369255808104654,0.1016299749255282,-0.0021359907824258784,gan_lstm_matched,36,1996-05-01
1999-05-01,0.10019382504834473,0.02435184319814248,4.114424696032346,0.3477819884326042,0.10460384191822836,-0.0021359907824259894,gan_lstm_matched,36,1996-06-01
1999-06-01,0.10188233129893376,0.024923939231502195,4.087729887022085,0.35451338305997726,0.10643974217096887,-0.0021359907824261004,gan_lstm_matched,36,1996-07-01
1999-07-01,0.10421569510841794,0.02546202277290109,4.092985700230123,0.3638928922602852,0.10898776650271404,-0.0021359907824259894,gan_lstm_matched,36,1996-08-01
1999-08-01,0.1006524179153642,0.025896539868232517,3.8867129905194506,0.34946816805856495,0.1050642982612166,-0.0021359907824259894,gan_lstm_matched,36,1996-09-01
1999-09-01,0.09895363745611953,0.026681946156464003,3.7086364268877317,0.34258193878665716,0.103181406649379,-0.0063856985491826945,gan_lstm_matched,36,1996-10-01
1999-10-01,0.0953390739304254,0.026357642415980428,3.6171320797880644,0.3282512079753293,0.09924223513095712,-0.0063856985491825835,gan_lstm_matched,36,1996-11-01
1999-11-01,0.09015802763596573,0.02815152336501403,3.202598540298239,0.30773045308855607,0.09355193255930586,-0.010831076856554156,gan_lstm_matched,36,1996-12-01
1999-12-01,0.07960940026109649,0.03504504615196119,2.2716306297870683,0.2664389562835861,0.08191901506960218,-0.0399114183474899,gan_lstm_matched,36,1997-01-01
2000-01-01,0.07735760582831593,0.034935995416317665,2.2142665439034337,0.25798188361416596,0.07950534149211097,-0.0399114183474899,gan_lstm_matched,36,1997-02-01
2000-02-01,0.04277850701844213,0.0586260161391556,0.7296847003368336,0.13064339835091934,0.04177808450004572,-0.1113791028641532,gan_lstm_matched,36,1997-03-01
2000-03-01,0.050303613450811566,0.061004714210964574,0.8245856750816534,0.1558778755999988,0.04947150292479625,-0.1113791028641532,gan_lstm_matched,36,1997-04-01
2000-04-01,0.059292711475885995,0.06318379075391693,0.938416495249777,0.18685869642315284,0.05876523375046844,-0.11137910286415331,gan_lstm_matched,36,1997-05-01
2000-05-01,0.05456344899110633,0.06301976076898953,0.8658149178178989,0.17025272163168073,0.05380410649102968,-0.11137910286415298,gan_lstm_matched,36,1997-06-01
2000-06-01,0.05237350360877176,0.06295435993357199,0.8319281407043941,0.1626376230328626,0.051513350067242114,-0.11137910286415309,gan_lstm_matched,36,1997-07-01
2000-07-01,0.0627702235128688,0.06475933066104936,0.9692846246575406,0.19889000870807405,0.06233081761753279,-0.11137910286415298,gan_lstm_matched,36,1997-08-01
2000-08-01,0.057882916001060464,0.06565114875107575,0.8816740773345874,0.18132005424386402,0.05711570646263365,-0.11137910286415298,gan_lstm_matched,36,1997-09-01
2000-09-01,0.06060988440348296,0.06642220266735069,0.9124943463110303,0.19079929904735785,0.05993570840850356,-0.11137910286415298,gan_lstm_matched,36,1997-10-01
2000-10-01,0.06607737361533472,0.0667263358483957,0.9902742713980962,0.21031611029942535,0.06569502423569076,-0.1113791028641532,gan_lstm_matched,36,1997-11-01
2000-11-01,0.07460963294615866,0.06744740816631156,1.1061897702901569,0.24133559954784403,0.07472265411928583,-0.1113791028641532,gan_lstm_matched,36,1997-12-01
2000-12-01,0.08094158529277172,0.06764860859921727,1.1965003710912727,0.264936371980233,0.0814909597258113,-0.11137910286415298,gan_lstm_matched,36,1998-01-01
2001-01-01,0.0826019590706575,0.06771895469753537,1.2197760499936332,0.2711921857510693,0.08327088676500025,-0.11137910286415298,gan_lstm_matched,36,1998-02-01
2001-02-01,0.09422540610976451,0.07220438333447983,1.3049817996959328,0.31478110924314806,0.0955137138341084,-0.11137910286415309,gan_lstm_matched,36,1998-03-01
2001-03-01,0.09745727994180617,0.07262183376029438,1.3419831873632806,0.3273714465929521,0.09899948876569632,-0.11137910286415309,gan_lstm_matched,36,1998-04-01
2001-04-01,0.10041188777460938,0.07262210121591461,1.3826629372244716,0.33909226852318136,0.1022247723942535,-0.11137910286415287,gan_lstm_matched,36,1998-05-01
2001-05-01,0.10165843686265705,0.07265795308722588,1.3991370874516114,0.3440571101652084,0.10358530154290566,-0.11137910286415309,gan_lstm_matched,36,1998-06-01
2001-06-01,0.10184336126112287,0.07263823299188324,1.4020627576734015,0.3448024180885542,0.10378925093283807,-0.11137910286415309,gan_lstm_matched,36,1998-07-01
2001-07-01,0.10329656803928479,0.07259493839000172,1.4229169461422326,0.35064070039773493,0.105384263454445,-0.1113791028641532,gan_lstm_matched,36,1998-08-01
2001-08-01,0.09509938140215413,0.072353580893085,1.3143700730262406,0.3181634490758089,0.09645233059630151,-0.1113791028641532,gan_lstm_matched,36,1998-09-01
2001-09-01,0.0865310916989007,0.07289389586665433,1.1870828231926724,0.28480859537198855,0.08712498675566356,-0.11137910286415298,gan_lstm_matched,36,1998-10-01
2001-10-01,0.0872279190147527,0.07291600087901617,1.1962795266224648,0.2874718074420677,0.08787561639051646,-0.11137910286415298,gan_lstm_matched,36,1998-11-01
2001-11-01,0.08967406508672585,0.07304673953913318,1.2276258413790657,0.29684855475021693,0.09051025537647521,-0.11137910286415298,gan_lstm_matched,36,1998-12-01
2001-12-01,0.09011390859082827,0.07303560204466664,1.2338353634124493,0.29855130308523253,0.09098732275802175,-0.1113791028641532,gan_lstm_matched,36,1999-01-01
2002-01-01,0.09677824139699129,0.07323880698930751,1.3214065790438176,0.3245126990377257,0.09820995335881182,-0.11137910286415276,gan_lstm_matched,36,1999-02-01
2002-02-01,0.09966637382000958,0.07305472183094312,1.3642701159091235,0.3359980980343746,0.1013751666278459,-0.11137910286415298,gan_lstm_matched,36,1999-03-01
2002-03-01,0.10250086344576112,0.07302485834219283,1.403643441051873,0.34732019430791883,0.10447766972354196,-0.11137910286415298,gan_lstm_matched,36,1999-04-01
2002-04-01,0.1003717527997322,0.07295528440935335,1.3757982524822268,0.33883349682797403,0.102153768338201,-0.1113791028641532,gan_lstm_matched,36,1999-05-01
2002-05-01,0.09937597593972794,0.07288250866928718,1.3635092665464894,0.3348936306910068,0.10107158129893655,-0.11137910286415309,gan_lstm_matched,36,1999-06-01
2002-06-01,0.0920972877843519,0.07284212339230127,1.264341063869724,0.3062967375398689,0.09315215197846403,-0.11137910286415309,gan_lstm_matched,36,1999-07-01
2002-07-01,0.08055107792045531,0.07388337207020768,1.09024636617711,0.2618439828282214,0.08060893381606005,-0.11137910286415309,gan_lstm_matched,36,1999-08-01
2002-08-01,0.08285194466443824,0.07378061604418384,1.1229500254487164,0.2705534661845993,0.08308942397867572,-0.11137910286415309,gan_lstm_matched,36,1999-09-01
2002-09-01,0.08118592702880377,0.074134726589768,1.0951133262830293,0.2641623610688942,0.08127032765378313,-0.1101645769428109,gan_lstm_matched,36,1999-10-01
2002-10-01,0.08229437005056081,0.0741332921541093,1.1100865435665008,0.26834498180372646,0.08246151564279144,-0.11016457694281101,gan_lstm_matched,36,1999-11-01
2002-11-01,0.08478938198942747,0.07370467779263225,1.1503934964342692,0.2779294417288386,0.08518127652169281,-0.10164899407481465,gan_lstm_matched,36,1999-12-01
2002-12-01,0.10491879279018138,0.07173683442549363,1.4625511932666995,0.3574388190907157,0.10723572082519767,-0.0789124817336202,gan_lstm_matched,36,2000-01-01
2003-01-01,0.10460596767730324,0.07175576754182,1.4578057104097977,0.35617105394074183,0.10689091656059871,-0.0789124817336202,gan_lstm_matched,36,2000-02-01
2003-02-01,0.12844560921746553,0.051267887696517314,2.5053813408074346,0.4614725518503292,0.13482846595558495,-0.023648813132001734,gan_lstm_matched,36,2000-03-01
2003-03-01,0.11440969392709369,0.05046742309065744,2.2670009071311843,0.4019610217909807,0.11921102538960404,-0.023648813132001734,gan_lstm_matched,36,2000-04-01
2003-04-01,0.10807713716148626,0.04863563766284437,2.2221799148744945,0.3761804338118805,0.11230816775666178,-0.023648813132001623,gan_lstm_matched,36,2000-05-01
2003-05-01,0.11778102649070041,0.04962005680042419,2.3736576313168087,0.4162498033500691,0.12300051180309776,-0.023648813132001623,gan_lstm_matched,36,2000-06-01
2003-06-01,0.1221670039480157,0.04958760433409773,2.4636601341922555,0.43482802467573345,0.12788966419998435,-0.023648813132001734,gan_lstm_matched,36,2000-07-01
2003-07-01,0.11704434980653661,0.04813793367384995,2.431436932867743,0.4134505799233728,0.12226015213945983,-0.023648813132001623,gan_lstm_matched,36,2000-08-01
2003-08-01,0.12853496448701615,0.046387772319801616,2.7708803001119375,0.4628767868720853,0.1351918108483394,-0.023648813132001734,gan_lstm_matched,36,2000-09-01
2003-09-01,0.12092855735148672,0.04541074155325986,2.6629945518431137,0.4303948155161714,0.1267268467142456,-0.023648813132001623,gan_lstm_matched,36,2000-10-01
2003-10-01,0.11599660516766319,0.04542015652112128,2.5538574512336267,0.4095884177015474,0.12123705197931424,-0.023648813132001734,gan_lstm_matched,36,2000-11-01
2003-11-01,0.10678276099547232,0.04517062379917235,2.3639868572598473,0.37155068950273923,0.11105942450216262,-0.023648813132001623,gan_lstm_matched,36,2000-12-01
2003-12-01,0.1054893537767979,0.044959936975244245,2.346296744919421,0.36632351447507705,0.10964615902170571,-0.023648813132001845,gan_lstm_matched,36,2001-01-01
2004-01-01,0.10450351129762506,0.04491729018788538,2.326576488930996,0.36233117188796493,0.10856432409888386,-0.023648813132001734,gan_lstm_matched,36,2001-02-01
2004-02-01,0.09244433476498733,0.037448666345968384,2.4685614678756003,0.31547270303028824,0.0957057654911429,-0.023648813132001623,gan_lstm_matched,36,2001-03-01
2004-03-01,0.08866422316089259,0.03653184042145265,2.427039594447209,0.30087861504247704,0.09163870312662634,-0.023648813132001623,gan_lstm_matched,36,2001-04-01
2004-04-01,0.08533141098357803,0.03649222516652476,2.3383449651038184,0.28803476180479987,0.08803415321710677,-0.023648813132001623,gan_lstm_matched,36,2001-05-01
2004-05-01,0.08201596282936086,0.036452897691909535,2.249916138973054,0.2753801706692419,0.08445920671597523,-0.023648813132001623,gan_lstm_matched,36,2001-06-01
2004-06-01,0.08503967766609123,0.03633529027578529,2.340415530483974,0.28693766086032146,0.08772514955640608,-0.02364881313200151,gan_lstm_matched,36,2001-07-01
2004-07-01,0.08827795351661136,0.0368836843106974,2.393414735170804,0.2993338785762413,0.0912064409102338,-0.02364881313200151,gan_lstm_matched,36,2001-08-01
2004-08-01,0.09198138209731865,0.036494961795945635,2.520385762057085,0.31379726247540285,0.09524038910266733,-0.023648813132001734,gan_lstm_matched,36,2001-09-01
2004-09-01,0.09710789110549688,0.03505435301774428,2.7702091964539037,0.334204139256972,0.10088197563733274,-0.023648813132001623,gan_lstm_matched,36,2001-10-01
2004-10-01,0.09366081823102178,0.035301423246419245,2.6531739974682784,0.3205515317701963,0.097114069266804,-0.023648813132001734,gan_lstm_matched,36,2001-11-01
2004-11-01,0.0930491452819176,0.03519307208101099,2.643962001036102,0.3181639668436891,0.09645247415657725,-0.023648813132001734,gan_lstm_matched,36,2001-12-01
2004-12-01,0.08764081352899766,0.03660024705245071,2.3945415833779005,0.29691068854917263,0.09052767104736659,-0.023648813132001734,gan_lstm_matched,36,2002-01-01
2005-01-01,0.08460733417126907,0.035906882452040746,2.3562985253391293,0.285339809578298,0.0872747928998723,-0.02364881313200151,gan_lstm_matched,36,2002-02-01
2005-02-01,0.0843645703042306,0.03590383662023366,2.3497369152099696,0.2844110032824346,0.08701283596786516,-0.02364881313200151,gan_lstm_matched,36,2002-03-01
2005-03-01,0.08172765981787657,0.03582811235365955,2.2811042627962714,0.2743699202798388,0.08417279153220407,-0.023648813132001623,gan_lstm_matched,36,2002-04-01
2005-04-01,0.0853299861301531,0.03643501221307317,2.3419777007659683,0.2880375272808181,0.0880349319047358,-0.023648813132001623,gan_lstm_matched,36,2002-05-01
2005-05-01,0.08048307941812843,0.036702858762829714,2.192828627824394,0.2695335130837379,0.08279952507976909,-0.023648813132001734,gan_lstm_matched,36,2002-06-01
2005-06-01,0.08474397106742687,0.036349536420555474,2.3313631867806874,0.28580280148601866,0.08740532621508294,-0.02116677763973973,gan_lstm_matched,36,2002-07-01
2005-07-01,0.09039013048457992,0.0338448254556909,2.6707223118321948,0.3079531760636868,0.0936140109265894,-0.015368090559497172,gan_lstm_matched,36,2002-08-01
2005-08-01,0.09160657394004751,0.0338880686347054,2.7032102338883814,0.3126933262744267,0.09493353954668779,-0.01536809055949695,gan_lstm_matched,36,2002-09-01
2005-09-01,0.09558265896114371,0.032299846222923916,2.9592295363098833,0.3285317679738629,0.09931962553381479,-0.01536809055949695,gan_lstm_matched,36,2002-10-01
2005-10-01,0.09356240142770907,0.03245789251376019,2.8825778318183857,0.32054674084141116,0.0971127424974946,-0.01536809055949695,gan_lstm_matched,36,2002-11-01
2005-11-01,0.09418791760138734,0.03228633127886666,2.9172691312573806,0.3230297622448562,0.09779994492948262,-0.01536809055949706,gan_lstm_matched,36,2002-12-01
2005-12-01,0.0840594980457893,0.029544206962202984,2.8452108446616884,0.2840375099536588,0.0869074617533809,-0.01536809055949706,gan_lstm_matched,36,2003-01-01
2006-01-01,0.08348975711707317,0.02961965075581143,2.818728613830543,0.28185137051801445,0.08629027286845437,-0.01536809055949706,gan_lstm_matched,36,2003-02-01
2006-02-01,0.08723988398293463,0.02847289400945962,3.0639626570432457,0.2963801053365398,0.09037893435983045,-0.009923575970192555,gan_lstm_matched,36,2003-03-01
2006-03-01,0.09093737156492351,0.027155266903827843,3.348793141565655,0.3108766173628669,0.09442819331728079,-0.009923575970192444,gan_lstm_matched,36,2003-04-01
2006-04-01,0.08877476120274953,0.026885300467312,3.3019813675017207,0.302490161915753,0.09208929627862672,-0.009923575970192666,gan_lstm_matched,36,2003-05-01
2006-05-01,0.0830934063659465,0.023917943808289585,3.474103252017325,0.28091504399948103,0.08602571537889209,-0.009923575970192444,gan_lstm_matched,36,2003-06-01
2006-06-01,0.07854704720133873,0.023407795541589397,3.3555935270274215,0.2637232200501686,0.0811451103135258,-0.009923575970192555,gan_lstm_matched,36,2003-07-01
2006-07-01,0.07618522107767339,0.022781820079213654,3.344123551708035,0.25491110788453825,0.0786262562987359,-0.009923575970192555,gan_lstm_matched,36,2003-08-01
2006-08-01,0.06994379341560973,0.021420983826192758,3.265199861179351,0.23188061788786613,0.07198705439364016,-0.009923575970192555,gan_lstm_matched,36,2003-09-01
2006-09-01,0.06691310519724643,0.022167456000800355,3.0185288377173514,0.22073467618793338,0.06874417436277219,-0.009923575970192666,gan_lstm_matched,36,2003-10-01
2006-10-01,0.0661332322545039,0.022319135300217976,2.9630732268493407,0.21788542425071825,0.06791202694163113,-0.009923575970192555,gan_lstm_matched,36,2003-11-01
2006-11-01,0.06837846221898175,0.02175382619589388,3.1432843860768016,0.22611597898590127,0.070312302639156,-0.009923575970192666,gan_lstm_matched,36,2003-12-01
2006-12-01,0.06571721466741544,0.02117529739947019,3.1034848497126513,0.21646447384362652,0.06749654161589166,-0.009923575970192666,gan_lstm_matched,36,2004-01-01
2007-01-01,0.060887732653776803,0.02191600046506386,2.7782319475142145,0.1990007215378844,0.06236351731752109,-0.009923575970192444,gan_lstm_matched,36,2004-02-01
2007-02-01,0.05809200814924685,0.021074201778360047,2.7565460727864135,0.18909918902983452,0.05943104301937435,-0.009923575970192666,gan_lstm_matched,36,2004-03-01
2007-03-01,0.054609044411470714,0.020920385416956403,2.61032688084269,0.17680775372746288,0.05576803046752324,-0.009923575970192555,gan_lstm_matched,36,2004-04-01
2007-04-01,0.05432515709157457,0.02095130406590766,2.5929248566428584,0.1758081947435198,0.05546902911056165,-0.009923575970192444,gan_lstm_matched,36,2004-05-01
2007-05-01,0.05169015307114011,0.021685203182135248,2.3836600762737428,0.16653596932363346,0.052687287121489366,-0.009923575970192666,gan_lstm_matched,36,2004-06-01
2007-06-01,0.04977622840540412,0.021420394592030583,2.323777379148901,0.15990482979281023,0.05068883893993605,-0.009923575970192555,gan_lstm_matched,36,2004-07-01
2007-07-01,0.045908016716343106,0.019828125824502014,2.315297831104826,0.14668617741985535,0.04668224955879615,-0.009923575970192666,gan_lstm_matched,36,2004-08-01
2007-08-01,0.04176537138580449,0.019963901510058463,2.092044551750655,0.13256535739587047,0.04236804986959892,-0.009923575970192555,gan_lstm_matched,36,2004-09-01
2007-09-01,0.03964293759756865,0.02007630679919376,1.974613059766583,0.1253935278694697,0.04016316715968225,-0.009923575970192555,gan_lstm_matched,36,2004-10-01
2007-10-01,0.039746869543300575,0.020061312615978127,1.9812696359481283,0.12574433083599673,0.04027123436995259,-0.009923575970192666,gan_lstm_matched,36,2004-11-01
2007-11-01,0.037990709268688846,0.019417869366777096,1.956481864776001,0.11989009252047145,0.038464849381653114,-0.009923575970192555,gan_lstm_matched,36,2004-12-01
2007-12-01,0.04349912668200224,0.017926197904466673,2.4265673576639224,0.13858204983886288,0.044210632206978455,-0.005472743612335962,gan_lstm_matched,36,2005-01-01
2008-01-01,0.041130403836454915,0.017412217460656035,2.3621577165224106,0.130578439627106,0.041758133066198175,-0.005472743612335962,gan_lstm_matched,36,2005-02-01
2008-02-01,0.04286747841977068,0.018023264889380688,2.3784524437094747,0.1364284448149124,0.04355184887792483,-0.00547274361233574,gan_lstm_matched,36,2005-03-01
2008-03-01,0.04184262802171834,0.01808410501060795,2.3137793104593163,0.1329483407761253,0.042485530845191605,-0.00547274361233574,gan_lstm_matched,36,2005-04-01
2008-04-01,0.03955279457402111,0.01654675539996525,2.3903655803181914,0.12530655395274767,0.04013637078636541,-0.00547274361233574,gan_lstm_matched,36,2005-05-01
2008-05-01,0.04173065711376357,0.0162140549309411,2.573733547314523,0.1326764003323222,0.042402115255090696,-0.005472743612335851,gan_lstm_matched,36,2005-06-01
2008-06-01,0.031002779779382345,0.0212914109316009,1.4561167354751365,0.09659251030427805,0.03121310873587201,-0.021936665320520743,gan_lstm_matched,36,2005-07-01
2008-07-01,0.03259255190684,0.02128631596490134,1.5311504330097012,0.10182147724093936,0.032849581471084265,-0.021936665320520854,gan_lstm_matched,36,2005-08-01
2008-08-01,0.025526296679475542,0.022071603230840946,1.1565220891524228,0.07870948121863587,0.0255767465934221,-0.027485543443314886,gan_lstm_matched,36,2005-09-01
2008-09-01,0.018773172737569014,0.02532874851571987,0.741180430841964,0.056867397839886986,0.018607415837217128,-0.046658537794932786,gan_lstm_matched,36,2005-10-01
2008-10-01,0.02113193489218611,0.025716266944379396,0.8217341551902327,0.06432880149711365,0.020998893780196478,-0.046658537794932675,gan_lstm_matched,36,2005-11-01
2008-11-01,0.03146266480340174,0.03055799976675625,1.0296048512190141,0.09731855934109149,0.031440645734527144,-0.046658537794932564,gan_lstm_matched,36,2005-12-01
2008-12-01,0.03611273758444695,0.03127449858263682,1.1547023684177065,0.11261714924432334,0.03621191844446352,-0.04665853779493301,gan_lstm_matched,36,2006-01-01
2009-01-01,0.040509669318924545,0.032053821545025354,1.2638015489673027,0.12726109932846,0.0407382268835907,-0.04665853779493301,gan_lstm_matched,36,2006-02-01
2009-02-01,0.03736584280701984,0.03245381798049391,1.1513542976508422,0.11667020654275423,0.03746863609999688,-0.046658537794932786,gan_lstm_matched,36,2006-03-01
2009-03-01,0.03603406085735678,0.0325356834349557,1.1075243256959677,0.11222232684167217,0.036089334174751,-0.0466585377949329,gan_lstm_matched,36,2006-04-01
2009-04-01,0.023930933831536806,0.03706920434453406,0.6455745208101688,0.07214350807701095,0.023491656737018418,-0.04665853779493312,gan_lstm_matched,36,2006-05-01
2009-05-01,0.023764461912067582,0.03702575547280418,0.6418359762982511,0.07161436289712052,0.023323251172679887,-0.046658537794932786,gan_lstm_matched,36,2006-06-01
2009-06-01,0.02585582201405785,0.03723080196066408,0.6944739477107054,0.07832051797055578,0.025453463594661267,-0.0466585377949329,gan_lstm_matched,36,2006-07-01
2009-07-01,0.030129551067747645,0.03870571996287383,0.7784263177806183,0.09202220316901938,0.02977850616959767,-0.04665853779493301,gan_lstm_matched,36,2006-08-01
2009-08-01,0.025158302140655016,0.039746845392472654,0.632963494139828,0.07576119030560913,0.02464153725254982,-0.046658537794932675,gan_lstm_matched,36,2006-09-01
2009-09-01,0.03082283383831038,0.040024149628761295,0.7701059016669559,0.0941195598985726,0.030437354687035522,-0.046658537794932786,gan_lstm_matched,36,2006-10-01
2009-10-01,0.0307455756524086,0.040029232915566836,0.7680780622816296,0.09386598290134103,0.03035774260786664,-0.046658537794932786,gan_lstm_matched,36,2006-11-01
2009-11-01,0.02916969916669774,0.04008573281177285,0.7276828218076341,0.08871223681927935,0.028737018854696893,-0.046658537794932675,gan_lstm_matched,36,2006-12-01
2009-12-01,0.026327529989880236,0.04010799044930818,0.6564160830534544,0.07948708821165182,0.02582312250555121,-0.0466585377949329,gan_lstm_matched,36,2007-01-01
2010-01-01,0.030388630861742004,0.03995124453408612,0.7606429090291451,0.09270852930943592,0.029994196501512263,-0.046658537794932675,gan_lstm_matched,36,2007-02-01
2010-02-01,0.029269724301873266,0.03986511482179661,0.7342189890262093,0.08906696390319886,0.028848735322553873,-0.046658537794932564,gan_lstm_matched,36,2007-03-01
2010-03-01,0.03178606355847627,0.0399678224532169,0.7952913520790996,0.09728507300548683,0.03143015363732359,-0.0466585377949329,gan_lstm_matched,36,2007-04-01
2010-04-01,0.0295133975387641,0.0402019899511316,0.7341277776209524,0.08981747313828382,0.029085018060506822,-0.046658537794932786,gan_lstm_matched,36,2007-05-01
2010-05-01,0.0320234390493262,0.039934391519622144,0.8019012643172784,0.09806909343006605,0.031675750642866915,-0.046658537794932675,gan_lstm_matched,36,2007-06-01
2010-06-01,0.02946724328100677,0.04006587566158108,0.7354698429632157,0.08968483319807692,0.02904326693653599,-0.046658537794932786,gan_lstm_matched,36,2007-07-01
2010-07-01,0.0268586485808549,0.04003889450433634,0.670813940128792,0.0812137317067523,0.026369767085137552,-0.046658537794932786,gan_lstm_matched,36,2007-08-01
2010-08-01,0.031163105377684734,0.04012760849610659,0.7766001151229422,0.09522085002744682,0.030782968942322086,-0.046658537794932675,gan_lstm_matched,36,2007-09-01
2010-09-01,0.0298620825487787,0.04030056980967692,0.7409841272668124,0.09094248324199032,0.029439001771074055,-0.046658537794932786,gan_lstm_matched,36,2007-10-01
2010-10-01,0.028769809930440902,0.04039566854960445,0.7122003661138221,0.08736969454501045,0.028313983581567524,-0.046658537794932786,gan_lstm_matched,36,2007-11-01
2010-11-01,0.02564113056499847,0.040327678097670946,0.6358196597110639,0.07724296691949259,0.025111775847563043,-0.046658537794932786,gan_lstm_matched,36,2007-12-01
2010-12-01,0.019993213632898035,0.04085248252150861,0.48940021263999595,0.059110137609897,0.019327423328990612,-0.046658537794932786,gan_lstm_matched,36,2008-01-01
2011-01-01,0.019885379737555768,0.040847245859028054,0.48682302366686253,0.058768813158673515,0.019217910401377814,-0.046658537794932786,gan_lstm_matched,36,2008-02-01
2011-02-01,0.013748789713295035,0.04058624646116281,0.3387548963526677,0.03951468137779985,0.013001781502577324,-0.046658537794932786,gan_lstm_matched,36,2008-03-01
2011-03-01,0.014353025239097036,0.04059601163684501,0.35355752105633464,0.04139728343492991,0.013612941422870112,-0.046658537794932675,gan_lstm_matched,36,2008-04-01
2011-04-01,0.010010310281197036,0.040160132249340987,0.2492598933451296,0.027985147690398133,0.009242692014871537,-0.046658537794932675,gan_lstm_matched,36,2008-05-01
2011-05-01,0.008904460841107102,0.040113173333831284,0.2219834558338748,0.024588856169300025,0.008130009216694935,-0.046658537794932786,gan_lstm_matched,36,2008-06-01
2011-06-01,0.016702949365456004,0.03785140272109551,0.4412768923923403,0.049097221283397274,0.01610497773559074,-0.03501182237390388,gan_lstm_matched,36,2008-07-01
2011-07-01,0.017093207250491602,0.03789409869542953,0.4510783430390242,0.05031940700865844,0.016499407991646495,-0.03501182237390377,gan_lstm_matched,36,2008-08-01
2011-08-01,0.02801848657986307,0.03900826512623567,0.7182705123950452,0.08511286373730084,0.02760207051313575,-0.03501182237390388,gan_lstm_matched,36,2008-09-01
2011-09-01,0.03866622384560693,0.0371854823070264,1.0398204204090888,0.12047195356381846,0.03864466989151188,-0.03501182237390377,gan_lstm_matched,36,2008-10-01
2011-10-01,0.043367837840669575,0.03879778026427119,1.1177917279099323,0.1361289528091415,0.04346016899059183,-0.03501182237390388,gan_lstm_matched,36,2008-11-01
2011-11-01,0.035644592981116635,0.03547056606803435,1.0049062344465687,0.11059354329362639,0.03558332331953788,-0.03501182237390388,gan_lstm_matched,36,2008-12-01
2011-12-01,0.029734049265325104,0.0349730952056271,0.8501978189377116,0.0911834116383508,0.029514778094722322,-0.03501182237390377,gan_lstm_matched,36,2009-01-01
2012-01-01,0.025037604692978,0.03414777446843561,0.7332133669830059,0.07604253737052902,0.02473085532914534,-0.03501182237390388,gan_lstm_matched,36,2009-02-01
2012-02-01,0.026185594564855072,0.03394590603470099,0.7713918296388085,0.07976916986876696,0.0259124676177837,-0.029602188341006808,gan_lstm_matched,36,2009-03-01
2012-03-01,0.0256375324724678,0.03400910726352514,0.7538431477724826,0.07799216348935298,0.025349367636452222,-0.028692251808136726,gan_lstm_matched,36,2009-04-01
2012-04-01,0.036721108690463536,0.028836338994825666,1.273431717426151,0.11489501429645763,0.03691858319489204,-0.02179584197913287,gan_lstm_matched,36,2009-05-01
2012-05-01,0.0355702630203965,0.028568961810421695,1.245066700583456,0.11108921051892774,0.035737363583382406,-0.021795841979132757,gan_lstm_matched,36,2009-06-01
2012-06-01,0.030323635180984236,0.02889232489639052,1.0495394638446878,0.09375412078479103,0.030322618888021475,-0.021795841979132646,gan_lstm_matched,36,2009-07-01
2012-07-01,0.025617092704123497,0.02678651445260779,0.956342892220886,0.07864089341184173,0.02555500964698032,-0.021795841979132646,gan_lstm_matched,36,2009-08-01
2012-08-01,0.030889603212803464,0.02520155295107186,1.2257023713092128,0.0959335033714031,0.031006495139808805,-0.021795841979132757,gan_lstm_matched,36,2009-09-01
2012-09-01,0.026553416536827933,0.024524135344089405,1.0827462890848711,0.08185691244970963,0.02657324532876794,-0.021795841979132757,gan_lstm_matched,36,2009-10-01
2012-10-01,0.031042402599670966,0.02527226657540578,1.2283188968052634,0.09642891749795722,0.03116182641222397,-0.02179584197913287,gan_lstm_matched,36,2009-11-01
2012-11-01,0.03245843721134767,0.025169782724467668,1.2895795552416374,0.10109274080117489,0.03262182493603363,-0.02179584197913287,gan_lstm_matched,36,2009-12-01
2012-12-01,0.0317772015184183,0.025330666631336225,1.2544952717157136,0.09883732152660886,0.031916287279593746,-0.02179584197913287,gan_lstm_matched,36,2010-01-01
2013-01-01,0.03305815915036047,0.025638771801748794,1.2893815431558857,0.10303103593585014,0.03322739080664137,-0.021795841979132757,gan_lstm_matched,36,2010-02-01
2013-02-01,0.03460144901047773,0.025841137903550082,1.3390063990070709,0.10811819064627914,0.03481336242603935,-0.02179584197913287,gan_lstm_matched,36,2010-03-01
2013-03-01,0.030354994668892736,0.02602591587888315,1.1663372313257228,0.09411278211745594,0.030435226920405612,-0.02179584197913287,gan_lstm_matched,36,2010-04-01
2013-04-01,0.030858318623137627,0.025894450935199983,1.1916961939204487,0.09577313861367748,0.030956204627538956,-0.021795841979132757,gan_lstm_matched,36,2010-05-01
2013-05-01,0.029537192852863763,0.0260186810475242,1.135230213972524,0.09143909300103532,0.029595182293739936,-0.02179584197913298,gan_lstm_matched,36,2010-06-01
2013-06-01,0.030438269327923335,0.025863167568004726,1.176896420281422,0.09439936003264898,0.030525185410146427,-0.02179584197913287,gan_lstm_matched,36,2010-07-01
2013-07-01,0.031229590038443264,0.0257855127678934,1.2111293003770902,0.09700041833756053,0.03134095566826992,-0.021795841979132757,gan_lstm_matched,36,2010-08-01
2013-08-01,0.02819372860344327,0.025469148232384733,1.1069757161173592,0.08710538003856663,0.02823065702145593,-0.021795841979132757,gan_lstm_matched,36,2010-09-01
2013-09-01,0.0276642395346086,0.025632375854691164,1.0792694243965515,0.0853702985104242,0.027683327679219893,-0.01712227580788417,gan_lstm_matched,36,2010-10-01
2013-10-01,0.03200310283730446,0.025853815389221897,1.2378483545080976,0.09953648519811192,0.03213510202140421,-0.015250802183370493,gan_lstm_matched,36,2010-11-01
2013-11-01,0.0302163058339148,0.026321034843215574,1.1479907995222025,0.09363339710769165,0.03028471002916672,-0.015250802183370493,gan_lstm_matched,36,2010-12-01
2013-12-01,0.03187170809126,0.025655648596057283,1.242288144535858,0.09912136364950687,0.03200519411330333,-0.017285182266586485,gan_lstm_matched,36,2011-01-01
2014-01-01,0.0314989134830855,0.025651521743768616,1.227954964922787,0.09789639143386013,0.03162166121008626,-0.017285182266586596,gan_lstm_matched,36,2011-02-01
2014-02-01,0.0326788084787734,0.02532861653407172,1.2901931866201337,0.10180633887595918,0.03284485120522734,-0.01745497295098075,gan_lstm_matched,36,2011-03-01
2014-03-01,0.03303916730825704,0.025336234884972025,1.304028300110761,0.10299422898658486,0.033215898119694276,-0.01745497295098075,gan_lstm_matched,36,2011-04-01
2014-04-01,0.034811971494224034,0.025223041627377107,1.3801654855312566,0.10886890315968749,0.03504699333398187,-0.017454972950981418,gan_lstm_matched,36,2011-05-01
2014-05-01,0.0355432126495155,0.025194007954428055,1.4107804011893423,0.11129942854306647,0.03580267995040245,-0.017454972950980863,gan_lstm_matched,36,2011-06-01
2014-06-01,0.03404565856332024,0.0254122254405763,1.3397354215565367,0.10631400827480934,0.034251446977227824,-0.017454972950981307,gan_lstm_matched,36,2011-07-01
2014-07-01,0.036848264158360365,0.02621425040203952,1.4056577469593978,0.1155589574186514,0.03712437786161968,-0.017454972950981196,gan_lstm_matched,36,2011-08-01
2014-08-01,0.027806674422837633,0.02408128609634328,1.154700555094524,0.08595652207449839,0.02786831638835465,-0.017454972950980974,gan_lstm_matched,36,2011-09-01
2014-09-01,0.02692906535580824,0.023764649611107184,1.1331564233634674,0.0831319263312015,0.026976373587078682,-0.017454972950981307,gan_lstm_matched,36,2011-10-01
2014-10-01,0.017242810150331266,0.020655608729354027,0.8347761799838522,0.052380079892333904,0.01716374697377053,-0.017454972950981196,gan_lstm_matched,36,2011-11-01
2014-11-01,0.014800484595554365,0.020333098695353255,0.7279010846948151,0.044728272117742905,0.01469249734056741,-0.017454972950981085,gan_lstm_matched,36,2011-12-01
2014-12-01,0.012427399182325466,0.02123189938022625,0.5853173547864203,0.037266877498682155,0.012271096757434622,-0.017454972950981085,gan_lstm_matched,36,2012-01-01
2015-01-01,0.0144248655628339,0.021529756307569828,0.6699966946566013,0.0434744571440136,0.014286412181906766,-0.017454972950980974,gan_lstm_matched,36,2012-02-01
2015-02-01,0.0182576048808627,0.021927807267503336,0.8326233744274185,0.05549817264931049,0.01816733991960539,-0.017454972950981196,gan_lstm_matched,36,2012-03-01
2015-03-01,0.02017283190600843,0.02181313871885441,0.9248018896323177,0.061578421660937854,0.020118665439548263,-0.017454972950981418,gan_lstm_matched,36,2012-04-01
2015-04-01,0.018112340016219,0.02182517695913122,0.8298828481498819,0.055046078013579976,0.018021950838422524,-0.017454972950980974,gan_lstm_matched,36,2012-05-01
2015-05-01,0.019088891535764232,0.022174481711194054,0.8608495018906275,0.05811260620769519,0.019007302227480885,-0.017454972950980974,gan_lstm_matched,36,2012-06-01
2015-06-01,0.020894213436295838,0.021692723024388943,0.9631899790913594,0.06388309592768715,0.02085635373383053,-0.017454972950980974,gan_lstm_matched,36,2012-07-01
2015-07-01,0.0160649149362612,0.021926749511083542,0.7326628567604467,0.04858785540180628,0.015940502036986215,-0.017454972950981196,gan_lstm_matched,36,2012-08-01
2015-08-01,0.019456913406295833,0.02284455576759241,0.8517089850308084,0.059232210622920424,0.01936658437718882,-0.017454972950981085,gan_lstm_matched,36,2012-09-01
2015-09-01,0.02223129726943967,0.023109943929968523,0.9619797147413479,0.0680503594355494,0.02218752596498592,-0.017454972950981418,gan_lstm_matched,36,2012-10-01
2015-10-01,0.0151407095152095,0.022773125585498297,0.6648498669348644,0.045628865733214015,0.01498398083002227,-0.017454972950980974,gan_lstm_matched,36,2012-11-01
2015-11-01,0.0134360144015376,0.022833167536511288,0.5884428597150523,0.040297130190245556,0.013255881891227998,-0.017454972950981196,gan_lstm_matched,36,2012-12-01
2015-12-01,0.021883821477946933,0.025254486988721386,0.8665320142008907,0.06677590457290015,0.021780787849940628,-0.017454972950980863,gan_lstm_matched,36,2013-01-01
2016-01-01,0.02123612469873737,0.02504887390095328,0.8477876004609207,0.06472511411045553,0.021125604162199975,-0.017454972950981196,gan_lstm_matched,36,2013-02-01
2016-02-01,0.0209468468019729,0.02497580674656239,0.8386854933066764,0.06380890605069248,0.020832623379689805,-0.017454972950981085,gan_lstm_matched,36,2013-03-01
2016-03-01,0.024190707961930066,0.024740057789684987,0.977795127544772,0.0742112955328023,0.024149219235470972,-0.015427246509684633,gan_lstm_matched,36,2013-04-01
2016-04-01,0.014881588676499299,0.031097593962997525,0.47854469687290396,0.04410679641232049,0.01449125463903033,-0.03140244828869543,gan_lstm_matched,36,2013-05-01
2016-05-01,0.021626848632650766,0.03251648026191437,0.6651042320217442,0.06527545909836922,0.021301510147376933,-0.03140244828869532,gan_lstm_matched,36,2013-06-01
2016-06-01,0.026850599476615066,0.03333971293881165,0.8053638471901048,0.0819801245810631,0.026612215816940173,-0.03140244828869532,gan_lstm_matched,36,2013-07-01
2016-07-01,0.02334399725777253,0.03397824371534265,0.6870277773430561,0.07061179781482738,0.023004023065822148,-0.03140244828869532,gan_lstm_matched,36,2013-08-01
2016-08-01,0.023621142894511997,0.033970507309575904,0.6953426594207341,0.07150141663024702,0.023287297753263866,-0.03140244828869532,gan_lstm_matched,36,2013-09-01
2016-09-01,0.02325743232063193,0.03406504711752074,0.6827359504419968,0.07032480365982517,0.022912604179906645,-0.03140244828869543,gan_lstm_matched,36,2013-10-01
2016-10-01,0.02519626422152587,0.034696512847177084,0.7261901025184968,0.0764868235370822,0.02487186930174819,-0.03140244828869532,gan_lstm_matched,36,2013-11-01
2016-11-01,0.025737966078744463,0.03456795681314318,0.744561393022759,0.07824839930453892,0.025430602122156042,-0.03140244828869532,gan_lstm_matched,36,2013-12-01
2016-12-01,0.028124766540067066,0.034287877459829724,0.8202539388160405,0.08601082038436021,0.027885447394072223,-0.03140244828869532,gan_lstm_matched,36,2014-01-01
1992-01-01,,,,,,,gan_lstm_matched,60,
1992-02-01,,,,,,,gan_lstm_matched,60,
1992-03-01,,,,,,,gan_lstm_matched,60,
1992-04-01,,,,,,,gan_lstm_matched,60,
1992-05-01,,,,,,,gan_lstm_matched,60,
1992-06-01,,,,,,,gan_lstm_matched,60,
1992-07-01,,,,,,,gan_lstm_matched,60,
1992-08-01,,,,,,,gan_lstm_matched,60,
1992-09-01,,,,,,,gan_lstm_matched,60,
1992-10-01,,,,,,,gan_lstm_matched,60,
1992-11-01,,,,,,,gan_lstm_matched,60,
1992-12-01,,,,,,,gan_lstm_matched,60,
1993-01-01,,,,,,,gan_lstm_matched,60,
1993-02-01,,,,,,,gan_lstm_matched,60,
1993-03-01,,,,,,,gan_lstm_matched,60,
1993-04-01,,,,,,,gan_lstm_matched,60,
1993-05-01,,,,,,,gan_lstm_matched,60,
1993-06-01,,,,,,,gan_lstm_matched,60,
1993-07-01,,,,,,,gan_lstm_matched,60,
1993-08-01,,,,,,,gan_lstm_matched,60,
1993-09-01,,,,,,,gan_lstm_matched,60,
1993-10-01,,,,,,,gan_lstm_matched,60,
1993-11-01,,,,,,,gan_lstm_matched,60,
1993-12-01,,,,,,,gan_lstm_matched,60,
1994-01-01,,,,,,,gan_lstm_matched,60,
1994-02-01,,,,,,,gan_lstm_matched,60,
1994-03-01,,,,,,,gan_lstm_matched,60,
1994-04-01,,,,,,,gan_lstm_matched,60,
1994-05-01,,,,,,,gan_lstm_matched,60,
1994-06-01,,,,,,,gan_lstm_matched,60,
1994-07-01,,,,,,,gan_lstm_matched,60,
1994-08-01,,,,,,,gan_lstm_matched,60,
1994-09-01,,,,,,,gan_lstm_matched,60,
1994-10-01,,,,,,,gan_lstm_matched,60,
1994-11-01,,,,,,,gan_lstm_matched,60,
1994-12-01,,,,,,,gan_lstm_matched,60,
1995-01-01,,,,,,,gan_lstm_matched,60,
1995-02-01,,,,,,,gan_lstm_matched,60,
1995-03-01,,,,,,,gan_lstm_matched,60,
1995-04-01,,,,,,,gan_lstm_matched,60,
1995-05-01,,,,,,,gan_lstm_matched,60,
1995-06-01,,,,,,,gan_lstm_matched,60,
1995-07-01,,,,,,,gan_lstm_matched,60,
1995-08-01,,,,,,,gan_lstm_matched,60,
1995-09-01,,,,,,,gan_lstm_matched,60,
1995-10-01,,,,,,,gan_lstm_matched,60,
1995-11-01,,,,,,,gan_lstm_matched,60,
1995-12-01,,,,,,,gan_lstm_matched,60,
1996-01-01,,,,,,,gan_lstm_matched,60,
1996-02-01,,,,,,,gan_lstm_matched,60,
1996-03-01,,,,,,,gan_lstm_matched,60,
1996-04-01,,,,,,,gan_lstm_matched,60,
1996-05-01,,,,,,,gan_lstm_matched,60,
1996-06-01,,,,,,,gan_lstm_matched,60,
1996-07-01,,,,,,,gan_lstm_matched,60,
1996-08-01,,,,,,,gan_lstm_matched,60,
1996-09-01,,,,,,,gan_lstm_matched,60,
1996-10-01,,,,,,,gan_lstm_matched,60,
1996-11-01,,,,,,,gan_lstm_matched,60,
1996-12-01,0.08492644906238217,0.023203723326687454,3.66003541184725,0.5247186095896323,0.08802265948169827,-0.006435633179341038,gan_lstm_matched,60,1992-01-01
1997-01-01,0.08583936758587288,0.02329070558394285,3.6855632078854885,0.5316296206122284,0.08900720056426224,-0.006435633179341038,gan_lstm_matched,60,1992-02-01
1997-02-01,0.09209145716094133,0.023763932519233543,3.875261684336391,0.5798191788516102,0.09577522339045294,-0.00623924112805585,gan_lstm_matched,60,1992-03-01
1997-03-01,0.09211099217275551,0.023767035168496087,3.8755777285528388,0.5799717483658506,0.09579638726008935,-0.00623924112805585,gan_lstm_matched,60,1992-04-01
1997-04-01,0.09059591341702905,0.023619304651847705,3.835672334661294,0.5681647231518813,0.09415370673480453,-0.006239241128055739,gan_lstm_matched,60,1992-05-01
1997-05-01,0.09181423993470841,0.02379302707015813,3.858871746918842,0.5776422036886507,0.09547306331666297,-0.00623924112805585,gan_lstm_matched,60,1992-06-01
1997-06-01,0.09137607029967093,0.023736161336062715,3.8496566064724984,0.5742261810057526,0.09499825272172825,-0.00623924112805585,gan_lstm_matched,60,1992-07-01
1997-07-01,0.0896719975195543,0.023950196120092502,3.744102848674625,0.5609303256387792,0.09314230914685953,-0.00623924112805585,gan_lstm_matched,60,1992-08-01
1997-08-01,0.08564596173276165,0.023402665376086134,3.659666980508914,0.5301424395908482,0.08879563763729592,-0.006239241128055739,gan_lstm_matched,60,1992-09-01
1997-09-01,0.08826065850083964,0.02403496998654063,3.6721767720227994,0.5500186256401941,0.09160969304513168,-0.006239241128055628,gan_lstm_matched,60,1992-10-01
1997-10-01,0.08825095766368839,0.024037613409609148,3.671369372652014,0.5499435055346628,0.09159911208517608,-0.00623924112805585,gan_lstm_matched,60,1992-11-01
1997-11-01,0.08698686496528647,0.024320356283609595,3.5767101415331726,0.5401964024631921,0.09022270127919642,-0.006239241128055628,gan_lstm_matched,60,1992-12-01
1997-12-01,0.08373048664869237,0.024299263835438338,3.445803429097256,0.5154997079407011,0.0867037641978616,-0.00623924112805585,gan_lstm_matched,60,1993-01-01
1998-01-01,0.08127381610189506,0.02363735588301186,3.438363262969969,0.4972398949796688,0.08407237632625948,-0.006239241128055739,gan_lstm_matched,60,1993-02-01
1998-02-01,0.08146001861534707,0.023713521744572506,3.4351716920322657,0.49861189289417346,0.08427098179646192,-0.006239241128055739,gan_lstm_matched,60,1993-03-01
1998-03-01,0.08069425486732197,0.023465175324886792,3.4388941804214395,0.4929661250059711,0.08345278624112538,-0.006239241128055739,gan_lstm_matched,60,1993-04-01
1998-04-01,0.07793442885145829,0.022976789109270764,3.39187640539439,0.47272117369540656,0.08049834538611503,-0.00623924112805585,gan_lstm_matched,60,1993-05-01
1998-05-01,0.07906430134529699,0.02294099515996263,3.446419860777556,0.4810163102550451,0.08171279874056916,-0.006239241128055739,gan_lstm_matched,60,1993-06-01
1998-06-01,0.07936359743208853,0.02285086821906494,3.4731108101124084,0.4832349333760351,0.08203669473454887,-0.006239241128055628,gan_lstm_matched,60,1993-07-01
1998-07-01,0.07758552618742932,0.022686099338319107,3.4199588492667643,0.47021888659682237,0.08013092261282384,-0.006239241128055739,gan_lstm_matched,60,1993-08-01
1998-08-01,0.08156208899522686,0.02373523217374955,3.4363299418419873,0.4993689647252336,0.0843805105138015,-0.006239241128055739,gan_lstm_matched,60,1993-09-01
1998-09-01,0.08462739522816193,0.023896491464726416,3.541415079827946,0.5223372796177783,0.08768258871710018,-0.006239241128055739,gan_lstm_matched,60,1993-10-01
1998-10-01,0.08692847458964516,0.02346962011943479,3.7038722462176183,0.5399050415670528,0.09018145039698093,-0.005031277263123357,gan_lstm_matched,60,1993-11-01
1998-11-01,0.08909914322236182,0.022987535971878765,3.8759762390957886,0.5566726714258179,0.09254531795224456,-0.005031277263123246,gan_lstm_matched,60,1993-12-01
1998-12-01,0.08642755826975007,0.022476627318694608,3.8452191711994623,0.5362532435009244,0.08966389844538769,-0.005031277263123357,gan_lstm_matched,60,1994-01-01
1999-01-01,0.08365184656953036,0.022492260076178775,3.7191392188339845,0.515224546922549,0.08666429995627184,-0.005031277263123357,gan_lstm_matched,60,1994-02-01
1999-02-01,0.08406145805265904,0.022331034652121984,3.7643333308190967,0.5183367062491667,0.08711031931564597,-0.005031277263123468,gan_lstm_matched,60,1994-03-01
1999-03-01,0.08312285039439204,0.02238213371935901,3.713803672010792,0.5112683154647439,0.08609625312837099,-0.005031277263123357,gan_lstm_matched,60,1994-04-01
1999-04-01,0.08322042340393287,0.02241200594348908,3.7132072699681427,0.5119957580031722,0.08620079055987259,-0.005031277263123357,gan_lstm_matched,60,1994-05-01
1999-05-01,0.08615547674043507,0.022510109670842344,3.827412571518185,0.5341742650207768,0.08936881492554091,-0.005031277263123357,gan_lstm_matched,60,1994-06-01
1999-06-01,0.08925893643158518,0.023086305870181918,3.8663152491136,0.5578907840133741,0.09271625007750046,-0.005031277263123357,gan_lstm_matched,60,1994-07-01
1999-07-01,0.091969141716382,0.023501712448781856,3.9132953361085367,0.5789104507799364,0.0956491341636499,-0.005031277263123468,gan_lstm_matched,60,1994-08-01
1999-08-01,0.08941206367824568,0.023621635978882238,3.785176596497386,0.5589794825493801,0.09286893166364805,-0.005031277263123468,gan_lstm_matched,60,1994-09-01
1999-09-01,0.0873662150401936,0.024358181688272255,3.586729755048088,0.5430933613099137,0.09063251353018456,-0.0063856985491826945,gan_lstm_matched,60,1994-10-01
1999-10-01,0.08822636218128976,0.02420182312500546,3.645442813361188,0.5497248089091351,0.09156830547624194,-0.0063856985491825835,gan_lstm_matched,60,1994-11-01
1999-11-01,0.08664544359137671,0.025024814753160124,3.4623810184423105,0.5374555467453839,0.08983440373311159,-0.010831076856554156,gan_lstm_matched,60,1994-12-01
1999-12-01,0.07787476967077633,0.029623601222777473,2.6288083303963297,0.47099362147347734,0.0802447340698659,-0.03991141834748979,gan_lstm_matched,60,1995-01-01
2000-01-01,0.07753064473080143,0.029632402716571866,2.6164143850354242,0.46847913321251056,0.0798751713714051,-0.03991141834749001,gan_lstm_matched,60,1995-02-01
2000-02-01,0.0591026320349676,0.047941055212673354,1.2328187557153236,0.33493977543176734,0.059478955395981435,-0.11137910286415309,gan_lstm_matched,60,1995-03-01
2000-03-01,0.06464729164849195,0.049651834279539765,1.3020121529554736,0.37171516605798705,0.06525305425666388,-0.1113791028641532,gan_lstm_matched,60,1995-04-01
2000-04-01,0.06811865082469037,0.05095555605910546,1.336824795821612,0.39515467162040113,0.0688689752754026,-0.11137910286415309,gan_lstm_matched,60,1995-05-01
2000-05-01,0.06788872879932371,0.05097925511641305,1.3316932278491955,0.3935523713122638,0.06862334854457852,-0.11137910286415298,gan_lstm_matched,60,1995-06-01
2000-06-01,0.06950535278619852,0.050765883262815774,1.3691351025327028,0.40487358241643145,0.07035403155670478,-0.11137910286415309,gan_lstm_matched,60,1995-07-01
2000-07-01,0.07490976022860851,0.05202255808688829,1.4399476493157817,0.4426676855584924,0.07605200443002101,-0.11137910286415309,gan_lstm_matched,60,1995-08-01
2000-08-01,0.07186672953818156,0.05276080029223833,1.362123567878365,0.42073948841891,0.07276078722189187,-0.11137910286415298,gan_lstm_matched,60,1995-09-01
2000-09-01,0.07694701909509333,0.05360128733485242,1.4355442363612996,0.45674558051384445,0.07814392924880333,-0.11137910286415309,gan_lstm_matched,60,1995-10-01
2000-10-01,0.07878573668432919,0.05381004550322349,1.4641455131200272,0.4700321457755855,0.0801034825104002,-0.11137910286415309,gan_lstm_matched,60,1995-11-01
2000-11-01,0.08276026752338311,0.054373072065315976,1.5220818758220398,0.49911595124829383,0.08434391092947671,-0.11137910286415331,gan_lstm_matched,60,1995-12-01
2000-12-01,0.0844512117288793,0.05458819596556002,1.5470599501430677,0.5116691579182021,0.08615386133747048,-0.1113791028641532,gan_lstm_matched,60,1996-01-01
2001-01-01,0.08523088374790584,0.05463321403979614,1.5600561901011647,0.5175138291515801,0.08699245979615186,-0.11137910286415309,gan_lstm_matched,60,1996-02-01
2001-02-01,0.09407091420854422,0.05811895599980445,1.6185926362624394,0.5840822069423168,0.09636596018872683,-0.11137910286415309,gan_lstm_matched,60,1996-03-01
2001-03-01,0.09825092364997047,0.058386214797031426,1.68277604553611,0.6171470155734979,0.1009051433536288,-0.1113791028641532,gan_lstm_matched,60,1996-04-01
2001-04-01,0.10081358150595014,0.05829757603712766,1.7292928515886412,0.6378706874545491,0.10371240078881973,-0.11137910286415309,gan_lstm_matched,60,1996-05-01
2001-05-01,0.10189556339881892,0.058320352500264586,1.747169882046866,0.6466700990977291,0.10489579283981686,-0.11137910286415298,gan_lstm_matched,60,1996-06-01
2001-06-01,0.09925050207202515,0.058354761588430205,1.7008123993724482,0.6251980334759955,0.10199914516954166,-0.11137910286415309,gan_lstm_matched,60,1996-07-01
2001-07-01,0.0987838822431304,0.05834293394138201,1.6931593180140714,0.6214471585428247,0.10149000325512636,-0.1113791028641532,gan_lstm_matched,60,1996-08-01
2001-08-01,0.09625487626768278,0.05850307533677303,1.645296007322546,0.601161969979127,0.09872005877124722,-0.1113791028641532,gan_lstm_matched,60,1996-09-01
2001-09-01,0.09453991980945659,0.058898256756221914,1.605139523920961,0.5874146294416069,0.09682685597674456,-0.11137910286415309,gan_lstm_matched,60,1996-10-01
2001-10-01,0.09348014961689394,0.05880077558664353,1.5897774933112914,0.579134778771652,0.0956802658599086,-0.11137910286415309,gan_lstm_matched,60,1996-11-01
2001-11-01,0.0952554981934132,0.05888038182168087,1.617779899625894,0.5930678617924395,0.09760696760192879,-0.11137910286415287,gan_lstm_matched,60,1996-12-01
2001-12-01,0.0960663579739684,0.05882944073573257,1.6329639849120372,0.5995121539762139,0.098493544085176,-0.11137910286415287,gan_lstm_matched,60,1997-01-01
2002-01-01,0.09774660028958841,0.0590500222454684,1.6553186023073791,0.6127957381500573,0.10031206087398707,-0.11137910286415298,gan_lstm_matched,60,1997-02-01
2002-02-01,0.09435266288374367,0.058568955268933735,1.6109671489016708,0.5860900626765466,0.0966437525178254,-0.1113791028641532,gan_lstm_matched,60,1997-03-01
2002-03-01,0.09443413212202156,0.058574290960338685,1.612211271767062,0.5867288058384995,0.09673206539552275,-0.1113791028641532,gan_lstm_matched,60,1997-04-01
2002-04-01,0.09473596280903787,0.05856917810922423,1.6175054161143778,0.5891088208730768,0.09706087698715213,-0.11137910286415331,gan_lstm_matched,60,1997-05-01
2002-05-01,0.09436233557418328,0.058535911340552284,1.6120417947403047,0.58618121336186,0.09665635678717803,-0.11137910286415298,gan_lstm_matched,60,1997-06-01
2002-06-01,0.09193085815747795,0.05871090909601912,1.5658224267508625,0.567081168860013,0.09400245951672294,-0.11137910286415309,gan_lstm_matched,60,1997-07-01
2002-07-01,0.08852479869829075,0.05961736620286258,1.484882750389603,0.5404010142664977,0.09025166649163593,-0.11137910286415298,gan_lstm_matched,60,1997-08-01
2002-08-01,0.08982533547684671,0.05953615675477832,1.5087526701937706,0.5504131519444447,0.091665256880327,-0.11137910286415298,gan_lstm_matched,60,1997-09-01
2002-09-01,0.08364484425362792,0.05986334602961094,1.3972630967245574,0.5034188455420372,0.08496567331343728,-0.11137910286415298,gan_lstm_matched,60,1997-10-01
2002-10-01,0.08516439650970595,0.05980101714197818,1.4241295646779824,0.5148325529754887,0.08660806935793257,-0.1113791028641532,gan_lstm_matched,60,1997-11-01
2002-11-01,0.08501894470428323,0.059822226202220226,1.4211932604595687,0.5137294799188534,0.08644977366295473,-0.1113791028641532,gan_lstm_matched,60,1997-12-01
2002-12-01,0.09139089114796227,0.060637809159295813,1.5071601763823286,0.5619985024747843,0.0932918801790841,-0.11137910286415298,gan_lstm_matched,60,1998-01-01
2003-01-01,0.09073635192629381,0.06065975666382367,1.4958245287589034,0.5569230553959934,0.0925804619155096,-0.11137910286415298,gan_lstm_matched,60,1998-02-01
2003-02-01,0.08587154334130816,0.06086713163108774,1.4108031878645233,0.5196828863199024,0.08730302064613604,-0.11137910286415309,gan_lstm_matched,60,1998-03-01
2003-03-01,0.08176629099532227,0.061187045247425104,1.3363333801244992,0.4888743480432006,0.08285824961101354,-0.11137910286415309,gan_lstm_matched,60,1998-04-01
2003-04-01,0.08382344091504706,0.061256349096518996,1.3684041271047684,0.5041302711852121,0.08506833616671952,-0.11137910286415287,gan_lstm_matched,60,1998-05-01
2003-05-01,0.08788572902651967,0.062023475284666334,1.416975244020986,0.5344196548340949,0.08940366141134444,-0.11137910286415309,gan_lstm_matched,60,1998-06-01
2003-06-01,0.09103673251121445,0.062068022189876365,1.466725204046586,0.5585834745497897,0.09281340446461149,-0.11137910286415309,gan_lstm_matched,60,1998-07-01
2003-07-01,0.09341806769111691,0.06216279121773946,1.5027971856009275,0.5770633287261646,0.0953926604191961,-0.1113791028641532,gan_lstm_matched,60,1998-08-01
2003-08-01,0.09293276293749043,0.06205559986287978,1.4975725501459642,0.5733214730028291,0.09487236464993001,-0.1113791028641532,gan_lstm_matched,60,1998-09-01
2003-09-01,0.0907406947001917,0.06195988566973372,1.4645071358567223,0.5563462330494784,0.09249949217961381,-0.11137910286415298,gan_lstm_matched,60,1998-10-01
2003-10-01,0.08951665894064222,0.06200063489084056,1.4438022948998324,0.5469014665725719,0.09117028392890596,-0.11137910286415298,gan_lstm_matched,60,1998-11-01
2003-11-01,0.08733387829455357,0.062184257093437244,1.4044371095939416,0.5301461131674668,0.08879616043442282,-0.11137910286415298,gan_lstm_matched,60,1998-12-01
2003-12-01,0.08918657530507478,0.062251513067194335,1.4326812459772136,0.544250333159819,0.09079601016403424,-0.1113791028641532,gan_lstm_matched,60,1999-01-01
2004-01-01,0.09102541894665357,0.062166057536935125,1.464230201385572,0.5584482133593255,0.09279443591066948,-0.11137910286415276,gan_lstm_matched,60,1999-02-01
2004-02-01,0.09431193233334963,0.062149382428879796,1.5175039340298322,0.5840782595550064,0.09636541377953495,-0.11137910286415298,gan_lstm_matched,60,1999-03-01
2004-03-01,0.0958009812384752,0.06213029892579443,1.541936589632306,0.5958321185549392,0.09798761225443066,-0.11137910286415298,gan_lstm_matched,60,1999-04-01
2004-04-01,0.09353153639309021,0.062113152345771354,1.5058249800689403,0.5779744295891848,0.09551919720832279,-0.1113791028641532,gan_lstm_matched,60,1999-05-01
2004-05-01,0.0909888460674286,0.0620680795221898,1.4659523344024108,0.5582122405905826,0.09276134076563007,-0.11137910286415309,gan_lstm_matched,60,1999-06-01
2004-06-01,0.08914490989231966,0.06185425890290387,1.4412089235804353,0.5441180440103337,0.0907773207821073,-0.11137910286415309,gan_lstm_matched,60,1999-07-01
2004-07-01,0.08922123728804644,0.061867406837795305,1.4421363662771212,0.544696975379363,0.09085910086712887,-0.11137910286415309,gan_lstm_matched,60,1999-08-01
2004-08-01,0.09105225477685547,0.061782289635410916,1.473759799356291,0.5588379650071204,0.09284908974231243,-0.11137910286415309,gan_lstm_matched,60,1999-09-01
2004-09-01,0.09343247199908297,0.06146858525350551,1.5200036183320909,0.5775090578323464,0.0954545720994689,-0.1101645769428109,gan_lstm_matched,60,1999-10-01
2004-10-01,0.09247319619725176,0.06154798670223711,1.5024568820524975,0.5699807675365787,0.09440701072209472,-0.11016457694281101,gan_lstm_matched,60,1999-11-01
2004-11-01,0.09699016878098435,0.06110007552221953,1.5873985089545937,0.6057778934427817,0.0993528204279348,-0.10164899407481465,gan_lstm_matched,60,1999-12-01
2004-12-01,0.10088520593470911,0.05929443145112891,1.701428000331865,0.6379979458651052,0.10372955138829781,-0.0789124817336202,gan_lstm_matched,60,2000-01-01
2005-01-01,0.10209643729536032,0.05928273855285067,1.7221950231658265,0.6478699685299203,0.10505676551457456,-0.0789124817336202,gan_lstm_matched,60,2000-02-01
2005-02-01,0.11930430085521676,0.044290849539564456,2.693655734660129,0.8017984553485153,0.12497077955534801,-0.023648813132001734,gan_lstm_matched,60,2000-03-01
2005-03-01,0.1132885599422606,0.04300311751645832,2.6344266761334767,0.7493884989817816,0.11834874159903346,-0.023648813132001734,gan_lstm_matched,60,2000-04-01
2005-04-01,0.11035832760159811,0.0418666224027869,2.6359501022048524,0.7245791789587509,0.11515857362636019,-0.023648813132001623,gan_lstm_matched,60,2000-05-01
2005-05-01,0.10991411383039654,0.041977350732562514,2.618414738239647,0.7207481520564177,0.11466268410499186,-0.023648813132001623,gan_lstm_matched,60,2000-06-01
2005-06-01,0.11135313863267103,0.041889153755358365,2.6582809307391893,0.7330914785124198,0.11625726223751703,-0.023648813132001734,gan_lstm_matched,60,2000-07-01
2005-07-01,0.10509674288131743,0.04085797868950988,2.5722452811475125,0.6805314786072099,0.10940298573310088,-0.023648813132001623,gan_lstm_matched,60,2000-08-01
2005-08-01,0.1100595302402389,0.03952941763400424,2.7842436551749956,0.7228328514479231,0.11493263776957516,-0.023648813132001734,gan_lstm_matched,60,2000-09-01
2005-09-01,0.10462850898822434,0.03881166173449572,2.695800806055948,0.6773101046255763,0.10897734118769467,-0.023648813132001623,gan_lstm_matched,60,2000-10-01
2005-10-01,0.10165541319713055,0.0387230678690433,2.6251900686411718,0.652797292979407,0.10571682638571776,-0.023648813132001734,gan_lstm_matched,60,2000-11-01
2005-11-01,0.09676591549742042,0.03823529621934796,2.5308007277436646,0.6133502935463677,0.10038771832642497,-0.023648813132001623,gan_lstm_matched,60,2000-12-01
2005-12-01,0.09326163879977281,0.03810243924748802,2.447655337602074,0.5855854192327773,0.0965739601979768,-0.023648813132001845,gan_lstm_matched,60,2001-01-01
2006-01-01,0.09126903075414322,0.038128464481995084,2.3937242685774036,0.5699781470661626,0.09440664538473914,-0.023648813132001734,gan_lstm_matched,60,2001-02-01
2006-02-01,0.08168023006521022,0.032531333916692454,2.5108171178710417,0.4984141819466889,0.08424237084550756,-0.023648813132001623,gan_lstm_matched,60,2001-03-01
2006-03-01,0.07785434596919266,0.03182076332104732,2.446652369199993,0.4703725728399873,0.08015350351210813,-0.023648813132001623,gan_lstm_matched,60,2001-04-01
2006-04-01,0.07684116497193115,0.031702593759500595,2.423813191906529,0.4630170948705598,0.0790706499231873,-0.023648813132001623,gan_lstm_matched,60,2001-05-01
2006-05-01,0.07674671072849334,0.031685478581663644,2.4221414403034003,0.46233460231752604,0.07896995456619635,-0.023648813132001623,gan_lstm_matched,60,2001-06-01
2006-06-01,0.07705894407534399,0.031639934920447255,2.4354962887595812,0.4646152480708452,0.07930629545155539,-0.02364881313200151,gan_lstm_matched,60,2001-07-01
2006-07-01,0.07715125951415008,0.03164684687904751,2.4378814043945014,0.4652855407607913,0.07940506797493628,-0.02364881313200151,gan_lstm_matched,60,2001-08-01
2006-08-01,0.07783941014556378,0.03150228592271682,2.470913073944024,0.47033680053702365,0.08014824770754338,-0.023648813132001734,gan_lstm_matched,60,2001-09-01
2006-09-01,0.07896990279919916,0.031011429572610584,2.546477343596752,0.4787306231305948,0.08137870589709384,-0.023648813132001623,gan_lstm_matched,60,2001-10-01
2006-10-01,0.07685984688449295,0.031090944631118205,2.4720975125202758,0.4632932061120621,0.07911137686320466,-0.023648813132001734,gan_lstm_matched,60,2001-11-01
2006-11-01,0.07455651657390713,0.03087733786378594,2.4146031274719997,0.4466890468171578,0.07665122450106575,-0.023648813132001734,gan_lstm_matched,60,2001-12-01
2006-12-01,0.07454855895102709,0.030877320129289516,2.4143467969006815,0.4466318462327276,0.07664271043186316,-0.023648813132001734,gan_lstm_matched,60,2002-01-01
2007-01-01,0.06949111370072489,0.030652357917423708,2.2670723696993007,0.4107683026782636,0.07125074920158671,-0.02364881313200151,gan_lstm_matched,60,2002-02-01
2007-02-01,0.06936731293089198,0.030645249262420814,2.263558450345341,0.40990183786038964,0.07111912883552081,-0.02364881313200151,gan_lstm_matched,60,2002-03-01
2007-03-01,0.06706588981790096,0.030610115495577638,2.190971472407225,0.3938688210098764,0.0686718770147279,-0.023648813132001623,gan_lstm_matched,60,2002-04-01
2007-04-01,0.06590357896819565,0.03064054139860142,2.1508620918559807,0.385829731480862,0.06743631778702265,-0.023648813132001623,gan_lstm_matched,60,2002-05-01
2007-05-01,0.06237735234627591,0.030870103837732633,2.0206395376627095,0.36168948948265595,0.06369132429989771,-0.023648813132001734,gan_lstm_matched,60,2002-06-01
2007-06-01,0.06375227426495099,0.03067557706492649,2.0782746525033877,0.3710743704304397,0.06515350923387114,-0.02116677763973973,gan_lstm_matched,60,2002-07-01
2007-07-01,0.06843540056557912,0.029021648677077776,2.358081076890424,0.4037255746940501,0.07017904406331454,-0.015368090559497172,gan_lstm_matched,60,2002-08-01
2007-08-01,0.0664003108096752,0.02928297359712589,2.267539892744784,0.3895407977298238,0.06800739667872527,-0.01536809055949695,gan_lstm_matched,60,2002-09-01
2007-09-01,0.06850667834034191,0.02842603430317909,2.4099977369224628,0.4043437287113127,0.07027328171071515,-0.01536809055949695,gan_lstm_matched,60,2002-10-01
2007-10-01,0.06694469589289562,0.028490271657404656,2.349738770409253,0.393467056622416,0.0686102637830591,-0.01536809055949695,gan_lstm_matched,60,2002-11-01
2007-11-01,0.06891096514854117,0.02830060211950329,2.434964629287917,0.4071940867268487,0.07070739028952597,-0.01536809055949706,gan_lstm_matched,60,2002-12-01
2007-12-01,0.06403340626980164,0.025915401748244908,2.4708629598666447,0.37390726757336346,0.06559330733981734,-0.01536809055949706,gan_lstm_matched,60,2003-01-01
2008-01-01,0.0640110989908513,0.025916669030873613,2.469881407776483,0.3737546250639351,0.06556962858518357,-0.01536809055949706,gan_lstm_matched,60,2003-02-01
2008-02-01,0.06795742237659984,0.025451662718381864,2.6700582641117268,0.40106293059640236,0.06977274379292699,-0.009923575970192555,gan_lstm_matched,60,2003-03-01
2008-03-01,0.06974832039903539,0.024789037762970482,2.8136759912167486,0.4137103432179005,0.07169717791677635,-0.009923575970192444,gan_lstm_matched,60,2003-04-01
2008-04-01,0.06924372204911902,0.024645068624734,2.8096380295579877,0.4101931732289226,0.07116339136335773,-0.009923575970192666,gan_lstm_matched,60,2003-05-01
2008-05-01,0.06428389220423446,0.022324657019996273,2.8795018954448053,0.37620553813273266,0.06594957369617797,-0.009923575970192444,gan_lstm_matched,60,2003-06-01
2008-06-01,0.05665460413149101,0.0248791470723906,2.2771923798932368,0.32454559175368297,0.05782391770996134,-0.021936665320520743,gan_lstm_matched,60,2003-07-01
2008-07-01,0.054425664141499484,0.024343886517988213,2.235701522075499,0.31001798195822233,0.05549322841362058,-0.021936665320520854,gan_lstm_matched,60,2003-08-01
2008-08-01,0.048254329555714556,0.02420073828403024,1.9939197304388423,0.2703982646313704,0.04903016934596253,-0.027485543443314997,gan_lstm_matched,60,2003-09-01
2008-09-01,0.04333527821987373,0.02638544673681286,1.6423931969820518,0.23930424412681325,0.04384397153623081,-0.0466585377949329,gan_lstm_matched,60,2003-10-01
2008-10-01,0.04473661103184429,0.026503137815109726,1.6879741313626442,0.24796695252564507,0.04529919751638215,-0.046658537794932675,gan_lstm_matched,60,2003-11-01
2008-11-01,0.05157385778217806,0.028913610901212847,1.7837224813734587,0.290771995068354,0.05237350810948437,-0.04665853779493301,gan_lstm_matched,60,2003-12-01
2008-12-01,0.05163566908436225,0.028935193492940887,1.784528211188891,0.2911653135881953,0.05243763524431615,-0.046658537794932786,gan_lstm_matched,60,2004-01-01
2009-01-01,0.05287272556692291,0.02927323393498333,1.8061798598800087,0.2990786150263639,0.053724521441962034,-0.046658537794932786,gan_lstm_matched,60,2004-02-01
2009-02-01,0.04863313489042973,0.029157881280437763,1.667924168518309,0.2719644202320445,0.04928869219603753,-0.0466585377949329,gan_lstm_matched,60,2004-03-01
2009-03-01,0.04627624858707119,0.029076868781020723,1.5915141666587214,0.25713589675303195,0.04683068788810628,-0.046658537794932786,gan_lstm_matched,60,2004-04-01
2009-04-01,0.040000878680706405,0.03246213725594863,1.232231826429614,0.21779654321850764,0.04019544432051239,-0.046658537794932786,gan_lstm_matched,60,2004-05-01
2009-05-01,0.041795810178117364,0.03265571629423769,1.2798926167022249,0.22869933157468855,0.04205135920020968,-0.046658537794932786,gan_lstm_matched,60,2004-06-01
2009-06-01,0.041548630684123955,0.032610344613464425,1.2740935790960335,0.227195940377986,0.04179623117955667,-0.046658537794932675,gan_lstm_matched,60,2004-07-01
2009-07-01,0.04226221804483185,0.03297095171757811,1.2818015811869996,0.2314959002274767,0.04252527801877447,-0.046658537794932675,gan_lstm_matched,60,2004-08-01
2009-08-01,0.03774556217156561,0.03370396379813733,1.1199146307429761,0.20393862270318344,0.03781721268017041,-0.046658537794932786,gan_lstm_matched,60,2004-09-01
2009-09-01,0.03919886843888727,0.03395924195154424,1.154291620961956,0.21263909396144826,0.03931288861757905,-0.0466585377949329,gan_lstm_matched,60,2004-10-01
2009-10-01,0.03911070133732505,0.03396761806484194,1.1514113607455574,0.21210465678000637,0.03922126277461482,-0.046658537794932564,gan_lstm_matched,60,2004-11-01
2009-11-01,0.03622884890477521,0.033732476486325276,1.0740050147062854,0.1948650606142911,0.036248159970363444,-0.046658537794932786,gan_lstm_matched,60,2004-12-01
2009-12-01,0.037760588827556625,0.03331315130052803,1.1335039572482022,0.20410789516351804,0.03784639423322745,-0.046658537794932675,gan_lstm_matched,60,2005-01-01
2010-01-01,0.03695989171500865,0.033173496255631554,1.1141391739417368,0.19933930757322324,0.03702305938482373,-0.0466585377949329,gan_lstm_matched,60,2005-02-01
2010-02-01,0.03631040532947758,0.03312549052246247,1.0961469477668688,0.19547209579807068,0.03635342897888298,-0.046658537794932786,gan_lstm_matched,60,2005-03-01
2010-03-01,0.03710093206226079,0.0331949262645347,1.1176687595748405,0.20017855622803593,0.03716815205351589,-0.046658537794932786,gan_lstm_matched,60,2005-04-01
2010-04-01,0.03241362581336225,0.03264865938198217,0.992801126506602,0.1725601344479332,0.032350149309828664,-0.0466585377949329,gan_lstm_matched,60,2005-05-01
2010-05-01,0.033301568124994574,0.03256967630175418,1.0224715719143014,0.17777839485112096,0.033267374381904746,-0.04665853779493301,gan_lstm_matched,60,2005-06-01
2010-06-01,0.030586237593098933,0.03250319194622528,0.9410225815268284,0.16195029666910993,0.030475119253415135,-0.046658537794932675,gan_lstm_matched,60,2005-07-01
2010-07-01,0.030316511423344104,0.032528202239599645,0.9320069765932822,0.16038356317524496,0.030197077867794898,-0.04665853779493312,gan_lstm_matched,60,2005-08-01
2010-08-01,0.030134229672257547,0.03248537615471322,0.9276244648897332,0.15933708443286554,0.030011196493964706,-0.046658537794932675,gan_lstm_matched,60,2005-09-01
2010-09-01,0.029074332492922912,0.032634213959097276,0.8909156668937633,0.15319653745440331,0.0289177655986723,-0.046658537794932786,gan_lstm_matched,60,2005-10-01
2010-10-01,0.028069140994534725,0.03271347300304561,0.8580299924719548,0.14741402243180296,0.0278838217987884,-0.046658537794932675,gan_lstm_matched,60,2005-11-01
2010-11-01,0.027782892926707853,0.03274111471675401,0.8485628289403054,0.1457716041437373,0.02758938882251387,-0.046658537794932564,gan_lstm_matched,60,2005-12-01
2010-12-01,0.025593635622066867,0.03321200374095647,0.7706140171996076,0.13323723329186699,0.025331186354864393,-0.04665853779493301,gan_lstm_matched,60,2006-01-01
2011-01-01,0.02584847256314087,0.033217398270859046,0.7781606600363163,0.13467800355231613,0.025591770095891454,-0.04665853779493301,gan_lstm_matched,60,2006-02-01
2011-02-01,0.02386276581481609,0.0334068804084198,0.7143069189064948,0.1234555975472011,0.02355499612299181,-0.046658537794932786,gan_lstm_matched,60,2006-03-01
2011-03-01,0.02379771260353951,0.03340510823357848,0.712397410513949,0.1230912898215587,0.02348860500433,-0.0466585377949329,gan_lstm_matched,60,2006-04-01
2011-04-01,0.02198505149618753,0.03334113269298395,0.6593972585944535,0.11298931833889063,0.02164073126566765,-0.04665853779493312,gan_lstm_matched,60,2006-05-01
2011-05-01,0.01977052488933081,0.03303216137356323,0.5985235015579039,0.10081060002746271,0.019395050400328358,-0.046658537794932786,gan_lstm_matched,60,2006-06-01
2011-06-01,0.01954814542996137,0.03302962679454816,0.591836703198474,0.09958975013278387,0.01916883876985185,-0.0466585377949329,gan_lstm_matched,60,2006-07-01
2011-07-01,0.018970455845190404,0.03292493527282212,0.5761729123534393,0.09644205182032434,0.018584672593366824,-0.04665853779493301,gan_lstm_matched,60,2006-08-01
2011-08-01,0.023099145454266546,0.03416969911867343,0.6760125505946604,0.11904147123006868,0.02274940690342514,-0.046658537794932675,gan_lstm_matched,60,2006-09-01
2011-09-01,0.02638714940889003,0.034356482806340634,0.7680398938863489,0.13751634533147689,0.026104351049141522,-0.046658537794932786,gan_lstm_matched,60,2006-10-01
2011-10-01,0.03107737438354368,0.03561384137254029,0.8726206774062174,0.1641911124650202,0.030872266317301358,-0.046658537794932786,gan_lstm_matched,60,2006-11-01
2011-11-01,0.03193353623945901,0.035684426696318224,0.8948871873778422,0.1691577861767921,0.031750350892563006,-0.046658537794932675,gan_lstm_matched,60,2006-12-01
2011-12-01,0.03004576984310805,0.03573941562087038,0.8406900146840264,0.15819097241583588,0.029807463633250618,-0.0466585377949329,gan_lstm_matched,60,2007-01-01
2012-01-01,0.03136264879044362,0.03557173892852033,0.8816731971823285,0.1658573877785557,0.031167189448953466,-0.046658537794932675,gan_lstm_matched,60,2007-02-01
2012-02-01,0.029489286739794666,0.03557083196454197,0.8290299976449926,0.15501547625906492,0.029242143744786432,-0.046658537794932564,gan_lstm_matched,60,2007-03-01
2012-03-01,0.028893341423669443,0.03562981910337071,0.8109314655750252,0.15157521765851295,0.028628284381050615,-0.0466585377949329,gan_lstm_matched,60,2007-04-01
2012-04-01,0.029438449640039777,0.035641524368607756,0.8259593314692368,0.15470814077625517,0.029187364166350115,-0.046658537794932786,gan_lstm_matched,60,2007-05-01
2012-05-01,0.032123876147671204,0.035541606280015264,0.9038386136682343,0.1702978786637889,0.03195149265228047,-0.046658537794932675,gan_lstm_matched,60,2007-06-01
2012-06-01,0.029877074749472023,0.035784881058452005,0.8349077561741783,0.15720754179336457,0.029632520404261523,-0.046658537794932786,gan_lstm_matched,60,2007-07-01
2012-07-01,0.03008766363750008,0.03581254104935869,0.8401432223430254,0.15841793876269758,0.029847821972126765,-0.046658537794932786,gan_lstm_matched,60,2007-08-01
2012-08-01,0.031220101267765005,0.03571956768561529,0.8740335701301819,0.16499826169595022,0.031015170191160516,-0.046658537794932675,gan_lstm_matched,60,2007-09-01
2012-09-01,0.03134515580244285,0.03570855124060526,0.8778053075085087,0.16572732437209153,0.0311441809568413,-0.046658537794932786,gan_lstm_matched,60,2007-10-01
2012-10-01,0.03388802117114728,0.03600693541211058,0.9411526080542076,0.1805403414651064,0.033751532718039066,-0.046658537794932786,gan_lstm_matched,60,2007-11-01
2012-11-01,0.0329094856703705,0.035935998225843244,0.9157804790491045,0.17480925428876554,0.032745881642643436,-0.046658537794932786,gan_lstm_matched,60,2007-12-01
2012-12-01,0.030727433729406263,0.03602726619439139,0.8528938488868693,0.1620758420860196,0.03049738627084426,-0.046658537794932786,gan_lstm_matched,60,2008-01-01
2013-01-01,0.03211654490335199,0.036206550769712444,0.8870368543975793,0.17011649302936205,0.03191950203087658,-0.046658537794932786,gan_lstm_matched,60,2008-02-01
2013-02-01,0.03135078768390182,0.036041647712387374,0.8698489018615726,0.16569096964096872,0.03113774936065159,-0.046658537794932786,gan_lstm_matched,60,2008-03-01
2013-03-01,0.030208352050565417,0.03618402166182742,0.8348533596649352,0.15903845915234657,0.0299581283944091,-0.046658537794932675,gan_lstm_matched,60,2008-04-01
2013-04-01,0.027196940242832167,0.03604547391217846,0.754517482807829,0.14178655960377481,0.026873591990357097,-0.046658537794932675,gan_lstm_matched,60,2008-05-01
2013-05-01,0.02598548956845468,0.036082200015666546,0.7201747553411939,0.13489906089274095,0.025631728026343947,-0.046658537794932786,gan_lstm_matched,60,2008-06-01
2013-06-01,0.03024753132222352,0.03443527116501096,0.8783880683639708,0.15962643289581802,0.030062605598654764,-0.03501182237390388,gan_lstm_matched,60,2008-07-01
2013-07-01,0.029498734302306064,0.034422116893208995,0.8569703715149997,0.1553062637904217,0.029293963075866514,-0.03501182237390377,gan_lstm_matched,60,2008-08-01
2013-08-01,0.03173468882663818,0.03392824691197374,0.9353471433102124,0.16836053053078576,0.03160960115631559,-0.03501182237390388,gan_lstm_matched,60,2008-09-01
2013-09-01,0.03440897257114667,0.03266034333112389,1.0535398303163706,0.18429736091423526,0.03440867078517679,-0.03501182237390377,gan_lstm_matched,60,2008-10-01
2013-10-01,0.03459184176160574,0.0326993797997025,1.0578745521626212,0.18537014080334796,0.03459600396584565,-0.03501182237390388,gan_lstm_matched,60,2008-11-01
2013-11-01,0.027035077545015676,0.030445957773150435,0.8879693569324092,0.14192372040227588,0.02689826210637298,-0.03501182237390388,gan_lstm_matched,60,2008-12-01
2013-12-01,0.0230490179261547,0.030116549651637264,0.7653273098268631,0.1194913309040083,0.022831623650612164,-0.03501182237390377,gan_lstm_matched,60,2009-01-01
2014-01-01,0.02044201906163744,0.02949814284247733,0.6929934257488553,0.10512008822232663,0.020191955480408766,-0.03501182237390388,gan_lstm_matched,60,2009-02-01
2014-02-01,0.021050545217868224,0.029378617978213624,0.7165260542030509,0.10850141032735747,0.020815486534619804,-0.029602188341006808,gan_lstm_matched,60,2009-03-01
2014-03-01,0.02200077647407966,0.029367132116357657,0.7491632613940229,0.1137730122860773,0.021784565214879925,-0.028692251808136726,gan_lstm_matched,60,2009-04-01
2014-04-01,0.02851367409379986,0.02594921851773293,1.098825927043408,0.1511138530964696,0.028545849694782195,-0.02179584197913287,gan_lstm_matched,60,2009-05-01
2014-05-01,0.02683777533179956,0.025630093724732,1.0471196718996856,0.14157688913144428,0.026835875503699706,-0.021795841979132757,gan_lstm_matched,60,2009-06-01
2014-06-01,0.0244620473595188,0.02555880965517043,0.9570886786024575,0.1281353954172958,0.024406310437108305,-0.021795841979132646,gan_lstm_matched,60,2009-07-01
2014-07-01,0.02300168369955804,0.02461471430921707,0.9344688469914506,0.12007406868570211,0.022938086031976307,-0.021795841979132646,gan_lstm_matched,60,2009-08-01
2014-08-01,0.02468816882357612,0.02383929381431734,1.0356082279899148,0.1296469840196641,0.024680683823867452,-0.021795841979132757,gan_lstm_matched,60,2009-09-01
2014-09-01,0.02405088831938874,0.02359321082937333,1.0193986945365487,0.12609290201002116,0.024035103209650972,-0.021795841979132757,gan_lstm_matched,60,2009-10-01
2014-10-01,0.022975715082297277,0.02381237118351434,0.9648646455756453,0.12003806233764638,0.022931509192209387,-0.02179584197913287,gan_lstm_matched,60,2009-11-01
2014-11-01,0.023312007496772983,0.023778573726896197,0.9803787125551824,0.12192382199543551,0.023275730560533756,-0.02179584197913287,gan_lstm_matched,60,2009-12-01
2014-12-01,0.021705691358575183,0.024323324109384852,0.892381783877982,0.11289254556548312,0.021622964617942123,-0.02179584197913287,gan_lstm_matched,60,2010-01-01
2015-01-01,0.021784389611098756,0.02434044835073608,0.8949871956832699,0.11332745392624516,0.02170280034576767,-0.021795841979132757,gan_lstm_matched,60,2010-02-01
2015-02-01,0.02288201508718832,0.02455426679814844,0.9318956772479876,0.11941392492874905,0.02281747874979891,-0.02179584197913287,gan_lstm_matched,60,2010-03-01
2015-03-01,0.02192540243218874,0.0244101143088494,0.8982097402239578,0.1141019157741356,0.021844905843301368,-0.02179584197913287,gan_lstm_matched,60,2010-04-01
2015-04-01,0.022597815126512717,0.02426758135868008,0.9311935455170478,0.11786636313341431,0.022534518308034834,-0.021795841979132757,gan_lstm_matched,60,2010-05-01
2015-05-01,0.024363147639534018,0.024593758274486337,0.9906232047831601,0.12771313375568033,0.02432961179061292,-0.02179584197913298,gan_lstm_matched,60,2010-06-01
2015-06-01,0.024733256842645455,0.02452669775434752,1.0084218059180559,0.1298069906881089,0.02470970996323117,-0.02179584197913287,gan_lstm_matched,60,2010-07-01
2015-07-01,0.02361142345074386,0.024798287553233336,0.9521392717161742,0.12346240751926629,0.023556237002301205,-0.021795841979132757,gan_lstm_matched,60,2010-08-01
2015-08-01,0.02419638608493166,0.025013680127099615,0.967326117627829,0.1267167567866665,0.02414854103838875,-0.021795841979132757,gan_lstm_matched,60,2010-09-01
2015-09-01,0.026766684634839416,0.024967119569840872,1.07207740003666,0.14126593007862387,0.026779928556874843,-0.017454972950981307,gan_lstm_matched,60,2010-10-01
2015-10-01,0.02571056092200844,0.025283853219932522,1.0168766879938822,0.13522297374213185,0.02569026669047904,-0.017454972950980974,gan_lstm_matched,60,2010-11-01
2015-11-01,0.025586415972293983,0.02530346871354853,1.0111821530063168,0.13451721968761973,0.02556270317908723,-0.017454972950980974,gan_lstm_matched,60,2010-12-01
2015-12-01,0.0318617984364356,0.026025453853209087,1.2242552470418055,0.1704868677975384,0.03198482006841804,-0.017454972950981307,gan_lstm_matched,60,2011-01-01
2016-01-01,0.03292699188006094,0.02616615837431708,1.2583808218626327,0.17669920107148318,0.0330779491630336,-0.017454972950981307,gan_lstm_matched,60,2011-02-01
2016-02-01,0.03566962193710854,0.025947930634549282,1.37466152655792,0.19293402721672548,0.0359130050343738,-0.01745497295098075,gan_lstm_matched,60,2011-03-01
2016-03-01,0.03611096168426524,0.02596231182614043,1.3908993130537215,0.19555929766949537,0.036368547578820194,-0.01745497295098075,gan_lstm_matched,60,2011-04-01
2016-04-01,0.030119707280013515,0.03006514871902936,1.0018146779014474,0.15969292903985172,0.030074418647825805,-0.03140244828869532,gan_lstm_matched,60,2011-05-01
2016-05-01,0.03361892224338088,0.030860720699397763,1.089375798149683,0.17996610137154795,0.03365094537005486,-0.03140244828869532,gan_lstm_matched,60,2011-06-01
2016-06-01,0.036336121388918965,0.031327104732741744,1.1598940182602322,0.195973763801606,0.036440393469349436,-0.03140244828869532,gan_lstm_matched,60,2011-07-01
2016-07-01,0.03324920830667462,0.03176545517531827,1.0467096449009559,0.17762702264645305,0.033240813187945834,-0.03140244828869532,gan_lstm_matched,60,2011-08-01
2016-08-01,0.029096282615427536,0.030537799269506716,0.9527956601797891,0.15370484069911575,0.029008454398909804,-0.031402448288695206,gan_lstm_matched,60,2011-09-01
2016-09-01,0.02516369765616166,0.03052027421770605,0.8244912046551394,0.1312936805456421,0.024979247029296957,-0.031402448288695206,gan_lstm_matched,60,2011-10-01
2016-10-01,0.023688897590119523,0.029648850658157054,0.7989819862916737,0.12314305029726787,0.02349803883770893,-0.03140244828869532,gan_lstm_matched,60,2011-11-01
2016-11-01,0.021091101403592383,0.029706221448741573,0.7099893683882117,0.10866611019554988,0.020845819050805854,-0.03140244828869532,gan_lstm_matched,60,2011-12-01
2016-12-01,0.02208344829099988,0.02962274868500896,0.7454895062515093,0.11418455020574056,0.021860063714713357,-0.03140244828869532,gan_lstm_matched,60,2012-01-01
1992-01-01,,,,,,,gan_transformer,36,
1992-02-01,,,,,,,gan_transformer,36,
1992-03-01,,,,,,,gan_transformer,36,
1992-04-01,,,,,,,gan_transformer,36,
1992-05-01,,,,,,,gan_transformer,36,
1992-06-01,,,,,,,gan_transformer,36,
1992-07-01,,,,,,,gan_transformer,36,
1992-08-01,,,,,,,gan_transformer,36,
1992-09-01,,,,,,,gan_transformer,36,
1992-10-01,,,,,,,gan_transformer,36,
1992-11-01,,,,,,,gan_transformer,36,
1992-12-01,,,,,,,gan_transformer,36,
1993-01-01,,,,,,,gan_transformer,36,
1993-02-01,,,,,,,gan_transformer,36,
1993-03-01,,,,,,,gan_transformer,36,
1993-04-01,,,,,,,gan_transformer,36,
1993-05-01,,,,,,,gan_transformer,36,
1993-06-01,,,,,,,gan_transformer,36,
1993-07-01,,,,,,,gan_transformer,36,
1993-08-01,,,,,,,gan_transformer,36,
1993-09-01,,,,,,,gan_transformer,36,
1993-10-01,,,,,,,gan_transformer,36,
1993-11-01,,,,,,,gan_transformer,36,
1993-12-01,,,,,,,gan_transformer,36,
1994-01-01,,,,,,,gan_transformer,36,
1994-02-01,,,,,,,gan_transformer,36,
1994-03-01,,,,,,,gan_transformer,36,
1994-04-01,,,,,,,gan_transformer,36,
1994-05-01,,,,,,,gan_transformer,36,
1994-06-01,,,,,,,gan_transformer,36,
1994-07-01,,,,,,,gan_transformer,36,
1994-08-01,,,,,,,gan_transformer,36,
1994-09-01,,,,,,,gan_transformer,36,
1994-10-01,,,,,,,gan_transformer,36,
1994-11-01,,,,,,,gan_transformer,36,
1994-12-01,0.03694572666213397,0.027029984558808888,1.3668423147542497,0.11580706272223036,0.037201259196363176,-0.01803094473375899,gan_transformer,36,1992-01-01
1995-01-01,0.034138169712131974,0.026754783882148164,1.2759650708638426,0.10650027914387468,0.03430948960140568,-0.01803094473375888,gan_transformer,36,1992-02-01
1995-02-01,0.042130645008880245,0.025278415353688525,1.6666647975911473,0.13339755779629156,0.042623295397540055,-0.01803094473375877,gan_transformer,36,1992-03-01
1995-03-01,0.045684497109515214,0.02616311567792384,1.746141310993144,0.14542443875122033,0.046298208376411444,-0.01803094473375899,gan_transformer,36,1992-04-01
1995-04-01,0.04575308736326661,0.026182056623729737,1.7474978387220714,0.1456575842854164,0.04636919318560103,-0.01803094473375899,gan_transformer,36,1992-05-01
1995-05-01,0.045935400119058875,0.026166141000529088,1.755528265254324,0.14628339852834674,0.046559684526036614,-0.01803094473375899,gan_transformer,36,1992-06-01
1995-06-01,0.04762567183794605,0.026278782129518893,1.8123241633959983,0.15207796600464799,0.04832020630929003,-0.01803094473375899,gan_transformer,36,1992-07-01
1995-07-01,0.04878725282733264,0.02611327955007612,1.8682928252568116,0.15609852191147774,0.049538276785088764,-0.01803094473375888,gan_transformer,36,1992-08-01
1995-08-01,0.05086077720853846,0.026025567521479102,1.9542619835883561,0.16329055637619833,0.05171015533970487,-0.01803094473375899,gan_transformer,36,1992-09-01
1995-09-01,0.04726721653874404,0.02605051478031543,1.8144446256570945,0.1508650264351928,0.047952176945798314,-0.01803094473375899,gan_transformer,36,1992-10-01
1995-10-01,0.05233099701181673,0.02605609206747226,2.008397762653954,0.1684081557262424,0.05325014258476551,-0.01803094473375899,gan_transformer,36,1992-11-01
1995-11-01,0.0568111698917966,0.02692715107935213,2.109809898729304,0.1840655400581709,0.057934014386306555,-0.01803094473375888,gan_transformer,36,1992-12-01
1995-12-01,0.06001552486384791,0.028245663748201543,2.1247695008643306,0.19531960342943155,0.06127519588221589,-0.01803094473375899,gan_transformer,36,1993-01-01
1996-01-01,0.058216602856852824,0.028486275537756445,2.043671970373629,0.18889336008531132,0.059369911545930056,-0.01803094473375899,gan_transformer,36,1993-02-01
1996-02-01,0.059092966003035236,0.02833720977850793,2.0853487857457895,0.19202300843567272,0.060298660483898064,-0.018030944733759102,gan_transformer,36,1993-03-01
1996-03-01,0.052656253339295966,0.0275348291278435,1.9123508301001009,0.1694072969318621,0.05355027908254224,-0.01803094473375899,gan_transformer,36,1993-04-01
1996-04-01,0.04818513131756926,0.029280937519923608,1.6456143620668797,0.1537186949296429,0.048817624442917734,-0.01803094473375899,gan_transformer,36,1993-05-01
1996-05-01,0.04646473330014376,0.029986273110668687,1.5495334524787032,0.1477304451894296,0.046999885116003774,-0.02591165131791473,gan_transformer,36,1993-06-01
1996-06-01,0.050289906635355194,0.029361737636275878,1.7127701111674996,0.1609881022657712,0.05101582787989269,-0.025911651317915063,gan_transformer,36,1993-07-01
1996-07-01,0.05494225917345623,0.029446133908697096,1.8658564599282994,0.17722553654314252,0.055892953039537556,-0.02591165131791484,gan_transformer,36,1993-08-01
1996-08-01,0.052662070016506905,0.028987912596737546,1.816690658244698,0.16928206853333677,0.05351267053664848,-0.02591165131791473,gan_transformer,36,1993-09-01
1996-09-01,0.05285084150320436,0.028973522467621513,1.8241082547786942,0.16994299147812744,0.05371112836715743,-0.025911651317914952,gan_transformer,36,1993-10-01
1996-10-01,0.06032764850754917,0.02955625366664535,2.0411128280317126,0.19629647959163396,0.06156422657088052,-0.025911651317914952,gan_transformer,36,1993-11-01
1996-11-01,0.0663939797880382,0.029218195338349844,2.2723504658377687,0.2181873322175212,0.0680002630774323,-0.025911651317915063,gan_transformer,36,1993-12-01
1996-12-01,0.06757071361945934,0.029783689557180776,2.2687153480341116,0.222411765312336,0.06923337677527515,-0.02591165131791484,gan_transformer,36,1994-01-01
1997-01-01,0.0622081521534102,0.030701898837893638,2.02619885114826,0.20290734960594392,0.06351607702647698,-0.02591165131791473,gan_transformer,36,1994-02-01
1997-02-01,0.07085729659827009,0.02987741424307604,2.3716007021822834,0.23444507315178412,0.07273040495220828,-0.025911651317914952,gan_transformer,36,1994-03-01
1997-03-01,0.07575398163040957,0.028782472287246952,2.631948391173295,0.2527215985595506,0.07799857914832943,-0.02591165131791473,gan_transformer,36,1994-04-01
1997-04-01,0.07515200411464348,0.028829434952725042,2.606780335371779,0.2504703965530056,0.0773524532230918,-0.025911651317914952,gan_transformer,36,1994-05-01
1997-05-01,0.07944442853592804,0.02873784540106853,2.764453194983578,0.26658289495342447,0.08196000246016633,-0.02591165131791462,gan_transformer,36,1994-06-01
1997-06-01,0.08048394354937541,0.028867720482404047,2.788025594138386,0.2704987115011172,0.08307386512391952,-0.025911651317914952,gan_transformer,36,1994-07-01
1997-07-01,0.0766919846017971,0.029259316407209083,2.621113341626166,0.25617793478500106,0.07898909028850234,-0.02591165131791484,gan_transformer,36,1994-08-01
1997-08-01,0.0681568527774676,0.029667024444629854,2.297394297317368,0.22456405289582584,0.06986053817373254,-0.025911651317914952,gan_transformer,36,1994-09-01
1997-09-01,0.06883526471563642,0.02946507181426798,2.3361648377963244,0.2270666174648365,0.0705888445081515,-0.025911651317915174,gan_transformer,36,1994-10-01
1997-10-01,0.06505118423088126,0.03023767814357364,2.151328680793782,0.21320816892680616,0.06654317755547501,-0.02591165131791473,gan_transformer,36,1994-11-01
1997-11-01,0.06537653234506757,0.03027304235568823,2.1595626754964545,0.21438264197139437,0.06688723014029395,-0.025911651317914952,gan_transformer,36,1994-12-01
1997-12-01,0.07168682214256654,0.032391983633034555,2.2131038023079768,0.23721744426388064,0.07353286624674463,-0.02591165131791484,gan_transformer,36,1995-01-01
1998-01-01,0.0673816739802136,0.03380529060696633,1.9932286565324806,0.22126035591206886,0.06889756191664863,-0.02591165131791484,gan_transformer,36,1995-02-01
1998-02-01,0.0670503915056351,0.033763493066220396,1.985884321095837,0.22005905588161373,0.06854697111802255,-0.02591165131791484,gan_transformer,36,1995-03-01
1998-03-01,0.06653407162024497,0.033624779551060906,1.978721422372737,0.21819788211807106,0.06800334614567605,-0.025911651317915063,gan_transformer,36,1995-04-01
1998-04-01,0.060975896220527966,0.03403714247011429,1.791451684701992,0.19810880689597277,0.06210002772762351,-0.02591165131791484,gan_transformer,36,1995-05-01
1998-05-01,0.06302825509180995,0.0340202889024297,1.8526666623136328,0.2054723349893583,0.06427145982598619,-0.025911651317914952,gan_transformer,36,1995-06-01
1998-06-01,0.05951713172687734,0.034245716558172594,1.7379438279755846,0.19287768897657223,0.06055201133554317,-0.02591165131791484,gan_transformer,36,1995-07-01
1998-07-01,0.05806871145430817,0.034458429057105264,1.6851816244459499,0.18770481051806404,0.05901677264982644,-0.02591165131791462,gan_transformer,36,1995-08-01
1998-08-01,0.0545162247977791,0.03485412818292123,1.564125331486341,0.17512438352059237,0.05526438078733561,-0.02591165131791484,gan_transformer,36,1995-09-01
1998-09-01,0.05553657094581142,0.03472104134204634,1.5995076414530798,0.17872682482451252,0.056341614259931054,-0.02591165131791484,gan_transformer,36,1995-10-01
1998-10-01,0.05048911649586724,0.034752228022978345,1.4528310663271309,0.1610858252259502,0.05104531583533874,-0.025911651317914952,gan_transformer,36,1995-11-01
1998-11-01,0.05221877304464151,0.03547795196714621,1.4718654868521686,0.16701334342322752,0.05283086238082649,-0.025911651317915063,gan_transformer,36,1995-12-01
1998-12-01,0.04688516402655073,0.0341144076364085,1.3743508175857249,0.1487246915958277,0.04730212664925534,-0.025911651317914952,gan_transformer,36,1996-01-01
1999-01-01,0.04381211286040347,0.03499965024332577,1.2517871623233772,0.13811781103933898,0.044068692797878325,-0.025718247659546445,gan_transformer,36,1996-02-01
1999-02-01,0.04396162249008947,0.03499083544643328,1.2563753316890467,0.13862759149867343,0.044224554333878355,-0.025718247659546445,gan_transformer,36,1996-03-01
1999-03-01,0.0401396483289185,0.03614635031249658,1.1104758290089758,0.1255523480542488,0.04021209556612943,-0.024238569926134823,gan_transformer,36,1996-04-01
1999-04-01,0.04687976675681899,0.0347944022249108,1.3473364610142882,0.1486251861719124,0.047271885794032985,-0.021852287928501135,gan_transformer,36,1996-05-01
1999-05-01,0.05062431285524037,0.03378625577890222,1.4983700231989792,0.16166911994827254,0.051221290926483386,-0.021852287928501135,gan_transformer,36,1996-06-01
1999-06-01,0.05388578712442997,0.034309461421092806,1.57058096782895,0.1729796847932518,0.05462200838239783,-0.021852287928500913,gan_transformer,36,1996-07-01
1999-07-01,0.05076454675471882,0.03404880520980707,1.490934746224138,0.16212535978824902,0.051358893579706806,-0.021852287928501024,gan_transformer,36,1996-08-01
1999-08-01,0.04843268133974431,0.03409646571951713,1.420460458809987,0.15405158846064781,0.04891848988166979,-0.021852287928501135,gan_transformer,36,1996-09-01
1999-09-01,0.04750577704400562,0.034175684577585394,1.3900460994763202,0.1508504102590049,0.04794774053835799,-0.021852287928501135,gan_transformer,36,1996-10-01
1999-10-01,0.04064851085614348,0.03331143337545485,1.2202570330130216,0.12759880207316082,0.040842143969346566,-0.021852287928501024,gan_transformer,36,1996-11-01
1999-11-01,0.037654031029317546,0.03286002421249374,1.1458917615465747,0.1175965344055145,0.03775543235082833,-0.021852287928501024,gan_transformer,36,1996-12-01
1999-12-01,0.029491058202141648,0.03120831657477476,0.9449743350135985,0.0908044765357313,0.02939559114853532,-0.021852287928500913,gan_transformer,36,1997-01-01
2000-01-01,0.03516279317889938,0.03084250661026853,1.1400757280600688,0.10951092423738468,0.03524671450196004,-0.021852287928501024,gan_transformer,36,1997-02-01
2000-02-01,0.022343623215352715,0.03324063177821847,0.6721780549909337,0.06749858056648367,0.02201146727740138,-0.022826778197225894,gan_transformer,36,1997-03-01
2000-03-01,0.028037515847669718,0.03545163945096081,0.7908665517839638,0.08560837326780338,0.027758462580916257,-0.022826778197225783,gan_transformer,36,1997-04-01
2000-04-01,0.027694443850726516,0.03544872898758032,0.7812535072958308,0.08449454243218135,0.027406849966980867,-0.022826778197226005,gan_transformer,36,1997-05-01
2000-05-01,0.027390803946295013,0.03536713069895302,0.774470628659335,0.08351862555541463,0.027098575910883934,-0.022826778197225894,gan_transformer,36,1997-06-01
2000-06-01,0.02476884986678618,0.034940858281325794,0.7088792629923442,0.0750953927381351,0.024430107231914248,-0.022826778197225894,gan_transformer,36,1997-07-01
2000-07-01,0.032066975004923406,0.03626078294054669,0.8843431499397167,0.09868442326414502,0.03186842289213314,-0.022826778197225783,gan_transformer,36,1997-08-01
2000-08-01,0.04171020765753648,0.03710621167518148,1.1240761526036995,0.1307310040104102,0.04180499050748388,-0.022826778197225894,gan_transformer,36,1997-09-01
2000-09-01,0.050899790470419745,0.039001865292874485,1.305060414116116,0.16196868352546326,0.05131164383335755,-0.022826778197225894,gan_transformer,36,1997-10-01
2000-10-01,0.054220413871626814,0.038522868825315255,1.4074863976899854,0.173616190259064,0.05481273384798938,-0.022826778197225894,gan_transformer,36,1997-11-01
2000-11-01,0.058502241370885485,0.039719934611308585,1.4728685216472996,0.18855425949748725,0.059269182825950194,-0.022826778197225783,gan_transformer,36,1997-12-01
2000-12-01,0.06316433145056335,0.042839457370647475,1.474442846090809,0.2047612206037184,0.06406214557650658,-0.022826778197225783,gan_transformer,36,1998-01-01
2001-01-01,0.03983482768881461,0.06485512823177823,0.6142124574398116,0.11945832593343068,0.03833137436127186,-0.08151743289849978,gan_transformer,36,1998-02-01
2001-02-01,0.05494360492825938,0.07109660531030124,0.7728020865195734,0.16972838812858004,0.053646696804524885,-0.08151743289849955,gan_transformer,36,1998-03-01
2001-03-01,0.05802949327579425,0.07169158965044221,0.8094323693858322,0.18040947552034392,0.05684402324449844,-0.08151743289849966,gan_transformer,36,1998-04-01
2001-04-01,0.06050264777819118,0.0714578913135469,0.8466895211434983,0.18921621951928191,0.059465798086439856,-0.08151743289849978,gan_transformer,36,1998-05-01
2001-05-01,0.06406386118912401,0.07186130013819203,0.8914932107535871,0.20182096907859856,0.0631958165199591,-0.08151743289849966,gan_transformer,36,1998-06-01
2001-06-01,0.06596389722802945,0.07173109931522409,0.9195996974499088,0.20868762959517292,0.06521684537898777,-0.08151743289849966,gan_transformer,36,1998-07-01
2001-07-01,0.07513554420845885,0.07243854893913426,1.0372314921933445,0.24202187065555927,0.07492067073681855,-0.08151743289849966,gan_transformer,36,1998-08-01
2001-08-01,0.0857495205044257,0.07312679683426893,1.172614201860425,0.28174893240994076,0.08626133543018345,-0.08151743289849978,gan_transformer,36,1998-09-01
2001-09-01,0.09396251026616106,0.07384321465279978,1.2724596390874818,0.31328012976776887,0.09509666856241851,-0.08151743289849966,gan_transformer,36,1998-10-01
2001-10-01,0.08464081969382288,0.07690926313539137,1.100528288053168,0.27643004301756935,0.08475669486701785,-0.08151743289849966,gan_transformer,36,1998-11-01
2001-11-01,0.06865519528144966,0.07870863262063381,0.8722702071621481,0.21651114451438058,0.0675101932387082,-0.08151743289849966,gan_transformer,36,1998-12-01
2001-12-01,0.06939574746657484,0.0787122390464316,0.8816385902278673,0.21920030251004177,0.06829620902411843,-0.08151743289849966,gan_transformer,36,1999-01-01
2002-01-01,0.08075118220764267,0.07871105456183795,1.0259192010215277,0.2611867852361435,0.08042129917811328,-0.08151743289849966,gan_transformer,36,1999-02-01
2002-02-01,0.09213925512266477,0.08038552992400963,1.1462169274714769,0.30419604477388607,0.0925658612812931,-0.08151743289849966,gan_transformer,36,1999-03-01
2002-03-01,0.09781669589155334,0.07950627856605562,1.2303015265679302,0.32670170870993864,0.09881462078974251,-0.08151743289849966,gan_transformer,36,1999-04-01
2002-04-01,0.10810885779375184,0.08123244423735983,1.3308581172057259,0.3673961466468101,0.1099364589460559,-0.08151743289849955,gan_transformer,36,1999-05-01
2002-05-01,0.11238156108481925,0.08110976752455516,1.3855490468616725,0.3849157409777208,0.11465666491396712,-0.08151743289849955,gan_transformer,36,1999-06-01
2002-06-01,0.11956476557244292,0.08249883945122559,1.4492902732665855,0.4143275290671863,0.1224921993078134,-0.08151743289849955,gan_transformer,36,1999-07-01
2002-07-01,0.12470940663623066,0.08250331405640766,1.5115684510681184,0.4361010018138856,0.1282231195769308,-0.08151743289849966,gan_transformer,36,1999-08-01
2002-08-01,0.12421644815355426,0.08257004191623368,1.504376711829338,0.4339770577753233,0.12766664407427256,-0.08151743289849966,gan_transformer,36,1999-09-01
2002-09-01,0.12658908816156617,0.08236284292479412,1.5369684152009566,0.4441871609693834,0.13033669476320567,-0.08151743289849966,gan_transformer,36,1999-10-01
2002-10-01,0.11999807485735711,0.08414576363331874,1.426073870816262,0.41556364034893484,0.12281912057371974,-0.08151743289849966,gan_transformer,36,1999-11-01
2002-11-01,0.10390347376558869,0.08964896342050606,1.1590036270494353,0.3474707686205432,0.10451881306661498,-0.08151743289849966,gan_transformer,36,1999-12-01
2002-12-01,0.11523898991700086,0.09026734276899345,1.2766409908831953,0.39342986305314986,0.11693621177991241,-0.08151743289849966,gan_transformer,36,2000-01-01
2003-01-01,0.11061329433655467,0.09063292757283971,1.2204537280080374,0.37426940116455915,0.11179306042016876,-0.08151743289849966,gan_transformer,36,2000-02-01
2003-02-01,0.11758146861626921,0.0889346027981119,1.3221115844323024,0.4036689440938875,0.11966532945277196,-0.08151743289849955,gan_transformer,36,2000-03-01
2003-03-01,0.11114077153104421,0.08858732443037283,1.2545900019635174,0.37718219932228125,0.11257799712641073,-0.08151743289849978,gan_transformer,36,2000-04-01
2003-04-01,0.11125154747234013,0.08857858084733285,1.2559644375437065,0.37763891239755726,0.11270097111370946,-0.08151743289849978,gan_transformer,36,2000-05-01
2003-05-01,0.10534085799559956,0.08901362491401692,1.1834239769176234,0.3534847964723648,0.10615960287538599,-0.08151743289849966,gan_transformer,36,2000-06-01
2003-06-01,0.10236650332630676,0.08931918976049757,1.1460751446670587,0.34145515017634764,0.10287269795345967,-0.08151743289849978,gan_transformer,36,2000-07-01
2003-07-01,0.09765040513470766,0.08908943082349147,1.0960941632703616,0.32284350281575463,0.09774842550713751,-0.08151743289849966,gan_transformer,36,2000-08-01
2003-08-01,0.08866610337695296,0.08913829491766662,0.9947027084021541,0.2879139880596605,0.08800014531846738,-0.08151743289849978,gan_transformer,36,2000-09-01
2003-09-01,0.08370830166852702,0.08853142289423317,0.9455207985138988,0.26923451767636625,0.08271451288136351,-0.08151743289849966,gan_transformer,36,2000-10-01
2003-10-01,0.08685516158120157,0.08858056784808463,0.9805216165486528,0.28117182950019337,0.08609828251883293,-0.08151743289849966,gan_transformer,36,2000-11-01
2003-11-01,0.08177718845933553,0.08815456617650387,0.9276568645984882,0.2620757564718486,0.08067509131793701,-0.08151743289849966,gan_transformer,36,2000-12-01
2003-12-01,0.07337732936954217,0.08616744736078426,0.8515667066509501,0.23148590455982115,0.07187254849863225,-0.08151743289849966,gan_transformer,36,2001-01-01
2004-01-01,0.1057736089768744,0.06933982039836269,1.5254381734650702,0.36179505726102745,0.10841888821211319,-0.06567285592109551,gan_transformer,36,2001-02-01
2004-02-01,0.09214756475213146,0.06402540096523741,1.4392344813609674,0.30901417781932067,0.0939096414835002,-0.06567285592109551,gan_transformer,36,2001-03-01
2004-03-01,0.08463210441520264,0.06349943335264019,1.332800939265134,0.2801670545495549,0.08581427956365309,-0.0656728559210954,gan_transformer,36,2001-04-01
2004-04-01,0.08428895662301113,0.06353005509552247,1.3267571780990273,0.2788516747888715,0.08544225843224915,-0.0656728559210954,gan_transformer,36,2001-05-01
2004-05-01,0.07845963657840677,0.06324271921254915,1.2406113708475415,0.2568966202521964,0.07919482174303857,-0.0656728559210954,gan_transformer,36,2001-06-01
2004-06-01,0.08188593562490673,0.06334050854245597,1.2927893619613124,0.2697730210019421,0.08286761380430367,-0.06567285592109551,gan_transformer,36,2001-07-01
2004-07-01,0.07612387558458489,0.06242695345359343,1.2194071850899049,0.24836296157431775,0.07674688726439398,-0.06567285592109551,gan_transformer,36,2001-08-01
2004-08-01,0.06991270283276176,0.06122721746415676,1.1418566077037484,0.2257206975103061,0.07019727271103493,-0.06567285592109551,gan_transformer,36,2001-09-01
2004-09-01,0.06682144281014617,0.060419968241167576,1.105949651337567,0.21464403648969216,0.06696377341337435,-0.0656728559210954,gan_transformer,36,2001-10-01
2004-10-01,0.07834273239854377,0.05645726929010315,1.3876465047571314,0.2579848370870806,0.07950618630748119,-0.06567285592109551,gan_transformer,36,2001-11-01
2004-11-01,0.09010690243285666,0.0530802527893952,1.6975597834918172,0.3035837851365544,0.09239486483081841,-0.06567285592109551,gan_transformer,36,2001-12-01
2004-12-01,0.0885399229083566,0.05315541373385536,1.6656802513412552,0.29749980397080583,0.09069276836230239,-0.06567285592109551,gan_transformer,36,2002-01-01
2005-01-01,0.08512958849761904,0.052449524799361755,1.623076449658414,0.2845270976849611,0.08704558568827525,-0.06567285592109551,gan_transformer,36,2002-02-01
2005-02-01,0.07788149918753402,0.0498538728176686,1.562195568484144,0.25756611893780246,0.07938640240692815,-0.06567285592109529,gan_transformer,36,2002-03-01
2005-03-01,0.07636624463103846,0.04999500190205661,1.5274775822720197,0.25187257920412964,0.0777549899095066,-0.0656728559210954,gan_transformer,36,2002-04-01
2005-04-01,0.06370985140509113,0.04667567740944761,1.3649475474392496,0.20605794959066945,0.0644437718155191,-0.06567285592109551,gan_transformer,36,2002-05-01
2005-05-01,0.0593820408180524,0.04652289704891437,1.2764046219137613,0.19060418188968492,0.059877813698743274,-0.0656728559210954,gan_transformer,36,2002-06-01
2005-06-01,0.04996695283505696,0.04281768702437478,1.1669699207855933,0.15815191865565528,0.050159286086057034,-0.06567285592109551,gan_transformer,36,2002-07-01
2005-07-01,0.04507190950018483,0.04204890413323546,1.0718926076496718,0.14144448639726676,0.04508496104852084,-0.06567285592109551,gan_transformer,36,2002-08-01
2005-08-01,0.048398256624068464,0.042013692573975435,1.1519638874600566,0.15285257500072863,0.04855510254634314,-0.06567285592109551,gan_transformer,36,2002-09-01
2005-09-01,0.04698174512969207,0.0419897953471632,1.118884832404074,0.14798661337741295,0.04707777451727558,-0.06567285592109551,gan_transformer,36,2002-10-01
2005-10-01,0.0534213856293556,0.03935241727074541,1.3575121767441984,0.17066644935706438,0.05392827813324697,-0.044525339292288635,gan_transformer,36,2002-11-01
2005-11-01,0.07292364708935056,0.027342334314127095,2.6670600341417354,0.24235011858455066,0.07501535758396638,-0.011932576361361025,gan_transformer,36,2002-12-01
2005-12-01,0.06312936075488133,0.02320282548488429,2.720761779465504,0.20694534257380723,0.06470477319372503,-0.011932576361361025,gan_transformer,36,2003-01-01
2006-01-01,0.06847355703609583,0.022703690034662685,3.015965991940268,0.2263867209504221,0.07039107635336947,-0.011932576361361025,gan_transformer,36,2003-02-01
2006-02-01,0.07106057980461503,0.02226001495429197,3.1922970380086735,0.23592312346157104,0.07315837515208462,-0.011932576361360914,gan_transformer,36,2003-03-01
2006-03-01,0.07192426533442657,0.02225973597747066,3.2311373956646188,0.23911063241313416,0.07408015994243577,-0.011932576361360914,gan_transformer,36,2003-04-01
2006-04-01,0.07086325751010471,0.022501531021911533,3.149263818586366,0.23517611687219084,0.07294212169561225,-0.011932576361361025,gan_transformer,36,2003-05-01
2006-05-01,0.0699867487183934,0.023023699179938198,3.0397699418943356,0.23190734371530694,0.07199480664209516,-0.009742239776301731,gan_transformer,36,2003-06-01
2006-06-01,0.07294576922567729,0.02217466578010443,3.289599489302145,0.2428976543204923,0.07517326338565516,-0.009742239776301731,gan_transformer,36,2003-07-01
2006-07-01,0.0723961209037797,0.022206238016285754,3.2601704462811467,0.2408596092563267,0.07458526904545741,-0.009742239776301842,gan_transformer,36,2003-08-01
2006-08-01,0.07781558302286354,0.021123702975326238,3.683804071367451,0.26115980358464974,0.08041359432974014,-0.009742239776301731,gan_transformer,36,2003-09-01
2006-09-01,0.07610746476296809,0.0209903456315286,3.6258318990541385,0.2547650827945511,0.07858441731777864,-0.009742239776301731,gan_transformer,36,2003-10-01
2006-10-01,0.075371262770956,0.020786131011771708,3.6260361646076107,0.2520299327190461,0.0778001439807608,-0.009742239776301842,gan_transformer,36,2003-11-01
2006-11-01,0.07422716087066253,0.020848053829371303,3.5603880092677667,0.24776170419813956,0.07657399257657463,-0.009742239776301953,gan_transformer,36,2003-12-01
2006-12-01,0.07383754840714984,0.020703080528303587,3.566500565276026,0.24632409639261926,0.0761603756867101,-0.009742239776301842,gan_transformer,36,2004-01-01
2007-01-01,0.06979360392277917,0.01998330420876775,3.492595778637896,0.23143719864414164,0.07185841727118486,-0.009742239776301731,gan_transformer,36,2004-02-01
2007-02-01,0.0669702468512765,0.01942714704799607,3.4472507304249054,0.2211489712845157,0.06886506478475683,-0.009742239776301842,gan_transformer,36,2004-03-01
2007-03-01,0.06995606489107976,0.01932366499137978,3.62022757702987,0.23208128944840856,0.07204525961045907,-0.009742239776301953,gan_transformer,36,2004-04-01
2007-04-01,0.07483217414187485,0.019855606986206746,3.7688182584324466,0.2500891682719631,0.07724295870268631,-0.009742239776301731,gan_transformer,36,2004-05-01
2007-05-01,0.080293317950863,0.020635117557486572,3.8911005826439786,0.2705461551740201,0.0830873465392931,-0.009742239776301842,gan_transformer,36,2004-06-01
2007-06-01,0.07460405175124041,0.021007018203003335,3.5513870188665995,0.24915226189454542,0.07697377042665716,-0.009742239776301953,gan_transformer,36,2004-07-01
2007-07-01,0.06968854027315413,0.022251241275613523,3.131894504668825,0.23087617089201967,0.07169561734287785,-0.010253249405587028,gan_transformer,36,2004-08-01
2007-08-01,0.0685885127043877,0.02218693543356299,3.0913919098818554,0.22684925409457243,0.07052562584285106,-0.01025324940558714,gan_transformer,36,2004-09-01
2007-09-01,0.06693630826567301,0.021520218092196078,3.110391724605535,0.22086955551068244,0.06878353486276577,-0.01025324940558714,gan_transformer,36,2004-10-01
2007-10-01,0.06936360528236818,0.021654305061905868,3.2032247206303666,0.2297311651738872,0.07136320418530605,-0.010253249405587028,gan_transformer,36,2004-11-01
2007-11-01,0.06735116393858746,0.02163310671240655,3.113337572543923,0.22237268724694018,0.06922198290122483,-0.010253249405587028,gan_transformer,36,2004-12-01
2007-12-01,0.06993461048199011,0.021716570788232907,3.220333963587109,0.23182243803700273,0.07197017802106488,-0.010253249405587028,gan_transformer,36,2005-01-01
2008-01-01,0.060528223387142865,0.024368161309085316,2.4839060534524524,0.19750923140804616,0.0619228275169229,-0.015169100741697528,gan_transformer,36,2005-02-01
2008-02-01,0.06052632195776253,0.024367444099592232,2.4839011309674195,0.19750249636524395,0.06192083668770374,-0.015169100741697417,gan_transformer,36,2005-03-01
2008-03-01,0.06313223992335759,0.024180716869312783,2.6108506321198997,0.20686892002457122,0.064682300712299,-0.015169100741697417,gan_transformer,36,2005-04-01
2008-04-01,0.06712139904235133,0.024194746806095582,2.7742137407051053,0.221318908729386,0.06891464425926351,-0.015169100741697417,gan_transformer,36,2005-05-01
2008-05-01,0.0695446105915479,0.024016068628404812,2.895753325308813,0.23019494651318795,0.0714978720500056,-0.015169100741697417,gan_transformer,36,2005-06-01
2008-06-01,0.06014842744507616,0.028153201317195,2.1364684878070896,0.1957932002573749,0.06141533976759628,-0.020175444173106127,gan_transformer,36,2005-07-01
2008-07-01,0.06870169090620484,0.031247000797453742,2.1986651247438505,0.2263766381143871,0.07038814291018788,-0.020175444173106127,gan_transformer,36,2005-08-01
2008-08-01,0.06812454059848796,0.03121239798920465,2.1826115578191083,0.22427099704078882,0.06977518700786725,-0.020175444173106016,gan_transformer,36,2005-09-01
2008-09-01,0.06883658679037018,0.0311648960021123,2.2087860259730867,0.22687953692822369,0.0705344338477489,-0.02017544417310624,gan_transformer,36,2005-10-01
2008-10-01,0.056868727240986204,0.03992073708465005,1.4245410128675413,0.18270586298277505,0.05752891305658369,-0.03871765292441609,gan_transformer,36,2005-11-01
2008-11-01,0.04957790745745594,0.04017380512655647,1.2340854270904744,0.15719387157788414,0.04986963508565847,-0.046303145635858245,gan_transformer,36,2005-12-01
2008-12-01,0.05398387701644207,0.04060499030347615,1.3294887306455179,0.17246422430349137,0.05446750282892326,-0.046303145635858134,gan_transformer,36,2006-01-01
2009-01-01,0.0391778246874223,0.045662841357084816,0.8579804393040396,0.1209702878555099,0.038798627498235747,-0.064115678750028,gan_transformer,36,2006-02-01
2009-02-01,0.02681727586429033,0.04966971601779084,0.5399120030137646,0.07964415947202945,0.025872874379442388,-0.0933553567946166,gan_transformer,36,2006-03-01
2009-03-01,0.020882521086851,0.05010317594779973,0.4167903669142166,0.06056017280405505,0.019792400658302203,-0.10292791426298176,gan_transformer,36,2006-04-01
2009-04-01,0.009637147802601068,0.05417564912854298,0.1778870757918365,0.02475440565322795,0.00818430299960053,-0.13385762818534874,gan_transformer,36,2006-05-01
2009-05-01,0.01563544776946183,0.054057925472054756,0.2892350683628171,0.04336235163713828,0.014250087649682325,-0.1338576281853484,gan_transformer,36,2006-06-01
2009-06-01,0.015309580972502632,0.05404507516187988,0.28327430254553665,0.04234633248009409,0.013920757449199721,-0.13385762818534852,gan_transformer,36,2006-07-01
2009-07-01,0.016210251213730834,0.05411160291827688,0.2995707083046991,0.04515166330842822,0.014829551747819771,-0.13385762818534863,gan_transformer,36,2006-08-01
2009-08-01,-0.0006833987920835,0.058874402326582934,-0.01160774063221245,-0.007290029066020288,-0.002435938667744432,-0.1535141743314944,gan_transformer,36,2006-09-01
2009-09-01,0.000553937476789566,0.05902881137781005,0.009384188227069748,-0.0036252199935987886,-0.0012098698592795077,-0.15351417433149428,gan_transformer,36,2006-10-01
2009-10-01,-8.709462386483416e-05,0.05891989193672378,-0.0014781870944089348,-0.005520493819376039,-0.0018435612359076164,-0.1535141743314944,gan_transformer,36,2006-11-01
2009-11-01,0.003550214405296166,0.059454672048140284,0.05971295918378906,0.0052945265745098285,0.0017617366528259338,-0.1535141743314946,gan_transformer,36,2006-12-01
2009-12-01,0.0022071133302535993,0.05920427502272967,0.03727962768577515,0.001297117409968556,0.0004321856586374675,-0.15351417433149428,gan_transformer,36,2007-01-01
2010-01-01,-0.0031071068400698337,0.059597401709735306,-0.0521349379491872,-0.01460991849712956,-0.004893883861962821,-0.15351417433149417,gan_transformer,36,2007-02-01
2010-02-01,-0.002312307066708034,0.05968752710495125,-0.03874020551466641,-0.012272846889751795,-0.004107799878056548,-0.15351417433149428,gan_transformer,36,2007-03-01
2010-03-01,-0.006024153053986901,0.05942001291212308,-0.10138256050021542,-0.023168079417792073,-0.00778311282571474,-0.15351417433149417,gan_transformer,36,2007-04-01
2010-04-01,-0.018117314110445967,0.059754832308328204,-0.3031941252376488,-0.058066664518101864,-0.019742766580618132,-0.1535141743314944,gan_transformer,36,2007-05-01
2010-05-01,-0.027239904024990397,0.05887028974132384,-0.46271054796371114,-0.08340079058937236,-0.02861104871195936,-0.15351417433149417,gan_transformer,36,2007-06-01
2010-06-01,-0.025339959722377133,0.05892189981624012,-0.430060127073379,-0.07815828937720729,-0.026762611013479654,-0.1535141743314945,gan_transformer,36,2007-07-01
2010-07-01,-0.022119784927535333,0.05892036253456278,-0.37541834394789797,-0.06919151928914827,-0.023617221916516804,-0.1535141743314945,gan_transformer,36,2007-08-01
2010-08-01,-0.02220951617987177,0.05890951397135286,-0.3770106843976347,-0.06944073874550558,-0.023704370279312405,-0.15351417433149428,gan_transformer,36,2007-09-01
2010-09-01,-0.0180746759587279,0.06028791259337051,-0.2998059674190056,-0.0580343278403387,-0.019731549261812222,-0.1535141743314944,gan_transformer,36,2007-10-01
2010-10-01,-0.019322377308432535,0.060076460505292494,-0.321629755580063,-0.061523522794064624,-0.020943405037078276,-0.15351417433149417,gan_transformer,36,2007-11-01
2010-11-01,-0.020317485912400967,0.06002567404843451,-0.3384799293716695,-0.06431706344784298,-0.021915815368875487,-0.1535141743314944,gan_transformer,36,2007-12-01
2010-12-01,-0.022140847988813335,0.05974159884646713,-0.3706102350175492,-0.06938317084915437,-0.02368423825440452,-0.15351417433149428,gan_transformer,36,2008-01-01
2011-01-01,-0.018666831216886136,0.059259458904963126,-0.3150017155374792,-0.05953484518692372,-0.020252336655488107,-0.15351417433149428,gan_transformer,36,2008-02-01
2011-02-01,-0.027690395558563834,0.058857819585487296,-0.4704624764147993,-0.08463662761263878,-0.02904781480383636,-0.15351417433149428,gan_transformer,36,2008-03-01
2011-03-01,-0.027509726413139306,0.05888817906334138,-0.4671519284634232,-0.08414410012258602,-0.028873700016532135,-0.15351417433149417,gan_transformer,36,2008-04-01
2011-04-01,-0.02933396429752857,0.058542435595445204,-0.5010718122532444,-0.08909935143163596,-0.03062829912303533,-0.1535141743314944,gan_transformer,36,2008-05-01
2011-05-01,-0.030258469331014233,0.058405705395220914,-0.5180738615561716,-0.09160681230359527,-0.03151858843806238,-0.15351417433149428,gan_transformer,36,2008-06-01
2011-06-01,-0.02181506639525567,0.05762847033685752,-0.3785466847851308,-0.06812323150678795,-0.02324383360952367,-0.15351417433149428,gan_transformer,36,2008-07-01
2011-07-01,-0.03364596205905863,0.054785622273416115,-0.6141385396910024,-0.1002677328863918,-0.0346063631337164,-0.1535141743314944,gan_transformer,36,2008-08-01
2011-08-01,-0.0334531655508085,0.05482007308899087,-0.610235697725231,-0.09975080458413646,-0.034421514162349474,-0.1535141743314944,gan_transformer,36,2008-09-01
2011-09-01,-0.03436925178769063,0.05471727337417733,-0.6281243502880842,-0.10221336271511293,-0.03530273851320397,-0.15351417433149428,gan_transformer,36,2008-10-01
2011-10-01,-0.014298262987856802,0.05224663675275806,-0.27366858187483245,-0.04597765133519116,-0.015566956464415659,-0.12542700705065024,gan_transformer,36,2008-11-01
2011-11-01,-0.004235090606158501,0.0537609348989305,-0.07877635710986773,-0.016947096763183723,-0.005681247706153073,-0.12542700705065002,gan_transformer,36,2008-12-01
2011-12-01,-0.006330446453057668,0.05328433978998268,-0.11880500871379425,-0.023036050230057243,-0.007738411963239847,-0.12542700705065013,gan_transformer,36,2009-01-01
2012-01-01,0.0064810449547247,0.0498428644576232,0.13002954435403558,0.015796949463414936,0.005238163554843065,-0.09552301876589342,gan_transformer,36,2009-02-01
2012-02-01,0.016265386053825,0.0462772458064289,0.3514769682245305,0.04657526270297071,0.015290108601589334,-0.06635324874825299,gan_transformer,36,2009-03-01
2012-03-01,0.021144680057824102,0.04576856369560801,0.4619913396988065,0.062058382162612925,0.020272380852536978,-0.05639040705067955,gan_transformer,36,2009-04-01
2012-04-01,0.03532167716164057,0.04066213532594936,0.8686626238022311,0.10884180081758053,0.035038560588933114,-0.04062050363508285,gan_transformer,36,2009-05-01
2012-05-01,0.031862565492226165,0.04057694598533963,0.7852381375310512,0.0974374841909025,0.03147790610641624,-0.04062050363508285,gan_transformer,36,2009-06-01
2012-06-01,0.03614363458728883,0.04125911133420696,0.8760158282256308,0.1114908958934538,0.03586216317064658,-0.04062050363508285,gan_transformer,36,2009-07-01
2012-07-01,0.037518854951315836,0.041447084165372745,0.905223026102792,0.11604619773306447,0.03727535008709111,-0.04062050363508285,gan_transformer,36,2009-08-01
2012-08-01,0.049966480012488004,0.03287376729317816,1.5199499213726215,0.15948716558665685,0.050562711407248634,-0.03660447286041946,gan_transformer,36,2009-09-01
2012-09-01,0.04666398755815863,0.032850928705280176,1.4204769666270731,0.14810437714445093,0.04711357737580159,-0.03660447286041946,gan_transformer,36,2009-10-01
2012-10-01,0.04653258685961229,0.032830930683903324,1.4173398648862168,0.14765586377227863,0.04697720603167729,-0.03660447286041968,gan_transformer,36,2009-11-01
2012-11-01,0.04486880882638356,0.032423066698005376,1.3838545639220432,0.14200830329801792,0.04525700608429991,-0.03660447286041957,gan_transformer,36,2009-12-01
2012-12-01,0.04140183364120309,0.03237051361575119,1.2789983542632868,0.1302396454700686,0.04165406338036102,-0.03660447286041957,gan_transformer,36,2010-01-01
2013-01-01,0.047906433335490634,0.031064703669965835,1.5421500183762518,0.15257190379338662,0.04847000258954074,-0.03198755797779429,gan_transformer,36,2010-02-01
2013-02-01,0.04772768022740226,0.031044692140046844,1.5373861661148442,0.15195856713564948,0.04828398984507504,-0.03198755797779418,gan_transformer,36,2010-03-01
2013-03-01,0.0489173477971349,0.03089620931447976,1.5832799195275191,0.15607659417928205,0.04953164120881504,-0.030413863464731072,gan_transformer,36,2010-04-01
2013-04-01,0.05582030646342703,0.027389387178489853,2.038026849584473,0.1805260781431401,0.05687882097927726,-0.017524301384302055,gan_transformer,36,2010-05-01
2013-05-01,0.05436626400477227,0.028256643007612624,1.924017088304702,0.1753253881111734,0.055324544884285475,-0.017524301384302277,gan_transformer,36,2010-06-01
2013-06-01,0.05499485600677241,0.028226486432679852,1.9483422471987468,0.1775367930918579,0.05598600364178469,-0.017524301384302166,gan_transformer,36,2010-07-01
2013-07-01,0.0515181515875459,0.02905538796860358,1.7731014861413974,0.16528954509564256,0.05231222723807748,-0.017712592914195913,gan_transformer,36,2010-08-01
2013-08-01,0.0485668409737659,0.029404334199387736,1.6516898714468142,0.15502492337064863,0.04921329533158041,-0.021359561739055843,gan_transformer,36,2010-09-01
2013-09-01,0.041441294912163563,0.0268844410276737,1.541460165361283,0.13092227795694197,0.041863730949507745,-0.0213595617390554,gan_transformer,36,2010-10-01
2013-10-01,0.04104311218767096,0.026843896903317004,1.5289550669746244,0.12958042053575966,0.041451505193408573,-0.021359561739055732,gan_transformer,36,2010-11-01
2013-11-01,0.0451538065954927,0.027223276190512406,1.6586470445180757,0.14351160854219347,0.04571545323384935,-0.0213595617390554,gan_transformer,36,2010-12-01
2013-12-01,0.0431011555304212,0.027368464034309578,1.5748474403382247,0.13650373462647428,0.04357489390916137,-0.021359561739055732,gan_transformer,36,2011-01-01
2014-01-01,0.0392055935740186,0.029296128480312735,1.3382516942593665,0.12315842161690709,0.039474099747472874,-0.02135956173905562,gan_transformer,36,2011-02-01
2014-02-01,0.041927124407959426,0.02814611548549313,1.489623832090407,0.13244781143784737,0.04233198708247378,-0.023158610072635755,gan_transformer,36,2011-03-01
2014-03-01,0.0416066598603138,0.028101645286621388,1.4805773624977705,0.1313675782255946,0.04200045750425209,-0.023158610072635977,gan_transformer,36,2011-04-01
2014-04-01,0.042182070525271474,0.028171080758180842,1.4973536474287326,0.13330888799041482,0.042596105286546414,-0.023158610072635533,gan_transformer,36,2011-05-01
2014-05-01,0.044399752207443334,0.028522914070722372,1.5566345043621574,0.14081298638715178,0.04489219567749505,-0.023158610072635533,gan_transformer,36,2011-06-01
2014-06-01,0.0444141348233226,0.02852365820967338,1.5570981287477421,0.1408619575771135,0.044907146676666516,-0.023158610072635644,gan_transformer,36,2011-07-01
2014-07-01,0.05044661676188897,0.02821425583888194,1.7879832468368244,0.16164479796258474,0.05121395436589881,-0.023158610072635866,gan_transformer,36,2011-08-01
2014-08-01,0.049885374146212705,0.028169188814951084,1.7709197972976602,0.15970305206302218,0.05062790925619025,-0.02315861007263542,gan_transformer,36,2011-09-01
2014-09-01,0.05043992471576303,0.028141564548831745,1.7923639116879506,0.16162864707170282,0.05120908250358041,-0.023158610072635755,gan_transformer,36,2011-10-01
2014-10-01,0.04977600665605684,0.027753781011268252,1.7934856024066554,0.1593636550723584,0.0505254075163068,-0.02315861007263542,gan_transformer,36,2011-11-01
2014-11-01,0.04774546089551726,0.02661930248082353,1.7936405707817833,0.15245527865951888,0.04843463760029503,-0.023158610072635644,gan_transformer,36,2011-12-01
2014-12-01,0.04792478082464993,0.026652111355243476,1.7981607605440728,0.1530699726516126,0.04862100836809587,-0.023158610072635755,gan_transformer,36,2012-01-01
2015-01-01,0.05039089973421963,0.027108537626551375,1.8588571773367961,0.16155521051867316,0.05118693004302418,-0.023158610072635644,gan_transformer,36,2012-02-01
2015-02-01,0.0501155221737538,0.027174391764141752,1.8442187265396035,0.16059379490495923,0.050896828611860186,-0.023158610072635755,gan_transformer,36,2012-03-01
2015-03-01,0.05346319543233884,0.02775765474382549,1.9260703372006376,0.17220230260041583,0.054388976341073716,-0.023158610072635977,gan_transformer,36,2012-04-01
2015-04-01,0.0459665086818418,0.02967272603059372,1.549116472630407,0.14604999302506783,0.04648864642974943,-0.023158610072635644,gan_transformer,36,2012-05-01
2015-05-01,0.05391070640418889,0.0313306991125134,1.7206991203926598,0.17340132631691743,0.05474835872644699,-0.023158610072635977,gan_transformer,36,2012-06-01
2015-06-01,0.0511419215452172,0.030683767795595198,1.6667419035989075,0.16380600751939547,0.051865469117541876,-0.023158610072635533,gan_transformer,36,2012-07-01
2015-07-01,0.059574622607255365,0.03548106747539427,1.6790538404339075,0.19293396230817772,0.060568688054127594,-0.023158610072635866,gan_transformer,36,2012-08-01
2015-08-01,0.05907920640503693,0.03560601953451487,1.6592477108475492,0.1911551355356253,0.06004127510323911,-0.023158610072635533,gan_transformer,36,2012-09-01
2015-09-01,0.0641773007508984,0.03586441738012346,1.7894421668889653,0.20938576454568283,0.0654218947668942,-0.023158610072635755,gan_transformer,36,2012-10-01
2015-10-01,0.06396682042335804,0.03584663568421541,1.784458128424168,0.2086286834446859,0.06519952867622807,-0.023158610072635977,gan_transformer,36,2012-11-01
2015-11-01,0.06615093907939842,0.036280606538034506,1.8233140344566616,0.21647499172912218,0.06749961822965603,-0.023158610072635533,gan_transformer,36,2012-12-01
2015-12-01,0.06962980111105069,0.03613128855531106,1.927133072059108,0.2291850065301753,0.07120457305859916,-0.023158610072635755,gan_transformer,36,2013-01-01
2016-01-01,0.07520101237956063,0.0375576289137344,2.00228327917848,0.24958410253138014,0.07709786190571696,-0.023158610072635866,gan_transformer,36,2013-02-01
2016-02-01,0.07124038291507513,0.038065591243505836,1.8715165215574858,0.2348427216715161,0.0728455778537334,-0.023158610072635755,gan_transformer,36,2013-03-01
2016-03-01,0.06544663004432547,0.03991412706152903,1.6396858671977763,0.2134212859107699,0.06660562497464095,-0.023158610072635533,gan_transformer,36,2013-04-01
2016-04-01,0.04980027874498783,0.049804985639657816,0.9999054935041235,0.15645950943850204,0.0496475035776443,-0.06613426446366655,gan_transformer,36,2013-05-01
2016-05-01,0.06492814659407345,0.05092433405607403,1.2749925511559852,0.2096990032894357,0.06551387054968293,-0.06613426446366655,gan_transformer,36,2013-06-01
2016-06-01,0.061809195289023566,0.05127921271862824,1.2053460264332427,0.19842674675829805,0.06219396857530748,-0.06613426446366644,gan_transformer,36,2013-07-01
2016-07-01,0.0598112691828243,0.051886146234665635,1.152740635473594,0.19118859295401147,0.06005119989846064,-0.06613426446366655,gan_transformer,36,2013-08-01
2016-08-01,0.05922349273179096,0.05199426518360489,1.1390389405958103,0.18908030764693803,0.05942543551714691,-0.06613426446366644,gan_transformer,36,2013-09-01
2016-09-01,0.05704287409903326,0.052207731488901676,1.092613535816231,0.1813248986511865,0.0571171514822822,-0.06613426446366666,gan_transformer,36,2013-10-01
2016-10-01,0.058641565785243696,0.05230418712430486,1.1211638878141357,0.1869592104476927,0.05879512154051521,-0.06613426446366655,gan_transformer,36,2013-11-01
2016-11-01,0.0535058204342051,0.05231635090278468,1.0227360951384148,0.16889280885787844,0.05339575106766731,-0.06613426446366666,gan_transformer,36,2013-12-01
2016-12-01,0.05596372953755972,0.05221257156455182,1.0718439613411923,0.17752340487015036,0.05598200155075286,-0.06613426446366666,gan_transformer,36,2014-01-01
1992-01-01,,,,,,,gan_transformer,60,
1992-02-01,,,,,,,gan_transformer,60,
1992-03-01,,,,,,,gan_transformer,60,
1992-04-01,,,,,,,gan_transformer,60,
1992-05-01,,,,,,,gan_transformer,60,
1992-06-01,,,,,,,gan_transformer,60,
1992-07-01,,,,,,,gan_transformer,60,
1992-08-01,,,,,,,gan_transformer,60,
1992-09-01,,,,,,,gan_transformer,60,
1992-10-01,,,,,,,gan_transformer,60,
1992-11-01,,,,,,,gan_transformer,60,
1992-12-01,,,,,,,gan_transformer,60,
1993-01-01,,,,,,,gan_transformer,60,
1993-02-01,,,,,,,gan_transformer,60,
1993-03-01,,,,,,,gan_transformer,60,
1993-04-01,,,,,,,gan_transformer,60,
1993-05-01,,,,,,,gan_transformer,60,
1993-06-01,,,,,,,gan_transformer,60,
1993-07-01,,,,,,,gan_transformer,60,
1993-08-01,,,,,,,gan_transformer,60,
1993-09-01,,,,,,,gan_transformer,60,
1993-10-01,,,,,,,gan_transformer,60,
1993-11-01,,,,,,,gan_transformer,60,
1993-12-01,,,,,,,gan_transformer,60,
1994-01-01,,,,,,,gan_transformer,60,
1994-02-01,,,,,,,gan_transformer,60,
1994-03-01,,,,,,,gan_transformer,60,
1994-04-01,,,,,,,gan_transformer,60,
1994-05-01,,,,,,,gan_transformer,60,
1994-06-01,,,,,,,gan_transformer,60,
1994-07-01,,,,,,,gan_transformer,60,
1994-08-01,,,,,,,gan_transformer,60,
1994-09-01,,,,,,,gan_transformer,60,
1994-10-01,,,,,,,gan_transformer,60,
1994-11-01,,,,,,,gan_transformer,60,
1994-12-01,,,,,,,gan_transformer,60,
1995-01-01,,,,,,,gan_transformer,60,
1995-02-01,,,,,,,gan_transformer,60,
1995-03-01,,,,,,,gan_transformer,60,
1995-04-01,,,,,,,gan_transformer,60,
1995-05-01,,,,,,,gan_transformer,60,
1995-06-01,,,,,,,gan_transformer,60,
1995-07-01,,,,,,,gan_transformer,60,
1995-08-01,,,,,,,gan_transformer,60,
1995-09-01,,,,,,,gan_transformer,60,
1995-10-01,,,,,,,gan_transformer,60,
1995-11-01,,,,,,,gan_transformer,60,
1995-12-01,,,,,,,gan_transformer,60,
1996-01-01,,,,,,,gan_transformer,60,
1996-02-01,,,,,,,gan_transformer,60,
1996-03-01,,,,,,,gan_transformer,60,
1996-04-01,,,,,,,gan_transformer,60,
1996-05-01,,,,,,,gan_transformer,60,
1996-06-01,,,,,,,gan_transformer,60,
1996-07-01,,,,,,,gan_transformer,60,
1996-08-01,,,,,,,gan_transformer,60,
1996-09-01,,,,,,,gan_transformer,60,
1996-10-01,,,,,,,gan_transformer,60,
1996-11-01,,,,,,,gan_transformer,60,
1996-12-01,0.053527125220246066,0.029187355491358733,1.833914868926491,0.3033384660290565,0.05441467727014357,-0.025911651317914952,gan_transformer,60,1992-01-01
1997-01-01,0.05000233880236021,0.029585158928216018,1.6901156057225664,0.2805916453845225,0.05070822712523463,-0.025911651317914952,gan_transformer,60,1992-02-01
1997-02-01,0.05585181054836264,0.02890439134640252,1.9322949886406804,0.31856260501930883,0.05686654594952764,-0.02591165131791484,gan_transformer,60,1992-03-01
1997-03-01,0.056284660878780736,0.028921471826403766,1.9461202118834018,0.3214028686161573,0.057321465040604765,-0.02591165131791484,gan_transformer,60,1992-04-01
1997-04-01,0.054725268615418404,0.028791204286531372,1.9007634439598304,0.3112113801636213,0.055685464702986714,-0.02591165131791484,gan_transformer,60,1992-05-01
1997-05-01,0.056926080248085514,0.028952182308692734,1.9662103409384017,0.32562184152039836,0.05799576727191429,-0.025911651317914952,gan_transformer,60,1992-06-01
1997-06-01,0.05866829299912749,0.029111184179284325,2.015317983556167,0.33713361102951916,0.05982695555020031,-0.02591165131791484,gan_transformer,60,1992-07-01
1997-07-01,0.0585317440075526,0.02914251131661036,2.0084660299742683,0.3362193571927127,0.05968198634652004,-0.025911651317915063,gan_transformer,60,1992-08-01
1997-08-01,0.056909006759257454,0.029635473763209092,1.9203002190539311,0.3253770306934692,0.05795668705374224,-0.025911651317914952,gan_transformer,60,1992-09-01
1997-09-01,0.05463421207460118,0.029714918574813474,1.8386122087815322,0.3104411054747306,0.05556140248820961,-0.02591165131791484,gan_transformer,60,1992-10-01
1997-10-01,0.05407915050762217,0.02988877296706076,1.8093466254777562,0.306791758005373,0.05497283601545862,-0.025911651317914952,gan_transformer,60,1992-11-01
1997-11-01,0.05532578858062793,0.029952771048752654,1.847100840539156,0.3149130547997719,0.05628085287398215,-0.025911651317914952,gan_transformer,60,1992-12-01
1997-12-01,0.05818283413864132,0.03124369404296804,1.8622264722802973,0.33348493811580104,0.0592479274633535,-0.025911651317915063,gan_transformer,60,1993-01-01
1998-01-01,0.05511091400173452,0.03207521238057381,1.7181776802548052,0.31308130173038146,0.055986396182418956,-0.02591165131791484,gan_transformer,60,1993-02-01
1998-02-01,0.05723617755659072,0.032033618893705956,1.7867534026209138,0.3270521152784209,0.05822397276503233,-0.025911651317914952,gan_transformer,60,1993-03-01
1998-03-01,0.05644618510973511,0.03175914692568787,1.777320569781411,0.32190195005602174,0.0574013210524867,-0.02591165131791462,gan_transformer,60,1993-04-01
1998-04-01,0.055376475524990684,0.032011409045897846,1.729898094944589,0.31483038072080055,0.05626756998160276,-0.02591165131791484,gan_transformer,60,1993-05-01
1998-05-01,0.05809465597894192,0.03170789485008538,1.8321826867918192,0.33280119707570643,0.05913927983669369,-0.02591165131791473,gan_transformer,60,1993-06-01
1998-06-01,0.05893447386618937,0.03145986641806251,1.8733224446354437,0.3384346543352576,0.06003311960172318,-0.025911651317915063,gan_transformer,60,1993-07-01
1998-07-01,0.05888294288194579,0.03147149128529817,1.8709930949301028,0.33808908803726984,0.05997837661426158,-0.02591165131791484,gan_transformer,60,1993-08-01
1998-08-01,0.05522832024162536,0.031484960351224646,1.7541175096152593,0.3139702756388885,0.056129340909275315,-0.02591165131791473,gan_transformer,60,1993-09-01
1998-09-01,0.05516324031091045,0.031490868045729696,1.7517218080747963,0.31354352270478836,0.056060729789651494,-0.025911651317914952,gan_transformer,60,1993-10-01
1998-10-01,0.055333341620365455,0.03144547614609621,1.759659843065687,0.3146654329371536,0.05624106652674605,-0.025911651317914952,gan_transformer,60,1993-11-01
1998-11-01,0.060746251906926334,0.03199809018469604,1.8984336738940712,0.3504414963753617,0.061928202569573695,-0.025911651317915063,gan_transformer,60,1993-12-01
1998-12-01,0.0581524114298477,0.031462231647667614,1.848324431689152,0.333236923118323,0.0592085226060106,-0.02591165131791484,gan_transformer,60,1994-01-01
1999-01-01,0.05434077413371252,0.03217421188596331,1.6889543192639893,0.3080363283749113,0.05517370781027328,-0.02591165131791473,gan_transformer,60,1994-02-01
1999-02-01,0.05676776485859272,0.03149734331423464,1.8023032702233512,0.3240747521920891,0.05774870154718279,-0.025911651317914952,gan_transformer,60,1994-03-01
1999-03-01,0.05573022522851469,0.03199009803382573,1.7421086102826753,0.31715189070975386,0.05664030333988323,-0.02591165131791473,gan_transformer,60,1994-04-01
1999-04-01,0.05606578732328671,0.03200188808404882,1.751952484054602,0.3193509510065069,0.056992892216591595,-0.025911651317914952,gan_transformer,60,1994-05-01
1999-05-01,0.05627754171428119,0.0319703569178932,1.7603038295385347,0.32074869721931,0.057216757160290455,-0.02591165131791462,gan_transformer,60,1994-06-01
1999-06-01,0.05747869765907349,0.03223101426161248,1.7833350571139581,0.3286123854751327,0.05847269537970403,-0.025911651317914952,gan_transformer,60,1994-07-01
1999-07-01,0.0561381659974694,0.03218314123270002,1.7443345754089916,0.31978864269085605,0.057063013910852486,-0.02591165131791484,gan_transformer,60,1994-08-01
1999-08-01,0.052639836683139,0.031728559613460515,1.6590679603623446,0.2970988640838396,0.05340315752764729,-0.025911651317914952,gan_transformer,60,1994-09-01
1999-09-01,0.05339995006292947,0.031569350725640925,1.6915124586188437,0.30204892460909255,0.05420594410031401,-0.025911651317915174,gan_transformer,60,1994-10-01
1999-10-01,0.05189598213336711,0.03171134989557048,1.6365112902562393,0.2923079875854273,0.052623849607035034,-0.02591165131791473,gan_transformer,60,1994-11-01
1999-11-01,0.051000651171762584,0.031663049411020064,1.6107308714874513,0.28657002363411477,0.05168743606787836,-0.025911651317914952,gan_transformer,60,1994-12-01
1999-12-01,0.04905432414425066,0.03180216061858751,1.5424840070639643,0.27413374648948935,0.04964635915772918,-0.02591165131791484,gan_transformer,60,1995-01-01
2000-01-01,0.050617112882420656,0.03185815747864452,1.5888273801255086,0.28407597071786067,0.05127937427348983,-0.02591165131791484,gan_transformer,60,1995-02-01
2000-02-01,0.043979597472246126,0.03391178637029139,1.2968823580103317,0.2418976020937768,0.04428047419873613,-0.02591165131791484,gan_transformer,60,1995-03-01
2000-03-01,0.04569647212167343,0.03470982586199701,1.3165284177269654,0.25239690205472065,0.04604025266333892,-0.025911651317915063,gan_transformer,60,1995-04-01
2000-04-01,0.04389008250789435,0.034559017019112834,1.2700037875388923,0.2412099437628773,0.044164801655256464,-0.02591165131791484,gan_transformer,60,1995-05-01
2000-05-01,0.045799322544427194,0.03471583029766153,1.3192633490754286,0.2530373881140181,0.04614722149855592,-0.025911651317914952,gan_transformer,60,1995-06-01
2000-06-01,0.04495419981643157,0.03466010913810331,1.297001103987048,0.24778550333575436,0.04526879931970298,-0.02591165131791484,gan_transformer,60,1995-07-01
2000-07-01,0.04849957731410706,0.03536855928625981,1.371262451534136,0.2698601079295152,0.04894127780461417,-0.02591165131791462,gan_transformer,60,1995-08-01
2000-08-01,0.05141866502865627,0.03612748131532866,1.42325629013168,0.28828081032208913,0.05196697882274672,-0.02591165131791484,gan_transformer,60,1995-09-01
2000-09-01,0.056813756433606616,0.03723001326596328,1.5260203112940423,0.32308436801026613,0.05759041876910552,-0.02591165131791484,gan_transformer,60,1995-10-01
2000-10-01,0.05521280062350823,0.037096290131917065,1.4883644813852692,0.3126166202930454,0.05591164578411513,-0.025911651317914952,gan_transformer,60,1995-11-01
2000-11-01,0.05634043146808128,0.037537153870756595,1.5009244350827946,0.3198978090979172,0.057080500340078374,-0.025911651317915063,gan_transformer,60,1995-12-01
2000-12-01,0.06007211809067059,0.03999230861444155,1.502091781442646,0.3440178987208518,0.06091602758240868,-0.025911651317914952,gan_transformer,60,1996-01-01
2001-01-01,0.044081848900911595,0.05537779422626243,0.7960203095269938,0.23639330927384825,0.04335314441484818,-0.08151743289849978,gan_transformer,60,1996-02-01
2001-02-01,0.0547465609117252,0.0598060576528327,0.9154016007796852,0.3022320213469428,0.054235591344655915,-0.08151743289849966,gan_transformer,60,1996-03-01
2001-03-01,0.05967012907163409,0.06030003941313714,0.9895537325077465,0.3343388498163848,0.05938355293290881,-0.08151743289849966,gan_transformer,60,1996-04-01
2001-04-01,0.06276698540136383,0.05973458747353881,1.0507645244753434,0.35528497678131366,0.06268885237877819,-0.08151743289849955,gan_transformer,60,1996-05-01
2001-05-01,0.06865413271233006,0.05958220759343378,1.1522589626218556,0.3956137810688391,0.06893931346428842,-0.08151743289849966,gan_transformer,60,1996-06-01
2001-06-01,0.06833886822179393,0.05959052417363321,1.1468076371113975,0.3934246238693883,0.06860375560943371,-0.08151743289849966,gan_transformer,60,1996-07-01
2001-07-01,0.07099891390294735,0.06015657691506327,1.1802352717507956,0.41173960353257705,0.07139821783021012,-0.08151743289849966,gan_transformer,60,1996-08-01
2001-08-01,0.07508079053437666,0.060901928141088316,1.232814671490218,0.44035390889989035,0.07570662443521717,-0.08151743289849966,gan_transformer,60,1996-09-01
2001-09-01,0.07983024156868447,0.06151410168982922,1.2977551386706445,0.4744740731117985,0.0807554346252901,-0.08151743289849966,gan_transformer,60,1996-10-01
2001-10-01,0.06992124433212966,0.06354259118796561,1.1003839003873062,0.40272790545242515,0.07002687922453417,-0.08151743289849966,gan_transformer,60,1996-11-01
2001-11-01,0.06210298120297318,0.06503894722752504,0.9548583402760039,0.3485833310750259,0.061635805588904455,-0.08151743289849966,gan_transformer,60,1996-12-01
2001-12-01,0.059247431738117,0.06462806321164702,0.9167446584944178,0.32973430566425604,0.058651396254543436,-0.08151743289849966,gan_transformer,60,1997-01-01
2002-01-01,0.06546659216625202,0.06487171497079491,1.0091700550189693,0.3714091384474915,0.06520551874047312,-0.08151743289849966,gan_transformer,60,1997-02-01
2002-02-01,0.06953693997322952,0.06612586844515185,1.0515845252135627,0.39889015100921926,0.06944073535276248,-0.08151743289849978,gan_transformer,60,1997-03-01
2002-03-01,0.06896785378520096,0.06612843604148212,1.0429379237388536,0.3949369644815679,0.06883561482624267,-0.08151743289849966,gan_transformer,60,1997-04-01
2002-04-01,0.07583989953075171,0.06759652577381459,1.121949666237587,0.442717405749181,0.07605942135269145,-0.08151743289849955,gan_transformer,60,1997-05-01
2002-05-01,0.0760398212436159,0.06761556237599685,1.1245905316999865,0.4441420833510481,0.07627185832210447,-0.08151743289849966,gan_transformer,60,1997-06-01
2002-06-01,0.08092719087291401,0.06886885232327566,1.1750913242032202,0.47902005348507753,0.08142103400150515,-0.08151743289849966,gan_transformer,60,1997-07-01
2002-07-01,0.08494861921812953,0.06892732197335633,1.2324375412549204,0.508822706932296,0.08574451052340556,-0.08151743289849966,gan_transformer,60,1997-08-01
2002-08-01,0.086275593908791,0.06869607349608092,1.2559028415752607,0.5189160651614277,0.087193269420334,-0.08151743289849966,gan_transformer,60,1997-09-01
2002-09-01,0.08805224413048733,0.06856928827106261,1.2841353082506304,0.5324370438496832,0.08912199389988155,-0.08151743289849966,gan_transformer,60,1997-10-01
2002-10-01,0.08486411650925263,0.0695556761725726,1.2200890161530265,0.5078568099130558,0.08560546356632621,-0.08151743289849966,gan_transformer,60,1997-11-01
2002-11-01,0.07411681602407526,0.07321139805271784,1.012367172263333,0.4275693992266793,0.07379022465363666,-0.08151743289849966,gan_transformer,60,1997-12-01
2002-12-01,0.07518562480891126,0.07353403444324617,1.0224602169345105,0.4350072577085126,0.07490682280987818,-0.08151743289849955,gan_transformer,60,1998-01-01
2003-01-01,0.07655608509622529,0.07326469480199967,1.0449246434878452,0.4449550472882876,0.07639300613188535,-0.08151743289849978,gan_transformer,60,1998-02-01
2003-02-01,0.07429824373862659,0.07334364542091636,1.0130154195667778,0.42879403042015696,0.0739743902728362,-0.08151743289849955,gan_transformer,60,1998-03-01
2003-03-01,0.07246049206815298,0.07326506513750623,0.9890183258850147,0.41584445787844637,0.07202054611971442,-0.08151743289849966,gan_transformer,60,1998-04-01
2003-04-01,0.07405547325898165,0.0730982986881238,1.0130943481317076,0.4271985208193124,0.07373442533484245,-0.08151743289849978,gan_transformer,60,1998-05-01
2003-05-01,0.07118688428670095,0.073304319904603,0.9711144497260509,0.406890067069633,0.07066112172839928,-0.08151743289849966,gan_transformer,60,1998-06-01
2003-06-01,0.07066382277608924,0.07337257608009133,0.963082210701648,0.40320194202073617,0.07009919022888061,-0.08151743289849966,gan_transformer,60,1998-07-01
2003-07-01,0.07224859352234676,0.07327940679298882,0.9859331111460269,0.41434654333575527,0.07179361792302244,-0.08151743289849966,gan_transformer,60,1998-08-01
2003-08-01,0.07190859217616058,0.0733320703443728,0.9805885997555032,0.4119312810034785,0.07142730984518841,-0.08151743289849978,gan_transformer,60,1998-09-01
2003-09-01,0.07371679486723597,0.07333284421143388,1.0052357256824114,0.4246764511587858,0.07335466747954622,-0.08151743289849966,gan_transformer,60,1998-10-01
2003-10-01,0.07703242767470883,0.07327131869903598,1.051331258157393,0.44837478876804054,0.07690201934682146,-0.08151743289849966,gan_transformer,60,1998-11-01
2003-11-01,0.07407548071689768,0.07295104130275551,1.0154136170514085,0.4274138640064106,0.07376682551407208,-0.08151743289849966,gan_transformer,60,1998-12-01
2003-12-01,0.07596741729646544,0.07304182400402198,1.040053672431323,0.4408492390387215,0.07578060023081691,-0.08151743289849966,gan_transformer,60,1999-01-01
2004-01-01,0.08125874657079414,0.07274362112210726,1.117056661702246,0.479384894136881,0.08147438113895618,-0.08151743289849966,gan_transformer,60,1999-02-01
2004-02-01,0.0836581262689504,0.07277478981564382,1.1495481674475008,0.497100712718366,0.08405222067104581,-0.08151743289849966,gan_transformer,60,1999-03-01
2004-03-01,0.08636560272340456,0.0722783650730588,1.1949025498308712,0.5176341092383846,0.087009690532366,-0.08151743289849966,gan_transformer,60,1999-04-01
2004-04-01,0.0852124993210791,0.07233275590658464,1.178062390310805,0.5089417185333892,0.08576163806467253,-0.08151743289849955,gan_transformer,60,1999-05-01
2004-05-01,0.08535532694622991,0.07232031009133755,1.1802400575775969,0.5100188293555759,0.08591660121785162,-0.08151743289849955,gan_transformer,60,1999-06-01
2004-06-01,0.08513895732207999,0.07229917304889916,1.17759240848435,0.5084088984038877,0.08568494890188692,-0.08151743289849955,gan_transformer,60,1999-07-01
2004-07-01,0.08621451120086698,0.07227063503985123,1.192939720999087,0.5165002790738527,0.08684722016464849,-0.08151743289849966,gan_transformer,60,1999-08-01
2004-08-01,0.0879688034301871,0.07219940714610308,1.2184144843762081,0.529803013601303,0.08874732862719636,-0.08151743289849966,gan_transformer,60,1999-09-01
2004-09-01,0.09141964102836879,0.0722396486553878,1.265505061693714,0.5562067180050337,0.09247990456117733,-0.08151743289849966,gan_transformer,60,1999-10-01
2004-10-01,0.09253777725756984,0.07212766243859456,1.2829720821238495,0.564927554351534,0.09370160007907613,-0.08151743289849966,gan_transformer,60,1999-11-01
2004-11-01,0.09357470404509666,0.07210747668485937,1.2977115321072497,0.5730107504583285,0.09482911495032814,-0.08151743289849966,gan_transformer,60,1999-12-01
2004-12-01,0.09467675056184596,0.0719842851385964,1.3152419362025776,0.5817041807639773,0.09603658915994116,-0.08151743289849966,gan_transformer,60,2000-01-01
2005-01-01,0.0954466693574838,0.07201854001857502,1.3253069186471451,0.5877375894783752,0.09687148230326291,-0.08151743289849966,gan_transformer,60,2000-02-01
2005-02-01,0.10285966555653833,0.07071420899675805,1.4545827071508923,0.6479617772338739,0.10506907856967096,-0.08151743289849955,gan_transformer,60,2000-03-01
2005-03-01,0.0979650910552222,0.0704803599518667,1.3899629786528571,0.6085757797687303,0.09973565328874845,-0.08151743289849978,gan_transformer,60,2000-04-01
2005-04-01,0.09744914406337049,0.0705339531883262,1.3815919802932428,0.604434810999003,0.09916885778710502,-0.08151743289849978,gan_transformer,60,2000-05-01
2005-05-01,0.09523456336667033,0.0706033033655549,1.3488683790556493,0.5868685254942154,0.09675137929832164,-0.08151743289849966,gan_transformer,60,2000-06-01
2005-06-01,0.09604605265387649,0.07058047739338512,1.3608019696233737,0.5932817908477048,0.09763644499149408,-0.08151743289849978,gan_transformer,60,2000-07-01
2005-07-01,0.0927515799152864,0.07040984039571853,1.3173099014853953,0.5675450778324261,0.09406722418630487,-0.08151743289849966,gan_transformer,60,2000-08-01
2005-08-01,0.09028842328871019,0.07016557002193265,1.286790989661845,0.5486320713951212,0.09141432533772124,-0.08151743289849978,gan_transformer,60,2000-09-01
2005-09-01,0.08570141692605071,0.06972667542315308,1.229105165361048,0.5139970957268407,0.08648818615065776,-0.08151743289849966,gan_transformer,60,2000-10-01
2005-10-01,0.0843846995638899,0.06985137198826517,1.2080607318359657,0.504066996051015,0.08505920677131588,-0.08151743289849966,gan_transformer,60,2000-11-01
2005-11-01,0.08276965945515431,0.06959531561968275,1.1892992900192496,0.49218346427598686,0.08333916627282152,-0.08151743289849966,gan_transformer,60,2000-12-01
2005-12-01,0.07516464239150206,0.0680381325938695,1.104742877647331,0.43760879469791486,0.07529628205386414,-0.08151743289849966,gan_transformer,60,2001-01-01
2006-01-01,0.09373932270459402,0.05535807037390495,1.693327134985931,0.5829742307620502,0.09621254802804083,-0.06567285592109551,gan_transformer,60,2001-02-01
2006-02-01,0.08396842866443999,0.051164052086768656,1.6411606438449924,0.5096492474507821,0.08586343970554303,-0.06567285592109551,gan_transformer,60,2001-03-01
2006-03-01,0.08079735530333237,0.0506464866603995,1.5953200435225416,0.48625367551122844,0.0824767779302496,-0.0656728559210954,gan_transformer,60,2001-04-01
2006-04-01,0.08027183909812977,0.05071015443313306,1.5829539467085836,0.482355771824175,0.0819083926481328,-0.0656728559210954,gan_transformer,60,2001-05-01
2006-05-01,0.07474061680426258,0.050888432889692255,1.4687152376311772,0.442110139542634,0.07596881946927213,-0.0656728559210954,gan_transformer,60,2001-06-01
2006-06-01,0.07485294597467793,0.05088268408404176,1.4710887863353481,0.4429173920309454,0.07608925189202088,-0.06567285592109551,gan_transformer,60,2001-07-01
2006-07-01,0.07060493953953928,0.05016667092195209,1.4074073133013842,0.4130230236528131,0.0715929498149268,-0.06567285592109551,gan_transformer,60,2001-08-01
2006-08-01,0.06714822968722327,0.04926539992283189,1.362989639633548,0.38925099292055354,0.06796284390205336,-0.06567285592109551,gan_transformer,60,2001-09-01
2006-09-01,0.06300376756532021,0.04837972542140507,1.302276253462259,0.36119798409636583,0.06361452477702684,-0.0656728559210954,gan_transformer,60,2001-10-01
2006-10-01,0.0714706935209887,0.04553645887814688,1.569526820525075,0.4206877997372956,0.07275298137174338,-0.06567285592109551,gan_transformer,60,2001-11-01
2006-11-01,0.07741866007042542,0.04316492439992645,1.7935548630442482,0.4640822351526231,0.07922772628988571,-0.06567285592109551,gan_transformer,60,2001-12-01
2006-12-01,0.07863249786081043,0.04327105523809862,1.8172077715261565,0.47290410130794486,0.08052518592683584,-0.06567285592109551,gan_transformer,60,2002-01-01
2007-01-01,0.07468419959987603,0.042625501218596464,1.7521013821485136,0.4444883272474776,0.07632346222351835,-0.06567285592109551,gan_transformer,60,2002-02-01
2007-02-01,0.06855672130611744,0.04045790188316525,1.6945199359100789,0.40177008094078936,0.06988071003289445,-0.06567285592109529,gan_transformer,60,2002-03-01
2007-03-01,0.06964922412312041,0.04048550732130921,1.7203495455881594,0.4093963834866268,0.0710423178848034,-0.0656728559210954,gan_transformer,60,2002-04-01
2007-04-01,0.0652464891299529,0.038148445865858624,1.710331512832243,0.3794917460590839,0.0664581591945308,-0.06567285592109551,gan_transformer,60,2002-05-01
2007-05-01,0.06610238106585616,0.0383706415725176,1.722733276193145,0.3853179374823536,0.06735746420084703,-0.0656728559210954,gan_transformer,60,2002-06-01
2007-06-01,0.05816252902935848,0.03597166426243615,1.6168984733379546,0.3322461371771595,0.05905104706805473,-0.06567285592109551,gan_transformer,60,2002-07-01
2007-07-01,0.05320199138302106,0.035843840458835756,1.4842715150492864,0.29978605565029176,0.05383926202773565,-0.06567285592109551,gan_transformer,60,2002-08-01
2007-08-01,0.05459204216068718,0.035744573592933225,1.527281952846687,0.3088338310377989,0.05530234318139359,-0.06567285592109551,gan_transformer,60,2002-09-01
2007-09-01,0.055627973090832894,0.0358835551081435,1.5502358370898581,0.31556730002934963,0.05638594411318792,-0.06567285592109551,gan_transformer,60,2002-10-01
2007-10-01,0.062157095512576456,0.033877316199380975,1.8347703562690194,0.3594868714988055,0.06334698397123821,-0.044525339292288635,gan_transformer,60,2002-11-01
2007-11-01,0.07164331814889591,0.02543793191341002,2.816397118789675,0.42697372209010664,0.07370059831781316,-0.011932576361361025,gan_transformer,60,2002-12-01
2007-12-01,0.06749412290083952,0.022884074357331093,2.949392745668004,0.39826104769486,0.06934452911829189,-0.011932576361361025,gan_transformer,60,2003-01-01
2008-01-01,0.06539562678783671,0.024260380857077497,2.6955729661910395,0.38352088669275547,0.06708040265883652,-0.015169100741697417,gan_transformer,60,2003-02-01
2008-02-01,0.06862657756143431,0.024336288546733725,2.8199278386122266,0.4059143720857803,0.07051257727297751,-0.015169100741697417,gan_transformer,60,2003-03-01
2008-03-01,0.06915997209061021,0.024341709573870038,2.841212605907146,0.4096465341060274,0.07108033456815002,-0.015169100741697417,gan_transformer,60,2003-04-01
2008-04-01,0.07097105500537722,0.02442560570629439,2.905600616777672,0.4223803892752293,0.07300847252132016,-0.015169100741697417,gan_transformer,60,2003-05-01
2008-05-01,0.07375681492423934,0.02379673947463923,3.0994504521446635,0.4423195930473656,0.07600007260899587,-0.015169100741697528,gan_transformer,60,2003-06-01
2008-06-01,0.07071520712513812,0.026064888874730126,2.7130446427376254,0.42027523718487064,0.07269066942307488,-0.02017544417310624,gan_transformer,60,2003-07-01
2008-07-01,0.07538235137818469,0.02799631656408439,2.692581047425731,0.45323362782743143,0.07762358484088332,-0.020175444173106127,gan_transformer,60,2003-08-01
2008-08-01,0.07796348562163119,0.02742491078574978,2.842798149124397,0.4721055502725238,0.08040799680521647,-0.020175444173106127,gan_transformer,60,2003-09-01
2008-09-01,0.0767783879991566,0.027372604364655467,2.8049354375024587,0.4634742672430624,0.07913808039136311,-0.020175444173106127,gan_transformer,60,2003-10-01
2008-10-01,0.06639283895976068,0.03373542364162874,1.9680452116164755,0.3884701595744519,0.06784276645784822,-0.03871765292441609,gan_transformer,60,2003-11-01
2008-11-01,0.06345009085402654,0.03425001844874592,1.8525563993192475,0.36817901086791444,0.06470326221278211,-0.046303145635858134,gan_transformer,60,2003-12-01
2008-12-01,0.063528570979642,0.034271527183081144,1.853683690261816,0.36870821995306924,0.06478561451879565,-0.046303145635858245,gan_transformer,60,2004-01-01
2009-01-01,0.05378185213092276,0.0379384143674085,1.4176093816172972,0.3030353353566786,0.05436562551912391,-0.06411567875002777,gan_transformer,60,2004-02-01
2009-02-01,0.0447702553317353,0.04087032981065732,1.095421924392228,0.2451232541856774,0.044822385427168675,-0.09335535679461615,gan_transformer,60,2004-03-01
2009-03-01,0.042547605306321394,0.041337519943721986,1.0292732937110607,0.23129356385872676,0.04249101811688616,-0.10292791426298165,gan_transformer,60,2004-04-01
2009-04-01,0.035480753805883725,0.044635736128387705,0.7948956796372504,0.18782391880833096,0.03502398327247773,-0.13385762818534863,gan_transformer,60,2004-05-01
2009-05-01,0.037046103518895625,0.044707677189473646,0.828629574332215,0.19710993113423886,0.036637241014731196,-0.13385762818534874,gan_transformer,60,2004-06-01
2009-06-01,0.034907133183235475,0.0444542771210173,0.7852367745899509,0.18447913664791718,0.03444042275189467,-0.13385762818534852,gan_transformer,60,2004-07-01
2009-07-01,0.034656764917026836,0.04442956678515328,0.7800383263833183,0.1830079944068603,0.034183336651664446,-0.1338576281853484,gan_transformer,60,2004-08-01
2009-08-01,0.024790568712316118,0.04834970085411533,0.5127346865519654,0.12515299415556222,0.02386410130727233,-0.1535141743314945,gan_transformer,60,2004-09-01
2009-09-01,0.023243264365306236,0.0479939944357203,0.4842952673263442,0.11659325794638517,0.022301505225671973,-0.15351417433149417,gan_transformer,60,2004-10-01
2009-10-01,0.02441279730754354,0.048095475946648654,0.5075903050553895,0.12310169396881412,0.023490501285923296,-0.15351417433149395,gan_transformer,60,2004-11-01
2009-11-01,0.025484647253889117,0.048307696643687746,0.5275483830632842,0.12906732519669023,0.024575502796829535,-0.15351417433149417,gan_transformer,60,2004-12-01
2009-12-01,0.02683281211394864,0.0484118438055963,0.5542613130311476,0.13665884676630677,0.025949601898198903,-0.1535141743314944,gan_transformer,60,2005-01-01
2010-01-01,0.02174218239726272,0.048590323787325466,0.4474590968445873,0.10809999499553688,0.020741543398137663,-0.15351417433149417,gan_transformer,60,2005-02-01
2010-02-01,0.020440437553572197,0.048342519246833596,0.4228252451885,0.1009889265561924,0.019428075773179773,-0.15351417433149483,gan_transformer,60,2005-03-01
2010-03-01,0.020214985512105203,0.04835535842242583,0.41805057746671703,0.09974720991022581,0.01919802582024031,-0.1535141743314944,gan_transformer,60,2005-04-01
2010-04-01,0.01615018982063064,0.049366022391831604,0.3271519364562567,0.077385429179574,0.015019111543017629,-0.1535141743314946,gan_transformer,60,2005-05-01
2010-05-01,0.014129214160030478,0.049612346186445694,0.28479229962098906,0.06650165150884521,0.012960023985104794,-0.1535141743314945,gan_transformer,60,2005-06-01
2010-06-01,0.01297838149489802,0.04951932126829816,0.2620872249960879,0.060413610929006545,0.011800893749091722,-0.1535141743314945,gan_transformer,60,2005-07-01
2010-07-01,0.012886974726388962,0.049515674710471136,0.2602605094597194,0.05993055126810913,0.011708694011997306,-0.15351417433149417,gan_transformer,60,2005-08-01
2010-08-01,0.012227378478323038,0.04943910311411572,0.2473220124988859,0.056464173586682646,0.011046091900813041,-0.1535141743314945,gan_transformer,60,2005-09-01
2010-09-01,0.01659412043778092,0.050511575359951245,0.32852114232290963,0.07947185237430154,0.01541193676508973,-0.1535141743314944,gan_transformer,60,2005-10-01
2010-10-01,0.018510837749903582,0.05053111429366582,0.36632554038540077,0.08984625866113957,0.01735622672890305,-0.1535141743314944,gan_transformer,60,2005-11-01
2010-11-01,0.015698638347845,0.05022266027533831,0.31258078050385096,0.0747332355787617,0.01451888538057145,-0.1535141743314946,gan_transformer,60,2005-12-01
2010-12-01,0.016331997654622718,0.0502467109416735,0.32503615358189186,0.07813106081177494,0.015159566557526122,-0.15351417433149428,gan_transformer,60,2006-01-01
2011-01-01,0.01311139383604754,0.050113365263715376,0.26163467105133437,0.060964834878726025,0.011906062703543642,-0.1535141743314944,gan_transformer,60,2006-02-01
2011-02-01,0.009375992343527,0.0504429859319799,0.18587306382239352,0.0412642149747059,0.008119902278716572,-0.1535141743314946,gan_transformer,60,2006-03-01
2011-03-01,0.009499577042070698,0.05045956599775766,0.18826117217284116,0.04190300787630387,0.00824356385459349,-0.1535141743314945,gan_transformer,60,2006-04-01
2011-04-01,0.01085272192079726,0.050507610322635704,0.2148730033250743,0.04895747367805926,0.00960519434477609,-0.1535141743314945,gan_transformer,60,2006-05-01
2011-05-01,0.01360968409459476,0.05033628328171362,0.27037522850915263,0.06354856920802855,0.012398435920999238,-0.15351417433149428,gan_transformer,60,2006-06-01
2011-06-01,0.01385870575257834,0.05035303995879964,0.27523076588658696,0.06486764521440293,0.012649438743984503,-0.15351417433149417,gan_transformer,60,2006-07-01
2011-07-01,0.011757101600481698,0.05045163286692883,0.23303708784792387,0.053722094632875826,0.010520707118240514,-0.15351417433149428,gan_transformer,60,2006-08-01
2011-08-01,0.01120223647742798,0.050366694006579574,0.22241357504950773,0.05082784388878934,0.009964978253803157,-0.1535141743314944,gan_transformer,60,2006-09-01
2011-09-01,0.010492358068761358,0.0503269802867554,0.20848375978406639,0.04711842810838123,0.009250935290279762,-0.15351417433149428,gan_transformer,60,2006-10-01
2011-10-01,0.012591123504472997,0.05096048342075344,0.24707621787091044,0.057987135987639514,0.011337421812177305,-0.1535141743314944,gan_transformer,60,2006-11-01
2011-11-01,0.01637273996793394,0.051816879563841185,0.31597309806666074,0.07792404932456516,0.015120579491587962,-0.1535141743314946,gan_transformer,60,2006-12-01
2011-12-01,0.015427774063517499,0.05164099836963162,0.2987504996144704,0.07289796652274443,0.014172159670346022,-0.15351417433149428,gan_transformer,60,2007-01-01
2012-01-01,0.01579431675009008,0.05166338745542132,0.305715856586417,0.07485734567358056,0.014542315607751719,-0.15351417433149417,gan_transformer,60,2007-02-01
2012-02-01,0.014347338853264398,0.05165017358377314,0.2777791023295201,0.0671222164452367,0.013077878695592656,-0.15351417433149428,gan_transformer,60,2007-03-01
2012-03-01,0.013260774406368001,0.051531267503065456,0.25733452812079877,0.06137935994830744,0.011985121853929345,-0.15351417433149417,gan_transformer,60,2007-04-01
2012-04-01,0.011774455617743162,0.05122098771016933,0.22987560654566366,0.05361189154714898,0.010499569256617386,-0.1535141743314944,gan_transformer,60,2007-05-01
2012-05-01,0.007987652043713519,0.05068181057357645,0.15760392048578414,0.034006758254260895,0.006710678793586008,-0.15351417433149417,gan_transformer,60,2007-06-01
2012-06-01,0.011830882884864537,0.05108524734089208,0.23159098762734776,0.05394499687584244,0.010563456202918636,-0.1535141743314945,gan_transformer,60,2007-07-01
2012-07-01,0.01535495372392386,0.05114326825054182,0.30023411192070587,0.07264370313447181,0.01412408589154896,-0.1535141743314945,gan_transformer,60,2007-08-01
2012-08-01,0.013617349097176299,0.051148051609967826,0.2662339750693949,0.06337469879914621,0.012365332093486222,-0.15351417433149428,gan_transformer,60,2007-09-01
2012-09-01,0.011079871940797618,0.050918612901452595,0.21759964204526736,0.05004306246459652,0.009814080342642114,-0.1535141743314944,gan_transformer,60,2007-10-01
2012-10-01,0.010714186253890019,0.05085616276513866,0.2106762616631091,0.04814310737065034,0.009448382668676527,-0.15351417433149417,gan_transformer,60,2007-11-01
2012-11-01,0.011995234186566778,0.05098603004891151,0.2352651142883571,0.054837263470876196,0.010734506271743978,-0.1535141743314944,gan_transformer,60,2007-12-01
2012-12-01,0.00971314600947644,0.050820783457986025,0.19112546774306183,0.04292376264620095,0.008441042188814217,-0.15351417433149428,gan_transformer,60,2008-01-01
2013-01-01,0.014169108366271381,0.05037832815724133,0.2812540408654813,0.06651780823747118,0.012963093088846033,-0.15351417433149428,gan_transformer,60,2008-02-01
2013-02-01,0.01276125251535604,0.05010959121080568,0.25466686530470417,0.05911564286297118,0.011553079367303383,-0.15351417433149428,gan_transformer,60,2008-03-01
2013-03-01,0.011686050236371578,0.0500319572489192,0.2335717185364365,0.053463211949560295,0.010471048479340519,-0.15351417433149417,gan_transformer,60,2008-04-01
2013-04-01,0.009369534273276059,0.04980794193132478,0.18811325884925695,0.041400068620196635,0.008146206767992546,-0.1535141743314944,gan_transformer,60,2008-05-01
2013-05-01,0.005022206207965099,0.050148588433923384,0.10014651189200352,0.018933195127869246,0.0037582832704393413,-0.15351417433149428,gan_transformer,60,2008-06-01
2013-06-01,0.00988623863191576,0.04930379315880006,0.20051679594050056,0.044224070261933576,0.008692379850195456,-0.15351417433149428,gan_transformer,60,2008-07-01
2013-07-01,0.002576851135193599,0.04777554177821476,0.05393661776052577,0.007134310564863615,0.001422807585412726,-0.1535141743314944,gan_transformer,60,2008-08-01
2013-08-01,0.0004927587034897997,0.04771575889831361,0.010326959370800554,-0.003290567129118164,-0.0006589813665613303,-0.1535141743314944,gan_transformer,60,2008-09-01
2013-09-01,0.00015694531085695972,0.04768881399445802,0.003291029860277056,-0.004956289894526594,-0.0009932290280339504,-0.15351417433149428,gan_transformer,60,2008-10-01
2013-10-01,0.009015468717914438,0.04442810512734008,0.20292264754650804,0.04089193577938966,0.008047806120173263,-0.12542700705065024,gan_transformer,60,2008-11-01
2013-11-01,0.013044177830667057,0.044542359805613836,0.2928488272195909,0.06202595879173816,0.012108393332360634,-0.12542700705065002,gan_transformer,60,2008-12-01
2013-12-01,0.009802364763010201,0.044116728040212695,0.22219156312034924,0.04506385067508613,0.008854568745336374,-0.12542700705065013,gan_transformer,60,2009-01-01
2014-01-01,0.01312805516800532,0.04213457742677174,0.311574387824854,0.06303583800878632,0.012300802694261708,-0.09552301876589342,gan_transformer,60,2009-02-01
2014-02-01,0.01844190146972846,0.03962938773203045,0.46535923276005575,0.09219076584760899,0.017793563494303638,-0.06635324874825299,gan_transformer,60,2009-03-01
2014-03-01,0.021934060306148383,0.03931885434621544,0.5578509514293515,0.11146478341758595,0.0213606960439116,-0.05639040705067955,gan_transformer,60,2009-04-01
2014-04-01,0.030379675554399497,0.035824731169691156,0.8480084724292823,0.1600758401087549,0.030142432309699534,-0.04062050363508285,gan_transformer,60,2009-05-01
2014-05-01,0.03086826675738366,0.035929020019552727,0.8591458030468132,0.16288460811547442,0.030640784718685758,-0.04062050363508285,gan_transformer,60,2009-06-01
2014-06-01,0.03132143806307032,0.03594760352001095,0.8713080983447091,0.1655118346214697,0.031106055843100958,-0.04062050363508285,gan_transformer,60,2009-07-01
2014-07-01,0.03229892092937658,0.03612261059990361,0.8941469177607767,0.17117049391069727,0.03210533863735681,-0.04062050363508285,gan_transformer,60,2009-08-01
2014-08-01,0.0415435002404057,0.03040112582574852,1.3665119008592779,0.2275974790543132,0.04186439743185866,-0.03660447286041946,gan_transformer,60,2009-09-01
2014-09-01,0.04042395041214544,0.03029070214610971,1.334533290682968,0.22078838944475543,0.040706047022058864,-0.03660447286041946,gan_transformer,60,2009-10-01
2014-10-01,0.042508984272426,0.031027586711754325,1.3700383683505144,0.2334008145718231,0.04284760044671723,-0.03660447286041968,gan_transformer,60,2009-11-01
2014-11-01,0.0428898878620666,0.03117084339445528,1.3759617383242162,0.2357167255959049,0.04323892990546657,-0.03660447286041957,gan_transformer,60,2009-12-01
2014-12-01,0.0428583745601553,0.031165146447980543,1.375202090954155,0.23552380947265397,0.043206354449479505,-0.03660447286041957,gan_transformer,60,2010-01-01
2015-01-01,0.04789312069466377,0.030578440152951154,1.566238187922792,0.26701716799021913,0.04847118647487102,-0.03198755797779429,gan_transformer,60,2010-02-01
2015-02-01,0.045804036397541506,0.030673752218621873,1.4932648627752203,0.25388415101445533,0.04628857391347059,-0.03198755797779418,gan_transformer,60,2010-03-01
2015-03-01,0.04895318349816344,0.030909143962179295,1.5837767476855065,0.27365957586892414,0.04956822205901143,-0.030413863464731072,gan_transformer,60,2010-04-01
2015-04-01,0.05022474929311582,0.030001080530407932,1.6740980126435767,0.28192925706465116,0.05092763395368864,-0.023158610072635866,gan_transformer,60,2010-05-01
2015-05-01,0.0566780183012211,0.030397723634788293,1.8645481149238636,0.32370275808590304,0.05768926071759039,-0.023158610072635755,gan_transformer,60,2010-06-01
2015-06-01,0.05772001164542113,0.030401060161477308,1.8986183816892352,0.33058366184194266,0.05878660258144191,-0.023158610072635755,gan_transformer,60,2010-07-01
2015-07-01,0.06437159824479827,0.03339676588270765,1.9274799982392583,0.37471147872213856,0.06571802630168064,-0.023158610072635644,gan_transformer,60,2010-08-01
2015-08-01,0.062390582648121515,0.03369752179429691,1.8514887542466316,0.3611645020497442,0.06360929227713874,-0.023158610072635866,gan_transformer,60,2010-09-01
2015-09-01,0.0604310579665734,0.03285095723520915,1.8395524225943805,0.34814587138095776,0.06156692098438525,-0.02315861007263531,gan_transformer,60,2010-10-01
2015-10-01,0.06068770489296435,0.03286942472903266,1.8463269556208741,0.34986422642645143,0.06183739906773821,-0.023158610072635533,gan_transformer,60,2010-11-01
2015-11-01,0.06387628918164642,0.033130477639526416,1.9280219825577949,0.37138671790321415,0.06520203580558416,-0.023158610072635755,gan_transformer,60,2010-12-01
2015-12-01,0.06477553546939487,0.03317694575159175,1.9524261200652286,0.3775231780070808,0.06615361299492022,-0.023158610072635533,gan_transformer,60,2011-01-01
2016-01-01,0.07048981452413945,0.03384243958378112,2.0828821855361,0.417068661629509,0.07220586561681872,-0.023158610072635866,gan_transformer,60,2011-02-01
2016-02-01,0.0721197195995394,0.03312662966056978,2.1770919752027362,0.42876728788787466,0.07397036995791069,-0.023158610072635755,gan_transformer,60,2011-03-01
2016-03-01,0.06745986411085042,0.03445078685750662,1.958151620451343,0.3957377852505217,0.06895830843779813,-0.023158610072635977,gan_transformer,60,2011-04-01
2016-04-01,0.0568500800987859,0.04161478510210636,1.3661029357546384,0.3221387144454847,0.057439196334203656,-0.06613426446366655,gan_transformer,60,2011-05-01
2016-05-01,0.06213417576301772,0.04323774709133865,1.43703545958953,0.3569041327692709,0.06294264953141117,-0.06613426446366655,gan_transformer,60,2011-06-01
2016-06-01,0.0600607956424833,0.043482580169118046,1.3812610799287237,0.3429093821430887,0.060740965749192556,-0.06613426446366666,gan_transformer,60,2011-07-01
2016-07-01,0.05865118988032336,0.043966848291150606,1.333986677687978,0.33338210284058334,0.05923158960916436,-0.06613426446366655,gan_transformer,60,2011-08-01
2016-08-01,0.056098753673049485,0.04419130394015055,1.2694523282007133,0.3164883291289517,0.05653381793778863,-0.06613426446366666,gan_transformer,60,2011-09-01
2016-09-01,0.05500422084289129,0.0443253374589757,1.240920520769846,0.3092976228168643,0.05537712290973795,-0.06613426446366677,gan_transformer,60,2011-10-01
2016-10-01,0.05277936598177474,0.04374724106755375,1.2064615892068193,0.2950391277344808,0.05306839318159572,-0.06613426446366666,gan_transformer,60,2011-11-01
2016-11-01,0.047688724454885215,0.04311597700839691,1.1060569135566092,0.2627952188174412,0.04777151103201133,-0.06613426446366655,gan_transformer,60,2011-12-01
2016-12-01,0.04717887035738064,0.04307618854572495,1.0952424518083983,0.259603431675671,0.04724131423521128,-0.06613426446366644,gan_transformer,60,2012-01-01
