architecture,seed,stage,epoch,sub_epoch,loss,validation_loss,validation_raw_sharpe
LSTM,42,1,0,4,0.03212098404765129,0.012719810009002686,0.2142809505710422
LSTM,42,1,1,4,0.0052266670390963554,0.16374458372592926,0.22067107611553372
LSTM,42,1,2,4,0.005720457993447781,0.0436672680079937,0.2578327950784105
LSTM,42,1,3,4,0.008054912090301514,0.008115231990814209,0.2174046328625283
LSTM,42,1,4,4,0.0005834581097587943,0.03609154745936394,0.2484402157480631
LSTM,42,1,5,4,0.0035834733862429857,0.046676281839609146,0.23625441436542097
LSTM,42,1,6,4,0.0007223731954582036,0.008175170049071312,0.24332423192703362
LSTM,42,1,7,4,0.0012713376199826598,0.01150560099631548,0.25292971098104206
LSTM,42,1,8,4,0.0014196560950949788,0.03423459082841873,0.23885377917939254
LSTM,42,1,9,4,0.0003489523660391569,0.012521693482995033,0.25716679019897887
LSTM,42,1,10,4,0.0011138881091028452,0.010098518803715706,0.26074457411439544
LSTM,42,1,11,4,0.0006486931233666837,0.026346703991293907,0.2483829875819513
LSTM,42,1,12,4,0.0002331281139049679,0.013878322206437588,0.26544721840175545
LSTM,42,1,13,4,0.0005067642778158188,0.01037363987416029,0.272412681031773
LSTM,42,1,14,4,0.00039624475175514817,0.019944144412875175,0.2604009202714636
LSTM,42,1,15,4,0.00020090326142963022,0.012545891106128693,0.27408860210958447
LSTM,42,2,0,0,0.00012326495198067278,,
LSTM,42,2,1,0,0.00015491832164116204,,
LSTM,42,2,2,0,0.000253798789344728,,
LSTM,42,2,3,0,0.00020478405349422246,,
LSTM,42,2,0,1,0.00021599400497507304,,
LSTM,42,2,1,1,0.0003242134116590023,,
LSTM,42,2,2,1,0.0002215169952251017,,
LSTM,42,2,3,1,0.0002649567322805524,,
LSTM,42,2,0,2,0.0004689823545049876,,
LSTM,42,2,1,2,0.0005108883487991989,,
LSTM,42,2,2,2,0.0004767259815707803,,
LSTM,42,2,3,2,0.00046339540858753026,,
LSTM,42,2,0,3,0.0005294045549817383,,
LSTM,42,2,1,3,0.0006032108794897795,,
LSTM,42,2,2,3,0.00046818790724501014,,
LSTM,42,2,3,3,0.0004960641381330788,,
LSTM,42,3,0,4,0.0004201860574539751,0.006946741137653589,0.19367586842836246
LSTM,42,3,1,4,0.0001665260933805257,0.051974810659885406,0.22181896337879722
LSTM,42,3,2,4,8.30453573144041e-05,0.006205385085195303,0.24258968878235881
LSTM,42,3,3,4,3.99313066736795e-05,0.017741240561008453,0.23085227076128753
LSTM,42,3,4,4,6.460615986725315e-05,0.012600704096257687,0.22912059889400885
LSTM,42,3,5,4,8.300969057017937e-05,0.007399729918688536,0.22959210080112397
LSTM,42,3,6,4,7.239264959935099e-05,0.01789955049753189,0.2146842265720484
LSTM,42,3,7,4,4.00817152694799e-05,0.006113029550760984,0.2316949630123142
LSTM,42,3,8,4,2.7108493668492883e-05,0.011469649150967598,0.22660129019589922
LSTM,42,3,9,4,2.74090125458315e-05,0.0061867996118962765,0.2407691573938651
LSTM,42,3,10,4,2.7044847229262814e-05,0.007247468456625938,0.24032572633161622
LSTM,42,3,11,4,4.1581377445254475e-05,0.006635795813053846,0.24343207595473412
LSTM,42,3,12,4,2.830665289366152e-05,0.005062857177108526,0.24838533703361418
LSTM,42,3,13,4,2.6210924261249602e-05,0.00632335664704442,0.24615676248131022
LSTM,42,3,14,4,3.5985834983875975e-05,0.0046043857000768185,0.25281374127407846
LSTM,42,3,15,4,2.7323625545250252e-05,0.005296408198773861,0.25393259427963555
LSTM,42,3,16,4,2.3751308617647737e-05,0.004119874443858862,0.26087796779161465
LSTM,42,3,17,4,2.0125642549828626e-05,0.004427673760801554,0.26326061112460053
LSTM,42,3,18,4,1.973131838894915e-05,0.003508615307509899,0.2681978331582393
LSTM,42,3,19,4,2.0502689949353226e-05,0.004855805542320013,0.26685636633505516
LSTM,42,3,20,4,1.7498199667898007e-05,0.0029438030906021595,0.273602495929029
LSTM,42,3,21,4,2.2521848222822882e-05,0.00502800103276968,0.2718904489461881
LSTM,42,3,22,4,2.152571323676966e-05,0.0030611008405685425,0.2804012874328813
LSTM,42,3,23,4,1.6360181689378805e-05,0.0036976588889956474,0.2800868748743415
LSTM,42,3,24,4,2.4148019292624667e-05,0.0031068783719092607,0.2849406742660233
LSTM,42,3,25,4,1.892639738798607e-05,0.002396710915490985,0.28988598408502936
LSTM,42,3,26,4,1.812118716770783e-05,0.0031698287930339575,0.2991706534288061
LSTM,42,3,27,4,1.4733470379724167e-05,0.002620541490614414,0.3094589625025554
LSTM,42,3,28,4,1.4277040463639423e-05,0.0025512531865388155,0.31690984901640185
LSTM,42,3,29,4,1.536894342279993e-05,0.002716995310038328,0.3216992315050393
LSTM,42,3,30,4,1.501022507000016e-05,0.002228252124041319,0.32588339185621257
LSTM,42,3,31,4,1.3496552128344774e-05,0.0022862935438752174,0.32903886022292894
LSTM,42,3,32,4,1.6734773453208618e-05,0.002404730999842286,0.33053865731882304
LSTM,42,3,33,4,1.1838344107673038e-05,0.002005247166380286,0.33058634864955416
LSTM,42,3,34,4,1.3413929082162213e-05,0.002412296598777175,0.3346129435432503
LSTM,42,3,35,4,1.3801370187138673e-05,0.002023853361606598,0.3355071166653664
LSTM,42,3,36,4,1.4121143067313824e-05,0.0025688782334327698,0.3408416456847718
LSTM,42,3,37,4,1.8368564269621857e-05,0.0022488837130367756,0.348525155724653
LSTM,42,3,38,4,1.3383314581005834e-05,0.0017754890723153949,0.34516371302975596
LSTM,42,3,39,4,1.4125086636340711e-05,0.0024986995849758387,0.3534697465362102
LSTM,42,3,40,4,1.2176982636447065e-05,0.0017723337514325976,0.3544637553171102
LSTM,42,3,41,4,1.667087599344086e-05,0.001732333330437541,0.36223692291558285
LSTM,42,3,42,4,1.2566630175570026e-05,0.0018310347804799676,0.3688388057507657
LSTM,42,3,43,4,1.4815049325989094e-05,0.002474801614880562,0.36746012012987384
LSTM,42,3,44,4,1.1141554750793148e-05,0.0016610592138022184,0.3614462279263676
LSTM,42,3,45,4,1.3435438631859142e-05,0.0019361492013558745,0.37320769632775197
LSTM,42,3,46,4,1.2246011465322226e-05,0.0020291197579354048,0.38069350469234264
LSTM,42,3,47,4,1.3694223525817506e-05,0.0015920751029625535,0.38668738384850704
LSTM,43,1,0,4,0.033737920224666595,0.07878825068473816,-0.12330197504258057
LSTM,43,1,1,4,0.01362720225006342,0.022222653031349182,0.06751458225057022
LSTM,43,1,2,4,0.0014430584851652384,0.025358393788337708,-0.11859382535884329
LSTM,43,1,3,4,0.006565223913639784,0.019558817148208618,-0.11782676128192024
LSTM,43,1,4,4,0.004655665252357721,0.007224565371870995,0.04735024833525894
LSTM,43,1,5,4,0.000667536340188235,0.009412631392478943,-0.11431029211665832
LSTM,43,1,6,4,0.0017408797284588218,0.010141518898308277,-0.12126419023688091
LSTM,43,1,7,4,0.001715470920316875,0.004662764724344015,0.017360485007803853
LSTM,43,1,8,4,0.00038343938649632037,0.004883295856416225,-0.10163716819374535
LSTM,43,1,9,4,0.0010764170438051224,0.005016662180423737,-0.10454826899174059
LSTM,43,1,10,4,0.0007660401752218604,0.003895300906151533,-0.008625019472279748
LSTM,43,1,11,4,0.00026670555234886706,0.003947476390749216,-0.09213967755769648
LSTM,43,1,12,4,0.0002619005390442908,0.003541479120030999,-0.08243764401400917
LSTM,43,1,13,4,0.0003525668871589005,0.0032984574791043997,-0.06096688702828801
LSTM,43,1,14,4,0.000227828262723051,0.0034529638942331076,-0.08296873307412721
LSTM,43,1,15,4,0.00020484355627559125,0.003386020427569747,-0.07759183596418216
LSTM,43,2,0,0,3.496995850582607e-05,,
LSTM,43,2,1,0,3.989262040704489e-05,,
LSTM,43,2,2,0,4.157740841037594e-05,,
LSTM,43,2,3,0,5.555359530262649e-05,,
LSTM,43,2,0,1,8.924193389248103e-05,,
LSTM,43,2,1,1,0.00010688285692594945,,
LSTM,43,2,2,1,7.603382255183533e-05,,
LSTM,43,2,3,1,9.644242527429014e-05,,
LSTM,43,2,0,2,9.087114449357614e-05,,
LSTM,43,2,1,2,0.0001159741950687021,,
LSTM,43,2,2,2,0.000132970220874995,,
LSTM,43,2,3,2,0.00012897749547846615,,
LSTM,43,2,0,3,0.00011071214248659089,,
LSTM,43,2,1,3,0.00017746492812875658,,
LSTM,43,2,2,3,0.00020279924501664937,,
LSTM,43,2,3,3,0.00016978512576315552,,
LSTM,43,3,0,4,0.0006385197630152106,0.0644286721944809,0.09421965165617377
LSTM,43,3,1,4,0.0001207989698741585,0.023777497932314873,-0.14155844662719183
LSTM,43,3,2,4,0.00017963707796297967,0.004246486816555262,-0.03512802985898201
LSTM,43,3,3,4,0.0003641925286501646,0.014103169552981853,0.03992200615740961
LSTM,43,3,4,4,0.00015615715528838336,0.010246583260595798,-0.1510662931731629
LSTM,43,3,5,4,3.341909541632049e-05,0.005073371808975935,-0.022301189798457136
LSTM,43,3,6,4,0.00012603496725205332,0.004781521391123533,-0.026038955112296123
LSTM,43,3,7,4,8.658379374537617e-05,0.005313024390488863,-0.14225967088780636
LSTM,43,3,8,4,3.67481516150292e-05,0.005052890162914991,-0.015172308674420239
LSTM,43,3,9,4,3.184794695698656e-05,0.0031589847058057785,-0.06286396984580994
LSTM,43,3,10,4,4.337566497270018e-05,0.0031327081378549337,-0.05371323547734336
LSTM,43,3,11,4,3.688066135509871e-05,0.0036149383522570133,-0.00954260670834506
LSTM,43,3,12,4,2.4714261599001475e-05,0.003024896839633584,-0.04152894723196641
LSTM,43,3,13,4,2.151131229766179e-05,0.002942814724519849,-0.019744036920046906
LSTM,43,3,14,4,1.9254917788202874e-05,0.0031326408497989178,0.007736302108104424
LSTM,43,3,15,4,2.558138658059761e-05,0.0027244901284575462,-0.011069948344916695
LSTM,43,3,16,4,2.5028313757502474e-05,0.0028052900452166796,0.012132093773535932
LSTM,43,3,17,4,2.4961260351119563e-05,0.003001691773533821,0.03020409876154037
LSTM,43,3,18,4,2.556983417889569e-05,0.0026572630740702152,0.004413048916598247
LSTM,43,3,19,4,2.7938562197959982e-05,0.002892428310588002,0.038307331444249096
LSTM,43,3,20,4,2.8097068934584968e-05,0.0026434410829097033,0.01906310528956291
LSTM,43,3,21,4,2.4921475414885208e-05,0.003441069507971406,0.06657173354355266
LSTM,43,3,22,4,1.5052302842377685e-05,0.0025767984334379435,0.035933949275179816
LSTM,43,3,23,4,1.9099157725577243e-05,0.0028234675992280245,0.0620955756397535
LSTM,43,3,24,4,1.58052771439543e-05,0.0024907854385674,0.05191914619117813
LSTM,43,3,25,4,2.097667493217159e-05,0.002436877228319645,0.05895661358975331
LSTM,43,3,26,4,1.4156675206322689e-05,0.0026479170192033052,0.09564961130387702
LSTM,43,3,27,4,1.7248870790353976e-05,0.0026176157407462597,0.1074155831891472
LSTM,43,3,28,4,2.2025109501555562e-05,0.0024896301329135895,0.10933695253731489
LSTM,43,3,29,4,1.3921566278440878e-05,0.002368020126596093,0.10917694179762194
LSTM,43,3,30,4,1.3678608411282767e-05,0.002322491491213441,0.11401138825371743
LSTM,43,3,31,4,1.418164811184397e-05,0.002422444522380829,0.13091084585309168
LSTM,43,3,32,4,1.2986123692826368e-05,0.002292470308020711,0.13181386674220114
LSTM,43,3,33,4,1.6389461961807683e-05,0.002605527639389038,0.15382567319447749
LSTM,43,3,34,4,1.3781292182102334e-05,0.002316930564120412,0.14638213121872987
LSTM,43,3,35,4,1.2524363228294533e-05,0.0025609941221773624,0.16063812690142287
LSTM,43,3,36,4,1.53039327415172e-05,0.00249080965295434,0.160499654602543
LSTM,43,3,37,4,1.4261579963203985e-05,0.0022297080140560865,0.14751239833024052
LSTM,43,3,38,4,1.1716487279045396e-05,0.0028721324633806944,0.17662840187463408
LSTM,43,3,39,4,2.3900500309537165e-05,0.0021734365727752447,0.15547551188397774
LSTM,43,3,40,4,1.633596002648119e-05,0.002474806271493435,0.17919678246901627
LSTM,43,3,41,4,1.4189111425366718e-05,0.0020696413703262806,0.16563691373501327
LSTM,43,3,42,4,1.1239004379604012e-05,0.0025017184671014547,0.20235139980616973
LSTM,43,3,43,4,1.2888151104561985e-05,0.0020760754123330116,0.203588345444482
LSTM,43,3,44,4,1.0552773346717004e-05,0.002154893707484007,0.21285961925152663
LSTM,43,3,45,4,1.0887903954426292e-05,0.002110791392624378,0.21767189425669864
LSTM,43,3,46,4,9.193965524900705e-06,0.0020066089928150177,0.21898082767662858
LSTM,43,3,47,4,9.12595623958623e-06,0.002033775672316551,0.2304528402548951
LSTM,44,1,0,4,0.005270038731396198,0.0033969199284911156,-0.03905870157638296
LSTM,44,1,1,4,0.004618414677679539,0.0034423773176968098,-0.038508916067601665
LSTM,44,1,2,4,0.005532911978662014,0.00964019913226366,-0.1041903653528035
LSTM,44,1,3,4,0.0017741828924044967,0.022801296785473824,0.07245631060510747
LSTM,44,1,4,4,0.0003353235370013863,0.005153646692633629,-0.05999924644262944
LSTM,44,1,5,4,0.0009671111474744976,0.0052429684437811375,0.011637196521528474
LSTM,44,1,6,4,0.0013694212539121509,0.009606542065739632,0.05420154202751679
LSTM,44,1,7,4,0.0010737088741734624,0.004766136407852173,-0.002791082668999385
LSTM,44,1,8,4,0.0003030923253390938,0.011616225354373455,0.07394809120239233
LSTM,44,1,9,4,0.00030146175413392484,0.005139515269547701,0.032450518173445006
LSTM,44,1,10,4,0.0003058991860598326,0.00722266873344779,0.062395346158243666
LSTM,44,1,11,4,0.0005572381778620183,0.008126577362418175,0.07175999385824464
LSTM,44,1,12,4,0.0005435766652226448,0.004779450595378876,0.03626805964997671
LSTM,44,1,13,4,0.0005625577759929001,0.012398608028888702,0.0899622793519871
LSTM,44,1,14,4,0.0002463231503497809,0.004960400518029928,0.04615384857558039
LSTM,44,1,15,4,0.00012860466085840017,0.008961504325270653,0.08324977810935828
LSTM,44,2,0,0,5.331671854946762e-05,,
LSTM,44,2,1,0,5.546006286749616e-05,,
LSTM,44,2,2,0,8.377272024517879e-05,,
LSTM,44,2,3,0,7.483053195755929e-05,,
LSTM,44,2,0,1,0.00010011733684223145,,
LSTM,44,2,1,1,9.491375385550782e-05,,
LSTM,44,2,2,1,0.00012155497097410262,,
LSTM,44,2,3,1,0.00013912233407609165,,
LSTM,44,2,0,2,0.00015163636999204755,,
LSTM,44,2,1,2,0.00020000842050649226,,
LSTM,44,2,2,2,0.00018698791973292828,,
LSTM,44,2,3,2,0.00019189885642845184,,
LSTM,44,2,0,3,0.00019087959663011134,,
LSTM,44,2,1,3,0.00020404053793754429,,
LSTM,44,2,2,3,0.0002594982215669006,,
LSTM,44,2,3,3,0.0002570167707744986,,
LSTM,44,3,0,4,0.0006542369374074042,0.03506068140268326,-0.10227645721736374
LSTM,44,3,1,4,0.00010411055700387806,0.04768412932753563,0.10423995804774042
LSTM,44,3,2,4,0.00022615068883169442,0.008263732306659222,0.06219481999634848
LSTM,44,3,3,4,0.0005591121735051274,0.0054650865495204926,-0.0030480921928070343
LSTM,44,3,4,4,0.00018279340292792767,0.029041709378361702,0.10735462213889516
LSTM,44,3,5,4,3.0751150916330516e-05,0.005576321389526129,0.051754167962369244
LSTM,44,3,6,4,0.00015197547327261418,0.0062927608378231525,0.062349560960045236
LSTM,44,3,7,4,0.00010316100087948143,0.01804400607943535,0.10082271097044777
LSTM,44,3,8,4,3.3518368582008407e-05,0.0056769344955682755,0.056852649010836795
LSTM,44,3,9,4,2.2228574380278587e-05,0.010505924001336098,0.08751266435960363
LSTM,44,3,10,4,4.811547842109576e-05,0.009301467798650265,0.08448883874720098
LSTM,44,3,11,4,2.9599692425108515e-05,0.006229693070054054,0.0663545623973594
LSTM,44,3,12,4,3.1379953725263476e-05,0.010121696628630161,0.08854698120784811
LSTM,44,3,13,4,2.3727516236249357e-05,0.006884559988975525,0.07634305596508162
LSTM,44,3,14,4,1.8642689610715024e-05,0.00808711163699627,0.08705174928166727
LSTM,44,3,15,4,1.756785059114918e-05,0.008378329686820507,0.09136684061581177
LSTM,44,3,16,4,1.7996582755586132e-05,0.0077943201176822186,0.0918831489328319
LSTM,44,3,17,4,1.9628652808023617e-05,0.008232717402279377,0.09750355342381846
LSTM,44,3,18,4,2.1014287995058112e-05,0.00781303271651268,0.0982936608378491
LSTM,44,3,19,4,1.728021197777707e-05,0.00753819989040494,0.09895925851244639
LSTM,44,3,20,4,1.6852683984325267e-05,0.00848015584051609,0.10510782752223657
LSTM,44,3,21,4,1.9776598492171615e-05,0.007158126216381788,0.09953343325636078
LSTM,44,3,22,4,1.6739553757361136e-05,0.007581459358334541,0.09976772847029142
LSTM,44,3,23,4,1.588183113199193e-05,0.007354929111897945,0.09760805818468904
LSTM,44,3,24,4,1.385752602800494e-05,0.008033983409404755,0.10075366465806794
LSTM,44,3,25,4,1.5510819139308296e-05,0.006483516190201044,0.09427249973652496
LSTM,44,3,26,4,1.4170838767313398e-05,0.008385010994970798,0.10576216742006424
LSTM,44,3,27,4,1.8371518308413215e-05,0.005906781647354364,0.09498827739847757
LSTM,44,3,28,4,1.7242591638932936e-05,0.007585911545902491,0.10843830595670241
LSTM,44,3,29,4,1.4502204066957347e-05,0.007216920610517263,0.11006045734639201
LSTM,44,3,30,4,1.584604979143478e-05,0.006370742805302143,0.10876323820876452
LSTM,44,3,31,4,1.426809740223689e-05,0.007911823689937592,0.11774994962781571
LSTM,44,3,32,4,1.2722744031634647e-05,0.006514169275760651,0.1130960244438481
LSTM,44,3,33,4,1.3107526683597825e-05,0.008979124948382378,0.12369865785695731
LSTM,44,3,34,4,1.6958287233137526e-05,0.006368950940668583,0.11469531999302932
LSTM,44,3,35,4,1.2528841580206063e-05,0.008826163597404957,0.12604128559968372
LSTM,44,3,36,4,1.8120495951734483e-05,0.005647245794534683,0.11598750336998148
LSTM,44,3,37,4,2.589437281130813e-05,0.008761030621826649,0.1318564602008021
LSTM,44,3,38,4,2.410821798548568e-05,0.006179566960781813,0.12627801978633343
LSTM,44,3,39,4,1.3821846550854389e-05,0.00755760632455349,0.13631198591507948
LSTM,44,3,40,4,1.1617044947342947e-05,0.0061422428116202354,0.13469261216482178
LSTM,44,3,41,4,1.1834782526420895e-05,0.006937918718904257,0.13945454051963052
LSTM,44,3,42,4,1.2430511560523883e-05,0.005796412471681833,0.13782034790014525
LSTM,44,3,43,4,1.7894673874252476e-05,0.007623150944709778,0.14530678505810476
LSTM,44,3,44,4,1.1380961041140836e-05,0.0047809770330786705,0.13274210580911414
LSTM,44,3,45,4,1.3615082934848033e-05,0.008298328146338463,0.14761683721520294
LSTM,44,3,46,4,2.2094727682997473e-05,0.005333169363439083,0.14046756228198423
LSTM,44,3,47,4,1.4683098925161175e-05,0.007697674911469221,0.15105433212877087
LSTM,45,1,0,4,0.24305744469165802,0.19191253185272217,0.01551438925859694
LSTM,45,1,1,4,0.08329033851623535,0.5859828591346741,-0.1569001519780385
LSTM,45,1,2,4,0.22925305366516113,0.7322861552238464,-0.15134266780231584
LSTM,45,1,3,4,0.07187381386756897,0.14567002654075623,-0.17606079204042988
LSTM,45,1,4,4,0.004752281121909618,0.03938957676291466,-0.053552829763999985
LSTM,45,1,5,4,0.046463530510663986,0.16321435570716858,0.025250707553512948
LSTM,45,1,6,4,0.04086732864379883,0.09471352398395538,0.003643108812768803
LSTM,45,1,7,4,0.006418807897716761,0.01379351131618023,-0.12624624023347514
LSTM,45,1,8,4,0.005704669747501612,0.03953481465578079,-0.18968880026473134
LSTM,45,1,9,4,0.014950690791010857,0.04966132715344429,-0.1872820904426028
LSTM,45,1,10,4,0.005399135872721672,0.017471328377723694,-0.18073910082004946
LSTM,45,1,11,4,0.0021596343722194433,0.013474958017468452,-0.10098340458427991
LSTM,45,1,12,4,0.0042406171560287476,0.021321022883057594,-0.0607328451490408
LSTM,45,1,13,4,0.0031071484554558992,0.01403961330652237,-0.08863625536820875
LSTM,45,1,14,4,0.001712262979708612,0.009252957068383694,-0.14449460596089916
LSTM,45,1,15,4,0.002325276378542185,0.011170309968292713,-0.16790176635739823
LSTM,45,2,0,0,0.00022562011145055294,,
LSTM,45,2,1,0,0.00031178948120214045,,
LSTM,45,2,2,0,0.00035221438156440854,,
LSTM,45,2,3,0,0.0004055000899825245,,
LSTM,45,2,0,1,0.0005289448890835047,,
LSTM,45,2,1,1,0.0005293556023389101,,
LSTM,45,2,2,1,0.0005250108661130071,,
LSTM,45,2,3,1,0.0007032103021629155,,
LSTM,45,2,0,2,0.000878375954926014,,
LSTM,45,2,1,2,0.0009112426196224988,,
LSTM,45,2,2,2,0.0007826786604709923,,
LSTM,45,2,3,2,0.0009723752154968679,,
LSTM,45,2,0,3,0.0008664474007673562,,
LSTM,45,2,1,3,0.0010170285822823644,,
LSTM,45,2,2,3,0.001087899669073522,,
LSTM,45,2,3,3,0.0010474104201421142,,
LSTM,45,3,0,4,0.0006410678615793586,0.038309093564748764,-0.18266857653409518
LSTM,45,3,1,4,0.0004134136252105236,0.020776256918907166,-0.05351442160212141
LSTM,45,3,2,4,0.00018162060587201267,0.023368414491415024,-0.18515967843063072
LSTM,45,3,3,4,0.00017471890896558762,0.00502950232475996,-0.14854721112364186
LSTM,45,3,4,4,0.00018530170200392604,0.0033261345233768225,-0.13484131748278624
LSTM,45,3,5,4,0.00014748670218978077,0.004242816474288702,-0.2061222573855544
LSTM,45,3,6,4,9.621321078157052e-05,0.0036455667577683926,-0.06148526867229374
LSTM,45,3,7,4,6.56477059237659e-05,0.0036462796851992607,-0.17399882526660945
LSTM,45,3,8,4,4.301155058783479e-05,0.0018530560191720724,-0.10218371347705253
LSTM,45,3,9,4,4.39301657024771e-05,0.0021609331015497446,-0.116075848194329
LSTM,45,3,10,4,4.488688500714488e-05,0.0022995213512331247,-0.11396888739948402
LSTM,45,3,11,4,3.575781374820508e-05,0.001786301494576037,-0.08112815689139684
LSTM,45,3,12,4,3.826771353487857e-05,0.002558592241257429,-0.11053412917555469
LSTM,45,3,13,4,4.0062284824671224e-05,0.0017133409855887294,-0.06763647620896998
LSTM,45,3,14,4,3.186078174621798e-05,0.0022769614588469267,-0.08796485507808594
LSTM,45,3,15,4,3.242040111217648e-05,0.0020617449190467596,-0.0732362511592957
LSTM,45,3,16,4,3.470880619715899e-05,0.0020198412239551544,-0.059184249177504776
LSTM,45,3,17,4,2.9025513867964037e-05,0.0021412065252661705,-0.04806305633473087
LSTM,45,3,18,4,3.024954639840871e-05,0.0023601059801876545,-0.041425674015051726
LSTM,45,3,19,4,2.4045675672823563e-05,0.0023244088515639305,-0.02970779903452026
LSTM,45,3,20,4,2.524114643165376e-05,0.00213532242923975,-0.01271031207352948
LSTM,45,3,21,4,2.46715426328592e-05,0.0018796402728185058,0.008824863245431823
LSTM,45,3,22,4,2.528516051825136e-05,0.0018895218381658196,0.02445914042896463
LSTM,45,3,23,4,2.082148967019748e-05,0.002736246446147561,0.014500348079818998
LSTM,45,3,24,4,2.089902773150243e-05,0.0020723764318972826,0.048956549127714716
LSTM,45,3,25,4,2.2677351807942614e-05,0.0025706435553729534,0.041845090257211406
LSTM,45,3,26,4,1.8433896912029013e-05,0.0020180796273052692,0.06504116853590149
LSTM,45,3,27,4,2.7095275072497316e-05,0.0022580197546631098,0.06254102133255944
LSTM,45,3,28,4,1.7731408661347814e-05,0.0018529559019953012,0.08853086150357443
LSTM,45,3,29,4,1.7379168639308773e-05,0.00241578440181911,0.07550061847693909
LSTM,45,3,30,4,1.6509880879311822e-05,0.002726444276049733,0.0760503041998868
LSTM,45,3,31,4,1.6867894373717718e-05,0.001960793510079384,0.11256220176673437
LSTM,45,3,32,4,2.0495841454248875e-05,0.0023350329138338566,0.10589060468224538
LSTM,45,3,33,4,2.452940316288732e-05,0.0021777048241347075,0.1183148094277394
LSTM,45,3,34,4,1.463411626900779e-05,0.002689006272703409,0.10576221134402158
LSTM,45,3,35,4,1.6022786439862102e-05,0.001806834596209228,0.14995017420831916
LSTM,45,3,36,4,1.4489153727481607e-05,0.002696736715734005,0.11451086158141811
LSTM,45,3,37,4,1.2873330888396595e-05,0.002271717181429267,0.13527029628478301
LSTM,45,3,38,4,1.8246713807457127e-05,0.0025494873989373446,0.12968421718368822
LSTM,45,3,39,4,1.4915694919181988e-05,0.0029717658180743456,0.12135081945027656
LSTM,45,3,40,4,1.2679141946136951e-05,0.002352670067921281,0.14880606960342466
LSTM,45,3,41,4,1.444991630705772e-05,0.004970503970980644,0.08710259630346212
LSTM,45,3,42,4,1.6287795006064698e-05,0.0027531750965863466,0.13911885086543202
LSTM,45,3,43,4,1.5319241356337443e-05,0.0024187942035496235,0.15298055946308156
LSTM,45,3,44,4,1.3047905667917803e-05,0.002927338005974889,0.1404228924940986
LSTM,45,3,45,4,1.2532778782770038e-05,0.0027157654985785484,0.1530490007158024
LSTM,45,3,46,4,1.2602436981978826e-05,0.002766004065051675,0.1564370864554802
LSTM,45,3,47,4,1.7025451597874053e-05,0.0028758267872035503,0.15635898167960027
LSTM,46,1,0,4,0.024225743487477303,0.04204295203089714,0.03993121961210101
LSTM,46,1,1,4,0.041626159101724625,0.014329697005450726,-0.057633287292428954
LSTM,46,1,2,4,0.018481874838471413,0.2915497422218323,-0.12241891804711942
LSTM,46,1,3,4,0.023491233587265015,0.16065649688243866,-0.12401588307694758
LSTM,46,1,4,4,0.003806319320574403,0.009450010024011135,-0.06966666424266528
LSTM,46,1,5,4,0.010502373799681664,0.007565369829535484,-0.05712418151308117
LSTM,46,1,6,4,0.0018816125812008977,0.04968190938234329,-0.12598406967987602
LSTM,46,1,7,4,0.005794872529804707,0.06953031569719315,-0.12838882120026313
LSTM,46,1,8,4,0.001437590573914349,0.017057886347174644,-0.10946974651101281
LSTM,46,1,9,4,0.002969196764752269,0.007378294598311186,-0.07823659516223314
LSTM,46,1,10,4,0.0011702089104801416,0.02089405618607998,-0.11131949934011176
LSTM,46,1,11,4,0.0016221532132476568,0.02877924032509327,-0.11514733501023505
LSTM,46,1,12,4,0.0009234038298018277,0.012917605228722095,-0.09544835401383106
LSTM,46,1,13,4,0.0013671175111085176,0.007012485060840845,-0.06970908967162578
LSTM,46,1,14,4,0.0007869520923122764,0.013571708463132381,-0.09063866096057299
LSTM,46,1,15,4,0.0008790830615907907,0.014028482139110565,-0.0887370517541547
LSTM,46,2,0,0,0.00012633207370527089,,
LSTM,46,2,1,0,0.00017316090816166252,,
LSTM,46,2,2,0,0.00019566508126445115,,
LSTM,46,2,3,0,0.00017056468641385436,,
LSTM,46,2,0,1,0.00023075805802363902,,
LSTM,46,2,1,1,0.0002015452046180144,,
LSTM,46,2,2,1,0.00020285123900976032,,
LSTM,46,2,3,1,0.0003024250327143818,,
LSTM,46,2,0,2,0.00029578592511825264,,
LSTM,46,2,1,2,0.00028954760637134314,,
LSTM,46,2,2,2,0.0003286128048785031,,
LSTM,46,2,3,2,0.0003353759238962084,,
LSTM,46,2,0,3,0.00044903255184181035,,
LSTM,46,2,1,3,0.0004008022078778595,,
LSTM,46,2,2,3,0.0004465958336368203,,
LSTM,46,2,3,3,0.00047436021850444376,,
LSTM,46,3,0,4,0.0014098146930336952,0.037848517298698425,0.06931428050101494
LSTM,46,3,1,4,0.00033893913496285677,0.04258248955011368,-0.12441324158161163
LSTM,46,3,2,4,0.0002973258960992098,0.003971913829445839,-0.03228998462338197
LSTM,46,3,3,4,0.000725520309060812,0.008962714113295078,0.028262269796802787
LSTM,46,3,4,4,0.00044503959361463785,0.014387037605047226,-0.10192210812189247
LSTM,46,3,5,4,6.832896906416863e-05,0.00806483719497919,0.039261105114296924
LSTM,46,3,6,4,0.000173054140759632,0.004852704703807831,0.020509806447182477
LSTM,46,3,7,4,0.0001608367747394368,0.004874509293586016,-0.026065548355843814
LSTM,46,3,8,4,9.015581599669531e-05,0.00777463661506772,0.06361621139278757
LSTM,46,3,9,4,5.719953333027661e-05,0.004071775823831558,0.021348795533431542
LSTM,46,3,10,4,9.163947106571868e-05,0.00440438324585557,0.04732328148188338
LSTM,46,3,11,4,7.663058204343542e-05,0.005119063891470432,0.06608750540782656
LSTM,46,3,12,4,6.817981920903549e-05,0.004001170862466097,0.03590237961036762
LSTM,46,3,13,4,4.668053225032054e-05,0.00485724862664938,0.07652816581222328
LSTM,46,3,14,4,4.273920421837829e-05,0.0038235702086240053,0.04385941891471016
LSTM,46,3,15,4,3.499949525576085e-05,0.004048690665513277,0.07194227915911497
LSTM,46,3,16,4,3.863604797516018e-05,0.003818223951384425,0.06976301129437124
LSTM,46,3,17,4,4.889040792477317e-05,0.003521884558722377,0.06289654768888298
LSTM,46,3,18,4,4.2911935452139005e-05,0.003881503827869892,0.08225727202663516
LSTM,46,3,19,4,4.2308300180593506e-05,0.003417388303205371,0.05676155979959334
LSTM,46,3,20,4,3.769620161619969e-05,0.003578311065211892,0.08931607177040088
LSTM,46,3,21,4,3.417271000216715e-05,0.0032546445727348328,0.08111921212433869
LSTM,46,3,22,4,3.0573763069696724e-05,0.003288024105131626,0.08728055540106303
LSTM,46,3,23,4,2.41227971855551e-05,0.003322499804198742,0.08034138608113195
LSTM,46,3,24,4,2.8008975277771242e-05,0.0034530390985310078,0.10032682929538532
LSTM,46,3,25,4,2.6282365070073865e-05,0.003292208071798086,0.09209504205509117
LSTM,46,3,26,4,4.034435551147908e-05,0.003305405378341675,0.09856016857360993
LSTM,46,3,27,4,3.242091406718828e-05,0.003231715876609087,0.09350601097290863
LSTM,46,3,28,4,2.8663782359217294e-05,0.0033093681558966637,0.10640025274848564
LSTM,46,3,29,4,2.609197690617293e-05,0.0031547865364700556,0.09115596670110174
LSTM,46,3,30,4,2.572901030362118e-05,0.0032583968713879585,0.1145654405854972
LSTM,46,3,31,4,3.137137173325755e-05,0.0032456209883093834,0.09135506527374158
LSTM,46,3,32,4,2.0334962755441666e-05,0.0032220082357525826,0.11745203371472229
LSTM,46,3,33,4,2.399002914899029e-05,0.0031205585692077875,0.10720353711620946
LSTM,46,3,34,4,2.432359724480193e-05,0.0031417596619576216,0.11854460214985106
LSTM,46,3,35,4,3.130037657683715e-05,0.0030217161402106285,0.11633414163388334
LSTM,46,3,36,4,2.176547423005104e-05,0.0029413443990051746,0.113977325679092
LSTM,46,3,37,4,2.3484306439058855e-05,0.0029490955639630556,0.12462265006049353
LSTM,46,3,38,4,2.5637617000029422e-05,0.0029511521570384502,0.11520119649971473
LSTM,46,3,39,4,2.0962739654351026e-05,0.0029769742395728827,0.13140198420462063
LSTM,46,3,40,4,2.9398646802292205e-05,0.0029348949901759624,0.13317572422866053
LSTM,46,3,41,4,2.198806578235235e-05,0.0029285037890076637,0.12235596789476333
LSTM,46,3,42,4,2.702596793824341e-05,0.0030516062397509813,0.14279137005772516
LSTM,46,3,43,4,1.9131250155624002e-05,0.0030112878885120153,0.12132480987526253
LSTM,46,3,44,4,1.819708450057078e-05,0.003470588708296418,0.15294346608269607
LSTM,46,3,45,4,1.5769828678457998e-05,0.003199290484189987,0.11528068624589309
LSTM,46,3,46,4,1.956389496626798e-05,0.003058317583054304,0.1474249156397385
LSTM,46,3,47,4,2.1863294023205526e-05,0.002962288912385702,0.1298228645266351
LSTM,47,1,0,4,0.020194213837385178,0.01942482218146324,-0.010700729034391303
LSTM,47,1,1,4,0.011385008692741394,0.05564238876104355,-0.1436587829000249
LSTM,47,1,2,4,0.0013502798974514008,0.007535290904343128,-0.0004965835678399426
LSTM,47,1,3,4,0.002496968721970916,0.005699730012565851,-0.08416867389638004
LSTM,47,1,4,4,0.003249969333410263,0.029518255963921547,-0.11939643033530058
LSTM,47,1,5,4,0.0005961271817795932,0.002804965479299426,0.016859836533497787
LSTM,47,1,6,4,0.0008880462264642119,0.0052644917741417885,-0.03019797746099504
LSTM,47,1,7,4,0.0017088353633880615,0.019654428586363792,-0.07240824894177107
LSTM,47,1,8,4,0.00027767656138166785,0.0033332195598632097,0.021121215896164957
LSTM,47,1,9,4,0.0005454212659969926,0.0056403581984341145,-0.0035823774473731558
LSTM,47,1,10,4,0.00031176101765595376,0.00994912814348936,-0.02710274050075352
LSTM,47,1,11,4,0.0002394008479313925,0.004327142145484686,0.022333584109737337
LSTM,47,1,12,4,0.00019319220155011863,0.008172892965376377,-0.010877010123039817
LSTM,47,1,13,4,0.0002865724090952426,0.005811027251183987,0.010617654200143042
LSTM,47,1,14,4,0.0002982711885124445,0.004264650866389275,0.03218092261671235
LSTM,47,1,15,4,0.0002658266748767346,0.009562131948769093,-0.01137777390597975
LSTM,47,2,0,0,8.643685578135774e-05,,
LSTM,47,2,1,0,0.00011363437806721777,,
LSTM,47,2,2,0,9.717646025819704e-05,,
LSTM,47,2,3,0,0.00011889302550116554,,
LSTM,47,2,0,1,0.0001548696163808927,,
LSTM,47,2,1,1,0.0001576729555381462,,
LSTM,47,2,2,1,0.00017099011165555567,,
LSTM,47,2,3,1,0.00019931008864659816,,
LSTM,47,2,0,2,0.00022993376478552818,,
LSTM,47,2,1,2,0.00024296094488818198,,
LSTM,47,2,2,2,0.00025995366740971804,,
LSTM,47,2,3,2,0.000295177596854046,,
LSTM,47,2,0,3,0.00027991857496090233,,
LSTM,47,2,1,3,0.0004081894876435399,,
LSTM,47,2,2,3,0.0004199384420644492,,
LSTM,47,2,3,3,0.00048722323845140636,,
LSTM,47,3,0,4,0.0007507266709581017,0.013199775479733944,0.10951881692889873
LSTM,47,3,1,4,0.0002614535915199667,0.04431360214948654,-0.08365268710189913
LSTM,47,3,2,4,7.717230619164184e-05,0.0023387917317450047,0.06681274431816922
LSTM,47,3,3,4,0.0002610464580357075,0.004857864696532488,0.02400466228445953
LSTM,47,3,4,4,0.0003660750517155975,0.0165224839001894,-0.03407938297078542
LSTM,47,3,5,4,0.00021728593856096268,0.0021401115227490664,0.09935238320417163
LSTM,47,3,6,4,7.753723184578121e-05,0.014176245778799057,-0.026264956497414078
LSTM,47,3,7,4,5.887384759262204e-05,0.0040361313149333,0.044075344507466085
LSTM,47,3,8,4,7.461445784429088e-05,0.004646381363272667,0.04031380834082637
LSTM,47,3,9,4,7.93107901699841e-05,0.008986775763332844,0.005738834514608624
LSTM,47,3,10,4,6.790156476199627e-05,0.0032603181898593903,0.07506592711776508
LSTM,47,3,11,4,4.0128979890141636e-05,0.006884673144668341,0.033227597246886474
LSTM,47,3,12,4,3.65874839189928e-05,0.0038130676839500666,0.07876462700868168
LSTM,47,3,13,4,3.878624556818977e-05,0.00504711689427495,0.06753887986126045
LSTM,47,3,14,4,4.3932031985605136e-05,0.00531481858342886,0.06936960948508038
LSTM,47,3,15,4,4.1088598663918674e-05,0.004628695081919432,0.08216728234835234
LSTM,47,3,16,4,3.0820188840152696e-05,0.0054718684405088425,0.07081338615005596
LSTM,47,3,17,4,2.9456616175593808e-05,0.003700471017509699,0.10156663686474493
LSTM,47,3,18,4,3.363385985721834e-05,0.006654934957623482,0.061710384795510734
LSTM,47,3,19,4,2.531115933379624e-05,0.0034918705932796,0.11497996162743644
LSTM,47,3,20,4,3.0885548767400905e-05,0.005506394896656275,0.08341533777791371
LSTM,47,3,21,4,2.5305022063548677e-05,0.0048825559206306934,0.09487366503498816
LSTM,47,3,22,4,2.8369906431180425e-05,0.0043341475538909435,0.10882210292878472
LSTM,47,3,23,4,2.123339072568342e-05,0.004431136883795261,0.11181975533268783
LSTM,47,3,24,4,2.098846744047478e-05,0.0037045336794108152,0.13166600303571796
LSTM,47,3,25,4,2.4574852432124317e-05,0.0050400905311107635,0.11089346910800257
LSTM,47,3,26,4,2.064343607344199e-05,0.0034923243802040815,0.14464457430647668
LSTM,47,3,27,4,1.8705746697378345e-05,0.004195856396108866,0.13268071214289845
LSTM,47,3,28,4,1.807691114663612e-05,0.004657397512346506,0.12903789278345792
LSTM,47,3,29,4,1.7602988009457476e-05,0.003155155573040247,0.17029370671510294
LSTM,47,3,30,4,2.09312293009134e-05,0.005267903208732605,0.12959722634691412
LSTM,47,3,31,4,2.423515252303332e-05,0.0034382021985948086,0.16877336122158074
LSTM,47,3,32,4,3.142004061373882e-05,0.003886773716658354,0.1557222744938951
LSTM,47,3,33,4,1.7522710550110787e-05,0.004584912210702896,0.14021741554681066
LSTM,47,3,34,4,1.8093349353875965e-05,0.002974915085360408,0.18131654163647692
LSTM,47,3,35,4,1.5489837096538395e-05,0.005247393157333136,0.13147934823049462
LSTM,47,3,36,4,2.00471931748325e-05,0.003184159751981497,0.1808077411701345
LSTM,47,3,37,4,1.9225308278691955e-05,0.005229569971561432,0.1359678234235172
LSTM,47,3,38,4,1.798586527002044e-05,0.003982185386121273,0.16263082498734888
LSTM,47,3,39,4,1.5372817870229483e-05,0.00315091316588223,0.18658674776917353
LSTM,47,3,40,4,2.490412225597538e-05,0.003628525882959366,0.17723664877977635
LSTM,47,3,41,4,1.2658607374760322e-05,0.004311966244131327,0.16598311460573495
LSTM,47,3,42,4,1.2573792446346488e-05,0.0030870225746184587,0.2033464905900664
LSTM,47,3,43,4,2.0579576812451705e-05,0.004230080638080835,0.17449855715124166
LSTM,47,3,44,4,1.4491744877886958e-05,0.003398604691028595,0.19836741349890868
LSTM,47,3,45,4,1.169659572042292e-05,0.00303145544603467,0.2091939792699216
LSTM,47,3,46,4,1.3371659406402614e-05,0.0048148371279239655,0.16329634153257538
LSTM,47,3,47,4,1.2130937648180407e-05,0.002664893167093396,0.22368541051278532
LSTM,48,1,0,4,0.008975300937891006,0.10749269276857376,-0.10992765000765589
LSTM,48,1,1,4,0.000780221656896174,0.020176297053694725,0.15775862172782934
LSTM,48,1,2,4,0.003869307693094015,0.0025368439964950085,0.10078819354791577
LSTM,48,1,3,4,0.00568722328171134,0.0203773882240057,-0.05832641973978263
LSTM,48,1,4,4,0.0013491619611158967,0.009285840205848217,0.16718951336071008
LSTM,48,1,5,4,0.0005084594595246017,0.002873035380616784,0.07207559289948408
LSTM,48,1,6,4,0.001705538365058601,0.006778938230127096,0.006064884958500918
LSTM,48,1,7,4,0.0008965117740444839,0.0032556517980992794,0.16608002662033156
LSTM,48,1,8,4,0.00014863070100545883,0.0042510926723480225,0.043731632577427244
LSTM,48,1,9,4,0.0003723104018718004,0.0027079947758466005,0.08509745688346841
LSTM,48,1,10,4,0.000384382699849084,0.0018702954985201359,0.14769690614101139
LSTM,48,1,11,4,0.00020313017012085766,0.0039001842960715294,0.059757961308795765
LSTM,48,1,12,4,0.00012414548837114125,0.001888348488137126,0.1400491820765319
LSTM,48,1,13,4,0.0001462277432437986,0.0027326575946062803,0.09954231268713108
LSTM,48,1,14,4,0.00017882176325656474,0.002805429743602872,0.10161387203292738
LSTM,48,1,15,4,0.0001286370534216985,0.0021412812639027834,0.13426769588538473
LSTM,48,2,0,0,2.0932933693984523e-05,,
LSTM,48,2,1,0,2.49419390456751e-05,,
LSTM,48,2,2,0,2.82130731648067e-05,,
LSTM,48,2,3,0,2.891830627049785e-05,,
LSTM,48,2,0,1,2.9974466087878682e-05,,
LSTM,48,2,1,1,3.338579335832037e-05,,
LSTM,48,2,2,1,5.329393388819881e-05,,
LSTM,48,2,3,1,4.982493192073889e-05,,
LSTM,48,2,0,2,4.759493822348304e-05,,
LSTM,48,2,1,2,5.561218858929351e-05,,
LSTM,48,2,2,2,5.2986979426350445e-05,,
LSTM,48,2,3,2,7.287396147148684e-05,,
LSTM,48,2,0,3,7.277035183506086e-05,,
LSTM,48,2,1,3,6.932157702976838e-05,,
LSTM,48,2,2,3,6.914187542861328e-05,,
LSTM,48,2,3,3,7.405155338346958e-05,,
LSTM,48,3,0,4,0.001347532495856285,0.06383337080478668,0.1663826235962535
LSTM,48,3,1,4,7.756360719213262e-05,0.0339600071310997,-0.06797546351693373
LSTM,48,3,2,4,0.0005436872597783804,0.004053579177707434,0.05105039304939595
LSTM,48,3,3,4,0.00090178003301844,0.010523832403123379,0.1841606016675815
LSTM,48,3,4,4,0.00018530208035372198,0.016123944893479347,-0.04134291814371735
LSTM,48,3,5,4,9.597516327630728e-05,0.0017677061259746552,0.13560748222697155
LSTM,48,3,6,4,0.000282387831248343,0.0024400625843554735,0.19640483259844146
LSTM,48,3,7,4,0.0001354046689812094,0.008174510672688484,0.01035469098595025
LSTM,48,3,8,4,3.1890034733805805e-05,0.0015428903279826045,0.18456095787466964
LSTM,48,3,9,4,8.410039299633354e-05,0.0017934925854206085,0.16282265545043795
LSTM,48,3,10,4,8.20946806925349e-05,0.004970642738044262,0.0698447656407767
LSTM,48,3,11,4,4.1620904084993526e-05,0.0014937692321836948,0.20850938098269955
LSTM,48,3,12,4,2.4343371478607878e-05,0.002815626095980406,0.13711629652552568
LSTM,48,3,13,4,2.8739177651004866e-05,0.002774301450699568,0.14653184560428
LSTM,48,3,14,4,2.774883250822313e-05,0.00174275494646281,0.20448895658781024
LSTM,48,3,15,4,2.7462929210742004e-05,0.003499070880934596,0.13836371988728804
LSTM,48,3,16,4,2.5122997612925246e-05,0.0018280574586242437,0.2133223207286628
LSTM,48,3,17,4,2.6207595510641113e-05,0.002214985666796565,0.19956402667907014
LSTM,48,3,18,4,2.4403403585893102e-05,0.0026042889803647995,0.1892706461868521
LSTM,48,3,19,4,2.567954834375996e-05,0.002040743362158537,0.2217563854271826
LSTM,48,3,20,4,2.5582989110262133e-05,0.0028547742404043674,0.1921760187338006
LSTM,48,3,21,4,2.001001666940283e-05,0.0019096117466688156,0.24105272610346218
LSTM,48,3,22,4,2.1944608306512237e-05,0.0026436729822307825,0.2121057515322328
LSTM,48,3,23,4,2.2472455384558998e-05,0.0023908172734081745,0.2275348418835758
LSTM,48,3,24,4,2.1587453375104815e-05,0.002321910113096237,0.23507983560390888
LSTM,48,3,25,4,2.1042544176452793e-05,0.0023975602816790342,0.23522603227389496
LSTM,48,3,26,4,2.332813346583862e-05,0.002590540796518326,0.2300623383861606
LSTM,48,3,27,4,1.7499594832770526e-05,0.0022499701008200645,0.2486744125233432
LSTM,48,3,28,4,2.015629615925718e-05,0.0022074952721595764,0.2538437697412263
LSTM,48,3,29,4,1.6223330021603033e-05,0.0020218624267727137,0.26561532721537184
LSTM,48,3,30,4,2.437733746774029e-05,0.002500541741028428,0.24412631838932494
LSTM,48,3,31,4,2.076203963952139e-05,0.0019460404291749,0.2746413902871778
LSTM,48,3,32,4,2.568371382949408e-05,0.0025601559318602085,0.24653753125222128
LSTM,48,3,33,4,2.418048825347796e-05,0.0019721845164895058,0.27785454497637885
LSTM,48,3,34,4,1.7560696505825035e-05,0.0027388071175664663,0.24431304176578889
LSTM,48,3,35,4,1.6760961443651468e-05,0.0018069783691316843,0.2947406197392133
LSTM,48,3,36,4,1.4693206139781978e-05,0.0025583223905414343,0.26103252528332027
LSTM,48,3,37,4,1.4351501704368275e-05,0.00176041922532022,0.3083356238113988
LSTM,48,3,38,4,1.7428545106668025e-05,0.002471331274136901,0.27448599547363045
LSTM,48,3,39,4,2.8458094675443135e-05,0.0015290228184312582,0.33678374589727383
LSTM,48,3,40,4,2.2027979866834357e-05,0.002288894494995475,0.2912412133622454
LSTM,48,3,41,4,1.790250462363474e-05,0.00187342066783458,0.31670282401321004
LSTM,48,3,42,4,1.7262816982110962e-05,0.0019100537756457925,0.31600683999907714
LSTM,48,3,43,4,1.4140700841380749e-05,0.002532406710088253,0.28558730775078534
LSTM,48,3,44,4,1.4414998076972552e-05,0.0017963285790756345,0.3269622233171472
LSTM,48,3,45,4,1.3975971342006233e-05,0.0023157407995313406,0.3004575994097796
LSTM,48,3,46,4,1.1973865184700117e-05,0.001823421916924417,0.3312307131646797
LSTM,48,3,47,4,1.848309693741612e-05,0.0025791916996240616,0.29403491469225845
LSTM,49,1,0,4,0.027166688814759254,0.008382118307054043,0.12864465112921017
LSTM,49,1,1,4,0.09124176949262619,0.4240557849407196,-0.08912400541049416
LSTM,49,1,2,4,0.05472083389759064,0.16215689480304718,-0.06044177311821287
LSTM,49,1,3,4,0.0005901899421587586,0.007897861301898956,0.21075279100858557
LSTM,49,1,4,4,0.021608056500554085,0.07010301947593689,0.19967719336750617
LSTM,49,1,5,4,0.01648961380124092,0.027905654162168503,0.22229477302676076
LSTM,49,1,6,4,0.0006222377996891737,0.008371816016733646,0.1222265767824251
LSTM,49,1,7,4,0.005277422722429037,0.04221121221780777,0.0024686221164961857
LSTM,49,1,8,4,0.005446766968816519,0.027373969554901123,0.02774841719487086
LSTM,49,1,9,4,0.0005047243903391063,0.004156778566539288,0.17157103589344583
LSTM,49,1,10,4,0.0017709690146148205,0.004884007852524519,0.23838849213451146
LSTM,49,1,11,4,0.0018426822498440742,0.0033285084646195173,0.22986035504267494
LSTM,49,1,12,4,0.00040982867358252406,0.005859873257577419,0.13987371411757063
LSTM,49,1,13,4,0.0009977249428629875,0.011389831081032753,0.08713706887802311
LSTM,49,1,14,4,0.0007540638907812536,0.007000988349318504,0.12493764151815515
LSTM,49,1,15,4,0.0003197208570782095,0.0031858044676482677,0.18960558279392717
LSTM,49,2,0,0,4.882428402197547e-05,,
LSTM,49,2,1,0,5.165223774383776e-05,,
LSTM,49,2,2,0,6.261869566515088e-05,,
LSTM,49,2,3,0,6.733280315529555e-05,,
LSTM,49,2,0,1,8.520686242263764e-05,,
LSTM,49,2,1,1,0.00011742114293156192,,
LSTM,49,2,2,1,9.081558528123423e-05,,
LSTM,49,2,3,1,0.0001371019025100395,,
LSTM,49,2,0,2,0.0001489806018071249,,
LSTM,49,2,1,2,0.0001845164952101186,,
LSTM,49,2,2,2,0.00019000509928446263,,
LSTM,49,2,3,2,0.00019455271831247956,,
LSTM,49,2,0,3,0.00022057056776247919,,
LSTM,49,2,1,3,0.00020562433928716928,,
LSTM,49,2,2,3,0.00025256190565414727,,
LSTM,49,2,3,3,0.0002633945259731263,,
LSTM,49,3,0,4,0.0005049110040999949,0.014744875021278858,0.26006795690781054
LSTM,49,3,1,4,0.0001644117437535897,0.03063584491610527,0.034492598636184056
LSTM,49,3,2,4,9.260245860787109e-05,0.0024896059185266495,0.24756664457225944
LSTM,49,3,3,4,0.00014749843103345484,0.002519433619454503,0.24424806973928928
LSTM,49,3,4,4,0.0001115033810492605,0.012546543963253498,0.09722925398197756
LSTM,49,3,5,4,8.649948722450063e-05,0.0014231367968022823,0.2951585941648783
LSTM,49,3,6,4,4.471278953133151e-05,0.007410065736621618,0.14259531289964184
LSTM,49,3,7,4,4.2925334128085524e-05,0.0031630336306989193,0.23280025230196877
LSTM,49,3,8,4,6.713935727020726e-05,0.001962407259270549,0.2867883331087377
LSTM,49,3,9,4,3.5240962461102754e-05,0.0041152010671794415,0.21782724182552254
LSTM,49,3,10,4,3.3118583814939484e-05,0.001372102415189147,0.33119643539595356
LSTM,49,3,11,4,2.4196398953790776e-05,0.004970604553818703,0.19937268132129218
LSTM,49,3,12,4,2.423048863420263e-05,0.002282429253682494,0.2871640206576599
LSTM,49,3,13,4,3.49546862707939e-05,0.0027116816490888596,0.2760659885190524
LSTM,49,3,14,4,2.4346200007130392e-05,0.0045563895255327225,0.2240882591061379
LSTM,49,3,15,4,3.300301978015341e-05,0.0025186322163790464,0.2996051947765311
LSTM,49,3,16,4,2.899300670833327e-05,0.0035813739523291588,0.2653285909251722
LSTM,49,3,17,4,1.696635808912106e-05,0.0021868301555514336,0.3308927959745623
LSTM,49,3,18,4,1.750966112012975e-05,0.002652240451425314,0.3154543592356632
LSTM,49,3,19,4,1.606262958375737e-05,0.002500843955203891,0.32927850638555034
LSTM,49,3,20,4,1.4976896636653692e-05,0.002917808946222067,0.3159664402987639
LSTM,49,3,21,4,2.0464733097469434e-05,0.0023759615141898394,0.34713490887619736
LSTM,49,3,22,4,1.6369898730772547e-05,0.0032672628294676542,0.3109163397366441
LSTM,49,3,23,4,1.7653135728323832e-05,0.0026478655636310577,0.34205234792553585
LSTM,49,3,24,4,1.427713596058311e-05,0.0020080297254025936,0.38344222746430007
LSTM,49,3,25,4,1.3610442692879587e-05,0.0032895379699766636,0.3255566779552024
LSTM,49,3,26,4,1.203549800266046e-05,0.0019196878420189023,0.40476559444601967
LSTM,49,3,27,4,1.5308567526517436e-05,0.004137673880904913,0.3046042561386334
LSTM,49,3,28,4,1.0660336556611583e-05,0.001386207528412342,0.4540267586031358
LSTM,49,3,29,4,2.8610549634322524e-05,0.00521409697830677,0.27684098382304595
LSTM,49,3,30,4,3.195223325747065e-05,0.0019189767772331834,0.42280328635050746
LSTM,49,3,31,4,2.2333244487526827e-05,0.0018633268773555756,0.4309606604960545
LSTM,49,3,32,4,9.819535080168862e-06,0.0025969899725168943,0.39010151865241866
LSTM,49,3,33,4,1.1650073247437831e-05,0.0016745398752391338,0.45562398845298663
LSTM,49,3,34,4,1.1557439393072855e-05,0.0023647111374884844,0.40949805756471114
LSTM,49,3,35,4,1.081816208170494e-05,0.002036754274740815,0.4317502560478059
LSTM,49,3,36,4,1.085868825612124e-05,0.0032443043310195208,0.3687626809391905
LSTM,49,3,37,4,1.0718698831624351e-05,0.0017923003761097789,0.4642232865397674
LSTM,49,3,38,4,1.2434438758646138e-05,0.0022993735037744045,0.43619891881002887
LSTM,49,3,39,4,9.520095773041248e-06,0.002125302329659462,0.45454496731372246
LSTM,49,3,40,4,1.2322796465014108e-05,0.0019255888182669878,0.47160809935446096
LSTM,49,3,41,4,9.214992132910993e-06,0.003375507891178131,0.38305034631775164
LSTM,49,3,42,4,9.907254934660159e-06,0.0017703509656712413,0.47980040815520153
LSTM,49,3,43,4,1.0889815712289419e-05,0.004165061749517918,0.3533099878059042
LSTM,49,3,44,4,1.2228205378050916e-05,0.001472238451242447,0.5171810285638196
LSTM,49,3,45,4,1.4255053429224063e-05,0.0019844535272568464,0.4786068385026567
LSTM,49,3,46,4,1.3187996046326589e-05,0.003237972967326641,0.4032384732709727
LSTM,49,3,47,4,9.462089110456873e-06,0.0018324567936360836,0.49422798868112916
LSTM,50,1,0,4,0.02496667578816414,0.07812244445085526,-0.23068159367141844
LSTM,50,1,1,4,0.006983525585383177,0.027244051918387413,-0.09104949972944759
LSTM,50,1,2,4,0.0015557545702904463,0.020219821482896805,-0.2489283158047087
LSTM,50,1,3,4,0.005678184330463409,0.041199345141649246,-0.2388753394726772
LSTM,50,1,4,4,0.0010431531118229032,0.0078119756653904915,-0.19418158178259223
LSTM,50,1,5,4,0.0013003306230530143,0.010168979875743389,-0.24875683765545376
LSTM,50,1,6,4,0.0017572856741026044,0.02682678773999214,-0.24195569718546678
LSTM,50,1,7,4,0.00030792737379670143,0.0066338214091956615,-0.24526636492019058
LSTM,50,1,8,4,0.0005898482049815357,0.007377145811915398,-0.2528627328112594
LSTM,50,1,9,4,0.0005846878630109131,0.014676438644528389,-0.24796500648935438
LSTM,50,1,10,4,0.00020639535796362907,0.006591454613953829,-0.25080371659109274
LSTM,50,1,11,4,0.00021713736350648105,0.007993082515895367,-0.24805427352410728
LSTM,50,1,12,4,0.0002189618826378137,0.009075996465981007,-0.24085708773379438
LSTM,50,1,13,4,0.00019269416225142777,0.006259117741137743,-0.23541407602748887
LSTM,50,1,14,4,0.00013826588110532612,0.008976073935627937,-0.2260566301372635
LSTM,50,1,15,4,0.00013812349061481655,0.007252942305058241,-0.220347693080825
LSTM,50,2,0,0,2.1397232558229007e-05,,
LSTM,50,2,1,0,2.198935362685006e-05,,
LSTM,50,2,2,0,2.680503712326754e-05,,
LSTM,50,2,3,0,2.858212246792391e-05,,
LSTM,50,2,0,1,3.2819229090819135e-05,,
LSTM,50,2,1,1,3.529868263285607e-05,,
LSTM,50,2,2,1,3.965727228205651e-05,,
LSTM,50,2,3,1,3.8448146369773895e-05,,
LSTM,50,2,0,2,4.6166667743818834e-05,,
LSTM,50,2,1,2,5.4065494623500854e-05,,
LSTM,50,2,2,2,5.9037098253611475e-05,,
LSTM,50,2,3,2,6.710881280014291e-05,,
LSTM,50,2,0,3,6.43911407678388e-05,,
LSTM,50,2,1,3,7.652944623259827e-05,,
LSTM,50,2,2,3,7.266078318934888e-05,,
LSTM,50,2,3,3,7.742112211417407e-05,,
LSTM,50,3,0,4,0.0006405595922842622,0.020423492416739464,0.04015051946876697
LSTM,50,3,1,4,8.11487843748182e-05,0.044866956770420074,-0.13953326466487365
LSTM,50,3,2,4,0.00021829614706803113,0.011292003095149994,-0.12872147501110434
LSTM,50,3,3,4,0.00036371065652929246,0.001942622009664774,-0.02516435345055707
LSTM,50,3,4,4,0.00010992054740199819,0.027654040604829788,-0.11913783747514053
LSTM,50,3,5,4,4.8706322559155524e-05,0.007205203641206026,-0.0957662908332618
LSTM,50,3,6,4,9.964550554286689e-05,0.004309807904064655,-0.07096580566574787
LSTM,50,3,7,4,5.352931111701764e-05,0.01780201867222786,-0.10183171218668396
LSTM,50,3,8,4,2.674825555004645e-05,0.006070049479603767,-0.06674226590250988
LSTM,50,3,9,4,4.2102754377992824e-05,0.007391954306513071,-0.06462696510633271
LSTM,50,3,10,4,4.116645141039044e-05,0.01257553230971098,-0.07433280887519239
LSTM,50,3,11,4,2.4782195396255702e-05,0.005936664529144764,-0.040504145995245565
LSTM,50,3,12,4,2.0107021555304527e-05,0.009594804607331753,-0.05688292541121747
LSTM,50,3,13,4,1.8788703528116457e-05,0.008837920613586903,-0.04965937822233541
LSTM,50,3,14,4,2.037512240349315e-05,0.008162278681993484,-0.04062206889635398
LSTM,50,3,15,4,2.0569497792166658e-05,0.010028468444943428,-0.04206181555909035
LSTM,50,3,16,4,2.2678856112179346e-05,0.0072759161703288555,-0.01838742899151813
LSTM,50,3,17,4,1.601263829797972e-05,0.008955766446888447,-0.023139296866030605
LSTM,50,3,18,4,1.4716185432916973e-05,0.008171183988451958,-0.011477153602814223
LSTM,50,3,19,4,1.3273254808154888e-05,0.008917376399040222,-0.010371349111851927
LSTM,50,3,20,4,1.734715078782756e-05,0.008706367574632168,-0.0012287238312395272
LSTM,50,3,21,4,1.3163425137463491e-05,0.00824861228466034,0.008814712855841638
LSTM,50,3,22,4,1.3762160051555838e-05,0.009296717122197151,0.007341152454967262
LSTM,50,3,23,4,1.2565175893541891e-05,0.007790932897478342,0.02554607827482976
LSTM,50,3,24,4,1.3404805031314027e-05,0.00862237811088562,0.023066229466752512
LSTM,50,3,25,4,1.315842291660374e-05,0.008569986559450626,0.02564775198038788
LSTM,50,3,26,4,1.2114563105569687e-05,0.008681520819664001,0.026895437071033847
LSTM,50,3,27,4,1.1441779861343093e-05,0.009846188127994537,0.021602174897707112
LSTM,50,3,28,4,1.4118798389972653e-05,0.007936566136777401,0.044902204503894
LSTM,50,3,29,4,1.274109490623232e-05,0.009967636317014694,0.033655972177073064
LSTM,50,3,30,4,1.5528681615251116e-05,0.0071210297755897045,0.06717296561405031
LSTM,50,3,31,4,1.1577383702388033e-05,0.01034217793494463,0.03881557072798806
LSTM,50,3,32,4,1.2365303518890869e-05,0.007706343196332455,0.07028604740126843
LSTM,50,3,33,4,1.389957560604671e-05,0.00843159668147564,0.06545527562809282
LSTM,50,3,34,4,1.0808465049194638e-05,0.008504402823746204,0.06441415355521778
LSTM,50,3,35,4,1.015427551465109e-05,0.009332017041742802,0.061306838111182614
LSTM,50,3,36,4,9.084475095733069e-06,0.007252763491123915,0.09120811519104685
LSTM,50,3,37,4,9.926709026331082e-06,0.008863156661391258,0.07566523040422347
LSTM,50,3,38,4,1.0258917427563574e-05,0.0073204198852181435,0.09738134579548909
LSTM,50,3,39,4,1.2822176358895376e-05,0.008493988774716854,0.08800247365307515
LSTM,50,3,40,4,1.0503317753318697e-05,0.008236647583544254,0.09840705473068034
LSTM,50,3,41,4,1.2145023902121466e-05,0.007582495454698801,0.11132268216895118
LSTM,50,3,42,4,1.1234794328629505e-05,0.008769042789936066,0.09634228796668706
LSTM,50,3,43,4,9.933296496456023e-06,0.007861552760004997,0.10957108367493609
LSTM,50,3,44,4,8.822714335110504e-06,0.008846187964081764,0.09742351150760276
LSTM,50,3,45,4,8.371220246772282e-06,0.007533788215368986,0.11992655945239492
LSTM,50,3,46,4,8.716669981367886e-06,0.008482079021632671,0.11200387032812284
LSTM,50,3,47,4,8.150282155838795e-06,0.005990389734506607,0.15870406314195235
Transformer,42,1,0,4,0.07897382229566574,0.09401102364063263,0.35864216060066
Transformer,42,1,1,4,0.0008006801945157349,0.052783574908971786,0.17644477980339246
Transformer,42,1,2,4,0.026140352711081505,0.06344196200370789,0.112575705535028
Transformer,42,1,3,4,0.0006662270170636475,0.025106245651841164,0.33683075934528584
Transformer,42,1,4,4,0.011232313700020313,0.06328140944242477,0.2690526986602069
Transformer,42,1,5,4,0.0007705966709181666,0.007299087010324001,0.32618737015354576
Transformer,42,1,6,4,0.00531761022284627,0.007808996830135584,0.23751740883019953
Transformer,42,1,7,4,0.000531456433236599,0.01107705757021904,0.32024393498031606
Transformer,42,1,8,4,0.0019842395558953285,0.026035906746983528,0.28497549185456456
Transformer,42,1,9,4,0.0003518967714626342,0.0077995238825678825,0.3275889180727942
Transformer,42,1,10,4,0.0011083849240094423,0.004061791114509106,0.31864145869259164
Transformer,42,1,11,4,0.00023715752467978746,0.00870173517614603,0.32645058206752703
Transformer,42,1,12,4,0.0006255877087824047,0.013812962919473648,0.3101485372392704
Transformer,42,1,13,4,0.00021256640320643783,0.006177270319312811,0.3352491256745026
Transformer,42,1,14,4,0.0004770753439515829,0.0048769451677799225,0.3373865734154222
Transformer,42,1,15,4,0.0001708579366095364,0.008744912222027779,0.3265185305344103
Transformer,42,2,0,0,7.873107097111642e-05,,
Transformer,42,2,1,0,0.00014796893810853362,,
Transformer,42,2,2,0,0.00017166156612802297,,
Transformer,42,2,3,0,0.00025299651315435767,,
Transformer,42,2,0,1,0.0002611509698908776,,
Transformer,42,2,1,1,0.0003834142116829753,,
Transformer,42,2,2,1,0.0003841586294583976,,
Transformer,42,2,3,1,0.0004528074059635401,,
Transformer,42,2,0,2,0.000492097286041826,,
Transformer,42,2,1,2,0.00048020551912486553,,
Transformer,42,2,2,2,0.0005901457625441253,,
Transformer,42,2,3,2,0.0005140819703228772,,
Transformer,42,2,0,3,0.0006721585523337126,,
Transformer,42,2,1,3,0.0006753861089237034,,
Transformer,42,2,2,3,0.0006029965588822961,,
Transformer,42,2,3,3,0.0006909826188348234,,
Transformer,42,3,0,4,0.003020190866664052,0.026571817696094513,0.0903467099046013
Transformer,42,3,1,4,0.00039652411942370236,0.060782525688409805,0.17824058205855206
Transformer,42,3,2,4,0.0010291748913004994,0.015270501375198364,0.19136622447800486
Transformer,42,3,3,4,0.0022320349235087633,0.0028217402286827564,0.1985316738641319
Transformer,42,3,4,4,0.0009610392153263092,0.02805124782025814,0.1884112386619864
Transformer,42,3,5,4,0.00010050321725429967,0.00425507128238678,0.24266062930355847
Transformer,42,3,6,4,0.00044928392162546515,0.005186725407838821,0.24742319449805372
Transformer,42,3,7,4,0.0004580111999530345,0.0142323337495327,0.2217313587775242
Transformer,42,3,8,4,0.0001661075366428122,0.0032765588257461786,0.27084194458518357
Transformer,42,3,9,4,7.815064600436017e-05,0.008846919052302837,0.24816981162950358
Transformer,42,3,10,4,9.304708510171622e-05,0.00792271550744772,0.25607363247822923
Transformer,42,3,11,4,8.731804700801149e-05,0.00509745255112648,0.2745228507556904
Transformer,42,3,12,4,6.46381959086284e-05,0.008227216079831123,0.2615710434195528
Transformer,42,3,13,4,5.454590791487135e-05,0.006293261889368296,0.2749967949830727
Transformer,42,3,14,4,4.8114645323948935e-05,0.006851032376289368,0.27550552590250754
Transformer,42,3,15,4,4.968313442077488e-05,0.006281270179897547,0.282870568391318
Transformer,42,3,16,4,4.906501999357715e-05,0.006490988191217184,0.2848468259207446
Transformer,42,3,17,4,4.235881715430878e-05,0.005772668868303299,0.29295087545505155
Transformer,42,3,18,4,4.4970969611313194e-05,0.00620343629270792,0.29392995902290997
Transformer,42,3,19,4,5.070491533842869e-05,0.005714559927582741,0.30226528701022415
Transformer,42,3,20,4,4.392636037664488e-05,0.005675134249031544,0.30771857208103365
Transformer,42,3,21,4,4.8899310058914125e-05,0.004974105395376682,0.3176991780645279
Transformer,42,3,22,4,4.292507946956903e-05,0.005494860932230949,0.31671800274642337
Transformer,42,3,23,4,4.521171285887249e-05,0.004525283817201853,0.32851632499024125
Transformer,42,3,24,4,5.307068204274401e-05,0.005801061168313026,0.3205727826240971
Transformer,42,3,25,4,5.503238207893446e-05,0.004794556647539139,0.3334923018760533
Transformer,42,3,26,4,3.89259985240642e-05,0.005368431098759174,0.33312895972517714
Transformer,42,3,27,4,3.741125692613423e-05,0.004340391606092453,0.34941709551092776
Transformer,42,3,28,4,3.7928384699625894e-05,0.004612884949892759,0.3520111214159026
Transformer,42,3,29,4,3.8098693039501086e-05,0.004117564298212528,0.3623682298400609
Transformer,42,3,30,4,5.625388803309761e-05,0.004582804162055254,0.3597967360657568
Transformer,42,3,31,4,3.8310634408844635e-05,0.004181141499429941,0.36654579158121425
Transformer,42,3,32,4,4.2312040022807196e-05,0.004777883645147085,0.3624264171948548
Transformer,42,3,33,4,3.2451240258524194e-05,0.0035171182826161385,0.3818152480804362
Transformer,42,3,34,4,5.1457904191920534e-05,0.0048399753868579865,0.3701848748551464
Transformer,42,3,35,4,4.1268365748692304e-05,0.0035680162254720926,0.3901314100563724
Transformer,42,3,36,4,3.7905079807387665e-05,0.004502163268625736,0.37976201411093596
Transformer,42,3,37,4,2.9821278076269664e-05,0.003514660056680441,0.3957249237419795
Transformer,42,3,38,4,3.8881957152625546e-05,0.004136247560381889,0.38991417226852154
Transformer,42,3,39,4,5.996138497721404e-05,0.003636852838099003,0.3985285026682148
Transformer,42,3,40,4,3.5938552173320204e-05,0.0043351189233362675,0.39111208721673213
Transformer,42,3,41,4,3.380683483555913e-05,0.0035211462527513504,0.4052920156504145
Transformer,42,3,42,4,3.264666520408355e-05,0.004088875837624073,0.39907324850003334
Transformer,42,3,43,4,4.454554073163308e-05,0.003686876967549324,0.4053950540823773
Transformer,42,3,44,4,3.372811261215247e-05,0.0038249106146395206,0.4047916552008878
Transformer,42,3,45,4,2.7950913136010058e-05,0.004338257014751434,0.40133368163323546
Transformer,42,3,46,4,3.2435655157314613e-05,0.0030828271992504597,0.4237679786137968
Transformer,42,3,47,4,5.172725286683999e-05,0.00394233874976635,0.415477205076912
Transformer,43,1,0,4,0.034773968160152435,0.05942416563630104,0.04229952914139391
Transformer,43,1,1,4,0.012985842302441597,0.011422359384596348,-0.19522462979440575
Transformer,43,1,2,4,0.019325707107782364,0.09789764881134033,-0.1924138877407456
Transformer,43,1,3,4,0.0030181999318301678,0.004814171232283115,-0.34197862027344833
Transformer,43,1,4,4,0.006424740422517061,0.02309795841574669,-0.04138956402980198
Transformer,43,1,5,4,0.0023529918398708105,0.003190375864505768,-0.230085289865325
Transformer,43,1,6,4,0.001821363577619195,0.01488767471164465,-0.2945080591121866
Transformer,43,1,7,4,0.0019086496904492378,0.005909969098865986,-0.3409526019036214
Transformer,43,1,8,4,0.0005824611289426684,0.005063565447926521,-0.16647379417548683
Transformer,43,1,9,4,0.0009672946180216968,0.0037349157501012087,-0.1990259520395155
Transformer,43,1,10,4,0.0003037446876987815,0.004060009028762579,-0.3237906328388966
Transformer,43,1,11,4,0.0006106887012720108,0.0035522249527275562,-0.3122516569628259
Transformer,43,1,12,4,0.0001924471725942567,0.0032659501302987337,-0.20824453745133
Transformer,43,1,13,4,0.0004668445617426187,0.003204637672752142,-0.2081970740634017
Transformer,43,1,14,4,0.00018269961583428085,0.0029965476132929325,-0.276094020833954
Transformer,43,1,15,4,0.00024744655820541084,0.0028609258588403463,-0.2596146320604889
Transformer,43,2,0,0,2.6330893888371065e-05,,
Transformer,43,2,1,0,4.044905654154718e-05,,
Transformer,43,2,2,0,4.5764725655317307e-05,,
Transformer,43,2,3,0,4.9657319323159754e-05,,
Transformer,43,2,0,1,5.146006151335314e-05,,
Transformer,43,2,1,1,6.469933578046039e-05,,
Transformer,43,2,2,1,7.109074795152992e-05,,
Transformer,43,2,3,1,7.678363181184977e-05,,
Transformer,43,2,0,2,9.048051288118586e-05,,
Transformer,43,2,1,2,0.00010185839346377179,,
Transformer,43,2,2,2,0.0001358927256660536,,
Transformer,43,2,3,2,0.00012203562801005319,,
Transformer,43,2,0,3,0.00016120138752739877,,
Transformer,43,2,1,3,0.00014259907766245306,,
Transformer,43,2,2,3,0.00018641633505467325,,
Transformer,43,2,3,3,0.00020411120203789324,,
Transformer,43,3,0,4,0.0018997736042365432,0.04125579074025154,-0.21793208357979593
Transformer,43,3,1,4,0.00010012605343945324,0.024926727637648582,-0.029394703094089356
Transformer,43,3,2,4,0.0008475862559862435,0.004656050819903612,-0.13032014651023735
Transformer,43,3,3,4,0.0010901348432525992,0.00886125024408102,-0.215382099217881
Transformer,43,3,4,4,0.00032526993891224265,0.0032771658152341843,-0.05041954204262578
Transformer,43,3,5,4,8.880043606040999e-05,0.0037484446074813604,-0.21837319815608747
Transformer,43,3,6,4,0.00021274042956065387,0.0019447783706709743,-0.19379133915230232
Transformer,43,3,7,4,0.0002286864328198135,0.0016825631028041244,-0.08509911389763555
Transformer,43,3,8,4,0.00012897918350063264,0.0024434297811239958,-0.18313086716089877
Transformer,43,3,9,4,6.366860179696232e-05,0.0015291700838133693,-0.09488821064751131
Transformer,43,3,10,4,9.540478640701622e-05,0.0015620955964550376,-0.10533571398113079
Transformer,43,3,11,4,8.934081415645778e-05,0.0017701339675113559,-0.11454839355919912
Transformer,43,3,12,4,0.00010316567932022735,0.0017873087199404836,-0.05919425717472374
Transformer,43,3,13,4,4.837328742723912e-05,0.0019582551904022694,-0.10107848256934011
Transformer,43,3,14,4,5.0131759053329006e-05,0.0018043542513623834,-0.07407316572108341
Transformer,43,3,15,4,4.4964726839680225e-05,0.0018305134726688266,-0.05562178157883308
Transformer,43,3,16,4,4.50064726464916e-05,0.0020090399775654078,-0.07274994084534094
Transformer,43,3,17,4,3.766062582144514e-05,0.0019477978348731995,-0.058269884788190875
Transformer,43,3,18,4,4.1667539335321635e-05,0.0019114385358989239,-0.04199293253305753
Transformer,43,3,19,4,3.94879789382685e-05,0.0019854584243148565,-0.051700465999995004
Transformer,43,3,20,4,4.242374052410014e-05,0.0019048460526391864,-0.030586898540222614
Transformer,43,3,21,4,3.8249276258284226e-05,0.0019389414228498936,-0.04150218290968657
Transformer,43,3,22,4,4.252374128554948e-05,0.0018933826358988881,-0.03528809258548209
Transformer,43,3,23,4,3.206868495908566e-05,0.0018244078382849693,-0.024206383759071283
Transformer,43,3,24,4,3.3333963074255735e-05,0.0019440747564658523,-0.035700694230828604
Transformer,43,3,25,4,4.4435069867176935e-05,0.0017708692466840148,-0.013809649641529025
Transformer,43,3,26,4,3.168264083797112e-05,0.0019203289411962032,-0.027953412179319303
Transformer,43,3,27,4,2.943285107903648e-05,0.0017542558489367366,-0.001008366765946195
Transformer,43,3,28,4,2.8540987841552123e-05,0.0019789731595665216,-0.02344241738020307
Transformer,43,3,29,4,2.7450047127786092e-05,0.0017679939046502113,0.005270370290416594
Transformer,43,3,30,4,2.6696901841205545e-05,0.0018769069574773312,-0.00911412496845213
Transformer,43,3,31,4,2.8957423637621105e-05,0.0017444910481572151,0.012452255146460707
Transformer,43,3,32,4,2.6548756068223156e-05,0.0017807544209063053,0.005344821362648591
Transformer,43,3,33,4,2.6325567887397483e-05,0.0018259910866618156,0.0030163677427677213
Transformer,43,3,34,4,3.221902443328872e-05,0.0017281698528677225,0.018127931306593313
Transformer,43,3,35,4,2.4151122488547117e-05,0.0017524954164400697,0.014486260109221598
Transformer,43,3,36,4,3.0185128707671538e-05,0.0017294776625931263,0.018309970994734893
Transformer,43,3,37,4,2.8500011467258446e-05,0.0017342030769214034,0.019549224320921214
Transformer,43,3,38,4,2.3181852156994864e-05,0.0017075788928195834,0.02448244876979625
Transformer,43,3,39,4,2.261485678900499e-05,0.0017072019400075078,0.026687519499798692
Transformer,43,3,40,4,2.330569077457767e-05,0.0017818291671574116,0.022202247522016046
Transformer,43,3,41,4,2.497801324352622e-05,0.00168805371504277,0.03506695099817239
Transformer,43,3,42,4,2.2576461560674943e-05,0.0016729874769225717,0.04094088039749025
Transformer,43,3,43,4,3.8483922253362834e-05,0.001783402869477868,0.03204864591903528
Transformer,43,3,44,4,1.7530537661514245e-05,0.0018613231368362904,0.029463856084547886
Transformer,43,3,45,4,1.836121009546332e-05,0.0016504436498507857,0.0626655908382793
Transformer,43,3,46,4,3.112641570623964e-05,0.002166957361623645,0.017834017255251477
Transformer,43,3,47,4,2.9473256290657446e-05,0.0016566980630159378,0.0642819005096783
Transformer,44,1,0,4,0.030375007539987564,0.20366911590099335,0.02644722227578621
Transformer,44,1,1,4,0.0015785361174494028,0.02640620805323124,0.3095120310225597
Transformer,44,1,2,4,0.009383791126310825,0.007477474864572287,0.30073557552190067
Transformer,44,1,3,4,0.011259589344263077,0.08822603523731232,0.0496010361637034
Transformer,44,1,4,4,0.0004799812741111964,0.005787010304629803,0.3051366018170325
Transformer,44,1,5,4,0.004825741983950138,0.004854681435972452,0.3333193033198471
Transformer,44,1,6,4,0.0018575901631265879,0.0356174036860466,0.10110608243207644
Transformer,44,1,7,4,0.0006372903008013964,0.007732751313596964,0.25529890823970103
Transformer,44,1,8,4,0.0020698164589703083,0.003207996254786849,0.3618874052314279
Transformer,44,1,9,4,0.00043554528383538127,0.017118709161877632,0.16477770251616938
Transformer,44,1,10,4,0.00039801362436264753,0.007092900108546019,0.2630860346961269
Transformer,44,1,11,4,0.0006195097812451422,0.002709456719458103,0.37345095433730846
Transformer,44,1,12,4,0.0002041109837591648,0.009783538989722729,0.22526119884708434
Transformer,44,1,13,4,0.0002503336872905493,0.00550826545804739,0.29191423442577896
Transformer,44,1,14,4,0.0005771102732978761,0.0030748716089874506,0.3577183877939405
Transformer,44,1,15,4,0.00023942781263031065,0.007797893136739731,0.2496308489441066
Transformer,44,2,0,0,9.062816388905048e-05,,
Transformer,44,2,1,0,0.0001288256171392277,,
Transformer,44,2,2,0,0.00012604381481651217,,
Transformer,44,2,3,0,0.0001805274368962273,,
Transformer,44,2,0,1,0.00021527221542783082,,
Transformer,44,2,1,1,0.0002497773093637079,,
Transformer,44,2,2,1,0.00024497637059539557,,
Transformer,44,2,3,1,0.0002991138899233192,,
Transformer,44,2,0,2,0.00031364228925667703,,
Transformer,44,2,1,2,0.00033376162173226476,,
Transformer,44,2,2,2,0.00040343040018342435,,
Transformer,44,2,3,2,0.00046726546133868396,,
Transformer,44,2,0,3,0.0005423661787062883,,
Transformer,44,2,1,3,0.0005958949332125485,,
Transformer,44,2,2,3,0.0005016576615162194,,
Transformer,44,2,3,3,0.000526958319824189,,
Transformer,44,3,0,4,0.004922698717564344,0.05496396869421005,0.24933816151505628
Transformer,44,3,1,4,0.0005766355898231268,0.04747045785188675,0.050602440846545305
Transformer,44,3,2,4,0.0015387979801744223,0.004723372869193554,0.28967950673807247
Transformer,44,3,3,4,0.0028614960610866547,0.0025898723397403955,0.4420666267311766
Transformer,44,3,4,4,0.0009447996853850782,0.0257892906665802,0.07363399613722121
Transformer,44,3,5,4,0.00010979243234032765,0.0014262617332860827,0.44524905182992075
Transformer,44,3,6,4,0.0006541229668073356,0.0010994437616318464,0.490643966908725
Transformer,44,3,7,4,0.0004962910898029804,0.0115927429869771,0.17266837113967734
Transformer,44,3,8,4,7.167777948779985e-05,0.0008034102502278984,0.5568867764789959
Transformer,44,3,9,4,0.00012650220014620572,0.002150303451344371,0.425974149491348
Transformer,44,3,10,4,0.0003087898076046258,0.004758520983159542,0.3092540014698641
Transformer,44,3,11,4,0.00012920735753141344,0.0008180080913007259,0.5687129498345329
Transformer,44,3,12,4,6.164249498397112e-05,0.0035155543591827154,0.35859446624152413
Transformer,44,3,13,4,7.359671144513413e-05,0.0015412872890010476,0.4817857985335853
Transformer,44,3,14,4,0.0001057295739883557,0.0014701951295137405,0.489333802561057
Transformer,44,3,15,4,0.00013268535258248448,0.0031561655923724174,0.3762317563489388
Transformer,44,3,16,4,8.881776011548936e-05,0.001138459425419569,0.5280878008509078
Transformer,44,3,17,4,5.053838322055526e-05,0.0028540317434817553,0.3939213748529026
Transformer,44,3,18,4,3.992477650172077e-05,0.0011865308042615652,0.5265175812602326
Transformer,44,3,19,4,3.585536978789605e-05,0.002611640142276883,0.4105633299038509
Transformer,44,3,20,4,3.3102984161814675e-05,0.001256618183106184,0.5228485303497209
Transformer,44,3,21,4,3.790366827161051e-05,0.001994058722630143,0.4573754738865613
Transformer,44,3,22,4,4.9299724196316674e-05,0.0017607368063181639,0.47928275884998395
Transformer,44,3,23,4,2.726532875385601e-05,0.0012621765490621328,0.5311445087864384
Transformer,44,3,24,4,3.3075724786613137e-05,0.0016259562689810991,0.49682713441549214
Transformer,44,3,25,4,3.073772677453235e-05,0.0011527022579684854,0.5487745073688848
Transformer,44,3,26,4,3.822256621788256e-05,0.0015007248148322105,0.5130496919079597
Transformer,44,3,27,4,3.506901703076437e-05,0.0010822354815900326,0.5609172379531205
Transformer,44,3,28,4,2.931794006144628e-05,0.0015273006865754724,0.5127340296226642
Transformer,44,3,29,4,3.156887396471575e-05,0.001019794144667685,0.5719028753242725
Transformer,44,3,30,4,3.074683991144411e-05,0.001277151401154697,0.5412849136977789
Transformer,44,3,31,4,3.2754145649960265e-05,0.0011280272156000137,0.5601968065872708
Transformer,44,3,32,4,2.8324968297965825e-05,0.0010012224083766341,0.5783972761978292
Transformer,44,3,33,4,2.79759169643512e-05,0.001101096742786467,0.566835494358682
Transformer,44,3,34,4,3.102563277934678e-05,0.0009960850002244115,0.5821562415719096
Transformer,44,3,35,4,3.94474554923363e-05,0.0011618809076026082,0.5620414573639899
Transformer,44,3,36,4,3.830098648904823e-05,0.001095599145628512,0.5715611777297547
Transformer,44,3,37,4,2.6027295461972244e-05,0.000943586346693337,0.5932264169315206
Transformer,44,3,38,4,2.715510709094815e-05,0.0009885323233902454,0.588097377211185
Transformer,44,3,39,4,2.6973204512614757e-05,0.0011362811783328652,0.5698941293490605
Transformer,44,3,40,4,3.5500033845892176e-05,0.0009489129879511893,0.5956969200096703
Transformer,44,3,41,4,2.772225889202673e-05,0.0009416404063813388,0.5978404759125997
Transformer,44,3,42,4,2.3816297471057624e-05,0.0008907969458959997,0.6062375981391535
Transformer,44,3,43,4,2.6045096092275344e-05,0.0008000843226909637,0.6209417510234014
Transformer,44,3,44,4,2.4730954464757815e-05,0.001040866132825613,0.5866859189932598
Transformer,44,3,45,4,2.401631536486093e-05,0.0006934902048669755,0.6421885960770848
Transformer,44,3,46,4,2.892296834033914e-05,0.0007981337839737535,0.6243874554627786
Transformer,44,3,47,4,2.444292294967454e-05,0.0008236859575845301,0.6218826875345469
Transformer,45,1,0,4,0.005321696400642395,0.07919540256261826,0.013393424503750435
Transformer,45,1,1,4,0.11436013877391815,0.09053640812635422,0.04074448302535853
Transformer,45,1,2,4,0.0022904458455741405,0.2688067555427551,-0.11262881899849207
Transformer,45,1,3,4,0.04516792669892311,0.36926013231277466,-0.10424215622379866
Transformer,45,1,4,4,0.0014851593878120184,0.04501058906316757,-0.06783191215938153
Transformer,45,1,5,4,0.01078026369214058,0.008094636723399162,0.052034829847781204
Transformer,45,1,6,4,0.006244607735425234,0.011830475181341171,-0.020683410486413364
Transformer,45,1,7,4,0.0015185294905677438,0.07028982788324356,-0.08127493182166143
Transformer,45,1,8,4,0.004900549538433552,0.0714033842086792,-0.08195832381186792
Transformer,45,1,9,4,0.000509347824845463,0.020525598898530006,-0.0445619600959507
Transformer,45,1,10,4,0.0018181952182203531,0.00771042425185442,0.0037192910471571645
Transformer,45,1,11,4,0.00070159015012905,0.015763569623231888,-0.03513940240521108
Transformer,45,1,12,4,0.0006357615347951651,0.031604524701833725,-0.06256842881416824
Transformer,45,1,13,4,0.0006726534920744598,0.024351906031370163,-0.0535190584238839
Transformer,45,1,14,4,0.00042418725206516683,0.012934207916259766,-0.026375802601700735
Transformer,45,1,15,4,0.0004662107094191015,0.01277851965278387,-0.02605782447466658
Transformer,45,2,0,0,0.0002478825917933136,,
Transformer,45,2,1,0,0.0003444225585553795,,
Transformer,45,2,2,0,0.00045801911619491875,,
Transformer,45,2,3,0,0.0004644112486857921,,
Transformer,45,2,0,1,0.0005261765909381211,,
Transformer,45,2,1,1,0.0007834614370949566,,
Transformer,45,2,2,1,0.0009211068390868604,,
Transformer,45,2,3,1,0.0008590398356318474,,
Transformer,45,2,0,2,0.0008285455987788737,,
Transformer,45,2,1,2,0.0009917935822159052,,
Transformer,45,2,2,2,0.0010289010824635625,,
Transformer,45,2,3,2,0.0009608498075976968,,
Transformer,45,2,0,3,0.001134107937105,,
Transformer,45,2,1,3,0.0010958703933283687,,
Transformer,45,2,2,3,0.001228667562827468,,
Transformer,45,2,3,3,0.001377105014398694,,
Transformer,45,3,0,4,0.004641932900995016,0.031236138194799423,0.09587333014871527
Transformer,45,3,1,4,0.000791338796261698,0.04571808502078056,-0.13299833454003207
Transformer,45,3,2,4,0.0007299459539353848,0.0031645435374230146,-0.04846158404728235
Transformer,45,3,3,4,0.0026873070746660233,0.006980422418564558,0.021796851239158418
Transformer,45,3,4,4,0.001617621281184256,0.01292085275053978,-0.1352465295553846
Transformer,45,3,5,4,0.00012340837565716356,0.005777979735285044,0.020885658548382983
Transformer,45,3,6,4,0.0006004148744978011,0.002968871034681797,-0.026225078834428442
Transformer,45,3,7,4,0.0006660689832642674,0.004692046903073788,-0.10376880095293976
Transformer,45,3,8,4,0.00023594692174810916,0.004555528052151203,0.009819467804712989
Transformer,45,3,9,4,0.00010771484085125849,0.0028375110123306513,-0.07024907701775604
Transformer,45,3,10,4,0.00019318504200782627,0.002685989486053586,-0.054460281141470473
Transformer,45,3,11,4,0.0001846433588070795,0.0032288874499499798,-0.022026547069407022
Transformer,45,3,12,4,0.00012873428931925446,0.0027709060814231634,-0.07050613305671327
Transformer,45,3,13,4,7.736842235317454e-05,0.0030731859151273966,-0.02875235305563541
Transformer,45,3,14,4,7.036176248220727e-05,0.0028353652451187372,-0.03905979364569059
Transformer,45,3,15,4,8.41682413010858e-05,0.0026925329584628344,-0.04922687343199516
Transformer,45,3,16,4,6.649329588981345e-05,0.003155684331431985,-0.023717364490096884
Transformer,45,3,17,4,5.828208668390289e-05,0.0027741165831685066,-0.037290178403713285
Transformer,45,3,18,4,6.180687341839075e-05,0.0028415664564818144,-0.03091792296190219
Transformer,45,3,19,4,6.954451964702457e-05,0.0026908472646027803,-0.03622419301938388
Transformer,45,3,20,4,6.620688509428874e-05,0.0029488105792552233,-0.022246239433170587
Transformer,45,3,21,4,6.324014975689352e-05,0.0026476015336811543,-0.030832751794427182
Transformer,45,3,22,4,6.411892536561936e-05,0.0031564051751047373,-0.009216956996775924
Transformer,45,3,23,4,6.138909520814195e-05,0.002490268088877201,-0.03213562263253574
Transformer,45,3,24,4,6.167950050439686e-05,0.00330962217412889,-0.002837176172677544
Transformer,45,3,25,4,6.628202390857041e-05,0.0026215899270027876,-0.023364221237799025
Transformer,45,3,26,4,5.029942622059025e-05,0.0030926030594855547,-0.006626737737104496
Transformer,45,3,27,4,6.66820487822406e-05,0.002628244459629059,-0.021022600602525178
Transformer,45,3,28,4,5.775276804342866e-05,0.0033580537419766188,0.002440822411890233
Transformer,45,3,29,4,5.445690840133466e-05,0.0024179688189178705,-0.027057009500393324
Transformer,45,3,30,4,6.762454722775146e-05,0.0035931176971644163,0.009582194724768199
Transformer,45,3,31,4,9.186369425151497e-05,0.0024887844920158386,-0.018852790367276155
Transformer,45,3,32,4,7.848443055991083e-05,0.003460252657532692,0.012131005819861203
Transformer,45,3,33,4,7.272942457348108e-05,0.0023187051992863417,-0.01946006889065106
Transformer,45,3,34,4,7.471611024811864e-05,0.00364629365503788,0.02138494295591025
Transformer,45,3,35,4,7.656898378627375e-05,0.0025073837023228407,-0.002807112315420675
Transformer,45,3,36,4,0.00010426833614474162,0.0034616882912814617,0.024609350010668985
Transformer,45,3,37,4,5.08098273712676e-05,0.0029663394670933485,0.017859976870614497
Transformer,45,3,38,4,4.707785410573706e-05,0.002750982530415058,0.013583409730001536
Transformer,45,3,39,4,5.974327359581366e-05,0.002865733578801155,0.017037706438974877
Transformer,45,3,40,4,5.3988685976946726e-05,0.002949650166556239,0.019436392309965883
Transformer,45,3,41,4,4.797836663783528e-05,0.00259728217497468,0.01189852776497804
Transformer,45,3,42,4,4.8815512855071574e-05,0.0027908978518098593,0.02094723163282114
Transformer,45,3,43,4,5.930656334385276e-05,0.0030020500998944044,0.02889468899598423
Transformer,45,3,44,4,5.637558570015244e-05,0.002943703904747963,0.030124011924168123
Transformer,45,3,45,4,4.215315493638627e-05,0.002877945778891444,0.030475165916230916
Transformer,45,3,46,4,3.4440323361195624e-05,0.0032989687751978636,0.0425939576251993
Transformer,45,3,47,4,4.742187957162969e-05,0.0026949967723339796,0.03671147439419187
Transformer,46,1,0,4,0.08184663951396942,0.22283266484737396,-0.035643399115364106
Transformer,46,1,1,4,0.002005038084462285,0.10335952788591385,0.1628450474733454
Transformer,46,1,2,4,0.02242918685078621,0.10976061224937439,0.13070042490881845
Transformer,46,1,3,4,0.0074736145325005054,0.012849204242229462,-0.011266514157424997
Transformer,46,1,4,4,0.005695166066288948,0.016131915152072906,0.05520855606058008
Transformer,46,1,5,4,0.005175987258553505,0.0738866925239563,0.10634491239802243
Transformer,46,1,6,4,0.002086060121655464,0.015791624784469604,0.07677103878838407
Transformer,46,1,7,4,0.0036092898808419704,0.00746198883280158,-0.0019071627600079852
Transformer,46,1,8,4,0.00028292860952205956,0.011598292738199234,0.09448597344760204
Transformer,46,1,9,4,0.001966969110071659,0.012964697554707527,0.10921232910555743
Transformer,46,1,10,4,0.0005441526882350445,0.004563912749290466,0.0410247768904321
Transformer,46,1,11,4,0.0006907794740982354,0.003942997194826603,0.06901472513609494
Transformer,46,1,12,4,0.0006660642684437335,0.007729050703346729,0.11625009432044497
Transformer,46,1,13,4,0.00025244749849662185,0.0037762655410915613,0.07854788365001728
Transformer,46,1,14,4,0.0004476848989725113,0.0037480704486370087,0.06897034078862192
Transformer,46,1,15,4,0.0003159926272928715,0.005461749155074358,0.10608902541847146
Transformer,46,2,0,0,4.8273996071657166e-05,,
Transformer,46,2,1,0,5.5202363000717014e-05,,
Transformer,46,2,2,0,7.741982699371874e-05,,
Transformer,46,2,3,0,0.00010123581887455657,,
Transformer,46,2,0,1,0.00010556713823461905,,
Transformer,46,2,1,1,0.00012138057354604825,,
Transformer,46,2,2,1,0.00015875934332143515,,
Transformer,46,2,3,1,0.00013932547881267965,,
Transformer,46,2,0,2,0.00016776718257460743,,
Transformer,46,2,1,2,0.00014275492867454886,,
Transformer,46,2,2,2,0.00017870320880319923,,
Transformer,46,2,3,2,0.0001827441155910492,,
Transformer,46,2,0,3,0.00018664507661014795,,
Transformer,46,2,1,3,0.00020848397980444133,,
Transformer,46,2,2,3,0.00022393852123059332,,
Transformer,46,2,3,3,0.00020660333393607289,,
Transformer,46,3,0,4,0.006768438033759594,0.09961060434579849,-0.08010992808101416
Transformer,46,3,1,4,0.0002858313964679837,0.06257645040750504,0.11408384949124767
Transformer,46,3,2,4,0.0030249622650444508,0.012578483670949936,0.13182875274071051
Transformer,46,3,3,4,0.004095795098692179,0.019387034699320793,0.007918674402540618
Transformer,46,3,4,4,0.0009795490186661482,0.008890711702406406,0.2055693865596477
Transformer,46,3,5,4,0.0002141512668458745,0.00541071780025959,0.10206442667992642
Transformer,46,3,6,4,0.0009746832074597478,0.005797191523015499,0.09401968013527799
Transformer,46,3,7,4,0.000551752164028585,0.0057998886331915855,0.21223521304812662
Transformer,46,3,8,4,8.539894770365208e-05,0.003871838329359889,0.12291878531272189
Transformer,46,3,9,4,0.0002721789351198822,0.003205158282071352,0.1437410214422307
Transformer,46,3,10,4,0.0003465886111371219,0.004632845986634493,0.1838468167540435
Transformer,46,3,11,4,8.939541294239461e-05,0.0034533366560935974,0.12831056906270394
Transformer,46,3,12,4,8.335136953974143e-05,0.0034062436316162348,0.15352689550468124
Transformer,46,3,13,4,9.284097177442163e-05,0.0038718245923519135,0.16333575604805564
Transformer,46,3,14,4,7.623476267326623e-05,0.0033085430040955544,0.14166978667644983
Transformer,46,3,15,4,8.432653703493997e-05,0.003547398839145899,0.1545475558659555
Transformer,46,3,16,4,6.282142567215487e-05,0.0034305104054510593,0.1493579329522183
Transformer,46,3,17,4,6.318300438579172e-05,0.003573716850951314,0.15360327231201856
Transformer,46,3,18,4,5.4008978622732684e-05,0.003543108468875289,0.1532977543335611
Transformer,46,3,19,4,5.435051571112126e-05,0.0036240466870367527,0.15599904369838974
Transformer,46,3,20,4,6.244846008485183e-05,0.0033619210589677095,0.15217864300251893
Transformer,46,3,21,4,7.394873682642356e-05,0.0034656538628041744,0.15832647415317522
Transformer,46,3,22,4,4.968860957887955e-05,0.0032071212772279978,0.15602258819004952
Transformer,46,3,23,4,5.6861492339521646e-05,0.0032456277403980494,0.16035085774371513
Transformer,46,3,24,4,5.131084981258027e-05,0.0032299375161528587,0.16160899044052793
Transformer,46,3,25,4,5.869775122846477e-05,0.003160597523674369,0.16261562968843546
Transformer,46,3,26,4,5.089991827844642e-05,0.0031011777464300394,0.16256977416335605
Transformer,46,3,27,4,4.486507168621756e-05,0.0033308262936770916,0.16939243313714994
Transformer,46,3,28,4,4.863576396019198e-05,0.002981093479320407,0.16468455866176077
Transformer,46,3,29,4,9.482789027970284e-05,0.002907497575506568,0.16710799689135905
Transformer,46,3,30,4,4.999265729566105e-05,0.003312937216833234,0.17995567868877632
Transformer,46,3,31,4,7.163942791521549e-05,0.002719826763495803,0.17026719304489735
Transformer,46,3,32,4,9.260149818146601e-05,0.003083987860009074,0.18362917292982026
Transformer,46,3,33,4,8.005028212210163e-05,0.0025790969375520945,0.1726091440069276
Transformer,46,3,34,4,4.779510709340684e-05,0.003512062132358551,0.19115552612537084
Transformer,46,3,35,4,5.6109063734766096e-05,0.0024868869222700596,0.1657219978537621
Transformer,46,3,36,4,4.9852522352011874e-05,0.003688189433887601,0.19151029430443825
Transformer,46,3,37,4,6.371145718730986e-05,0.002445011865347624,0.1641953997737945
Transformer,46,3,38,4,7.21644246368669e-05,0.003609951352700591,0.19301031724672094
Transformer,46,3,39,4,5.089184924145229e-05,0.0023673453833907843,0.16814128573138276
Transformer,46,3,40,4,6.0223403124837205e-05,0.003532788949087262,0.19731954448290467
Transformer,46,3,41,4,8.99277365533635e-05,0.0023908154107630253,0.18035668155000095
Transformer,46,3,42,4,6.0758975450880826e-05,0.0031621025409549475,0.19660883902338508
Transformer,46,3,43,4,3.360955452080816e-05,0.002505024429410696,0.18999823020753784
Transformer,46,3,44,4,4.0292776247952133e-05,0.002762811491265893,0.1976192608250802
Transformer,46,3,45,4,4.624622670235112e-05,0.002295875223353505,0.18700304687910993
Transformer,46,3,46,4,3.3759119105525315e-05,0.002528535667806864,0.19401373345278242
Transformer,46,3,47,4,3.2005304092308506e-05,0.002325220499187708,0.18924225491359947
Transformer,47,1,0,4,0.0022393381223082542,0.037571996450424194,0.23453730103475443
Transformer,47,1,1,4,0.0008340172935277224,0.04760465398430824,0.011493232561562651
Transformer,47,1,2,4,0.0016263759462162852,0.005279750097543001,0.184686137940298
Transformer,47,1,3,4,0.003335625631734729,0.005345586221665144,0.21121684664370835
Transformer,47,1,4,4,0.0029660456348210573,0.025864027440547943,0.0862002965034041
Transformer,47,1,5,4,0.0012647351250052452,0.005178279243409634,0.2962624188514647
Transformer,47,1,6,4,0.0002535982057452202,0.012176602147519588,0.15644754306054534
Transformer,47,1,7,4,0.000602603133302182,0.0064554959535598755,0.2087266137825265
Transformer,47,1,8,4,0.0006341736880131066,0.004694787785410881,0.23375312184059466
Transformer,47,1,9,4,0.0005661355680786073,0.011349598877131939,0.14159870674620204
Transformer,47,1,10,4,0.00036895801895298064,0.004921769257634878,0.21750318505375715
Transformer,47,1,11,4,0.000167797232279554,0.007908843457698822,0.17058741299978025
Transformer,47,1,12,4,0.00016857095761224627,0.005644205491989851,0.20433694391849533
Transformer,47,1,13,4,0.0001758194121066481,0.005914562847465277,0.2028149078278539
Transformer,47,1,14,4,0.00020141196728218347,0.006197026930749416,0.2010269478988187
Transformer,47,1,15,4,0.0001470952993258834,0.005575807299464941,0.21455325884656187
Transformer,47,2,0,0,5.908778257435188e-05,,
Transformer,47,2,1,0,6.350728654069826e-05,,
Transformer,47,2,2,0,8.03923248895444e-05,,
Transformer,47,2,3,0,0.00013556504563894123,,
Transformer,47,2,0,1,0.00010513174493098632,,
Transformer,47,2,1,1,0.0001306824997300282,,
Transformer,47,2,2,1,0.00013011567352805287,,
Transformer,47,2,3,1,0.00020856987976003438,,
Transformer,47,2,0,2,0.0002014304482145235,,
Transformer,47,2,1,2,0.0001775380951585248,,
Transformer,47,2,2,2,0.00022629692102782428,,
Transformer,47,2,3,2,0.00023447691637557,,
Transformer,47,2,0,3,0.00030154400155879557,,
Transformer,47,2,1,3,0.00026868790155276656,,
Transformer,47,2,2,3,0.00032041521626524627,,
Transformer,47,2,3,3,0.0002907976449932903,,
Transformer,47,3,0,4,0.004364548716694117,0.06789488345384598,0.22088355778080604
Transformer,47,3,1,4,0.0001757588906912133,0.05085820332169533,0.07684363920462023
Transformer,47,3,2,4,0.0008170974324457347,0.005150206387042999,0.19478449841375298
Transformer,47,3,3,4,0.0015742238610982895,0.0039232769049704075,0.17894245584420132
Transformer,47,3,4,4,0.0006153332651592791,0.02385462075471878,-0.0013755504835906854
Transformer,47,3,5,4,0.00011235087731620297,0.002956976415589452,0.25088897268720156
Transformer,47,3,6,4,0.0003652230661828071,0.002683331025764346,0.24974619531690234
Transformer,47,3,7,4,0.00042055032099597156,0.010386095382273197,0.1257469207804583
Transformer,47,3,8,4,0.0001728610513964668,0.002247144002467394,0.3392803244717245
Transformer,47,3,9,4,8.61151929711923e-05,0.0044178166426718235,0.2425340990316001
Transformer,47,3,10,4,0.00016775001131463796,0.007289214991033077,0.19200837731180267
Transformer,47,3,11,4,9.039075666805729e-05,0.002151163760572672,0.33423302088442597
Transformer,47,3,12,4,6.607667455682531e-05,0.005907507613301277,0.21770111154848037
Transformer,47,3,13,4,7.40714676794596e-05,0.004434951581060886,0.2507057740815216
Transformer,47,3,14,4,6.686457345495e-05,0.00346340611577034,0.28308660756486986
Transformer,47,3,15,4,6.731478060828522e-05,0.005138732492923737,0.2439946024148706
Transformer,47,3,16,4,4.1004761442309245e-05,0.00272762356325984,0.3176465946891074
Transformer,47,3,17,4,6.260669761104509e-05,0.0042579807341098785,0.26792346896550984
Transformer,47,3,18,4,4.336640631663613e-05,0.0032578289974480867,0.2970180369755735
Transformer,47,3,19,4,4.596565486281179e-05,0.003839171025902033,0.28007155200041
Transformer,47,3,20,4,4.1991035686805844e-05,0.0035218738485127687,0.2928587377905322
Transformer,47,3,21,4,6.552434206241742e-05,0.00319768232293427,0.30691837040168757
Transformer,47,3,22,4,5.6371078244410455e-05,0.004354408942162991,0.2761589858935526
Transformer,47,3,23,4,6.770995969418436e-05,0.0024933351669460535,0.34401811848938696
Transformer,47,3,24,4,6.677101191598922e-05,0.004600581247359514,0.2740272149238777
Transformer,47,3,25,4,5.152751327841543e-05,0.0028482049237936735,0.33106493988719504
Transformer,47,3,26,4,4.926375549985096e-05,0.005133392754942179,0.2628815733863341
Transformer,47,3,27,4,5.2303810662124306e-05,0.003671002807095647,0.30624493649083956
Transformer,47,3,28,4,4.328562499722466e-05,0.0029589703772217035,0.3344343757311134
Transformer,47,3,29,4,4.057365367771126e-05,0.003998261410742998,0.30165114752928984
Transformer,47,3,30,4,3.782152271014638e-05,0.0025880916509777308,0.35727067235938315
Transformer,47,3,31,4,3.0289978894870728e-05,0.004505024757236242,0.2941025213976885
Transformer,47,3,32,4,4.52343920187559e-05,0.0024256077595055103,0.3701334802970074
Transformer,47,3,33,4,3.6058336263522506e-05,0.004946137312799692,0.28572776729911536
Transformer,47,3,34,4,4.3462805479066446e-05,0.0026792874559760094,0.36176288482561464
Transformer,47,3,35,4,3.507888686726801e-05,0.004106401931494474,0.31515401528248593
Transformer,47,3,36,4,2.665593638084829e-05,0.002306782640516758,0.3898824455175043
Transformer,47,3,37,4,2.9624972739838995e-05,0.0031676588114351034,0.35237856145122615
Transformer,47,3,38,4,2.9316859581740573e-05,0.002722114557400346,0.37178808327813845
Transformer,47,3,39,4,3.5252171073807403e-05,0.0034450050443410873,0.3452909955539655
Transformer,47,3,40,4,3.568772444850765e-05,0.0027502018492668867,0.3734948938460927
Transformer,47,3,41,4,3.164459849358536e-05,0.0033830369357019663,0.34971697501123744
Transformer,47,3,42,4,2.6725669158622622e-05,0.002985847182571888,0.3656106960376474
Transformer,47,3,43,4,5.79740917601157e-05,0.0026859098579734564,0.3772754095922226
Transformer,47,3,44,4,3.1268838938558474e-05,0.0032683529425412416,0.35159645563226555
Transformer,47,3,45,4,4.8069487093016505e-05,0.002655421383678913,0.3764557934204148
Transformer,47,3,46,4,3.1326140742748976e-05,0.003567022504284978,0.342762109304409
Transformer,47,3,47,4,4.597772567649372e-05,0.002904333407059312,0.3705603426760385
Transformer,48,1,0,4,0.038268864154815674,0.0800035297870636,-0.12943556768592368
Transformer,48,1,1,4,0.012500093318521976,0.04640430584549904,0.053170287358962134
Transformer,48,1,2,4,0.0012296969071030617,0.010083616711199284,-0.09866048681960533
Transformer,48,1,3,4,0.0071199736557900906,0.02576378919184208,-0.13549302009944736
Transformer,48,1,4,4,0.0007687791367061436,0.010854189284145832,-0.001647594057094553
Transformer,48,1,5,4,0.0027425747830420732,0.0072935824282467365,-0.022331507030357203
Transformer,48,1,6,4,0.0014641848392784595,0.01244052592664957,-0.1188410506828493
Transformer,48,1,7,4,0.0006716594216413796,0.005389377009123564,-0.06991957586394149
Transformer,48,1,8,4,0.0011373803718015552,0.006891624070703983,-0.021459706350988633
Transformer,48,1,9,4,0.00020573486108332872,0.007075660862028599,-0.0946666567250101
Transformer,48,1,10,4,0.0006981014739722013,0.006286923307925463,-0.08635913329487457
Transformer,48,1,11,4,0.0003746582951862365,0.005720046348869801,-0.03271316833494125
Transformer,48,1,12,4,0.00023039265943225473,0.005527345929294825,-0.07230619927806012
Transformer,48,1,13,4,0.0004458051407709718,0.006271740887314081,-0.08116698763585944
Transformer,48,1,14,4,0.00016974919708445668,0.005315097980201244,-0.03395910791668298
Transformer,48,1,15,4,0.0002067196910502389,0.005157850682735443,-0.05549419487245432
Transformer,48,2,0,0,4.4210119085619226e-05,,
Transformer,48,2,1,0,4.6275206841528416e-05,,
Transformer,48,2,2,0,5.478601815411821e-05,,
Transformer,48,2,3,0,5.772438817075454e-05,,
Transformer,48,2,0,1,7.26188809494488e-05,,
Transformer,48,2,1,1,8.377350604860112e-05,,
Transformer,48,2,2,1,8.866018470143899e-05,,
Transformer,48,2,3,1,0.0001038465416058898,,
Transformer,48,2,0,2,9.941357711795717e-05,,
Transformer,48,2,1,2,0.00011731860286090523,,
Transformer,48,2,2,2,0.00010328053031116724,,
Transformer,48,2,3,2,0.00011407740385038778,,
Transformer,48,2,0,3,0.00012120507744839415,,
Transformer,48,2,1,3,0.00010923486115643755,,
Transformer,48,2,2,3,0.00011066922161262482,,
Transformer,48,2,3,3,0.00012444723688531667,,
Transformer,48,3,0,4,0.005912433844059706,0.06264632195234299,0.08868288215944878
Transformer,48,3,1,4,0.00018893896776717156,0.01679742895066738,-0.13613219591301765
Transformer,48,3,2,4,0.003297067480161786,0.005598004441708326,-0.13892215497765567
Transformer,48,3,3,4,0.0031958071049302816,0.01860501430928707,0.008894918677329585
Transformer,48,3,4,4,0.00019251825870014727,0.007178466767072678,-0.147731193196962
Transformer,48,3,5,4,0.0007275663083419204,0.0036812778562307358,-0.09954685422392351
Transformer,48,3,6,4,0.0010964791290462017,0.009299617260694504,-0.007377419271303007
Transformer,48,3,7,4,0.0001777925353962928,0.00422800425440073,-0.10865175887622436
Transformer,48,3,8,4,0.00029170545167289674,0.003616168862208724,-0.061689817618392304
Transformer,48,3,9,4,0.000432018336141482,0.0063350144773721695,-0.013178930656297883
Transformer,48,3,10,4,0.00017811055295169353,0.0035690884105861187,-0.08380196089734064
Transformer,48,3,11,4,0.00014620301953982562,0.0038222423754632473,-0.0399395431337695
Transformer,48,3,12,4,0.0002832111204043031,0.004428406711667776,-0.024599305963941158
Transformer,48,3,13,4,0.00015222985530272126,0.0032922672107815742,-0.06562662853947969
Transformer,48,3,14,4,0.00010000346810556948,0.0040987106040120125,-0.024768811734987618
Transformer,48,3,15,4,9.383994620293379e-05,0.0033371506724506617,-0.04323137974233813
Transformer,48,3,16,4,0.00010149399895453826,0.0032678302377462387,-0.04290130256107079
Transformer,48,3,17,4,0.00011110383638879284,0.0035783296916633844,-0.02717278603236001
Transformer,48,3,18,4,0.00010971180017804727,0.0031372271478176117,-0.044347562135153624
Transformer,48,3,19,4,8.113304647849873e-05,0.0033428191673010588,-0.027298129294897826
Transformer,48,3,20,4,7.105898839654401e-05,0.003115701023489237,-0.03527929418506955
Transformer,48,3,21,4,8.005188283277676e-05,0.003277903888374567,-0.022541755115218172
Transformer,48,3,22,4,7.405857468256727e-05,0.003067971905693412,-0.03117864244140486
Transformer,48,3,23,4,7.613754132762551e-05,0.003087096381932497,-0.024711060824913342
Transformer,48,3,24,4,8.18100743344985e-05,0.0030412329360842705,-0.023097232956494552
Transformer,48,3,25,4,0.00010526951518841088,0.0029726680368185043,-0.025034567091652134
Transformer,48,3,26,4,8.80040242918767e-05,0.002966302912682295,-0.017507619345701327
Transformer,48,3,27,4,7.512218871852383e-05,0.0029156748205423355,-0.017930482810666927
Transformer,48,3,28,4,7.160761015256867e-05,0.002887018956243992,-0.01749810806194133
Transformer,48,3,29,4,7.860128971515223e-05,0.002853818004950881,-0.013763581060765726
Transformer,48,3,30,4,8.609319775132462e-05,0.0028169092256575823,-0.007147855142202335
Transformer,48,3,31,4,7.306085171876475e-05,0.0027996390126645565,-0.009265036082869313
Transformer,48,3,32,4,6.849031342426315e-05,0.0027420250698924065,0.002768881550695031
Transformer,48,3,33,4,5.80991072638426e-05,0.002737259492278099,-0.0022476216540533206
Transformer,48,3,34,4,5.994954699417576e-05,0.0027005954179912806,0.0017357002823809053
Transformer,48,3,35,4,5.6669967307243496e-05,0.0026704350020736456,0.005563012315033257
Transformer,48,3,36,4,5.6878230680013075e-05,0.002758393296971917,0.0007278260562214092
Transformer,48,3,37,4,7.051334250718355e-05,0.002624149201437831,0.012430827383829208
Transformer,48,3,38,4,6.725672574248165e-05,0.0027078103739768267,0.007966035037673591
Transformer,48,3,39,4,5.939111360930838e-05,0.002651993418112397,0.013529508517623494
Transformer,48,3,40,4,5.4915130021981895e-05,0.0025893778074532747,0.02026751116570208
Transformer,48,3,41,4,4.742672899737954e-05,0.002567616757005453,0.023659786284334752
Transformer,48,3,42,4,5.454982238006778e-05,0.002531803213059902,0.02782062831184601
Transformer,48,3,43,4,5.174704347155057e-05,0.002686762949451804,0.02117481871662557
Transformer,48,3,44,4,5.978697299724445e-05,0.002494029002264142,0.03331228255098221
Transformer,48,3,45,4,6.0753147408831865e-05,0.002546380739659071,0.03184415823714471
Transformer,48,3,46,4,4.9550602852832526e-05,0.0024797439109534025,0.03793528345918743
Transformer,48,3,47,4,5.142147347214632e-05,0.0025894534774124622,0.034509941728696605
Transformer,49,1,0,4,0.03114873357117176,0.017261752858757973,0.10419964057188989
Transformer,49,1,1,4,0.14095604419708252,0.5278914570808411,0.12135685474758615
Transformer,49,1,2,4,0.013362559489905834,0.09107813984155655,0.06835375277565926
Transformer,49,1,3,4,0.02410903386771679,0.018675770610570908,-0.10483025172855213
Transformer,49,1,4,4,0.01762768253684044,0.004002070985734463,0.06281764422673924
Transformer,49,1,5,4,0.0026021157391369343,0.04908651113510132,0.2070171918928979
Transformer,49,1,6,4,0.011417945846915245,0.05369258671998978,0.21603344913138584
Transformer,49,1,7,4,0.0005886725266464055,0.0040265778079628944,0.23445945435156484
Transformer,49,1,8,4,0.004841475747525692,0.004596209153532982,0.12009366052435816
Transformer,49,1,9,4,0.001695699174888432,0.0039416952058672905,0.2289207299235895
Transformer,49,1,10,4,0.001690446282736957,0.022186242043972015,0.223044588105895
Transformer,49,1,11,4,0.0015803996939212084,0.015503442846238613,0.2247274035111777
Transformer,49,1,12,4,0.0004966420819982886,0.0037381243892014027,0.2180625627526947
Transformer,49,1,13,4,0.0011376052862033248,0.003858706448227167,0.21606377699767654
Transformer,49,1,14,4,0.00034717272501438856,0.011353299021720886,0.219947998841991
Transformer,49,1,15,4,0.0005576370167545974,0.013974077999591827,0.21725717961292634
Transformer,49,2,0,0,0.000124365949886851,,
Transformer,49,2,1,0,0.00015625516243744642,,
Transformer,49,2,2,0,0.00020209161448292434,,
Transformer,49,2,3,0,0.00022273932700045407,,
Transformer,49,2,0,1,0.0003043376200366765,,
Transformer,49,2,1,1,0.00034146863617934287,,
Transformer,49,2,2,1,0.0004337324935477227,,
Transformer,49,2,3,1,0.00048240675823763013,,
Transformer,49,2,0,2,0.0004720867145806551,,
Transformer,49,2,1,2,0.0004922355292364955,,
Transformer,49,2,2,2,0.0005642403848469257,,
Transformer,49,2,3,2,0.0005567872431129217,,
Transformer,49,2,0,3,0.0006149108521640301,,
Transformer,49,2,1,3,0.0006266798009164631,,
Transformer,49,2,2,3,0.0005756161990575492,,
Transformer,49,2,3,3,0.0006919511361047626,,
Transformer,49,3,0,4,0.006588931195437908,0.04364335536956787,-0.0016884295069591214
Transformer,49,3,1,4,0.00046895811101421714,0.05789481848478317,0.1684408184468605
Transformer,49,3,2,4,0.0028320313431322575,0.017895787954330444,0.1636916753267223
Transformer,49,3,3,4,0.003920660819858313,0.0018491069786250591,0.08895587277536034
Transformer,49,3,4,4,0.0007435241714119911,0.038130804896354675,0.16985831529912612
Transformer,49,3,5,4,0.0005132400547154248,0.00967507716268301,0.20928907321538404
Transformer,49,3,6,4,0.0012179642217233777,0.0024780582170933485,0.24083608825912478
Transformer,49,3,7,4,0.00048021518159657717,0.022231100127100945,0.20915533748349427
Transformer,49,3,8,4,0.00016073643928393722,0.006177084520459175,0.26042737192046506
Transformer,49,3,9,4,0.0003914733824785799,0.005716357845813036,0.27463495778927377
Transformer,49,3,10,4,0.0003351464110892266,0.014841357246041298,0.24681924998676638
Transformer,49,3,11,4,0.00016101254732348025,0.005531827919185162,0.29716641087874257
Transformer,49,3,12,4,0.00011542745778569952,0.010431008413434029,0.2778045434780323
Transformer,49,3,13,4,0.000183528070920147,0.009705704636871815,0.28906646713314926
Transformer,49,3,14,4,0.0001455697201890871,0.00738626578822732,0.31067764564410466
Transformer,49,3,15,4,0.00012953020632266998,0.011597204022109509,0.2927282837660362
Transformer,49,3,16,4,9.063269681064412e-05,0.00818171538412571,0.3190981640971571
Transformer,49,3,17,4,0.00010073584417114034,0.01051402185112238,0.31039384694977395
Transformer,49,3,18,4,9.734574268804863e-05,0.009241162799298763,0.32498807035738814
Transformer,49,3,19,4,9.628559200791642e-05,0.009786302223801613,0.327734487876885
Transformer,49,3,20,4,0.00010162315447814763,0.010227462276816368,0.3308910025957958
Transformer,49,3,21,4,9.329153544967994e-05,0.0093699274584651,0.34299031253568074
Transformer,49,3,22,4,7.246826135087758e-05,0.010414302349090576,0.3408250269893896
Transformer,49,3,23,4,7.483710942324251e-05,0.00926598533987999,0.35452669965507355
Transformer,49,3,24,4,8.042262925300747e-05,0.00915396586060524,0.3593403438678649
Transformer,49,3,25,4,7.482030923711136e-05,0.011321778409183025,0.3466809033245788
Transformer,49,3,26,4,7.608348823850974e-05,0.00923487450927496,0.36776886104732714
Transformer,49,3,27,4,7.339738658629358e-05,0.010770251043140888,0.35955532267120577
Transformer,49,3,28,4,7.829292735550553e-05,0.010195441544055939,0.36908589445623113
Transformer,49,3,29,4,9.097393922274932e-05,0.009608088061213493,0.3795433131270482
Transformer,49,3,30,4,7.094117609085515e-05,0.009811853058636189,0.38297801956963573
Transformer,49,3,31,4,6.31208749837242e-05,0.009475418366491795,0.39110649602334663
Transformer,49,3,32,4,5.758546103606932e-05,0.009625001810491085,0.3942000749686796
Transformer,49,3,33,4,5.46675109944772e-05,0.009574048221111298,0.39875859637817246
Transformer,49,3,34,4,5.395400876295753e-05,0.00943852961063385,0.4045739402307637
Transformer,49,3,35,4,5.292017158353701e-05,0.01001038309186697,0.40270063757045654
Transformer,49,3,36,4,5.018046067561954e-05,0.008613602258265018,0.42156080627783454
Transformer,49,3,37,4,5.9149879234610125e-05,0.010320501402020454,0.406753223254293
Transformer,49,3,38,4,8.138924749800935e-05,0.008957147598266602,0.42551509460926373
Transformer,49,3,39,4,7.933167944429442e-05,0.009613758884370327,0.4215639695273167
Transformer,49,3,40,4,8.919858373701572e-05,0.00952897034585476,0.42589768578289205
Transformer,49,3,41,4,7.640407420694828e-05,0.008250984363257885,0.44469309374739197
Transformer,49,3,42,4,4.688998524216004e-05,0.011602891609072685,0.41020415550335404
Transformer,49,3,43,4,6.173219298943877e-05,0.006739804521203041,0.4750828298623759
Transformer,49,3,44,4,5.483383938553743e-05,0.012619802728295326,0.4076272973007658
Transformer,49,3,45,4,4.746902413899079e-05,0.006480563897639513,0.488841663628054
Transformer,49,3,46,4,8.58160201460123e-05,0.011421483010053635,0.4253284604137001
Transformer,49,3,47,4,5.9163314290344715e-05,0.008116304874420166,0.4696213893781709
Transformer,50,1,0,4,0.031230609863996506,0.005588859785348177,0.01070140627601592
Transformer,50,1,1,4,0.14278054237365723,0.30352476239204407,0.14696374872016982
Transformer,50,1,2,4,0.014902484603226185,0.00962715595960617,0.09870908869000065
Transformer,50,1,3,4,0.036106131970882416,0.1765957623720169,-0.07787988248143109
Transformer,50,1,4,4,0.006274278741329908,0.012412617914378643,-0.001706013458728776
Transformer,50,1,5,4,0.01150312926620245,0.027314942330121994,0.14708734746493912
Transformer,50,1,6,4,0.0076630753464996815,0.0037556400056928396,0.14195408341968221
Transformer,50,1,7,4,0.0015125517966225743,0.03470813110470772,-0.05534543025516236
Transformer,50,1,8,4,0.005233398173004389,0.034293033182621,-0.05853274661735157
Transformer,50,1,9,4,0.000404869468184188,0.0026895045302808285,0.05372042489720082
Transformer,50,1,10,4,0.0028657044749706984,0.002129719126969576,0.11119334541462238
Transformer,50,1,11,4,0.0005274532595649362,0.006648235488682985,-0.005525919594585366
Transformer,50,1,12,4,0.0008950608898885548,0.01692715473473072,-0.04584629776221603
Transformer,50,1,13,4,0.0005620077135972679,0.007930662482976913,-0.017562117668924203
Transformer,50,1,14,4,0.00061088427901268,0.002608375856652856,0.041736882999417496
Transformer,50,1,15,4,0.0003322115808259696,0.0044517964124679565,0.008973528674711845
Transformer,50,2,0,0,0.0003849408240057528,,
Transformer,50,2,1,0,0.0005793347954750061,,
Transformer,50,2,2,0,0.0006116750882938504,,
Transformer,50,2,3,0,0.0007591815665364265,,
Transformer,50,2,0,1,0.0008813695167191327,,
Transformer,50,2,1,1,0.0010051788995042443,,
Transformer,50,2,2,1,0.0010652259225025773,,
Transformer,50,2,3,1,0.001111525809392333,,
Transformer,50,2,0,2,0.0013140664668753743,,
Transformer,50,2,1,2,0.0011761540081351995,,
Transformer,50,2,2,2,0.0012809759937226772,,
Transformer,50,2,3,2,0.0014861726667732,,
Transformer,50,2,0,3,0.0012848391197621822,,
Transformer,50,2,1,3,0.0014838112983852625,,
Transformer,50,2,2,3,0.0016685283044353127,,
Transformer,50,2,3,3,0.0016975130420178175,,
Transformer,50,3,0,4,0.0049638040363788605,0.03800463303923607,0.138530629257815
Transformer,50,3,1,4,0.0007826858782209456,0.05240162834525108,-0.08202596660639576
Transformer,50,3,2,4,0.0008107027388177812,0.0032782508060336113,0.006913826711590729
Transformer,50,3,3,4,0.002784887794405222,0.003412376157939434,0.07897109795799366
Transformer,50,3,4,4,0.001573539455421269,0.018527131527662277,-0.10418795085706886
Transformer,50,3,5,4,0.0001974602200789377,0.002218368463218212,0.05305885784428332
Transformer,50,3,6,4,0.0005196036654524505,0.0031293083447963,-0.00761023332777301
Transformer,50,3,7,4,0.0008481858531013131,0.009183123707771301,-0.05406341917393004
Transformer,50,3,8,4,0.00026773122954182327,0.0018804223509505391,0.06551767500733159
Transformer,50,3,9,4,0.00013014869182370603,0.005034721456468105,-0.014060695331582223
Transformer,50,3,10,4,0.0002549699565861374,0.004710123874247074,-0.005972685247717518
Transformer,50,3,11,4,0.0002559052954893559,0.0019304947927594185,0.0694899313830006
Transformer,50,3,12,4,0.000145404803333804,0.005581886973232031,-0.007241593460573247
Transformer,50,3,13,4,8.026601426536217e-05,0.0023422662634402514,0.05362604770564522
Transformer,50,3,14,4,9.725290874484926e-05,0.002940151374787092,0.03912613994967832
Transformer,50,3,15,4,0.00011061677651014179,0.003132273443043232,0.03786992869276391
Transformer,50,3,16,4,8.704471838427708e-05,0.0022975143510848284,0.06487061008239081
Transformer,50,3,17,4,0.00011056247603846714,0.003536410164088011,0.035542980911034805
Transformer,50,3,18,4,8.239070302806795e-05,0.002242716960608959,0.07304239639339298
Transformer,50,3,19,4,6.17230252828449e-05,0.0028796850237995386,0.056103262789228364
Transformer,50,3,20,4,8.251601684605703e-05,0.0025485248770564795,0.06852695397082079
Transformer,50,3,21,4,0.00010142763494513929,0.0022742431610822678,0.08085562741129676
Transformer,50,3,22,4,6.844900053692982e-05,0.0028835153207182884,0.06497904996715069
Transformer,50,3,23,4,5.769012568634935e-05,0.0022784066386520863,0.08624206335395046
Transformer,50,3,24,4,6.715075869578868e-05,0.0025024747010320425,0.08123555356022757
Transformer,50,3,25,4,6.193824083311483e-05,0.002574328100308776,0.08178249254153946
Transformer,50,3,26,4,5.1110440836055204e-05,0.0022205011919140816,0.09692113549376499
Transformer,50,3,27,4,5.7026038120966405e-05,0.0023111149203032255,0.09630480872531032
Transformer,50,3,28,4,5.890192915103398e-05,0.0024510768707841635,0.09420322661953982
Transformer,50,3,29,4,4.5952550863148645e-05,0.002198315691202879,0.10604041748776469
Transformer,50,3,30,4,5.4549480410059914e-05,0.002118866192176938,0.11213203391249672
Transformer,50,3,31,4,5.482332926476374e-05,0.0023088494781404734,0.10760561227034247
Transformer,50,3,32,4,5.854705523233861e-05,0.0022017154842615128,0.1145845497897377
Transformer,50,3,33,4,5.362648516893387e-05,0.0019458644092082977,0.12888681617585188
Transformer,50,3,34,4,5.5271699238801375e-05,0.0023897718638181686,0.1142477022703096
Transformer,50,3,35,4,4.409664688864723e-05,0.0018206641543656588,0.14270043489706058
Transformer,50,3,36,4,5.5884120229166e-05,0.002320290543138981,0.12456726291102119
Transformer,50,3,37,4,5.727174720959738e-05,0.0022263801656663418,0.13169994174800004
Transformer,50,3,38,4,4.9838687118608505e-05,0.0019349476788192987,0.14773928002707168
Transformer,50,3,39,4,5.4477801313623786e-05,0.0022423784248530865,0.13780119506734273
Transformer,50,3,40,4,9.801293344935402e-05,0.0018078074790537357,0.1612875081031365
Transformer,50,3,41,4,6.370915798470378e-05,0.0018088857177644968,0.1648358472030141
Transformer,50,3,42,4,4.05271966883447e-05,0.002175383036956191,0.15094465908149485
Transformer,50,3,43,4,8.145195170072839e-05,0.0019671847112476826,0.1630988268034656
Transformer,50,3,44,4,4.590772732626647e-05,0.0018952786922454834,0.16891457854105532
Transformer,50,3,45,4,3.479793303995393e-05,0.0018635108135640621,0.17269908408439302
Transformer,50,3,46,4,4.310397707740776e-05,0.0018167032394558191,0.17752415268031446
Transformer,50,3,47,4,4.118000651942566e-05,0.0017487796721979976,0.18372345454096284
