date,mean_annualized_arithmetic,volatility_annualized,sharpe_annualized,return_compounded_window,return_annualized_geometric,max_drawdown_window,model,window_months
1992-01-01,,,,,,,LS,36
1992-02-01,,,,,,,LS,36
1992-03-01,,,,,,,LS,36
1992-04-01,,,,,,,LS,36
1992-05-01,,,,,,,LS,36
1992-06-01,,,,,,,LS,36
1992-07-01,,,,,,,LS,36
1992-08-01,,,,,,,LS,36
1992-09-01,,,,,,,LS,36
1992-10-01,,,,,,,LS,36
1992-11-01,,,,,,,LS,36
1992-12-01,,,,,,,LS,36
1993-01-01,,,,,,,LS,36
1993-02-01,,,,,,,LS,36
1993-03-01,,,,,,,LS,36
1993-04-01,,,,,,,LS,36
1993-05-01,,,,,,,LS,36
1993-06-01,,,,,,,LS,36
1993-07-01,,,,,,,LS,36
1993-08-01,,,,,,,LS,36
1993-09-01,,,,,,,LS,36
1993-10-01,,,,,,,LS,36
1993-11-01,,,,,,,LS,36
1993-12-01,,,,,,,LS,36
1994-01-01,,,,,,,LS,36
1994-02-01,,,,,,,LS,36
1994-03-01,,,,,,,LS,36
1994-04-01,,,,,,,LS,36
1994-05-01,,,,,,,LS,36
1994-06-01,,,,,,,LS,36
1994-07-01,,,,,,,LS,36
1994-08-01,,,,,,,LS,36
1994-09-01,,,,,,,LS,36
1994-10-01,,,,,,,LS,36
1994-11-01,,,,,,,LS,36
1994-12-01,0.07510673236697074,0.016596889134430814,4.525350007379349,0.2513476264543444,0.07760432240664214,-0.004641595237786844,LS,36
1995-01-01,0.07584289605145403,0.016703582343645072,4.540516788023539,0.2540905582874165,0.0783911110067948,-0.004641595237786955,LS,36
1995-02-01,0.07404689783462394,0.01715722204422923,4.315785949714939,0.24736568242047088,0.07646008411197165,-0.004641595237786955,LS,36
1995-03-01,0.07378152660220541,0.01721285150007904,4.28642091067053,0.24637566218994025,0.07617521727905531,-0.004641595237786955,LS,36
1995-04-01,0.07163711212500758,0.017261251365470156,4.150169104675242,0.2384281372094115,0.07388292461169572,-0.004641595237786955,LS,36
1995-05-01,0.06971396613153669,0.0176078891269539,3.95924608730183,0.2313237339687685,0.0718254959001276,-0.004641595237786955,LS,36
1995-06-01,0.06929266268432685,0.017529960113864443,3.9528134824176395,0.22978222403186882,0.07137803176880991,-0.004641595237786955,LS,36
1995-07-01,0.06644505739408388,0.017091086949873206,3.887702261942843,0.21940633676459548,0.068356383226048,-0.004641595237786955,LS,36
1995-08-01,0.06617680434906538,0.017071974049467187,3.8763416671858595,0.2184319378470988,0.06807174124466447,-0.004641595237787066,LS,36
1995-09-01,0.06432889803803231,0.01759514292548894,3.65605998828479,0.21170044012338898,0.06610117468663308,-0.004641595237787066,LS,36
1995-10-01,0.06583581812032467,0.01772529979421622,3.7142287512568304,0.21715291434096526,0.06769788172146296,-0.004641595237786955,LS,36
1995-11-01,0.06287023215379435,0.017528820371855394,3.5866778722166592,0.2064414529663849,0.06455658411696427,-0.004641595237786844,LS,36
1995-12-01,0.06063608544721497,0.01691489711194334,3.584774122238129,0.1984598959698191,0.06220376212839402,-0.004641595237786955,LS,36
1996-01-01,0.05394756194765525,0.015425910420573051,3.497204409777142,0.17484444101331253,0.055180577795355755,-0.004641595237786955,LS,36
1996-02-01,0.053307942685017776,0.015379418849303238,3.466187065152522,0.17260467785857694,0.05450960725390724,-0.004641595237787066,LS,36
1996-03-01,0.04955061628456657,0.01627173160603022,3.045196263328444,0.15946943151554058,0.05055735534715177,-0.005004171575569871,LS,36
1996-04-01,0.048450493674602,0.016064027569817955,3.016086312353799,0.15567576565403404,0.04941033123958859,-0.005004171575569871,LS,36
1996-05-01,0.04769764356778351,0.016514220698017924,2.8882769850295316,0.1530542504799082,0.04861624234496634,-0.006593182207180859,LS,36
1996-06-01,0.049096668490016815,0.016962338151073668,2.8944516995676763,0.15785936314622281,0.05007085331285336,-0.006593182207180748,LS,36
1996-07-01,0.04981976604433125,0.017119182661090554,2.9101720000665936,0.16035455472769988,0.05082461442231079,-0.006593182207180748,LS,36
1996-08-01,0.04807614629486854,0.01643893099436117,2.9245299655652466,0.1543631435944809,0.04901287229929003,-0.006593182207180748,LS,36
1996-09-01,0.04672123415407937,0.01651289544646727,2.829378669873114,0.14969480672892743,0.047596864449489656,-0.006593182207180748,LS,36
1996-10-01,0.04761617468663998,0.016673102126562936,2.855867751855232,0.15276472077658648,0.04852846649095273,-0.006593182207180637,LS,36
1996-11-01,0.049323147101172714,0.01661496237651348,2.9685981817746847,0.15866246318828697,0.0503135762411994,-0.006593182207180859,LS,36
1996-12-01,0.04932708158997284,0.016616668230320045,2.9685302075157805,0.15867598916923747,0.050317663271602905,-0.006593182207180859,LS,36
1997-01-01,0.05400619774197772,0.01712060921129964,3.1544553745396806,0.17495614236760473,0.05521401807056808,-0.006593182207180748,LS,36
1997-02-01,0.05540028997448284,0.016926778595653426,3.2729375918409485,0.17986931706384,0.05668279378796544,-0.006593182207180748,LS,36
1997-03-01,0.055606721444450016,0.016992259379470364,3.272473671843351,0.18059309448029126,0.056898819635945716,-0.006593182207180859,LS,36
1997-04-01,0.053715310805697775,0.016801618911345177,3.1970318508668756,0.17395420402134168,0.0549139898349405,-0.006593182207180748,LS,36
1997-05-01,0.05313825355120641,0.01714984284786368,3.098468832781504,0.1719124104725155,0.05430205042853261,-0.006593182207180748,LS,36
1997-06-01,0.05706348389489514,0.018662719768593575,3.0576188574038397,0.18563818185165384,0.058402179689197094,-0.006593182207180637,LS,36
1997-07-01,0.05816028655944347,0.018487563503499803,3.145914092380717,0.18953835517822795,0.05956145237694165,-0.006593182207180748,LS,36
1997-08-01,0.058418834462009114,0.01846026295809051,3.1645721729227105,0.19045864508993957,0.059834626238962026,-0.006593182207180748,LS,36
1997-09-01,0.05661293665359225,0.018707164567189037,3.026270306772577,0.18404139451303803,0.05792682318326807,-0.006593182207180859,LS,36
1997-10-01,0.05680594434337388,0.01872833888693389,3.0331544450536083,0.18472259980275027,0.05812966721407479,-0.006593182207180748,LS,36
1997-11-01,0.05723047408105844,0.018794799731058142,3.045016435396536,0.18622100540414294,0.058575577352037896,-0.006593182207180859,LS,36
1997-12-01,0.05809511462648674,0.019062708192701554,3.0475792861755773,0.18926988824710017,0.05948173556561909,-0.006593182207180859,LS,36
1998-01-01,0.05814453968139792,0.019075959761404988,3.0480531731377183,0.18944452647280402,0.059533592859555735,-0.006593182207180637,LS,36
1998-02-01,0.059965311091580376,0.01879943392836452,3.189740250694725,0.1959455868146343,0.061460425199646875,-0.006593182207180748,LS,36
1998-03-01,0.05877080024943104,0.019089983213154842,3.0786197972626965,0.191669536719118,0.060193846332882245,-0.006593182207180637,LS,36
1998-04-01,0.06240993983111158,0.019645383962477624,3.1768246398397495,0.2046475110671799,0.06402866789972347,-0.006593182207180859,LS,36
1998-05-01,0.0664893577404152,0.019793911010041704,3.3590813713714427,0.219391034501888,0.06835191429229082,-0.006593182207180637,LS,36
1998-06-01,0.06413742176460532,0.019873341680886208,3.227309367215854,0.21085823388814603,0.0658541155032692,-0.006593182207180859,LS,36
1998-07-01,0.06609380913937901,0.02002328226545569,3.300847896121632,0.21793679778579697,0.06792704248783668,-0.006593182207180748,LS,36
1998-08-01,0.06847364613815918,0.020538601083270436,3.333900194104936,0.22657777425035372,0.07044665727938289,-0.006593182207180748,LS,36
1998-09-01,0.07224002612643336,0.02009649229824943,3.594658463493456,0.2404662860954786,0.07447171767160864,-0.006593182207180859,LS,36
1998-10-01,0.07256410567042376,0.02015643950148096,3.6000458148916743,0.24166136021421514,0.07481665817616857,-0.006593182207180637,LS,36
1998-11-01,0.07523492251681727,0.020142494047947407,3.735134404792537,0.25158975940302264,0.07767382259428389,-0.006593182207180748,LS,36
1998-12-01,0.07415878176229207,0.020221641978755745,3.6672977318162916,0.2475747783007149,0.07652022974428874,-0.006593182207180748,LS,36
1999-01-01,0.07398905604821014,0.0202921897431017,3.6461839251903605,0.24693842262205662,0.07633716355813815,-0.006593182207180748,LS,36
1999-02-01,0.07464492031507856,0.020271858158450493,3.682194287846386,0.24938066024116207,0.07703940534982846,-0.006593182207180748,LS,36
1999-03-01,0.07725682213457903,0.019264060587434732,4.010412123857778,0.2592196752194458,0.07985928528469,-0.006593182207180748,LS,36
1999-04-01,0.07395019247069673,0.020272157811033774,3.647869810407995,0.24679545793519045,0.07629602704757839,-0.006593182207180748,LS,36
1999-05-01,0.07898910700281776,0.018839048937739772,4.192839419010211,0.2657680348464223,0.08172792522189558,-0.006372767001260993,LS,36
1999-06-01,0.0764175057952824,0.018696502817047437,4.087262015953329,0.25611241726007394,0.07897033128902228,-0.006372767001261104,LS,36
1999-07-01,0.0746437348568972,0.018711634989846845,3.9891615509494365,0.24948655602187159,0.07706983394807035,-0.006372767001260993,LS,36
1999-08-01,0.07409021986293084,0.018687267260639375,3.96474341751325,0.2474278427330237,0.07647796499078512,-0.006372767001261104,LS,36
1999-09-01,0.07584229354829794,0.01843717466058306,4.113552913855157,0.25397776707315245,0.07835878035657598,-0.006372767001260993,LS,36
1999-10-01,0.07398805277696408,0.018526261911751576,3.993684917626689,0.24705870345237932,0.07637177060392762,-0.006372767001260993,LS,36
1999-11-01,0.0661012092340402,0.023059297221474078,2.8665751865361764,0.21773002572225233,0.06786660421876038,-0.0176120847896315,LS,36
1999-12-01,0.05804478389841526,0.02516830291606738,2.3062653088683076,0.18862206019596073,0.05928932433380934,-0.03043129990983917,LS,36
2000-01-01,0.05350187270583377,0.024864144160530954,2.1517681187982327,0.17263196539169062,0.05451778697641351,-0.030953139621773262,LS,36
2000-02-01,0.03426768817685683,0.041622550345505556,0.8232962154506009,0.10526107320766365,0.033923226334392424,-0.08265565571481248,LS,36
2000-03-01,0.03982744487549097,0.04368946676820432,0.9116029061832359,0.12351051334863489,0.039582707756074524,-0.08265565571481237,LS,36
2000-04-01,0.05199174480578741,0.048518566333607085,1.071584523918106,0.16437281076853721,0.05203620318592057,-0.08265565571481248,LS,36
2000-05-01,0.057108878850712766,0.048165486154001964,1.18568052376998,0.18236220826015173,0.057426475636868174,-0.08265565571481248,LS,36
2000-06-01,0.056244913975720776,0.047958951043853226,1.172771980027064,0.17934943767176115,0.05652757085900378,-0.08265565571481248,LS,36
2000-07-01,0.05912241088329364,0.04814812889795085,1.2279274862082925,0.18949402373640634,0.05954828971592486,-0.08265565571481248,LS,36
2000-08-01,0.062150426576618324,0.04833134522068009,1.2859237890615405,0.20026337927997473,0.0627363085645184,-0.08265565571481248,LS,36
2000-09-01,0.06625303331086256,0.04836780347366973,1.3697755232347715,0.21504171013625734,0.06708020178378697,-0.08265565571481259,LS,36
2000-10-01,0.06698108684754106,0.048407304701927174,1.383697920385855,0.21767707789661375,0.06785112677765388,-0.08265565571481248,LS,36
2000-11-01,0.06258603431567863,0.048756001603931044,1.2836580576089018,0.20175308917001683,0.06317579939720282,-0.08265565571481237,LS,36
2000-12-01,0.06347607942115369,0.04890386554550131,1.2979767286922144,0.2049244961666412,0.06411021250045108,-0.08265565571481259,LS,36
2001-01-01,0.06693116465396387,0.04959924799129288,1.3494391016918963,0.21729155870042913,0.06773842022375402,-0.08265565571481237,LS,36
2001-02-01,0.07428902423024046,0.05110362077978167,1.4536939476435633,0.24403168515012974,0.07550016318691721,-0.08265565571481248,LS,36
2001-03-01,0.0765817782626487,0.050910749853434696,1.5042359125158729,0.2525998094613099,0.07796364381770088,-0.08265565571481248,LS,36
2001-04-01,0.07677989488689656,0.05093991579886965,1.5072638751515226,0.25333446113240954,0.07817434506335047,-0.08265565571481248,LS,36
2001-05-01,0.07475209029861607,0.05082380973363548,1.470808479143678,0.24580171777653026,0.07601000235324083,-0.08265565571481226,LS,36
2001-06-01,0.07714899648373874,0.05075244244774799,1.5201041124900978,0.2547486215096643,0.0785797006412591,-0.08265565571481226,LS,36
2001-07-01,0.07781174917493466,0.0508113022232082,1.5313866358535075,0.25721905849326787,0.07928709767697936,-0.08265565571481248,LS,36
2001-08-01,0.0761056863258534,0.050656554732492996,1.5023857569420602,0.25086974894012076,0.07746712939673833,-0.08265565571481237,LS,36
2001-09-01,0.07524258141635803,0.0506286273410575,1.4861667275608663,0.2476603604468899,0.07654484518395474,-0.08265565571481259,LS,36
2001-10-01,0.06911750413779257,0.05125483934373762,1.348506892671344,0.22496442928901064,0.06997712394362966,-0.08265565571481259,LS,36
2001-11-01,0.06139090999404019,0.05232373556881037,1.173289890843242,0.1968528852040891,0.061728781304038104,-0.08265565571481259,LS,36
2001-12-01,0.0606694379252623,0.05236627519038927,1.1585593534137193,0.19427057665021039,0.06096464241465366,-0.08265565571481259,LS,36
2002-01-01,0.06736504032346617,0.05268629964803286,1.2786064076143817,0.21831418588592405,0.06803733319663643,-0.08265565571481237,LS,36
2002-02-01,0.0704291845566259,0.05300955583472534,1.3286129915182079,0.2294404066499572,0.07127875956658304,-0.08265565571481248,LS,36
2002-03-01,0.0706135828639485,0.052999648748036365,1.3323405820980034,0.23011860649394036,0.07147570757911764,-0.08265565571481237,LS,36
2002-04-01,0.079473640607083,0.0534307710900044,1.48741331981171,0.262963798800252,0.08092849930277993,-0.08265565571481237,LS,36
2002-05-01,0.07821265442660817,0.053429270413044766,1.4638540601803263,0.25822643829317543,0.07957528976409535,-0.08265565571481237,LS,36
2002-06-01,0.08240881743103243,0.05368963630145013,1.5349110761029054,0.2740083309156035,0.08407024087096118,-0.08265565571481259,LS,36
2002-07-01,0.08591420307877583,0.0538052235393435,1.5967632402075898,0.2873595611703573,0.08784400054460094,-0.08265565571481248,LS,36
2002-08-01,0.08496304903109352,0.05384846833967377,1.5778173762557242,0.2837086457829126,0.08681466190950377,-0.08265565571481237,LS,36
2002-09-01,0.0886057115499756,0.054162833433515044,1.6359135210077076,0.29764918213216834,0.0907346230708301,-0.08265565571481237,LS,36
2002-10-01,0.0861937707258737,0.05454181240964841,1.5803246521860368,0.2882839564854645,0.08810431561956591,-0.08265565571481237,LS,36
2002-11-01,0.08081763392790313,0.05775583577746355,1.3992981460661043,0.26713348014879207,0.0821167562117363,-0.06620966109019422,LS,36
2002-12-01,0.09566475319536462,0.05824771797861687,1.6423777019124386,0.3243195489329333,0.09815656776789572,-0.05386349188058237,LS,36
2003-01-01,0.09638429408331305,0.05815284139609351,1.6574305187740623,0.3271797945622519,0.09894659334290629,-0.053353989581947814,LS,36
2003-02-01,0.11442274550937181,0.04560721550561971,2.508873743788911,0.40304849731192766,0.11950033443877962,-0.03822156590997483,LS,36
2003-03-01,0.1048315095743169,0.04488289541702775,2.335667264784921,0.3637329907731249,0.10894442592357317,-0.03822156590997472,LS,36
2003-04-01,0.08726722873656685,0.04260475061151911,2.048298076716644,0.2946289688698089,0.08988775570889362,-0.03822156590997472,LS,36
2003-05-01,0.08083266144527164,0.043781147492151,1.8462892380736056,0.26986022671596555,0.08289240303307747,-0.03822156590997472,LS,36
2003-06-01,0.07591219372917504,0.04370180365100428,1.737049443894761,0.25138499985492363,0.07761505039733446,-0.03822156590997483,LS,36
2003-07-01,0.07022760565538547,0.04402457226824631,1.5951910952701898,0.23030128444448017,0.071528744551031,-0.03822156590997472,LS,36
2003-08-01,0.06649023709179804,0.0439257747653751,1.5136952608564935,0.21667641205242402,0.06755853278565811,-0.03822156590997472,LS,36
2003-09-01,0.06178060472731721,0.04397948028149267,1.404759772782389,0.19968864075055545,0.06256665329510312,-0.03822156590997483,LS,36
2003-10-01,0.05580111690729633,0.04462813600096035,1.2503573285269085,0.1783641673911934,0.05623326870565043,-0.04458446259847826,LS,36
2003-11-01,0.055712414428214396,0.04464800443467929,1.2478142110409998,0.17804903878442,0.056139104551877206,-0.04955967953882545,LS,36
2003-12-01,0.054966510179011864,0.044497496936862994,1.2352719582632532,0.1754505156929491,0.05536199423626623,-0.04955967953882545,LS,36
2004-01-01,0.044639052100251174,0.04435115008265884,1.0064914216893082,0.13975522092871512,0.04456915335036389,-0.04955967953882501,LS,36
2004-02-01,0.03725996861353943,0.04216700031422793,0.8836286275020427,0.11518582188908039,0.03700873146857857,-0.04955967953882534,LS,36
2004-03-01,0.034072141160012566,0.04233773703490405,0.8047700124341277,0.10457966621264062,0.03371070720876464,-0.04955967953882556,LS,36
2004-04-01,0.030364051617909234,0.04181844601754598,0.7260922992013914,0.09246139054844497,0.02991653910985986,-0.04955967953882523,LS,36
2004-05-01,0.027877737785141167,0.041821605592060725,0.666586980353365,0.0843622266485556,0.027365064703236158,-0.04955967953882512,LS,36
2004-06-01,0.0274350961429565,0.041761843029027475,0.656941699720655,0.08293434684690117,0.026913924499542927,-0.0495596795388249,LS,36
2004-07-01,0.02786654775325933,0.041869864149210276,0.6655514251002156,0.08431965230985002,0.02735161902379746,-0.04955967953882501,LS,36
2004-08-01,0.02548489504139273,0.04172142254266673,0.610834757979079,0.07663622214519018,0.024919278876644666,-0.04955967953882523,LS,36
2004-09-01,0.024415711494116803,0.0416443392069268,0.58629124531902,0.07320551552054312,0.023829483733066478,-0.04955967953882512,LS,36
2004-10-01,0.0252533188597268,0.041456705961077096,0.609149190083666,0.07592468538783362,0.024693443247983542,-0.04955967953882512,LS,36
2004-11-01,0.027679915646177798,0.04074724014838872,0.6793077407298308,0.08386130049059022,0.027206841651859708,-0.04955967953882512,LS,36
2004-12-01,0.025336397252515533,0.041025586288882976,0.6175755070045429,0.07624878910331273,0.024796323314811474,-0.04955967953882512,LS,36
2005-01-01,0.025727670423923703,0.04118496277852017,0.6246860185907914,0.0774899939135758,0.025190127384589873,-0.04955967953882534,LS,36
2005-02-01,0.021379994535332365,0.04038745659065253,0.5293721452189849,0.06365428575627134,0.020783163027771,-0.04955967953882534,LS,36
2005-03-01,0.020679819220643634,0.04037707763076266,0.5121673096244093,0.06142758909784265,0.020070349209765432,-0.04955967953882523,LS,36
2005-04-01,0.014620518012732397,0.03856092872309332,0.37915367956312934,0.04254953318455052,0.01398663959062094,-0.04955967953882545,LS,36
2005-05-01,0.013566098818592331,0.03850507231955193,0.3523197854560008,0.039267240514634025,0.012921398502450627,-0.04955967953882523,LS,36
2005-06-01,0.010673321784109166,0.03765584813199233,0.28344393536687157,0.03039207084097852,0.010029757918434476,-0.04955967953882501,LS,36
2005-07-01,0.0058491742153087,0.03684732261163014,0.15874082024788747,0.01568559170971437,0.005201428800360854,-0.04955967953882534,LS,36
2005-08-01,0.006241846886857366,0.036884561885392055,0.1692265426996821,0.01687813570569779,0.005594686347714696,-0.04955967953882512,LS,36
2005-09-01,0.00041536069872379967,0.03552554484519373,0.011691888204214101,-0.0005953230611644902,-0.00019848041225586883,-0.04955967953882534,LS,36
2005-10-01,0.0033452400271068994,0.035491646644753516,0.09425429201948292,0.008230010118512836,0.002735845032335215,-0.04513143479317516,LS,36
2005-11-01,0.014140352803047165,0.02921971092712657,0.4839319881812981,0.042022039927474476,0.013815596926421175,-0.044237197706528675,LS,36
2005-12-01,0.006302889347320366,0.02343765457220907,0.2689215052599139,0.018269629509614686,0.006053161804540833,-0.04423719770652901,LS,36
2006-01-01,0.006104166550826899,0.02343062995244177,0.2605208038886196,0.01766355143602937,0.005853519928712367,-0.0442371977065289,LS,36
2006-02-01,0.006504794514964865,0.023445344476965887,0.27744503909317964,0.018885734339482034,0.006256025311332282,-0.04423719770652901,LS,36
2006-03-01,0.005279409280636333,0.02367316455368685,0.22301240160196997,0.015132911364421825,0.005019070573467412,-0.04238966715123438,LS,36
2006-04-01,0.009635610711232532,0.0223263502801364,0.43158019964442046,0.028571649538358158,0.009434591729235118,-0.02994758752646387,LS,36
2006-05-01,0.014350147882273168,0.021382738839382853,0.6711089720575448,0.04327114058898689,0.01422053143994616,-0.019827238345285436,LS,36
2006-06-01,0.015046819651516665,0.0213712149402056,0.7040694548071353,0.04545195071250611,0.014926734246639766,-0.01966654605064222,LS,36
2006-07-01,0.01863882850150843,0.02121947060435598,0.8783832947124615,0.05677277745231122,0.01857701659472736,-0.017485698126214144,LS,36
2006-08-01,0.0188449662435581,0.021219151855007966,0.8881111918293033,0.05742550292098458,0.018786684600896827,-0.017485698126214255,LS,36
2006-09-01,0.020535627636880698,0.021111357779507546,0.972728890834975,0.06280061182287859,0.020510001211215618,-0.017485698126214033,LS,36
2006-10-01,0.0244147152142795,0.020184428439397016,1.2095816974745537,0.07527778438701827,0.02448803602358429,-0.017485698126214255,LS,36
2006-11-01,0.02470128911474337,0.020084527099113958,1.2298666029250487,0.07620706314594121,0.024783079425247153,-0.017485698126214366,LS,36
2006-12-01,0.021628501729600035,0.019167041100213347,1.1284215240379112,0.06640612840100549,0.02166271436304347,-0.017485698126214255,LS,36
2007-01-01,0.026295411741503565,0.017675092718014467,1.4877099747659743,0.08149851775529389,0.026459872652745842,-0.017485698126214255,LS,36
2007-02-01,0.024988020225352334,0.017622167226107807,1.4179879185536146,0.07727692377775287,0.025122546927252236,-0.017485698126214366,LS,36
2007-03-01,0.02780505085874483,0.017292894454629903,1.607888773721189,0.08641774201897374,0.028013812166793488,-0.017485698126214144,LS,36
2007-04-01,0.028275374167992598,0.017327005214158454,1.6318673549476326,0.0879462857553724,0.02849571019450499,-0.017485698126214255,LS,36
2007-05-01,0.029827781022221132,0.017193163581007483,1.7348628646312971,0.09301996334536543,0.030092040458672656,-0.017485698126214255,LS,36
2007-06-01,0.02891230100508203,0.017011151968148206,1.6996086484453028,0.09003929114685588,0.02915483222958985,-0.017485698126214477,LS,36
2007-07-01,0.021645883481379035,0.01695672516401226,1.2765367883250653,0.06658519912605983,0.021719896968807273,-0.017485698126214366,LS,36
2007-08-01,0.019703656697344266,0.017358777830696035,1.1350831774862462,0.060377892212557335,0.019733972726394558,-0.017485698126214255,LS,36
2007-09-01,0.018490459697510567,0.017359793418494328,1.0651313210796436,0.05653161652054022,0.01849952921190764,-0.017485698126214255,LS,36
2007-10-01,0.021141259892678503,0.016817572525611512,1.2570934277513854,0.06498194266446093,0.02120770144881485,-0.01351192389148581,LS,36
2007-11-01,0.022171618714970136,0.01642886884130638,1.3495523598815888,0.06829321369162526,0.02226499540144196,-0.01402852398584764,LS,36
2007-12-01,0.024555832268361465,0.01575867783921579,1.5582419108317438,0.07598066777766975,0.024711215183658212,-0.014028523985847752,LS,36
2008-01-01,0.018480950752079135,0.012135479424507867,1.5228859203334353,0.056736797791861415,0.018565456723673275,-0.014028523985847863,LS,36
2008-02-01,0.022197722207848002,0.014060458289507862,1.5787339040301618,0.06848784106303676,0.0223270721999077,-0.014028523985847863,LS,36
2008-03-01,0.020052322519595503,0.014628771463909404,1.3707454907656818,0.06161966075648049,0.02013187477183884,-0.014028523985847419,LS,36
2008-04-01,0.020204665884905135,0.014654824690930275,1.3787040316769943,0.06210297603699142,0.020286660438408963,-0.014028523985847752,LS,36
2008-05-01,0.02086519873668837,0.014694497325050076,1.4199328003632314,0.06420432320992488,0.020959088678508517,-0.01402852398584764,LS,36
2008-06-01,0.0189514327742726,0.014285625854328804,1.3266085061670554,0.05814012985018213,0.019016137629098356,-0.014028523985847752,LS,36
2008-07-01,0.019435874176180132,0.014238436680312364,1.3650286623849874,0.05967868572400332,0.01950978806231862,-0.014028523985847863,LS,36
2008-08-01,0.014693484561271664,0.015562232382538281,0.9441758868578903,0.044669875939382916,0.014673591222522034,-0.014028523985847752,LS,36
2008-09-01,0.014341887975442166,0.015608393642869478,0.9188573983712985,0.043567690926058396,0.014316619898480694,-0.01402852398584753,LS,36
2008-10-01,0.013915684204877566,0.015542662932496112,0.8953217518333417,0.04223889077536889,0.013885919022844487,-0.01402852398584764,LS,36
2008-11-01,0.01727341624064393,0.01606321633015244,1.0753398252017445,0.05275181417301907,0.017283497790373154,-0.014028523985847752,LS,36
2008-12-01,0.024030407838669103,0.022043389824447826,1.0901412182992616,0.07392317366216271,0.024057646259763966,-0.01402852398584753,LS,36
2009-01-01,0.028927643399964294,0.02340948743279855,1.2357230581407077,0.08968479431328479,0.02904325469625856,-0.014028523985847974,LS,36
2009-02-01,0.0283501936497464,0.02344218201522096,1.2093666720674157,0.08780077846785697,0.02844985612515409,-0.01402852398584764,LS,36
2009-03-01,0.034639140140198435,0.023771927405026958,1.4571447888938711,0.1084398327152558,0.03491347428402111,-0.01402852398584764,LS,36
2009-04-01,0.029806604376807204,0.025718692473760456,1.1589471123859598,0.09237400185188997,0.02988907651799934,-0.014255196165663953,LS,36
2009-05-01,0.0263299855563704,0.02623292612705696,1.0036999086126854,0.08102403815505299,0.02630973975720463,-0.020772262309190492,LS,36
2009-06-01,0.028909508984346338,0.026583937962710854,1.087480305773266,0.08937353668921177,0.02894526670877165,-0.020772262309190492,LS,36
2009-07-01,0.027282619610877298,0.026512379655518073,1.0290520868125437,0.08408794060593877,0.027278434469108846,-0.02077226230919038,LS,36
2009-08-01,0.023017665341404266,0.027591433754479797,0.8342323036281893,0.07024264744903115,0.022886431198410696,-0.021126851212936226,LS,36
2009-09-01,0.0177884453199991,0.028864116422164125,0.616282343787241,0.05350100723085417,0.017524757886792783,-0.03367873619185169,LS,36
2009-10-01,0.019101432250002066,0.02901936755376438,0.6582304805441646,0.05763872897669812,0.01885515822419683,-0.03367873619185169,LS,36
2009-11-01,0.020991436141379164,0.02880533647108402,0.7287342802765462,0.06366173893890419,0.02078554728165067,-0.03367873619185169,LS,36
2009-12-01,0.0204321572753735,0.028796278411577083,0.7095415936511807,0.06188245892600854,0.020216043858317836,-0.03367873619185191,LS,36
2010-01-01,0.020148934403606898,0.02878458048819921,0.69999055264562,0.06098315308515106,0.01992795629989207,-0.03367873619185169,LS,36
2010-02-01,0.020634868117191965,0.028782842282721908,0.7169155816685588,0.06252851057433666,0.020422902482501063,-0.033678736191851466,LS,36
2010-03-01,0.0204683404607976,0.028768086275868562,0.7114946842316372,0.06200003658526311,0.0202536971743017,-0.03367873619185169,LS,36
2010-04-01,0.018821823868060198,0.028758909655205635,0.6544693138132679,0.05677650101593808,0.018578212919978628,-0.03367873619185191,LS,36
2010-05-01,0.018104906733786168,0.02874124201047073,0.6299277785974025,0.05451111962752187,0.01784985994969795,-0.0336787361918518,LS,36
2010-06-01,0.0167231308556839,0.028698872853349773,0.5827103712796843,0.050158888350806195,0.016447622019847,-0.03367873619185158,LS,36
2010-07-01,0.0195222223188362,0.028092459051200728,0.6949274993426315,0.059054479738544656,0.01930956727341448,-0.033678736191851466,LS,36
2010-08-01,0.022164495722028003,0.027857640782145695,0.7956343430285561,0.06748857827254502,0.022008275238486526,-0.0336787361918518,LS,36
2010-09-01,0.022914459251164872,0.02783005166475535,0.8233710640280375,0.06989089334336092,0.02277435570208535,-0.03367873619185169,LS,36
2010-10-01,0.022196508546401834,0.027849346863683355,0.7970207938824933,0.06759163193460777,0.022041161868704532,-0.0336787361918518,LS,36
2010-11-01,0.02325094104625387,0.027729974478572388,0.8384768281781299,0.07097804327573916,0.02312066287406188,-0.0336787361918518,LS,36
2010-12-01,0.0206291579888958,0.02817720439432751,0.7321222396728879,0.0625638935870755,0.02043422931135753,-0.0336787361918518,LS,36
2011-01-01,0.0208768335027902,0.0281718720614407,0.7410524035200577,0.0633528007485774,0.020686709413399174,-0.03367873619185202,LS,36
2011-02-01,0.013775662739690435,0.027709242837214498,0.49715045700163374,0.04100944915989269,0.013487096830082666,-0.033678736191851466,LS,36
2011-03-01,0.017351612380454268,0.027564838353224475,0.6294835528547372,0.05223507564218134,0.01711702752834197,-0.033678736191851466,LS,36
2011-04-01,0.017261060934916767,0.02755550325299952,0.6264106583877338,0.05195046671546824,0.01702531586435626,-0.03367873619185191,LS,36
2011-05-01,0.017466516883879603,0.027574057361365468,0.6334402171931458,0.05259655576504042,0.01723348613546144,-0.03367873619185169,LS,36
2011-06-01,0.0186930100081878,0.027671391698229922,0.6755355932959292,0.056462611330333555,0.018477354994938973,-0.0336787361918518,LS,36
2011-07-01,0.019083943072078235,0.027671214805402425,0.6896677000372371,0.0577004223831409,0.018874968209569885,-0.033678736191851355,LS,36
2011-08-01,0.022107991462987267,0.02688261923923929,0.8223897852452291,0.06739036857261956,0.021976932450593446,-0.033678736191851466,LS,36
2011-09-01,0.0234308084147336,0.02682079132106707,0.873606156292983,0.07163179813381719,0.023328800988284316,-0.0336787361918518,LS,36
2011-10-01,0.028864361700526836,0.028604527131949366,1.0090836869065822,0.08905005251102127,0.02884340986045575,-0.0336787361918518,LS,36
2011-11-01,0.026981454270998538,0.02836200653772822,0.9513238858860982,0.08295147881091386,0.02691933971228627,-0.03367873619185169,LS,36
2011-12-01,0.017179175143748,0.023839591048392745,0.7206153456607307,0.05198026562547394,0.01703491896534492,-0.03367873619185169,LS,36
2012-01-01,0.013432300875128337,0.022368317670230627,0.6005056380706276,0.04033831646467802,0.013269253610673763,-0.03367873619185169,LS,36
2012-02-01,0.01345010519211117,0.02236761153218513,0.6013205823410152,0.040393871176598976,0.01328728969201846,-0.0336787361918518,LS,36
2012-03-01,0.009773903377044202,0.02119058793564114,0.46123795180808336,0.029069948396517678,0.009597574670740662,-0.03367873619185169,LS,36
2012-04-01,0.017954641093894268,0.019904960585588407,0.9020184198150983,0.054690833155061624,0.017907678527123983,-0.02363803837824907,LS,36
2012-05-01,0.021358516508281005,0.01934413425814334,1.1041340089587968,0.06553262017860195,0.021383685408934653,-0.02363803837824907,LS,36
2012-06-01,0.017803156790698736,0.018826811311941236,0.9456278333977232,0.05427635301541378,0.017774319447540973,-0.02363803837824907,LS,36
2012-07-01,0.01884110321844517,0.018887183883206513,0.9975602151677935,0.05755580170512685,0.01882852875094004,-0.02363803837824896,LS,36
2012-08-01,0.022103784728960237,0.017452511057497806,1.2665102835998026,0.06802186840090527,0.022178436680970286,-0.012822790158733888,LS,36
2012-09-01,0.027600644943900937,0.015146281907392038,1.8222719683060058,0.08586294148861431,0.02783879056468345,-0.01263847659997408,LS,36
2012-10-01,0.027488564046552165,0.015112982737097236,1.8188708691552382,0.08550030613267025,0.02772435863177198,-0.01263847659997408,LS,36
2012-11-01,0.027231222715534104,0.015136497678395672,1.7990438273182068,0.08466338055868909,0.02746016403474455,-0.01263847659997408,LS,36
2012-12-01,0.0253563024543774,0.015596202490202955,1.62579977211154,0.07857057630906589,0.02553272369294238,-0.01263847659997408,LS,36
2013-01-01,0.024810171921336235,0.015613744770582279,1.5889956116152777,0.07680772521195751,0.02497369758782908,-0.012638476599973969,LS,36
2013-02-01,0.025299352545580772,0.01564510067808422,1.6170782832366366,0.07838431513895097,0.025473686319436358,-0.012638476599973969,LS,36
2013-03-01,0.024201128847696766,0.015628344438942197,1.548540790244754,0.07484534345143137,0.024350679278744937,-0.01263847659997408,LS,36
2013-04-01,0.0276855326877174,0.016166661284835994,1.7125077466480896,0.08608853889378089,0.027909966431321372,-0.012638476599973858,LS,36
2013-05-01,0.027848644049357503,0.016157140266721357,1.723612198051964,0.08661938745958069,0.028077410009624812,-0.012638476599973969,LS,36
2013-06-01,0.029677039038173036,0.01622455261897877,1.8291437511477595,0.09257829734829207,0.02995327571006753,-0.012638476599973969,LS,36
2013-07-01,0.02951814221038264,0.016254512450405323,1.8159967763072813,0.09205733392697366,0.02978954883625387,-0.012638476599973969,LS,36
2013-08-01,0.030052965959892833,0.016308685842697155,1.8427582853556659,0.09380377446880038,0.030338210003253346,-0.012638476599973969,LS,36
2013-09-01,0.0281953881286569,0.016680057087376528,1.6903652056440008,0.08772050901645431,0.0284245588654564,-0.012638476599973969,LS,36
2013-10-01,0.030354170730376967,0.016795986789976864,1.8072275901342727,0.09476443509165594,0.030639761871202514,-0.012638476599973969,LS,36
2013-11-01,0.031448284940233565,0.016761289349134165,1.8762449764557092,0.09835633063352583,0.03176569939142912,-0.012638476599973969,LS,36
2013-12-01,0.0325447684524114,0.016230614506802386,2.0051470287074844,0.10199383723437996,0.03290343552663454,-0.007438185563637956,LS,36
2014-01-01,0.03270699234061303,0.01622069806755635,2.016373907238404,0.1025293371646668,0.0330707172086711,-0.007438185563637956,LS,36
2014-02-01,0.033634542301104096,0.01569390257898813,2.143159875742818,0.10562028131016989,0.03403522200745778,-0.006108587158851431,LS,36
2014-03-01,0.033073172188181,0.015621834252783934,2.1171119634870728,0.10376861935799193,0.03345764168382638,-0.00610858715885132,LS,36
2014-04-01,0.033310676190244234,0.015647754645513913,2.1287831350163797,0.10455188091943134,0.033702039599173596,-0.006108587158851653,LS,36
2014-05-01,0.032677653039276694,0.015627924571179386,2.0909784207392437,0.10246298198731478,0.03304999184454687,-0.006108587158851431,LS,36
2014-06-01,0.0307730977815693,0.015630805406220097,1.968746778033811,0.09619819317519547,0.031089491337114424,-0.00610858715885132,LS,36
2014-07-01,0.0333601711789561,0.016192162797697716,2.0602665373213402,0.10468779081138488,0.033744435244898285,-0.006108587158851542,LS,36
2014-08-01,0.03196046069182293,0.01667267056211832,1.9169370961146277,0.10004598337672842,0.032294499415161534,-0.00610858715885132,LS,36
2014-09-01,0.03089220219640037,0.016775147857079883,1.8415457472920238,0.09652994092228759,0.031193495374932188,-0.00610858715885132,LS,36
2014-10-01,0.027085077691160864,0.013960012100338443,1.940190129957281,0.08424167976972562,0.027326993095043436,-0.006108587158851431,LS,36
2014-11-01,0.0266400944180092,0.013954657293733696,1.9090468405821663,0.08279870049583403,0.02687104626364551,-0.00610858715885132,LS,36
2014-12-01,0.0265130995625524,0.013987951804337666,1.8954240001263571,0.0823856934948642,0.026740471404283733,-0.006108587158851542,LS,36
2015-01-01,0.026546120613515366,0.013993569482462791,1.8970228180010718,0.08249244030818122,0.02677422328874216,-0.006108587158851209,LS,36
2015-02-01,0.025198382413051564,0.014374079675085714,1.75304318486055,0.07811693507753877,0.02538892560288735,-0.00610858715885132,LS,36
2015-03-01,0.027385627766496834,0.014885035164105385,1.8398094102280713,0.08517549374628922,0.027621840342583824,-0.00610858715885132,LS,36
2015-04-01,0.023278063466716795,0.014301765843292564,1.6276356165930415,0.07193936962857693,0.02342669427035991,-0.006108587158851431,LS,36
2015-05-01,0.02785386579783593,0.016822146070599897,1.6557855151737264,0.0866015292410168,0.028071777945052362,-0.00610858715885132,LS,36
2015-06-01,0.029261399885750734,0.016712497492169145,1.7508693658420313,0.09119441467736181,0.029518238482490404,-0.006108587158851542,LS,36
2015-07-01,0.029394804493152668,0.016728140983018558,1.7572068840759156,0.0916293208514536,0.02965499515975398,-0.00610858715885132,LS,36
2015-08-01,0.029001102684375203,0.01682929948170557,1.7232507339893195,0.0903384842442743,0.029248984142765208,-0.006108587158851431,LS,36
2015-09-01,0.03123267471234873,0.017432960950537046,1.7915874876887488,0.09761131560997204,0.03153236442545687,-0.006108587158851431,LS,36
2015-10-01,0.0296877533660583,0.017282670143171027,1.717775848299051,0.09255698618701282,0.029946579121171726,-0.00610858715885132,LS,36
2015-11-01,0.0278251603078385,0.017789580175525597,1.5641268671488697,0.08645537687427744,0.02802568258668713,-0.00610858715885132,LS,36
2015-12-01,0.030231742633721165,0.01735381553495747,1.7420804417807967,0.09433305933635296,0.030504374628870293,-0.00610858715885132,LS,36
2016-01-01,0.03132128948664333,0.01734434322448699,1.8058504194280178,0.09790723949681429,0.031625058938066886,-0.00610858715885132,LS,36
2016-02-01,0.028675462947475097,0.01775878997601043,1.6147194142287575,0.08922557586562277,0.028898680153240493,-0.006108587158851209,LS,36
2016-03-01,0.02727374022248777,0.018063599753269245,1.5098729264941568,0.08464816134798976,0.027455358486731907,-0.007685108161662013,LS,36
2016-04-01,0.017658689949321866,0.021335980958107258,0.8276483740773074,0.05366423230344038,0.017577305527003016,-0.026607330487921077,LS,36
2016-05-01,0.021324336219795334,0.022289364163110753,0.9567045548606291,0.06523232546073995,0.021287725592575944,-0.0266073304879213,LS,36
2016-06-01,0.0164181654608232,0.02300507416872608,0.7136758325753473,0.04964286004471208,0.01628110700124943,-0.026607330487921188,LS,36
2016-07-01,0.0123616611882978,0.024418531560513792,0.5062409734861918,0.036859646089975454,0.012138606732454281,-0.03579407904887666,LS,36
2016-08-01,0.011624245532368,0.024331957374386273,0.47773573467642977,0.034577013421134166,0.011395324479760462,-0.03579407904887677,LS,36
2016-09-01,0.014109653512996034,0.024236215272095515,0.5821723133991656,0.0423186529339203,0.013911782468436702,-0.03579407904887688,LS,36
2016-10-01,0.017987570632498902,0.025988345346473197,0.6921398955066579,0.05436580056947015,0.017803102175680995,-0.03579407904887666,LS,36
2016-11-01,0.016713579867534068,0.0259710907321543,0.6435455499310744,0.05035089465252561,0.016509565806908186,-0.03579407904887655,LS,36
2016-12-01,0.0180629442824026,0.025816948286812982,0.6996545091903428,0.05461753642778722,0.01788409783169724,-0.03579407904887666,LS,36
1992-01-01,,,,,,,LS,60
1992-02-01,,,,,,,LS,60
1992-03-01,,,,,,,LS,60
1992-04-01,,,,,,,LS,60
1992-05-01,,,,,,,LS,60
1992-06-01,,,,,,,LS,60
1992-07-01,,,,,,,LS,60
1992-08-01,,,,,,,LS,60
1992-09-01,,,,,,,LS,60
1992-10-01,,,,,,,LS,60
1992-11-01,,,,,,,LS,60
1992-12-01,,,,,,,LS,60
1993-01-01,,,,,,,LS,60
1993-02-01,,,,,,,LS,60
1993-03-01,,,,,,,LS,60
1993-04-01,,,,,,,LS,60
1993-05-01,,,,,,,LS,60
1993-06-01,,,,,,,LS,60
1993-07-01,,,,,,,LS,60
1993-08-01,,,,,,,LS,60
1993-09-01,,,,,,,LS,60
1993-10-01,,,,,,,LS,60
1993-11-01,,,,,,,LS,60
1993-12-01,,,,,,,LS,60
1994-01-01,,,,,,,LS,60
1994-02-01,,,,,,,LS,60
1994-03-01,,,,,,,LS,60
1994-04-01,,,,,,,LS,60
1994-05-01,,,,,,,LS,60
1994-06-01,,,,,,,LS,60
1994-07-01,,,,,,,LS,60
1994-08-01,,,,,,,LS,60
1994-09-01,,,,,,,LS,60
1994-10-01,,,,,,,LS,60
1994-11-01,,,,,,,LS,60
1994-12-01,,,,,,,LS,60
1995-01-01,,,,,,,LS,60
1995-02-01,,,,,,,LS,60
1995-03-01,,,,,,,LS,60
1995-04-01,,,,,,,LS,60
1995-05-01,,,,,,,LS,60
1995-06-01,,,,,,,LS,60
1995-07-01,,,,,,,LS,60
1995-08-01,,,,,,,LS,60
1995-09-01,,,,,,,LS,60
1995-10-01,,,,,,,LS,60
1995-11-01,,,,,,,LS,60
1995-12-01,,,,,,,LS,60
1996-01-01,,,,,,,LS,60
1996-02-01,,,,,,,LS,60
1996-03-01,,,,,,,LS,60
1996-04-01,,,,,,,LS,60
1996-05-01,,,,,,,LS,60
1996-06-01,,,,,,,LS,60
1996-07-01,,,,,,,LS,60
1996-08-01,,,,,,,LS,60
1996-09-01,,,,,,,LS,60
1996-10-01,,,,,,,LS,60
1996-11-01,,,,,,,LS,60
1996-12-01,0.06484521763308623,0.017135604248802627,3.784238751756732,0.3807659901308686,0.06665510508702349,-0.006593182207180748,LS,60
1997-01-01,0.06595703425991872,0.017453393570830943,3.7790378124601327,0.3883844054813187,0.0678295758034077,-0.006593182207180748,LS,60
1997-02-01,0.06587037692193781,0.017458076610738064,3.7730603657348163,0.3877856999185639,0.06773746502939394,-0.006593182207180859,LS,60
1997-03-01,0.06729236884740493,0.017545799045302166,3.8352410553466494,0.3976227464204426,0.0692468808792556,-0.006593182207180748,LS,60
1997-04-01,0.06618761981438648,0.017509009550695894,3.7802035359422055,0.38997071841109143,0.06807347630069134,-0.006593182207180748,LS,60
1997-05-01,0.06376923803591726,0.018297739463873895,3.4850883171563307,0.3732588964023623,0.0654927138786842,-0.006593182207180748,LS,60
1997-06-01,0.06529043984507824,0.01896276708044602,3.4430861048968042,0.38360476764981377,0.06709334146672605,-0.006593182207180748,LS,60
1997-07-01,0.0634986918053652,0.01870392802390402,3.3949388451566174,0.371362694232413,0.06519830378134546,-0.006593182207180748,LS,60
1997-08-01,0.06274614032417615,0.018705157360361123,3.3544834248304207,0.36623902623931454,0.06440115547911912,-0.006593182207180748,LS,60
1997-09-01,0.06198122619502503,0.018857191494162522,3.28687472968666,0.3610316542861425,0.0635885301088431,-0.006593182207180637,LS,60
1997-10-01,0.06245434366511189,0.018873618873317847,3.309081532498534,0.3642364038332417,0.064088934198423,-0.006593182207180859,LS,60
1997-11-01,0.06191381176119449,0.018744643816894915,3.3030135096720454,0.3605892609220503,0.06351937878609266,-0.006593182207180748,LS,60
1997-12-01,0.061655025598189576,0.018641834254972553,3.3073475900979865,0.358851514031191,0.0632475741432419,-0.006593182207180748,LS,60
1998-01-01,0.05997127844558427,0.01779311063198727,3.3704774665859656,0.34761736501820834,0.06148367585754917,-0.006593182207180748,LS,60
1998-02-01,0.059639138038181876,0.017779765119311623,3.3543265413222128,0.3453938643847238,0.06113316555372526,-0.006593182207180859,LS,60
1998-03-01,0.05812068018208208,0.017990004517745104,3.2307207107564984,0.3352428694535456,0.05952706132309156,-0.006593182207180748,LS,60
1998-04-01,0.05905675812949211,0.01831301342416459,3.224852008876097,0.3414384172779939,0.060508485910775664,-0.006593182207180637,LS,60
1998-05-01,0.06236127603455378,0.018104015929593563,3.4446100951897356,0.3636989448126246,0.06400507859395119,-0.006593182207180859,LS,60
1998-06-01,0.061184603073259625,0.018166199244001365,3.3680464609823817,0.3557327410462348,0.0627590621472445,-0.006593182207180748,LS,60
1998-07-01,0.061827970045452235,0.0182779850402417,3.382646933419016,0.36006518335342447,0.06343743597474938,-0.006593182207180748,LS,60
1998-08-01,0.061905481268983764,0.018312870351072427,3.3804357308388027,0.3605854903865422,0.0635187893294298,-0.006593182207180748,LS,60
1998-09-01,0.06272270708045365,0.01840151621901028,3.4085618996795457,0.36611676550716826,0.06438210476830528,-0.006593182207180748,LS,60
1998-10-01,0.06365529914053498,0.018532061034709776,3.434874244225252,0.372452219666639,0.06536750657596853,-0.006593182207180637,LS,60
1998-11-01,0.06548223977565248,0.018543501390650145,3.5312769900440384,0.3849775457178891,0.06730500614843095,-0.006593182207180859,LS,60
1998-12-01,0.06389403424448663,0.018390688103524247,3.474260119296051,0.3741002306900339,0.06562323783948056,-0.006593182207180859,LS,60
1999-01-01,0.06362983817691405,0.018491519576404266,3.441028083928139,0.3722833510209109,0.06534128839211682,-0.006593182207180748,LS,60
1999-02-01,0.06490970218035043,0.018350924976315287,3.5371351724300797,0.38106357129915547,0.06670107799111263,-0.006593182207180748,LS,60
1999-03-01,0.0635668429996522,0.018288644507099973,3.475754749072543,0.3718783820728314,0.06527840326323431,-0.006593182207180859,LS,60
1999-04-01,0.06085345140039082,0.018723982457954487,3.2500271529862768,0.35343305863193386,0.06239827300110117,-0.006593182207180748,LS,60
1999-05-01,0.0634864827257847,0.01825478308676603,3.4777998962808705,0.37133430718296634,0.06519389384844904,-0.006593182207180748,LS,60
1999-06-01,0.06312960265913806,0.018269771007458597,3.455412913132054,0.3689004738095654,0.06481552558925385,-0.006593182207180637,LS,60
1999-07-01,0.06377093054566345,0.01814754515854759,3.514025174673667,0.37328885133508827,0.06549736216229204,-0.006593182207180748,LS,60
1999-08-01,0.0644897690710599,0.018108269196077987,3.5613436255424964,0.3782120479584796,0.06626022380655786,-0.006593182207180748,LS,60
1999-09-01,0.06474329983678247,0.018112266419699204,3.574555405521562,0.37995039696344146,0.06652906457881574,-0.006593182207180859,LS,60
1999-10-01,0.06397641455298896,0.01814873579789429,3.5251168602284575,0.3746928986409548,0.06571514551763179,-0.006593182207180748,LS,60
1999-11-01,0.059059939515282794,0.02082898602009187,2.8354687769396416,0.34113360009400945,0.06046028532367857,-0.0176120847896315,LS,60
1999-12-01,0.054608048551952934,0.022228583877248492,2.456658906096381,0.31155314569795817,0.05574049157382969,-0.03043129990983917,LS,60
2000-01-01,0.052552420252546556,0.022215805915496142,2.365541923279487,0.2982028477608616,0.05358241050612764,-0.03095313962177315,LS,60
2000-02-01,0.04200285112727754,0.03401443768727589,1.2348536087365616,0.2296839120167445,0.0422183088620922,-0.08265565571481248,LS,60
2000-03-01,0.04691991981137626,0.03557326118460741,1.318965938149032,0.2598479711482562,0.047281973374025336,-0.08265565571481237,LS,60
2000-04-01,0.05440039942285436,0.039028816212896965,1.3938521508340775,0.3068534730882131,0.0549828003430851,-0.08265565571481259,LS,60
2000-05-01,0.056206185667422914,0.03902201948231713,1.4403710113694348,0.3186535567131198,0.05688112563653871,-0.08265565571481248,LS,60
2000-06-01,0.05746179061991458,0.03924137172160228,1.4643165643539924,0.32686379165413115,0.05819393628265965,-0.08265565571481248,LS,60
2000-07-01,0.059105103898891065,0.03937866365449011,1.5009423483102797,0.33772285741321195,0.059920347735309014,-0.08265565571481248,LS,60
2000-08-01,0.060330313660707915,0.03951742784751068,1.5266761261261668,0.34586645310340375,0.06120770270309807,-0.08265565571481248,LS,60
2000-09-01,0.06313570735872318,0.03950037766765269,1.5983570559738145,0.3647847058675777,0.0641744543255086,-0.08265565571481237,LS,60
2000-10-01,0.06314150490144171,0.03950096273729678,1.5984801515185236,0.3648239084891916,0.06418056780977585,-0.08265565571481226,LS,60
2000-11-01,0.06174329305832505,0.03973959513988589,1.553697083248703,0.35530186183861395,0.06269150030494157,-0.08265565571481226,LS,60
2000-12-01,0.06335902198255279,0.03995494884370176,1.585761559360382,0.3661812810051201,0.06439215776613062,-0.08265565571481226,LS,60
2001-01-01,0.06776144006936945,0.04037673393723112,1.6782298482762386,0.3963067666897968,0.06904544776870192,-0.08265565571481259,LS,60
2001-02-01,0.07222778696531547,0.041478847261983316,1.7413161583088286,0.42734599981105725,0.07375661520166156,-0.08265565571481237,LS,60
2001-03-01,0.07433937736893136,0.04117580647247762,1.8054139976255386,0.44249164178130124,0.07602574176285319,-0.08265565571481259,LS,60
2001-04-01,0.07605439885686885,0.041320500886032736,1.8405972150878973,0.45479471477014316,0.07785500554223955,-0.08265565571481248,LS,60
2001-05-01,0.07859394407305331,0.04090035563414337,1.9215956158445613,0.4733899010133459,0.08059645323851275,-0.08265565571481259,LS,60
2001-06-01,0.07801599986949277,0.040851844938189705,1.909730147745683,0.4691799730676397,0.07997822698920233,-0.08265565571481248,LS,60
2001-07-01,0.07862315992381427,0.04090910362889961,1.9218988672309147,0.4736012043373483,0.08062744578502565,-0.08265565571481237,LS,60
2001-08-01,0.07872320528757468,0.04091288838752309,1.9241664030638894,0.4743326138011688,0.08073469654805562,-0.08265565571481226,LS,60
2001-09-01,0.07983551543782083,0.04083587823416378,1.955033634394313,0.482523645483496,0.08193289630609735,-0.08265565571481237,LS,60
2001-10-01,0.07655609681122655,0.041367659367328044,1.8506267451933751,0.45841134768402514,0.07839038489600801,-0.08265565571481226,LS,60
2001-11-01,0.07272289751137301,0.04227685771399051,1.720158532201108,0.4306274900578749,0.07424987837274091,-0.08265565571481259,LS,60
2001-12-01,0.07069944804566029,0.04227268693369067,1.672461657253065,0.41631266222923413,0.07209143784822215,-0.08265565571481237,LS,60
2002-01-01,0.07164514372580712,0.04248880402520629,1.6862122944977211,0.42292313161147393,0.07309034629624424,-0.08265565571481248,LS,60
2002-02-01,0.07392703892963626,0.04270604630175843,1.7310672687251851,0.4390876465309459,0.07551742009327167,-0.08265565571481248,LS,60
2002-03-01,0.07257095985135131,0.042684377938262213,1.700176114931707,0.429428252227309,0.07406971780882285,-0.08265565571481237,LS,60
2002-04-01,0.07630844928122196,0.04326054403782604,1.7639271761006883,0.4560507993381289,0.07804106749130237,-0.08265565571481248,LS,60
2002-05-01,0.07853112325102574,0.042879126523355786,1.8314534277709853,0.47233621354036304,0.08044185236959714,-0.08265565571481248,LS,60
2002-06-01,0.07833680278082043,0.042832243027123316,1.828921327589919,0.4709298625184711,0.08023536945148053,-0.08265565571481248,LS,60
2002-07-01,0.08042328045726287,0.04293928010202363,1.872953628150666,0.48622070513228405,0.08247197525263829,-0.08265565571481248,LS,60
2002-08-01,0.08041629781251054,0.04293983745955899,1.8727667026743429,0.48616898956016147,0.08246444185783272,-0.08265565571481248,LS,60
2002-09-01,0.08393896477461248,0.043070827276676486,1.9488588931763264,0.5123554905266049,0.08625247120363458,-0.08265565571481259,LS,60
2002-10-01,0.08160911038248884,0.04338384020786533,1.8810946654670142,0.49486032148665154,0.08372757234465039,-0.08265565571481248,LS,60
2002-11-01,0.07321223542338959,0.04701115786388124,1.5573374226470325,0.43261270731976315,0.07454785064933127,-0.08265565571481237,LS,60
2002-12-01,0.07714983169327967,0.04830370900345021,1.597182354832608,0.4604888995149624,0.0786974500320466,-0.08265565571481259,LS,60
2003-01-01,0.07549627289369562,0.04832479929620236,1.5622676967771396,0.44853210927007026,0.07692541265735124,-0.08265565571481237,LS,60
2003-02-01,0.07467731177795241,0.048384194516899744,1.5434236846057017,0.4426293168730594,0.07604628070854219,-0.08265565571481248,LS,60
2003-03-01,0.07455634540630779,0.04840413620822804,1.5402887283346296,0.441755611495864,0.07591591107755453,-0.08265565571481248,LS,60
2003-04-01,0.06931477276612755,0.04902965618728308,1.4137315689377778,0.4044692316919332,0.07029241060100139,-0.08265565571481248,LS,60
2003-05-01,0.06481216789033678,0.049462681592876714,1.3103245882178494,0.37323111053671104,0.06548840210949178,-0.08265565571481226,LS,60
2003-06-01,0.0645266537986564,0.04949108054906955,1.3038036972072036,0.3712732004925943,0.06518440066603236,-0.08265565571481226,LS,60
2003-07-01,0.06158538180849493,0.04965764227414697,1.2401994735975983,0.3513034113907019,0.062063722439490834,-0.08265565571481248,LS,60
2003-08-01,0.05914026823289125,0.04954217427042869,1.1937358241499623,0.33500215122057847,0.059488856157298736,-0.08265565571481237,LS,60
2003-09-01,0.056860054519253474,0.04960485097640178,1.1462599604684462,0.31992036144172714,0.057084112662150896,-0.08265565571481259,LS,60
2003-10-01,0.05308371164356525,0.0499045403072011,1.0637050520211964,0.29524815710219,0.05310238566958618,-0.08265565571481259,LS,60
2003-11-01,0.05002978820516335,0.050020715942327335,1.0001813701116649,0.2756672412877989,0.04989889981651341,-0.08265565571481259,LS,60
2003-12-01,0.05184365903258467,0.05014805093217365,1.0338120439158118,0.2872001896951159,0.05179043985477715,-0.08265565571481259,LS,60
2004-01-01,0.05015143770059406,0.050515543192421436,0.9927922087180089,0.2762842963859432,0.05000044983456083,-0.08265565571481237,LS,60
2004-02-01,0.04979681594439199,0.050504729662168464,0.9859832193437764,0.2740360664876434,0.04963026467740503,-0.08265565571481248,LS,60
2004-03-01,0.048428568784191474,0.05063355220072449,0.9564521286637783,0.2653446952499683,0.04819424214751042,-0.08265565571481237,LS,60
2004-04-01,0.04990271434519634,0.05048735415000969,0.9884200743996951,0.2747135441865978,0.04974187060602672,-0.08265565571481237,LS,60
2004-05-01,0.04792712254244737,0.05050691536208599,0.948921988184311,0.2622283939870363,0.04767743250496923,-0.08265565571481237,LS,60
2004-06-01,0.04862655407809724,0.05052599133085642,0.9624067296310682,0.2666266431829529,0.04840654575664102,-0.08265565571481259,LS,60
2004-07-01,0.05055684766163155,0.0506878020569988,0.9974164514922153,0.2788090738788871,0.050415548927076594,-0.08265565571481248,LS,60
2004-08-01,0.04956001039465181,0.05069772691930898,0.9775588257345744,0.27247431966135344,0.049372805544650296,-0.08265565571481237,LS,60
2004-09-01,0.04897956620531216,0.0506890824830378,0.9662744679133282,0.26880443577249974,0.048766816617384114,-0.08265565571481237,LS,60
2004-10-01,0.047315256460884185,0.05087488494297991,0.9300317143501096,0.2582733804583089,0.04702005836412177,-0.08265565571481237,LS,60
2004-11-01,0.04967012135865556,0.050127256841185595,0.9908805007228234,0.2733543060762044,0.04951790528653653,-0.06620966109019422,LS,60
2004-12-01,0.051074416058120464,0.049734387003075475,1.026943713108641,0.28241334126391676,0.0510069925661341,-0.05386349188058237,LS,60
2005-01-01,0.054980622356661076,0.05011696974540473,1.097046023252479,0.3074736845566103,0.055082916885625645,-0.053353989581947814,LS,60
2005-02-01,0.06619442274472158,0.04265061883746136,1.5520155287074278,0.3849141889790869,0.06729524105121523,-0.04955967953882545,LS,60
2005-03-01,0.061082384458442926,0.04156901420318087,1.4694210490507345,0.3504409309244841,0.06192811364038478,-0.04955967953882501,LS,60
2005-04-01,0.05388571320538897,0.03844359601645798,1.4016824332021414,0.3037105187478637,0.054474869318637285,-0.04955967953882534,LS,60
2005-05-01,0.05240545523175349,0.03841032958362846,1.3643583848364096,0.2941472444450654,0.052923305219218654,-0.04955967953882534,LS,60
2005-06-01,0.05099384746585349,0.03815684131060462,1.336427380106046,0.28514452009606805,0.05145428139981152,-0.04955967953882523,LS,60
2005-07-01,0.048459338456471907,0.03804084958906742,1.273876345558766,0.2690546788640508,0.04880818247974741,-0.04955967953882523,LS,60
2005-08-01,0.04687114999865396,0.037849726188364186,1.2383484563506075,0.259100941956708,0.04715774634850169,-0.04955967953882512,LS,60
2005-09-01,0.04443636120732922,0.0377166719552999,1.1781623060484547,0.24395330449760264,0.04462596321524115,-0.04955967953882523,LS,60
2005-10-01,0.04342760229022834,0.03763463227159917,1.1539265742474334,0.23773623107177755,0.04357969583994625,-0.04955967953882534,LS,60
2005-11-01,0.04414482651581072,0.03750266986058098,1.1771115677876391,0.2421969447470812,0.04433081128816934,-0.04955967953882545,LS,60
2005-12-01,0.04284591764897969,0.0372339274976723,1.150722486948448,0.234244548387312,0.042990237797287015,-0.04955967953882545,LS,60
2006-01-01,0.03900007403181344,0.036466736740417054,1.0694698105133333,0.21098213501345503,0.03902870830260981,-0.04955967953882501,LS,60
2006-02-01,0.03400677394878706,0.03484250070930262,0.976014156748157,0.18154099163839868,0.03392671912596196,-0.04955967953882534,LS,60
2006-03-01,0.03177492401710036,0.03502226593707604,0.907277789340926,0.16842870350044978,0.0316216396062345,-0.04955967953882556,LS,60
2006-04-01,0.029028202260729125,0.03465539542419817,0.8376243267580824,0.1526031391987926,0.028811854126387433,-0.04955967953882523,LS,60
2006-05-01,0.028571002440531037,0.0346210113429007,0.8252503705784936,0.14998427642150866,0.028343910034329605,-0.04955967953882512,LS,60
2006-06-01,0.027265347699323157,0.03451100717388918,0.7900478697113178,0.14253980266574243,0.027009043117163886,-0.0495596795388249,LS,60
2006-07-01,0.0260816294044392,0.03427814181264967,0.7608822423044614,0.13585667476880833,0.025804752726516427,-0.04955967953882501,LS,60
2006-08-01,0.024783836183514058,0.03416382167525389,0.7254409772740938,0.12854701486796696,0.024481053954100575,-0.04955967953882523,LS,60
2006-09-01,0.02403588225156708,0.03410364190187833,0.704789310206874,0.12435420100649834,0.02371868322015213,-0.04955967953882512,LS,60
2006-10-01,0.026262038289457418,0.03378575119470223,0.7773110663756805,0.13697307064547753,0.02600631939485958,-0.04955967953882512,LS,60
2006-11-01,0.028016015677585236,0.03320024356173195,0.843849703255723,0.1470767312088829,0.02782338381262169,-0.04955967953882512,LS,60
2006-12-01,0.02841909731518732,0.033196035957268714,0.8560991243583883,0.149386242621844,0.028236932505304305,-0.04955967953882512,LS,60
2007-01-01,0.025509660551416503,0.03244797698889538,0.7861710626874098,0.13295863313948067,0.02528076698786156,-0.04955967953882534,LS,60
2007-02-01,0.022532117345627864,0.03185346040269902,0.7073679613069184,0.11635313681250149,0.022257532666595782,-0.04955967953882534,LS,60
2007-03-01,0.02274344958106928,0.031867130713506366,0.7136961838685348,0.11752876465081646,0.022472749241180916,-0.04955967953882523,LS,60
2007-04-01,0.019183754481742102,0.030542901251232102,0.6280920834581235,0.09806778873415094,0.0188865525578217,-0.04955967953882545,LS,60
2007-05-01,0.01889619849981514,0.030519578232271923,0.6191500536476607,0.09649645798312496,0.01859478095860647,-0.04955967953882523,LS,60
2007-06-01,0.016528644222527,0.029815421746673634,0.5543656019010035,0.08372353208287618,0.016210553372421846,-0.04955967953882501,LS,60
2007-07-01,0.01199585590319348,0.029586641633832293,0.4054483794293243,0.05950106858050608,0.011626692071211113,-0.04955967953882534,LS,60
2007-08-01,0.01040437499440228,0.029673936938440452,0.3506233438450211,0.05109803646620769,0.010016910067453753,-0.04955967953882512,LS,60
2007-09-01,0.00691041509383314,0.02872837248452721,0.24054321551125157,0.033046542958954435,0.006523635864956566,-0.04955967953882534,LS,60
2007-10-01,0.00828374996096706,0.028638914174784744,0.28924804587251157,0.04017318726780846,0.007908553804388437,-0.04513143479317516,LS,60
2007-11-01,0.01448251223089576,0.024046185344694222,0.6022789903385368,0.07353785936307516,0.014293104393742408,-0.044237197706528675,LS,60
2007-12-01,0.00840906350191856,0.019711508431447228,0.42660679831600085,0.04193279062591325,0.008249327907877491,-0.04423719770652901,LS,60
2008-01-01,0.00823861635792074,0.01970710554834287,0.4180530894154321,0.04104625483029949,0.00807769428646832,-0.0442371977065289,LS,60
2008-02-01,0.010859408763807279,0.020569675742354104,0.5279329095814161,0.05467770691810087,0.010703927323196107,-0.04423719770652901,LS,60
2008-03-01,0.010214872225610079,0.02071000230798503,0.49323375602288516,0.051272245123989924,0.010050387825054349,-0.04238966715123438,LS,60
2008-04-01,0.013648175494391918,0.019807389577606763,0.6890446336160246,0.0695534049895668,0.013539070830072539,-0.02994758752646387,LS,60
2008-05-01,0.016424977606603518,0.019135024764133386,0.8583724248630412,0.0845580194053136,0.016367005405498555,-0.019827238345285436,LS,60
2008-06-01,0.016817390892912017,0.01912317574138349,0.8794245851392957,0.08668634315446959,0.01676559395697738,-0.01966654605064222,LS,60
2008-07-01,0.017984299568948703,0.018911521978657603,0.9509705030216337,0.09305762028670046,0.017955073539838568,-0.017485698126214144,LS,60
2008-08-01,0.01579309848033814,0.01956760876419703,0.8071041623253867,0.08109667599308963,0.015717432983026785,-0.017485698126214255,LS,60
2008-09-01,0.015973131156204197,0.01953876367123172,0.8175098191971352,0.08207199226479976,0.01590063370299962,-0.017485698126214033,LS,60
2008-10-01,0.018296342668777076,0.01900394659963023,0.9627654220588618,0.09475226101005095,0.01827051881712173,-0.017485698126214255,LS,60
2008-11-01,0.02108142760326844,0.019021016550962253,1.1083228673286627,0.11007695273200054,0.021105504113485458,-0.017485698126214366,LS,60
2008-12-01,0.024284256244774018,0.021939885770968254,1.106854269811556,0.12763898163584403,0.024316140596971,-0.017485698126214255,LS,60
2009-01-01,0.029573228811641317,0.02200095387381938,1.3441793924595589,0.15778264883397417,0.029734841070411282,-0.017485698126214255,LS,60
2009-02-01,0.02866090897051124,0.02199735745813942,1.3029250911184418,0.15252649851548378,0.028798171890399252,-0.017485698126214366,LS,60
2009-03-01,0.03211512340521187,0.02232916611751332,1.4382589674955744,0.1725120027679544,0.03234167391288658,-0.017485698126214144,LS,60
2009-04-01,0.028693733916067894,0.02357753147090711,1.2169948305009703,0.15251093961457732,0.028795394157259582,-0.017485698126214255,LS,60
2009-05-01,0.027642351103268577,0.023862868814313234,1.158383399681113,0.14644407169570967,0.027709981503976345,-0.02077226230919027,LS,60
2009-06-01,0.028149995404157056,0.023993846511859214,1.1732172826163416,0.14933340997276132,0.02822747955069726,-0.020772262309190492,LS,60
2009-07-01,0.025731272519009977,0.023492642639515338,1.095290679462735,0.13561394995519,0.025760907484680597,-0.020772262309190492,LS,60
2009-08-01,0.023303498363520976,0.024209928178141504,0.962559582665804,0.12184516935202384,0.023261382777451975,-0.021126851212936226,LS,60
2009-09-01,0.02005952254709646,0.02508259727869928,0.7997386524294063,0.10371058116493126,0.01993158523626542,-0.03367873619185169,LS,60
2009-10-01,0.022570906323622582,0.024957955459464585,0.9043571842365482,0.11764956195307892,0.022494852763466095,-0.0336787361918518,LS,60
2009-11-01,0.02400292797470606,0.024711772090817104,0.9713155287485654,0.1256990447594516,0.023963460792362636,-0.03367873619185158,LS,60
2009-12-01,0.025476553328902102,0.024443170091320573,1.0422769728198416,0.13404363556858642,0.025477068282005653,-0.03367873619185202,LS,60
2010-01-01,0.02216241893922642,0.023209339472284405,0.9548922736768026,0.11560202850457664,0.02211993591011148,-0.03367873619185191,LS,60
2010-02-01,0.02208504149474362,0.023207040923553503,0.9516526285058974,0.11517158499390016,0.022041048851753973,-0.03367873619185169,LS,60
2010-03-01,0.022616562325161665,0.023224513268066484,0.9738228768935816,0.11813146853755846,0.022583013141478467,-0.03367873619185191,LS,60
2010-04-01,0.02170453799493878,0.0232342347373933,0.9341619485322398,0.11305237662158157,0.021652307558275945,-0.0336787361918518,LS,60
2010-05-01,0.02161948324893144,0.023235874419780325,0.9304355350847964,0.11257977014923101,0.021565533291347597,-0.03367873619185169,LS,60
2010-06-01,0.020158529665471842,0.023098230158511934,0.8727304874500618,0.10451344875246414,0.02007992699583857,-0.03367873619185169,LS,60
2010-07-01,0.020199684765309978,0.023094503488096794,0.8746533466597866,0.10474083921892471,0.020121925099444868,-0.03367873619185213,LS,60
2010-08-01,0.01995796429550466,0.023070922003639555,0.8650700779256325,0.10341161755208807,0.019876325192544873,-0.0336787361918518,LS,60
2010-09-01,0.020409874225297782,0.02305489331094903,0.8852729852193633,0.10590545973527454,0.02033691747004722,-0.03367873619185191,LS,60
2010-10-01,0.01959451107254402,0.023038816950192317,0.8504998809142607,0.10141552953708462,0.019507063609981813,-0.03367873619185202,LS,60
2010-11-01,0.01994886517681978,0.02300568158092171,0.8671277617509534,0.10336963322111144,0.019868563904514025,-0.03367873619185202,LS,60
2010-12-01,0.01700482468686382,0.023125087568673923,0.7353409856877327,0.08725639141048729,0.016872245499433294,-0.03367873619185191,LS,60
2011-01-01,0.01710221652909872,0.023124430513606537,0.7395735224283982,0.08778529919886051,0.016971159983922585,-0.03367873619185191,LS,60
2011-02-01,0.015221929698642622,0.023459730500397975,0.6488535619957098,0.07757859563299405,0.015055505868910461,-0.03367873619185169,LS,60
2011-03-01,0.01745819408550084,0.02332591399190924,0.7484463027496516,0.08969526845678101,0.017328035718156855,-0.03367873619185158,LS,60
2011-04-01,0.018223445628602463,0.0233482166547161,0.7805069611139449,0.09386371290795957,0.018105170681948786,-0.03367873619185158,LS,60
2011-05-01,0.01829479900756738,0.023355908357021476,0.7833049662599579,0.09425248273319113,0.01817752929608148,-0.03367873619185169,LS,60
2011-06-01,0.0190051051069147,0.023422237712905726,0.811412869251294,0.09813128284236941,0.01889833539990656,-0.03367873619185202,LS,60
2011-07-01,0.01825136831129058,0.023340928193345278,0.7819469800046006,0.09401711638860447,0.018133724900287876,-0.03367873619185158,LS,60
2011-08-01,0.017750913611995642,0.02336080760713568,0.7598587305078243,0.09128461178898402,0.017624621579964132,-0.0336787361918518,LS,60
2011-09-01,0.017710239622915944,0.023358531107224134,0.7581914950738774,0.09106331129419785,0.01758334561962324,-0.03367873619185169,LS,60
2011-10-01,0.02096613056052548,0.02465807865174893,0.8502742998201285,0.1087739602276015,0.02086567966879331,-0.03367873619185169,LS,60
2011-11-01,0.022449526697021542,0.02450784687739224,0.9160138305634088,0.11703362551896919,0.022382128572962706,-0.03367873619185169,LS,60
2011-12-01,0.0216146602932628,0.02453917058364213,0.8808227735158736,0.1123847883447663,0.021529724505134202,-0.03367873619185191,LS,60
2012-01-01,0.021855362291816182,0.02455973383956835,0.8898859586419808,0.1137191886493977,0.021774689374163034,-0.03367873619185169,LS,60
2012-02-01,0.021738159950566542,0.02456574637398934,0.8848971905687059,0.11306710369256075,0.021655011090784472,-0.033678736191851466,LS,60
2012-03-01,0.0212964349161915,0.024537496941792136,0.8679139101559915,0.11061962587282911,0.02120532029382152,-0.03367873619185169,LS,60
2012-04-01,0.022501294071608897,0.024808148352594143,0.9070122345207589,0.11728192746065356,0.022427576962881408,-0.03367873619185191,LS,60
2012-05-01,0.022560792394904505,0.024811986977937756,0.909269878908329,0.11761321528229904,0.02248820224106542,-0.0336787361918518,LS,60
2012-06-01,0.02148450887552708,0.02481842315015185,0.865667764045502,0.11162509985303229,0.021390158328679066,-0.03367873619185158,LS,60
2012-07-01,0.024048404361249665,0.024377808271559772,0.9864875502079319,0.12600017537881034,0.024018238090807654,-0.033678736191851466,LS,60
2012-08-01,0.024743575182490565,0.02423416592210426,1.0210202926737273,0.1299322464445563,0.02473242979050542,-0.0336787361918518,LS,60
2012-09-01,0.025525633694930685,0.024221629332030536,1.053836360263995,0.13435168382635942,0.02553277374100012,-0.03367873619185169,LS,60
2012-10-01,0.02637928881594678,0.024300371405561034,1.0855508492314645,0.13918264061248242,0.026404793655687542,-0.0336787361918518,LS,60
2012-11-01,0.02703869037504444,0.02420847256615269,1.1169102181543187,0.14294887932605588,0.027082574957801316,-0.0336787361918518,LS,60
2012-12-01,0.02595683544051166,0.02438000302338107,1.0646772855449758,0.1367733029080571,0.02597026271546663,-0.0336787361918518,LS,60
2013-01-01,0.02595995164078068,0.024379822703263002,1.064812979025733,0.13679100137901004,0.025973457370331618,-0.03367873619185202,LS,60
2013-02-01,0.023946019697383282,0.023805932649951497,1.0058845435502006,0.12550045000944243,0.023927328911435584,-0.033678736191851466,LS,60
2013-03-01,0.025105846122022414,0.02359211076124659,1.064162777807162,0.13206117666257533,0.025118283287507853,-0.033678736191851466,LS,60
2013-04-01,0.02619305807662614,0.023821611363824907,1.0995502225513791,0.13818853417380936,0.026225592897330674,-0.03367873619185191,LS,60
2013-05-01,0.02580955043653292,0.02381451468598862,1.0837739410964393,0.1360137541003025,0.02583312317426842,-0.03367873619185169,LS,60
2013-06-01,0.026593893423812097,0.023867226762972697,1.1142431287856833,0.14046087960686146,0.026635029286780725,-0.0336787361918518,LS,60
2013-07-01,0.026249045585831483,0.023897893546919784,1.0983832334132537,0.1384963685793031,0.026281097475916435,-0.033678736191851355,LS,60
2013-08-01,0.02917365313467736,0.023301404961149276,1.2520126225572645,0.15530831305528117,0.029294328224834913,-0.033678736191851466,LS,60
2013-09-01,0.02872197431722662,0.02339678625974777,1.2276033981060208,0.1526957571097905,0.028828387716993698,-0.0336787361918518,LS,60
2013-10-01,0.02945760298784366,0.023469842473235178,1.2551257223578247,0.15692338931797215,0.029581950154831824,-0.0336787361918518,LS,60
2013-11-01,0.02845378639657356,0.02330416989536546,1.2209740370212547,0.15116688032420278,0.02855532572183086,-0.03367873619185169,LS,60
2013-12-01,0.0221134410551092,0.020257067213890746,1.0916407998066715,0.11567556433507471,0.022133410331052997,-0.03367873619185169,LS,60
2014-01-01,0.019369825893487964,0.019250206077248675,1.006213949905745,0.10060745195494109,0.01935742295959147,-0.03367873619185169,LS,60
2014-02-01,0.01839253888945724,0.01944467480780621,0.945890793816383,0.09523064665904976,0.018359496186119716,-0.0336787361918518,LS,60
2014-03-01,0.01651861331429038,0.01873368779323711,0.8817598273551684,0.08510304888551799,0.0164691370853861,-0.03367873619185169,LS,60
2014-04-01,0.02032588871666468,0.01738912356394635,1.1688851736499968,0.10605819940212922,0.020365100224815396,-0.02363803837824907,LS,60
2014-05-01,0.02210339949731116,0.016975098877149403,1.3021072605983515,0.11595377399741465,0.02218438196471719,-0.02363803837824907,LS,60
2014-06-01,0.02012325838524848,0.016620875746001965,1.210721907363334,0.1050108044476843,0.020171777612092493,-0.02363803837824907,LS,60
2014-07-01,0.021897899252137865,0.017020218921870767,1.286581527103587,0.1148056408944695,0.021973963391809324,-0.02363803837824896,LS,60
2014-08-01,0.023116590822246843,0.016292169920119868,1.4188773463318238,0.1216739089781737,0.023230138745957342,-0.012822790158733888,LS,60
2014-09-01,0.025572493748756697,0.014896950731854961,1.7166260538187617,0.13562643041093755,0.02576316210780082,-0.01263847659997408,LS,60
2014-10-01,0.02575631782522076,0.014961494112788984,1.7215070654744589,0.13666312341384768,0.02595037391844952,-0.01263847659997408,LS,60
2014-11-01,0.02583872166299956,0.014958012996904593,1.7274167142618884,0.1371308319585649,0.0260347906269923,-0.01263847659997408,LS,60
2014-12-01,0.025263225665570148,0.015044911186885133,1.6791874243559817,0.13386314129668075,0.025444423238049345,-0.01263847659997408,LS,60
2015-01-01,0.025693674017761264,0.015084866573104963,1.7032748611493127,0.13629759231660224,0.025884379868492173,-0.012638476599973969,LS,60
2015-02-01,0.024476268528082303,0.015313412061463857,1.5983549864550914,0.12939698316424705,0.02463532563121305,-0.012638476599973969,LS,60
2015-03-01,0.02544680729961104,0.015587336332108853,1.6325308415391246,0.1348560822522203,0.02562395977159645,-0.01263847659997408,LS,60
2015-04-01,0.02517503783080286,0.01564866166144698,1.6087661919885234,0.1333129416373269,0.025344885878861325,-0.012638476599973858,LS,60
2015-05-01,0.028410167833334363,0.017058350778593134,1.665469786738519,0.15162391957959684,0.02863698469438241,-0.012638476599973969,LS,60
2015-06-01,0.029007470293567185,0.017034673591078176,1.7028486127705844,0.15506245162550145,0.029250515622273873,-0.012638476599973969,LS,60
2015-07-01,0.02997195366583954,0.017016333650384723,1.7613637744557213,0.1606341602283221,0.030241570406565586,-0.012638476599973969,LS,60
2015-08-01,0.028845539359898878,0.017149338172249454,1.6820205578881093,0.15411877744001115,0.029082283210996443,-0.012638476599973969,LS,60
2015-09-01,0.030516562971641004,0.01751325600464465,1.7424836914133943,0.16374225801495235,0.030792763394590684,-0.012638476599973969,LS,60
2015-10-01,0.03087403570774066,0.017480241590689165,1.7662247714119514,0.16582213209064608,0.031160952845960842,-0.012638476599973969,LS,60
2015-11-01,0.029783221931995223,0.017784600764188037,1.6746635095665576,0.15946630580596585,0.03003415677516694,-0.012638476599973969,LS,60
2015-12-01,0.031718386227406886,0.0172834717404815,1.8351860496358379,0.17076122560842513,0.03203319422134225,-0.007438185563637956,LS,60
2016-01-01,0.03222662523109256,0.017286982681717574,1.8642134272035167,0.1737318689810371,0.03255639154149531,-0.007438185563637956,LS,60
2016-02-01,0.03288589982205408,0.016953999260175778,1.9397134161319478,0.17762992140742623,0.03324132185752263,-0.006108587158851431,LS,60
2016-03-01,0.03105912282724252,0.017134437206891704,1.8126724824524796,0.16693322834835303,0.03135742922415291,-0.007685108161662013,LS,60
2016-04-01,0.026431635485269202,0.01966529346232796,1.3440753139994204,0.14004279290956706,0.026559746493572733,-0.026607330487921188,LS,60
2016-05-01,0.028124242038082357,0.020195035612942825,1.3926314653318943,0.14965089559515135,0.02828427967049208,-0.026607330487920966,LS,60
2016-06-01,0.025228986695393342,0.020767697800184146,1.2148186543416302,0.1330988968291595,0.025306152299916115,-0.026607330487921188,LS,60
2016-07-01,0.022215676455563223,0.021826966287259462,1.0178087125433757,0.11606360063667327,0.022204500836824678,-0.03579407904887666,LS,60
2016-08-01,0.0228834055763058,0.02179979158649504,1.049707538969412,0.11979221407038833,0.02288659857160071,-0.03579407904887677,LS,60
2016-09-01,0.023129281376184082,0.021815373654365207,1.0602285224464152,0.121165208876427,0.023137311102743995,-0.03579407904887655,LS,60
2016-10-01,0.0229315283470269,0.021660315566704835,1.0586885623345261,0.12007749576178806,0.02293871200528638,-0.03579407904887644,LS,60
2016-11-01,0.02229306175449488,0.021672638386000885,1.02862703457899,0.11651277670400627,0.02228676781491917,-0.03579407904887677,LS,60
2016-12-01,0.022643702538301964,0.021637207208945335,1.0465168780627343,0.11847251660387594,0.022645386382397197,-0.03579407904887655,LS,60
1992-01-01,,,,,,,EN,36
1992-02-01,,,,,,,EN,36
1992-03-01,,,,,,,EN,36
1992-04-01,,,,,,,EN,36
1992-05-01,,,,,,,EN,36
1992-06-01,,,,,,,EN,36
1992-07-01,,,,,,,EN,36
1992-08-01,,,,,,,EN,36
1992-09-01,,,,,,,EN,36
1992-10-01,,,,,,,EN,36
1992-11-01,,,,,,,EN,36
1992-12-01,,,,,,,EN,36
1993-01-01,,,,,,,EN,36
1993-02-01,,,,,,,EN,36
1993-03-01,,,,,,,EN,36
1993-04-01,,,,,,,EN,36
1993-05-01,,,,,,,EN,36
1993-06-01,,,,,,,EN,36
1993-07-01,,,,,,,EN,36
1993-08-01,,,,,,,EN,36
1993-09-01,,,,,,,EN,36
1993-10-01,,,,,,,EN,36
1993-11-01,,,,,,,EN,36
1993-12-01,,,,,,,EN,36
1994-01-01,,,,,,,EN,36
1994-02-01,,,,,,,EN,36
1994-03-01,,,,,,,EN,36
1994-04-01,,,,,,,EN,36
1994-05-01,,,,,,,EN,36
1994-06-01,,,,,,,EN,36
1994-07-01,,,,,,,EN,36
1994-08-01,,,,,,,EN,36
1994-09-01,,,,,,,EN,36
1994-10-01,,,,,,,EN,36
1994-11-01,,,,,,,EN,36
1994-12-01,0.0992242790506548,0.03006993854776792,3.29978323344529,0.3433190496938046,0.10338326106461,-0.02372598350798505,EN,36
1995-01-01,0.09827334195107065,0.029742252435678018,3.3041660904331693,0.3395607569782291,0.10235329711337462,-0.02372598350798505,EN,36
1995-02-01,0.10972142335820156,0.022938136857639815,4.783362486637948,0.38668502845312225,0.1151311363397007,-0.004717774271414732,EN,36
1995-03-01,0.10993173102467554,0.022933205378863737,4.793561528297894,0.38755270616489235,0.1153636747730831,-0.004717774271414732,EN,36
1995-04-01,0.11076701450684462,0.022931836214096706,4.8302723546731805,0.3910024311384822,0.11628724656386394,-0.004717774271414732,EN,36
1995-05-01,0.10975150879040843,0.023126575067150552,4.745687957327569,0.38679174256834237,0.1151597410522953,-0.004717774271414732,EN,36
1995-06-01,0.10916837290239606,0.023183015541499815,4.708980706456165,0.3843844971435526,0.11451412189504717,-0.004717774271414954,EN,36
1995-07-01,0.10593896101430669,0.0226815308197039,4.670714770374995,0.3711999390950946,0.11096470500599073,-0.004717774271414732,EN,36
1995-08-01,0.10398759796461579,0.0220639084087237,4.713018021933993,0.3633190690269701,0.10883221855735242,-0.004717774271414843,EN,36
1995-09-01,0.1042019432365619,0.022086164755130044,4.717973645123628,0.3641865527232332,0.1090673530285243,-0.004717774271414843,EN,36
1995-10-01,0.10987191340621227,0.023629997401532474,4.649679453586683,0.38724217190797083,0.11528046244537174,-0.004717774271414954,EN,36
1995-11-01,0.11176595687048058,0.02367143250412321,4.7215544243472625,0.39507067068004414,0.11737444902185705,-0.004717774271414732,EN,36
1995-12-01,0.10843784566685996,0.02335324807879785,4.643373174513974,0.3813659303431983,0.11370348884939435,-0.004717774271414843,EN,36
1996-01-01,0.10803915254474758,0.02336692136779868,4.6235937907350255,0.3797281831499411,0.11326317924259428,-0.004717774271414843,EN,36
1996-02-01,0.10927261433018937,0.023208301851785542,4.7083416541216,0.3848118851210859,0.11462880124129811,-0.004717774271414732,EN,36
1996-03-01,0.10282777921956163,0.02404814221917027,4.275913635340663,0.35844619721316473,0.10750955249979631,-0.004717774271414843,EN,36
1996-04-01,0.10243030505480595,0.024176095510621,4.236842339153005,0.356828946517538,0.1070698756950962,-0.004717774271414843,EN,36
1996-05-01,0.09894517969687053,0.026172994700302245,3.78043020410377,0.34263703563109604,0.10319649722005698,-0.014238799583089046,EN,36
1996-06-01,0.10215628011784908,0.026611910479943886,3.838742813855448,0.3554802626809809,0.1067029460654011,-0.014238799583089046,EN,36
1996-07-01,0.10322845223765724,0.026576467027133597,3.8842052305998678,0.3598137755768461,0.10788107945121729,-0.014238799583088824,EN,36
1996-08-01,0.10882753612367208,0.026291690880082905,4.139236864606286,0.3826748007480866,0.11405512953323887,-0.014238799583088824,EN,36
1996-09-01,0.10841611416465166,0.026331856569202238,4.11729852316814,0.38098036420734016,0.11359986042882345,-0.014238799583088824,EN,36
1996-10-01,0.1137831129980949,0.02598919637885238,4.378092778993395,0.4032247787987239,0.11954721780723591,-0.014238799583088824,EN,36
1996-11-01,0.11503690957334534,0.025688310516279497,4.478181213997814,0.4084942914359624,0.12094687449707947,-0.014238799583088824,EN,36
1996-12-01,0.11270705449152323,0.02492726998634313,4.5214359435779325,0.39885221668011994,0.11838314123260114,-0.014238799583088713,EN,36
1997-01-01,0.11746659709975185,0.02520060887931425,4.661260275983789,0.41874928951172347,0.12366077069500837,-0.014238799583088935,EN,36
1997-02-01,0.12529736591209711,0.0241939169643265,5.178878893270809,0.4522369698951819,0.13243294679924716,-0.014238799583088824,EN,36
1997-03-01,0.12749424855699432,0.024558160606368565,5.191522712166469,0.4617024519414988,0.13488796838193787,-0.014238799583088935,EN,36
1997-04-01,0.12649988846186358,0.024414190693734447,5.181408224780024,0.45740872096331003,0.13377563921978286,-0.014238799583088824,EN,36
1997-05-01,0.12752497120036863,0.024305016401137074,5.246858059902504,0.46186156222617636,0.1349291454345253,-0.014238799583088824,EN,36
1997-06-01,0.12746023386102925,0.024304893891316046,5.244220955293691,0.46158067522964485,0.13485645107756142,-0.014238799583088935,EN,36
1997-07-01,0.12443016392343237,0.025091967947750107,4.9589639275220545,0.44841053984121115,0.13143747409252193,-0.014238799583088824,EN,36
1997-08-01,0.12017415790747235,0.026123886189670098,4.600163889666292,0.43011008350246493,0.12665208029548797,-0.014238799583088713,EN,36
1997-09-01,0.11995042822078791,0.026140393052232428,4.588700253324766,0.42915826762132786,0.1264020754535065,-0.014238799583088824,EN,36
1997-10-01,0.12015252545447874,0.026143249385043133,4.595929285026804,0.4300161240779715,0.1266274057615182,-0.014238799583088935,EN,36
1997-11-01,0.11938255751257373,0.025983163966594395,4.594612021309627,0.42676623522988066,0.1257732916109308,-0.014238799583088824,EN,36
1997-12-01,0.11497499668152537,0.024204257049525793,4.750197308112704,0.40838262828087374,0.12091725142765045,-0.014238799583088713,EN,36
1998-01-01,0.1147021904867006,0.024124798607968814,4.754534632625393,0.40724905061052163,0.12061643643623592,-0.014238799583088824,EN,36
1998-02-01,0.11542503515791547,0.024189858539193868,4.771629192080509,0.41026865509477445,0.12141738469297454,-0.014238799583088935,EN,36
1998-03-01,0.11492757422666446,0.024219441508024145,4.745261123737629,0.40818265328797415,0.1208641962363172,-0.014238799583088824,EN,36
1998-04-01,0.11212507869334096,0.0246034590400952,4.557289221430837,0.39646537864255943,0.11774668631584455,-0.014238799583088935,EN,36
1998-05-01,0.11658367694227781,0.024702022943794765,4.719600382832776,0.4150814491919125,0.12269161542972623,-0.014238799583088824,EN,36
1998-06-01,0.11760731616532369,0.024610023972651798,4.778837935957165,0.41940083730525396,0.12383275472273708,-0.014238799583088824,EN,36
1998-07-01,0.11737150322556467,0.024635277804907364,4.764366943821684,0.4184042530049502,0.12356967275313341,-0.014238799583088935,EN,36
1998-08-01,0.12109978434704116,0.025904022572443376,4.674941276335466,0.4340698610958422,0.12769097011466868,-0.014238799583088935,EN,36
1998-09-01,0.12679698183837063,0.027958364448366996,4.535207417892309,0.45830833273423704,0.134008872378846,-0.014238799583088935,EN,36
1998-10-01,0.1232777579326134,0.026932653682930546,4.5772599827674885,0.4432651410373787,0.13009609463874028,-0.014238799583088935,EN,36
1998-11-01,0.12403799076944874,0.027031608127912363,4.588627882681137,0.4465159023680892,0.1309439217575852,-0.014238799583088713,EN,36
1998-12-01,0.12483804491541006,0.026946194169368186,4.632863703525267,0.44996580497133165,0.13184229849436568,-0.014238799583088935,EN,36
1999-01-01,0.12456773138539748,0.02697872262934604,4.617258314887719,0.44879888753599523,0.13153858535869567,-0.014238799583088824,EN,36
1999-02-01,0.12708288799402867,0.027101243573165353,4.689190282023126,0.45964406685150355,0.13435499765035788,-0.014238799583088824,EN,36
1999-03-01,0.12717936045072395,0.027048934480362635,4.701825151118444,0.46006813451607237,0.1344648410264594,-0.010860817090225572,EN,36
1999-04-01,0.12096018379970438,0.03127345106095445,3.8678233356447715,0.43283802697481666,0.1273679904640053,-0.021717134348847145,EN,36
1999-05-01,0.12695885794878908,0.02876748908810327,4.4132756098373775,0.4589065375972195,0.13416390975359915,-0.021717134348847145,EN,36
1999-06-01,0.12379639354509839,0.028596086622241067,4.329137590764386,0.44529271174049084,0.13062505209407713,-0.021717134348847256,EN,36
1999-07-01,0.12494583387119283,0.028623820754898045,4.365099786680727,0.4502305673814841,0.13191118541935526,-0.021717134348847145,EN,36
1999-08-01,0.12102341206889802,0.02865272629933577,4.223800932747666,0.43343285933377496,0.12752397510716418,-0.021717134348847145,EN,36
1999-09-01,0.12019708292716355,0.028811078178506908,4.171905063130566,0.4299003707899023,0.12659700648994615,-0.021717134348847145,EN,36
1999-10-01,0.12425275824449536,0.030442024970730362,4.081619352325046,0.44702933860577226,0.13107771425000803,-0.021717134348847145,EN,36
1999-11-01,0.12449964431698154,0.03040356163140801,4.09490328226443,0.4480953508853571,0.13135539734765853,-0.021717134348847145,EN,36
1999-12-01,0.11239249563047102,0.03567985855584365,3.1500263784555655,0.39622624215254526,0.1176828801562981,-0.02228981025143628,EN,36
2000-01-01,0.10724933887162846,0.035492129520750385,3.021778076430308,0.3750668166851519,0.11200805699017978,-0.02228981025143617,EN,36
2000-02-01,0.07601138075865706,0.05962366007976262,1.2748526450233255,0.24857873242521478,0.07680891975946325,-0.0931169201427654,EN,36
2000-03-01,0.08507449169028092,0.06335912199909888,1.3427347003244596,0.28193443798079104,0.08631373721847846,-0.0931169201427654,EN,36
2000-04-01,0.08167596910434656,0.06333193770405018,1.2896489838352638,0.26902623594177133,0.08265528505803198,-0.0931169201427654,EN,36
2000-05-01,0.07289965693414693,0.06474236345969045,1.1259962262504568,0.23593182088519746,0.07316089248533279,-0.0931169201427654,EN,36
2000-06-01,0.08423202873028006,0.06842278548659769,1.2310523187744087,0.2775103694081321,0.0850626421273613,-0.0931169201427654,EN,36
2000-07-01,0.09381055429393592,0.06937546623007068,1.3522151185669997,0.3142309049977854,0.09536087713980082,-0.0931169201427654,EN,36
2000-08-01,0.10101148925446676,0.06942404579798418,1.4549928356004824,0.3426853933904411,0.10320974167080088,-0.0931169201427654,EN,36
2000-09-01,0.1043432445114206,0.06963284636929043,1.498477370263557,0.3560020856118194,0.10684494466151877,-0.0931169201427654,EN,36
2000-10-01,0.1053851236669575,0.0696865486997601,1.5122735396324813,0.3601957244711042,0.1079847981486095,-0.0931169201427654,EN,36
2000-11-01,0.09983278802856643,0.06991443365928876,1.4279281516471634,0.3378538216855016,0.10188487353164202,-0.0931169201427654,EN,36
2000-12-01,0.09486080316587679,0.07010217526244736,1.3531791675613272,0.3181545480539728,0.09644986262514786,-0.0931169201427654,EN,36
2001-01-01,0.10807236200362277,0.07521999774637876,1.4367504020408666,0.36957625462417204,0.11052602144642235,-0.0931169201427654,EN,36
2001-02-01,0.12010861805810771,0.07865287851190138,1.5270721215871768,0.41840559532832794,0.12357002718743502,-0.09311692014276529,EN,36
2001-03-01,0.11715392083770589,0.07891771555487238,1.4845072492784896,0.4059257233294184,0.12026506357397143,-0.09311692014276551,EN,36
2001-04-01,0.12290306604337073,0.078964609893134,1.5564322575607024,0.4301258234195407,0.12665621362421178,-0.0931169201427654,EN,36
2001-05-01,0.12003364239660705,0.07887782006256776,1.5217667311468992,0.4180176910827208,0.12346759355301352,-0.09311692014276529,EN,36
2001-06-01,0.11772209841091735,0.07900536451408514,1.490051962103532,0.4082733143921875,0.12088825007733234,-0.09311692014276551,EN,36
2001-07-01,0.12228484133023987,0.07922586926618941,1.5434963663115828,0.4274184890918081,0.12594481658176296,-0.09311692014276551,EN,36
2001-08-01,0.1175429504758788,0.0788071491524635,1.491526488903633,0.40758627653788054,0.12070594220750584,-0.09311692014276529,EN,36
2001-09-01,0.11604471277795736,0.07848705527644065,1.4785204052978442,0.4014337946417925,0.11907070945270369,-0.09311692014276529,EN,36
2001-10-01,0.118161508546058,0.07866258428342988,1.5021310273803004,0.41021994261054257,0.12140447281375057,-0.09311692014276529,EN,36
2001-11-01,0.11064049484450607,0.07924607516196391,1.3961637168576226,0.3788669875380245,0.11303150633775334,-0.0931169201427654,EN,36
2001-12-01,0.10694681941894643,0.0795254694392305,1.3448121736731147,0.36372053954576766,0.10894105093221,-0.09311692014276518,EN,36
2002-01-01,0.11136116882080485,0.07977386352021686,1.3959605804046697,0.3816578088209579,0.11378192406084839,-0.09311692014276551,EN,36
2002-02-01,0.1120862277549427,0.0798422293137883,1.4038464195987326,0.3846171738877562,0.11457655806334306,-0.0931169201427654,EN,36
2002-03-01,0.11373226386676763,0.07961981935159435,1.4284416216085045,0.3914788113866918,0.11641466462555801,-0.09311692014276518,EN,36
2002-04-01,0.12482716111824714,0.0779474536401701,1.601427054878386,0.4386546084869601,0.12889144121688972,-0.09311692014276518,EN,36
2002-05-01,0.12430571450625333,0.07797516136424797,1.5941706606489712,0.4364200081052997,0.12830665214804032,-0.09311692014276551,EN,36
2002-06-01,0.12889646375928707,0.07818995153435356,1.6485042032882584,0.45606101511091096,0.13342605362133525,-0.0931169201427654,EN,36
2002-07-01,0.135870645877264,0.07930032054286283,1.7133681799410152,0.486141702958688,0.14117804326867023,-0.0931169201427654,EN,36
2002-08-01,0.1405455473466471,0.07927939312075447,1.7727878811152729,0.5068980566150273,0.14646629371501604,-0.0931169201427654,EN,36
2002-09-01,0.14695734441622618,0.07937057435205759,1.8515343452647757,0.5357839334860418,0.15374555269560938,-0.09311692014276529,EN,36
2002-10-01,0.14447895262405513,0.07898450474833084,1.8292062865293635,0.5246745295175312,0.15095686700454367,-0.09311692014276529,EN,36
2002-11-01,0.12475655555772046,0.08743779996150136,1.4268034604330213,0.4350131739331814,0.12793817615833364,-0.09311692014276529,EN,36
2002-12-01,0.15367238215186477,0.09060595498764697,1.696051679746835,0.5623349279647181,0.16035634314990502,-0.07493934217329334,EN,36
2003-01-01,0.15612227544956372,0.09042406777527605,1.7265566490280257,0.5737866716706376,0.16318453916152578,-0.07493934217329334,EN,36
2003-02-01,0.18134720737290366,0.07430739582577414,2.4405001057781903,0.7025306453296766,0.19407511059883312,-0.05304020576269186,EN,36
2003-03-01,0.16643231740437048,0.07261929542393203,2.291847041929877,0.629628213943293,0.1767824376783381,-0.05304020576269186,EN,36
2003-04-01,0.1590792870279799,0.07490071523718991,2.123868731082469,0.5937641179585673,0.16808563116325279,-0.05304020576269186,EN,36
2003-05-01,0.15278025724086725,0.0782157738766922,1.953317721841205,0.5631341995585607,0.16055418415836215,-0.05464023722811717,EN,36
2003-06-01,0.13481621667474358,0.07687189611855584,1.7537776935646674,0.4824879142319966,0.14024205238591672,-0.0634538370611375,EN,36
2003-07-01,0.12162098621626313,0.07722932341403389,1.574803207380715,0.42542593782143956,0.12542066581278638,-0.07388424894200862,EN,36
2003-08-01,0.11325676630706145,0.0775582198893276,1.4602806313589225,0.3903380093892066,0.1161094841985913,-0.07918022965804605,EN,36
2003-09-01,0.11144257267306182,0.07742079864083479,1.4394397194229227,0.382903249493059,0.11411648174725009,-0.07918022965804594,EN,36
2003-10-01,0.10404367357997432,0.07803612163845525,1.3332758137572904,0.35262497131573983,0.10592531743944249,-0.07918022965804572,EN,36
2003-11-01,0.10234301812210034,0.07834291678614809,1.3063467933095352,0.3457061913227537,0.10403646241362548,-0.08272979925998403,EN,36
2003-12-01,0.10349910945842357,0.07820986446291539,1.323351090929195,0.3503824279551883,0.1053138009712492,-0.0827297992599838,EN,36
2004-01-01,0.09048606069057259,0.0732548500167761,1.2352227964407865,0.30044317513965296,0.09151688902038049,-0.0827297992599837,EN,36
2004-02-01,0.07551174000161173,0.06902933859311158,1.0939079171352082,0.2447467249936117,0.0757061810307207,-0.08272979925998414,EN,36
2004-03-01,0.07726067636559406,0.06889489987406913,1.1214280956473768,0.2512869060350182,0.07758689222621899,-0.08272979925998392,EN,36
2004-04-01,0.06902788746449073,0.06879556830549795,1.0033769494854832,0.22096590638003935,0.06881165020983758,-0.0827297992599838,EN,36
2004-05-01,0.06912131891688683,0.06879909251748931,1.004683585024259,0.22130537331096647,0.06891069545159603,-0.0827297992599838,EN,36
2004-06-01,0.07060171664523415,0.06876817084546864,1.0266627100477301,0.22671749596427193,0.07048730124724525,-0.08272979925998403,EN,36
2004-07-01,0.06467214274786273,0.06823120221559693,0.9478382418576139,0.20533541049112006,0.06423116293732643,-0.08272979925998403,EN,36
2004-08-01,0.06415622088294963,0.06820380632178802,0.9406545520386097,0.20348768929754796,0.0636870797678265,-0.0827297992599838,EN,36
2004-09-01,0.06086850141572327,0.06752209877771465,0.901460448024649,0.19189368536291251,0.060260315016033725,-0.0827297992599838,EN,36
2004-10-01,0.0563585839621186,0.06699662535505994,0.8412152651486065,0.17607250745149103,0.05554811031257754,-0.08272979925998392,EN,36
2004-11-01,0.05947033017120094,0.06661997596748093,0.8926801504736366,0.18713665587753917,0.05884788072331963,-0.0827297992599838,EN,36
2004-12-01,0.059007885266745864,0.06667666146726181,0.8849856001821368,0.1854858827142367,0.05835685933095091,-0.08272979925998392,EN,36
2005-01-01,0.05977952838727696,0.06687020687292795,0.8939635628894452,0.18817619070744807,0.05915685613849398,-0.0827297992599838,EN,36
2005-02-01,0.0529287294677592,0.06658068149902263,0.7949562587240288,0.16418136571397118,0.051978541766296606,-0.0827297992599838,EN,36
2005-03-01,0.05395476180656754,0.066556740222923,0.8106581185594905,0.16775980379527852,0.05305528969618238,-0.08272979925998392,EN,36
2005-04-01,0.05154357528837717,0.06629447742444046,0.7774942542857249,0.15943787970951295,0.05054782590731527,-0.08272979925998403,EN,36
2005-05-01,0.0527466380946687,0.06635101117459197,0.7949635907714269,0.16359932661627452,0.051803198322579375,-0.0827297992599837,EN,36
2005-06-01,0.04738230784336796,0.06561770801010902,0.7220963560029904,0.14525847182480936,0.046247671277197235,-0.08272979925998392,EN,36
2005-07-01,0.03592107634999107,0.06323545624709884,0.5680527742161909,0.10716337731876795,0.0345160603510335,-0.0827297992599838,EN,36
2005-08-01,0.03199758632280247,0.06262821621190633,0.5109132633530022,0.09436429029471538,0.03051417765692948,-0.0827297992599838,EN,36
2005-09-01,0.023799016464987537,0.06153186910149398,0.38677545168881766,0.06804490863004949,0.02218578704733478,-0.08272979925998392,EN,36
2005-10-01,0.019401222112774636,0.06064178701784759,0.31993156974520925,0.054235722509010015,0.01776124469184904,-0.08272979925998392,EN,36
2005-11-01,0.03951655579487033,0.051279570971682904,0.7706101093687341,0.12141799402751872,0.03893690492327248,-0.0827297992599838,EN,36
2005-12-01,0.018009932025889425,0.03620969011965722,0.49737879463686263,0.05344559199877044,0.0175069166257937,-0.0827297992599838,EN,36
2006-01-01,0.013056649419318394,0.0360227542411699,0.3624556115810859,0.037947301230135594,0.01249239073044127,-0.08272979925998392,EN,36
2006-02-01,0.015797160699122563,0.03630677898770191,0.43510223543855225,0.04647454869590716,0.015257539765239138,-0.0827297992599838,EN,36
2006-03-01,0.014670525873661763,0.036394675126700214,0.403095393009815,0.04293827992374563,0.014112655990090713,-0.08272979925998392,EN,36
2006-04-01,0.020897686401762063,0.03424433916320232,0.6102522902301449,0.06281378403466181,0.020514217216293575,-0.06428085928617866,EN,36
2006-05-01,0.03389675010367393,0.02608355275592296,1.299544982267677,0.10579168126331785,0.03408865338101398,-0.029713092452238077,EN,36
2006-06-01,0.038248909567303695,0.025068241103662053,1.5257915148149808,0.12036529643474876,0.03861171283460944,-0.02058196697785719,EN,36
2006-07-01,0.045805428414383925,0.02402181089066322,1.9068266178128788,0.1460495288327513,0.0464885051409582,-0.016004965639218938,EN,36
2006-08-01,0.05255630931799603,0.02411108871577901,2.1797567889832203,0.16939355296343578,0.053546151630245974,-0.016004965639218827,EN,36
2006-09-01,0.05059917123857523,0.023680271834051143,2.1367647970077748,0.16261130484123154,0.05150541576965335,-0.016004965639218938,EN,36
2006-10-01,0.054302700242379584,0.0224888441206506,2.4146505685685993,0.17563808131448927,0.05541812565079081,-0.007664972167971573,EN,36
2006-11-01,0.05606320360046792,0.02170018718253513,2.583535484227944,0.18189518621959105,0.05728723277143021,-0.005446257341263361,EN,36
2006-12-01,0.05903692348641859,0.021871080360113856,2.6993144606648616,0.19242271836003783,0.06041716058337899,-0.005446257341263361,EN,36
2007-01-01,0.05371348730374989,0.02086771226008198,2.5739998057429063,0.17369029791262722,0.05483493532862854,-0.00544625734126325,EN,36
2007-02-01,0.05391600455034809,0.02086563402981082,2.58396195741371,0.17440055393145867,0.055047669411226324,-0.005446257341263361,EN,36
2007-03-01,0.05458383226384909,0.020876035966310075,2.6146646016483652,0.17674445646005435,0.05574910117078204,-0.005446257341263361,EN,36
2007-04-01,0.057506940648485425,0.020033488400200868,2.870540541901271,0.18712022030180683,0.05884299421628909,-0.004872228334998674,EN,36
2007-05-01,0.05558079533322702,0.019952420537056526,2.78566679315925,0.1803177938118749,0.05681666105188601,-0.004872228334998563,EN,36
2007-06-01,0.053204277527596586,0.020129510536732724,2.643098421618766,0.1719582093941131,0.054315784466309275,-0.004872228334998674,EN,36
2007-07-01,0.05012217111182546,0.021076650696283797,2.3780899457930915,0.1611518746851622,0.051065245357886355,-0.0069542388978699465,EN,36
2007-08-01,0.04891172814280299,0.020947855208747052,2.334927736295373,0.15696929509274254,0.049801714664173595,-0.0069542388978698355,EN,36
2007-09-01,0.04507494902088646,0.020124021533386865,2.2398579203517857,0.14383551311014944,0.045814178375492814,-0.0069542388978698355,EN,36
2007-10-01,0.0423188969288466,0.020408929547742868,2.073548092262725,0.13443206523367904,0.042940416707776125,-0.0069542388978699465,EN,36
2007-11-01,0.04438778003397482,0.020525630491237318,2.162553791121037,0.14146161573925803,0.04509018878944432,-0.0069542388978698355,EN,36
2007-12-01,0.048464581354545726,0.020226530030829738,2.3960897534413914,0.15547399468855966,0.04934925503756936,-0.0069542388978699465,EN,36
2008-01-01,0.045548547134094286,0.018014953124886372,2.5283744464020956,0.1455871557427709,0.04634775112807019,-0.0069542388978700576,EN,36
2008-02-01,0.054146701492594526,0.02071185697633419,2.6142852161669374,0.1752210751808957,0.05529332310414866,-0.0069542388978698355,EN,36
2008-03-01,0.05583915220096189,0.02091578941114158,2.6697128711392106,0.1811614593991868,0.05706839763388448,-0.0069542388978699465,EN,36
2008-04-01,0.05819936219387086,0.02166740856032206,2.68603243585147,0.18946006969697973,0.05953820803805698,-0.0069542388978699465,EN,36
2008-05-01,0.05305462692951206,0.02242886535845998,2.365461920680722,0.17126869599049638,0.05410897746754645,-0.0069542388978698355,EN,36
2008-06-01,0.04882346098174192,0.02350825621562521,2.0768644230315334,0.15647362179479984,0.04965177320091615,-0.014003837574501188,EN,36
2008-07-01,0.05854169215379312,0.027214059925312555,2.151156141878774,0.19021392771509885,0.05976199940659843,-0.014003837574501188,EN,36
2008-08-01,0.05661205292881113,0.02730713634989568,2.0731596386901034,0.18336778934969528,0.05772616574149856,-0.014003837574501188,EN,36
2008-09-01,0.058916312548266486,0.02702276927201218,2.180247033722293,0.19156373782249161,0.06016247000039447,-0.014003837574501077,EN,36
2008-10-01,0.06295856580188132,0.028257553027546744,2.2280261047553003,0.20590991648827708,0.06440021963483607,-0.014003837574501077,EN,36
2008-11-01,0.06581632613658218,0.02889802133715676,2.2775374607380563,0.2161735371564945,0.06741143194578818,-0.014003837574501077,EN,36
2008-12-01,0.0784799663102023,0.034230063796582944,2.292720421924445,0.26237996346795717,0.08076191191529945,-0.014003837574501188,EN,36
2009-01-01,0.08460696544931921,0.0337824936198288,2.5044618198242987,0.28569592368043606,0.08737519647430403,-0.014003837574501077,EN,36
2009-02-01,0.08236542516096564,0.03387535416442684,2.4314262446135295,0.2771268590501639,0.08495405216456589,-0.014003837574501188,EN,36
2009-03-01,0.08224284220744854,0.033913372787686615,2.425085901137782,0.2766556999259373,0.08482061491757857,-0.014003837574501299,EN,36
2009-04-01,0.05310401853356077,0.06457695259552378,0.8223370165231632,0.16493935532902312,0.05220680397069196,-0.09168311181472766,EN,36
2009-05-01,0.043869765446980694,0.06667854355905203,0.6579292693777665,0.1327757397222899,0.04243258837847575,-0.11378419076393431,EN,36
2009-06-01,0.04358744340668927,0.06667999841913165,0.6536809304150083,0.1318198856976584,0.04213929885239614,-0.11378419076393431,EN,36
2009-07-01,0.040383052484197705,0.06652029412156236,0.6070786820394958,0.12106355249848921,0.03882743602165028,-0.11378419076393431,EN,36
2009-08-01,0.026962423735667804,0.0682417514668409,0.3951015786687277,0.07657403682996128,0.02489954576275537,-0.13243034323901226,EN,36
2009-09-01,0.01936358993707287,0.06902208455307313,0.2805419462836367,0.05218983675210038,0.01710245096780377,-0.14658918145366184,EN,36
2009-10-01,0.02336310710305184,0.06943360525670951,0.33648126172728465,0.06478051812007138,0.02114331561052541,-0.14658918145366184,EN,36
2009-11-01,0.024666015883964602,0.06938668205654215,0.3554863145619881,0.06895239729635805,0.022475212897005582,-0.14658918145366184,EN,36
2009-12-01,0.020670196513242207,0.06923304643324507,0.2985596846900639,0.05627119324814872,0.018415839406464456,-0.14658918145366162,EN,36
2010-01-01,0.02115383336594374,0.06923025431873815,0.3055576434625079,0.05780278547076825,0.018907835683541832,-0.14658918145366173,EN,36
2010-02-01,0.02163067573889524,0.06925513600936009,0.3123331637955598,0.05930910188280809,0.019391249565069667,-0.14658918145366173,EN,36
2010-03-01,0.02100221698409517,0.06922601249544755,0.30338620161714963,0.057323498822469045,0.018753924606999525,-0.14658918145366195,EN,36
2010-04-01,0.01422595834501414,0.07005760687449597,0.20306086633103376,0.035900596101357596,0.01182644910042721,-0.14658918145366195,EN,36
2010-05-01,0.01434014525839184,0.07006032586843887,0.20468282270510904,0.03625452031086891,0.011941669003923239,-0.1465891814536615,EN,36
2010-06-01,0.015127491874298706,0.07005419037274477,0.21593985732770946,0.03870337994704477,0.012738176537167724,-0.14658918145366173,EN,36
2010-07-01,0.022030766835452974,0.07029028437814486,0.3134254901706292,0.06035490413627035,0.0197266036893967,-0.14658918145366173,EN,36
2010-08-01,0.022916502474629504,0.07034133562881505,0.32578998208902143,0.06315990770187274,0.02062498788657558,-0.14658918145366184,EN,36
2010-09-01,0.02732431823028684,0.07078891440643827,0.38599713612505526,0.07718421606147935,0.02509313960264627,-0.14658918145366207,EN,36
2010-10-01,0.027372948484799035,0.07078556811170643,0.3867023916739905,0.07734176581560684,0.025143114124638086,-0.14658918145366195,EN,36
2010-11-01,0.025177310507294832,0.07071037756605614,0.3560624532626024,0.07030060081927747,0.02290489387951289,-0.14658918145366207,EN,36
2010-12-01,0.01961489812396637,0.07084612371154989,0.27686621506391035,0.05259131270195218,0.017231797160336237,-0.14658918145366195,EN,36
2011-01-01,0.014091348299882105,0.07052847821602869,0.19979657375734539,0.03538393209467953,0.011658202183690871,-0.14658918145366195,EN,36
2011-02-01,0.006250081749343137,0.06933519860359609,0.0901429847353026,0.01157434162488946,0.0038433238136048693,-0.14658918145366162,EN,36
2011-03-01,0.004195466077670804,0.06915077741227808,0.06067127854047634,0.0053981943955558635,0.0017961699736605743,-0.14658918145366195,EN,36
2011-04-01,0.0002081509708978703,0.06863168618450759,0.003032869837093653,-0.006451946597259427,-0.002155290806906824,-0.14658918145366184,EN,36
2011-05-01,0.003749526473415937,0.06857290853840883,0.05467941426628803,0.00417006528874661,0.0013880940662498527,-0.14658918145366184,EN,36
2011-06-01,0.007360260506393103,0.06841863588732378,0.10757683796143576,0.015132931837083969,0.005019077329697889,-0.14658918145366195,EN,36
2011-07-01,-0.001719323126220263,0.066396049923473,-0.025894961043645314,-0.01175303214969609,-0.003933126586832832,-0.14658918145366184,EN,36
2011-08-01,0.003980563906529204,0.06719309923746153,0.05924066536151018,0.00513509727651889,0.0017087775084347636,-0.14658918145366184,EN,36
2011-09-01,0.0035410216661859693,0.06716592405904341,0.05272050843926706,0.003816307452360522,0.001270487661640608,-0.14658918145366173,EN,36
2011-10-01,0.01138385235322947,0.07073346389974344,0.16094012261812557,0.026986248863208284,0.00891569051566025,-0.14658918145366184,EN,36
2011-11-01,0.009378439711548904,0.07038248140892325,0.13324963149650876,0.02090423205321016,0.006920079390534318,-0.14658918145366173,EN,36
2011-12-01,-0.00129538846468923,0.06693147945059866,-0.019353949372138725,-0.010592024367482616,-0.003543214329339231,-0.14658918145366184,EN,36
2012-01-01,-0.0045849028549457636,0.06648099289214532,-0.06896561942725536,-0.02022530953857234,-0.006787739002213173,-0.14658918145366184,EN,36
2012-02-01,-0.006140563175917863,0.06647267014180845,-0.09237726065190378,-0.024787714406791513,-0.008331797524315883,-0.14658918145366184,EN,36
2012-03-01,-0.00293678225530463,0.0665538475565188,-0.04412640836144985,-0.01538126528553267,-0.005153602420515923,-0.14355273750372033,EN,36
2012-04-01,0.028358982303585602,0.041096984584254724,0.6900501968811266,0.08603206510018349,0.027892149903054827,-0.0604481435423172,EN,36
2012-05-01,0.039478122255161334,0.03806904446619865,1.0370137419712173,0.12316275298923926,0.0394754359625254,-0.04162796768469823,EN,36
2012-06-01,0.03814556210949561,0.03815343976486545,0.9997935269947246,0.1186856304422361,0.03809241991336327,-0.04162796768469823,EN,36
2012-07-01,0.041402924673252836,0.03845876170359124,1.076553764064293,0.1295965833490654,0.04145647243778091,-0.04162796768469823,EN,36
2012-08-01,0.05021326500511124,0.03439647198748355,1.459837654960172,0.16024139583243263,0.05079045416855515,-0.01700570810459745,EN,36
2012-09-01,0.05539005628204904,0.03232883527886224,1.7133328746385443,0.17855932925852064,0.05629157696145921,-0.01700570810459745,EN,36
2012-10-01,0.055189517748025996,0.032266270379017206,1.7104399454830022,0.1778605647187828,0.056082778247174926,-0.01700570810459745,EN,36
2012-11-01,0.05640643892512141,0.0322158322602821,1.7508918742001012,0.1821541063278802,0.05736443446689221,-0.01700570810459745,EN,36
2012-12-01,0.054737918322799034,0.03267325939087359,1.6753124525460912,0.17622778936420025,0.05559456445414084,-0.01700570810459745,EN,36
2013-01-01,0.05469327883915137,0.03267683850269626,1.6737628652367476,0.17607059764714772,0.05554753895000024,-0.01700570810459745,EN,36
2013-02-01,0.054450945644541546,0.03266845047532202,1.6667746664530103,0.17522070325505876,0.055293211780159744,-0.01700570810459745,EN,36
2013-03-01,0.051992263887259235,0.03298967264449627,1.5760163626823134,0.16658635580286205,0.05270244323150679,-0.01700570810459745,EN,36
2013-04-01,0.058168332431864075,0.03052285141491485,1.9057306160931076,0.188575040852335,0.05927535641045332,-0.0127447439120002,EN,36
2013-05-01,0.05596993645258474,0.03089616140877216,1.8115498463408963,0.18075948220387117,0.056948468898028966,-0.012744743912000533,EN,36
2013-06-01,0.05485669256958213,0.03105915567579205,1.7662003804030715,0.1768234545386667,0.05577272575179244,-0.012744743912000311,EN,36
2013-07-01,0.05171953705911447,0.030525765789161847,1.6942912232353382,0.16590328411440736,0.05249694004881271,-0.012744743912000311,EN,36
2013-08-01,0.05004655465587353,0.03050366571079089,1.6406734564419645,0.16009317075545537,0.050745704823094484,-0.012744743912000311,EN,36
2013-09-01,0.046273724837380764,0.02973071613602739,1.5564281945198997,0.14716526658241852,0.0468279983295029,-0.012744743912000311,EN,36
2013-10-01,0.049313425723040746,0.02954008909786276,1.6693729514380031,0.15765137949293503,0.05000797559865834,-0.011622947423762908,EN,36
2013-11-01,0.05094307773834329,0.029512768855931577,1.7261368456150321,0.1633040111924473,0.05171421007686236,-0.01162294742376302,EN,36
2013-12-01,0.05253146191704791,0.02894907597756472,1.8146161887087289,0.16889291863334646,0.05339578404388979,-0.006964003694512333,EN,36
2014-01-01,0.050161724479320144,0.029841477751382208,1.680939693980025,0.16055860143465825,0.050886206152812856,-0.013395365123876624,EN,36
2014-02-01,0.04854229583020834,0.03023571756105148,1.6054620080437152,0.15491707281055792,0.04918063751860371,-0.018748735144148654,EN,36
2014-03-01,0.04713563082946914,0.030364677941969755,1.5523178253215961,0.15005982315281816,0.04770771983989962,-0.019557402965989623,EN,36
2014-04-01,0.0446040154534715,0.030764910352893613,1.4498340785600967,0.14135074396892666,0.04505635066775814,-0.024138828661432243,EN,36
2014-05-01,0.0438483355584649,0.030776253689119678,1.4247457147120735,0.13877451459489068,0.04426946632775421,-0.024138828661432132,EN,36
2014-06-01,0.041523643476865504,0.031086278474364196,1.33575472892674,0.13085663512092277,0.041843572707973585,-0.025939959918428124,EN,36
2014-07-01,0.04510440332391407,0.031436893025590454,1.434760212696525,0.14298987919981815,0.045556392487190886,-0.025939959918428457,EN,36
2014-08-01,0.03824363287004133,0.03053483043878836,1.252459316802378,0.119874227807859,0.03845994561942959,-0.025939959918428346,EN,36
2014-09-01,0.03940296483716241,0.030620464634954384,1.2868179927022554,0.12375481802572068,0.03965805388714678,-0.025939959918428346,EN,36
2014-10-01,0.0291908928626457,0.020461441368078447,1.4266293531102812,0.0907427370727848,0.029376169540777358,-0.025939959918428346,EN,36
2014-11-01,0.025939158455111168,0.02001721210174535,1.295842713923657,0.08020623977878025,0.026050872193927918,-0.025939959918428346,EN,36
2014-12-01,0.019360490666342572,0.021905129614795796,0.8838336502362236,0.0590124822836468,0.019296093313300518,-0.025939959918428235,EN,36
2015-01-01,0.02187589132863177,0.022574870193085492,0.9690373030509022,0.06697452786589025,0.0218441991279454,-0.025939959918428568,EN,36
2015-02-01,0.02493689328956737,0.022603631792520697,1.1032250710179559,0.07679647388321738,0.0249701276666265,-0.025939959918428235,EN,36
2015-03-01,0.02729734720401817,0.023388109728434546,1.1671463628730494,0.08437568414617297,0.027369314730080224,-0.025939959918428568,EN,36
2015-04-01,0.025506951682497676,0.023344746722596472,1.0926206219152637,0.07858279010906828,0.02553659474368865,-0.025939959918428346,EN,36
2015-05-01,0.03150826366337671,0.027169983339876472,1.1596718065385447,0.09782782915800164,0.031600186262826194,-0.025939959918428346,EN,36
2015-06-01,0.03258224681335375,0.027081586250114264,1.2031144155455913,0.10136890970457825,0.032708149544189616,-0.025939959918428457,EN,36
2015-07-01,0.03339794612395218,0.027394717199578342,1.2191381966325332,0.1040329213462377,0.03354012367799303,-0.025939959918428568,EN,36
2015-08-01,0.03586336029047581,0.027534647773269,1.3024811715693139,0.11219287773906197,0.03608018966899343,-0.025939959918428568,EN,36
2015-09-01,0.04422395442193568,0.030047823856118466,1.4717855986409678,0.14011070538990286,0.04467774084860942,-0.025939959918428457,EN,36
2015-10-01,0.044626280096948606,0.03019899836907523,1.4777404055442906,0.1414676555994514,0.04509203209496578,-0.025939959918428235,EN,36
2015-11-01,0.04574669946083121,0.030316729712562007,1.5089589112863862,0.14528466604110554,0.04625564776737774,-0.025939959918428568,EN,36
2015-12-01,0.055062986029476374,0.031328560178198864,1.757597084458225,0.17750411817747092,0.0559762361985315,-0.025939959918428346,EN,36
2016-01-01,0.05970408813002469,0.031950974002801606,1.868615589771678,0.19386703264813965,0.060845128975856554,-0.025939959918428235,EN,36
2016-02-01,0.058065864523785385,0.03206052006961168,1.8111329572230694,0.1880304080386458,0.05911353679754183,-0.025939959918428457,EN,36
2016-03-01,0.05397153585942085,0.03387848958081334,1.593091561259772,0.17338772815528483,0.0547442843335556,-0.025939959918428457,EN,36
2016-04-01,0.039256873784021436,0.043443913004878335,0.9036219591824811,0.12166845890525405,0.03901424683496552,-0.057657874459479896,EN,36
2016-05-01,0.05047197634055622,0.04589016304364194,1.0998430380941755,0.15954413732300127,0.050579917692729175,-0.057657874459479896,EN,36
2016-06-01,0.051611372849076485,0.045787741908504674,1.1271875549619563,0.16351348077271488,0.05177733170012847,-0.057657874459479785,EN,36
2016-07-01,0.04719438729165325,0.04637116867360804,1.0177528115333814,0.1481698463718297,0.04713348044827219,-0.05765787445948001,EN,36
2016-08-01,0.04440384075169374,0.046733694359395846,0.9501461709877922,0.13857814233373933,0.04420943766180897,-0.057657874459479896,EN,36
2016-09-01,0.04290090137142029,0.04678458149023593,0.9169880333411515,0.1334667499018574,0.04264451179321609,-0.057657874459479896,EN,36
2016-10-01,0.04532329314585197,0.04713968488476113,0.9614678854271183,0.14164874196475438,0.04514729484072233,-0.057657874459479896,EN,36
2016-11-01,0.04472881236477712,0.047120266709033354,0.949247860606914,0.13962510358566574,0.04452940161745068,-0.05765787445948001,EN,36
2016-12-01,0.04606255063442541,0.04696939687683639,0.9806928276130747,0.14420050557979713,0.04592540465511869,-0.05765787445948001,EN,36
1992-01-01,,,,,,,EN,60
1992-02-01,,,,,,,EN,60
1992-03-01,,,,,,,EN,60
1992-04-01,,,,,,,EN,60
1992-05-01,,,,,,,EN,60
1992-06-01,,,,,,,EN,60
1992-07-01,,,,,,,EN,60
1992-08-01,,,,,,,EN,60
1992-09-01,,,,,,,EN,60
1992-10-01,,,,,,,EN,60
1992-11-01,,,,,,,EN,60
1992-12-01,,,,,,,EN,60
1993-01-01,,,,,,,EN,60
1993-02-01,,,,,,,EN,60
1993-03-01,,,,,,,EN,60
1993-04-01,,,,,,,EN,60
1993-05-01,,,,,,,EN,60
1993-06-01,,,,,,,EN,60
1993-07-01,,,,,,,EN,60
1993-08-01,,,,,,,EN,60
1993-09-01,,,,,,,EN,60
1993-10-01,,,,,,,EN,60
1993-11-01,,,,,,,EN,60
1993-12-01,,,,,,,EN,60
1994-01-01,,,,,,,EN,60
1994-02-01,,,,,,,EN,60
1994-03-01,,,,,,,EN,60
1994-04-01,,,,,,,EN,60
1994-05-01,,,,,,,EN,60
1994-06-01,,,,,,,EN,60
1994-07-01,,,,,,,EN,60
1994-08-01,,,,,,,EN,60
1994-09-01,,,,,,,EN,60
1994-10-01,,,,,,,EN,60
1994-11-01,,,,,,,EN,60
1994-12-01,,,,,,,EN,60
1995-01-01,,,,,,,EN,60
1995-02-01,,,,,,,EN,60
1995-03-01,,,,,,,EN,60
1995-04-01,,,,,,,EN,60
1995-05-01,,,,,,,EN,60
1995-06-01,,,,,,,EN,60
1995-07-01,,,,,,,EN,60
1995-08-01,,,,,,,EN,60
1995-09-01,,,,,,,EN,60
1995-10-01,,,,,,,EN,60
1995-11-01,,,,,,,EN,60
1995-12-01,,,,,,,EN,60
1996-01-01,,,,,,,EN,60
1996-02-01,,,,,,,EN,60
1996-03-01,,,,,,,EN,60
1996-04-01,,,,,,,EN,60
1996-05-01,,,,,,,EN,60
1996-06-01,,,,,,,EN,60
1996-07-01,,,,,,,EN,60
1996-08-01,,,,,,,EN,60
1996-09-01,,,,,,,EN,60
1996-10-01,,,,,,,EN,60
1996-11-01,,,,,,,EN,60
1996-12-01,0.10243721789017274,0.027928669181949983,3.667815935761696,0.6621577407443704,0.10696642154445687,-0.02372598350798505,EN,60
1997-01-01,0.10212815285434797,0.027811627382430492,3.672138686816494,0.6596387272142681,0.10663069464693152,-0.02372598350798505,EN,60
1997-02-01,0.1106282559890692,0.024029707083490035,4.60381208995585,0.7318884240687887,0.11610224545793243,-0.014238799583089046,EN,60
1997-03-01,0.11251699968488184,0.024326661552657895,4.625254453486175,0.748109034624369,0.11818510657496639,-0.014238799583088935,EN,60
1997-04-01,0.11344340506249764,0.024357906328954647,4.6573545168636095,0.7561428051962478,0.11921098930063553,-0.014238799583088824,EN,60
1997-05-01,0.11407974353940115,0.024318786789501123,4.691012941017744,0.761694679467392,0.11991775140705808,-0.014238799583088713,EN,60
1997-06-01,0.11463063945209295,0.024311071743956456,4.715161908918689,0.7665095908156194,0.12052925569208102,-0.014238799583088824,EN,60
1997-07-01,0.11111942528254089,0.02444512451849986,4.545668204653515,0.7360230970371505,0.11663464895357459,-0.014238799583088824,EN,60
1997-08-01,0.10696201184619972,0.024604041122102814,4.347335111146086,0.700593780956981,0.11203925292525077,-0.014238799583088824,EN,60
1997-09-01,0.10640473120659731,0.024597175278602647,4.325892302729572,0.695904856936745,0.1114253464269541,-0.014238799583088824,EN,60
1997-10-01,0.10724490947335476,0.024585505673077428,4.362119327518824,0.7029834008197339,0.11235159779736478,-0.014238799583088713,EN,60
1997-11-01,0.108684335779793,0.024674558286972445,4.404712518690785,0.7151560432253512,0.1139372515412938,-0.014238799583088824,EN,60
1997-12-01,0.10801380612078758,0.024517993490955133,4.405491263411692,0.7094982489258911,0.11320136977769,-0.014238799583088935,EN,60
1998-01-01,0.1094466820557105,0.024716900992931848,4.428009890358355,0.721638435980323,0.11477800149851608,-0.014238799583088935,EN,60
1998-02-01,0.111145454340589,0.024671324727823313,4.505046063264032,0.7361992855225333,0.11665731341945493,-0.014238799583088935,EN,60
1998-03-01,0.1095336870520614,0.024518921469798043,4.467312609446666,0.7224212539884162,0.11487935955383949,-0.014238799583088824,EN,60
1998-04-01,0.10961418821723767,0.024494442847222263,4.47506354404253,0.7231134295962153,0.11496895067806878,-0.014238799583088935,EN,60
1998-05-01,0.11304473155103024,0.024336330879922055,4.645101683931094,0.75268149414871,0.11876945400653754,-0.014238799583089046,EN,60
1998-06-01,0.11345856175968849,0.024313265353146412,4.666529160592805,0.7562825975424725,0.1192288070029516,-0.014238799583089046,EN,60
1998-07-01,0.11361429937358172,0.024293863363707435,4.676666599817546,0.757641909224882,0.11940200350465102,-0.014238799583088824,EN,60
1998-08-01,0.11856615373082699,0.02467137675384004,4.805818293556417,0.8011977401185072,0.12489575704448641,-0.014238799583088824,EN,60
1998-09-01,0.12279506707558019,0.025976823163996847,4.727101012327432,0.839012097281319,0.1295797995440167,-0.014238799583088824,EN,60
1998-10-01,0.1254618740429667,0.025545929482005344,4.9112276040432405,0.8635437548182615,0.13257747192365507,-0.014238799583088824,EN,60
1998-11-01,0.12810882624273495,0.025299953529556524,5.063599270768325,0.888167299303517,0.13555479212636473,-0.014238799583088824,EN,60
1998-12-01,0.12565830847262377,0.024870664643073588,5.052470863806177,0.8655086732382032,0.13281620893544577,-0.014238799583088713,EN,60
1999-01-01,0.12625457317054242,0.02474466098500884,5.102295531429254,0.8710490239226615,0.13348827833559831,-0.014238799583088935,EN,60
1999-02-01,0.1303058857218011,0.023849429582846887,5.463689824075305,0.9091297019388349,0.13806505136421876,-0.014238799583088824,EN,60
1999-03-01,0.12736572935022872,0.024701726990937495,5.156146750263911,0.8813739496774622,0.13473650164898607,-0.014238799583088935,EN,60
1999-04-01,0.12061188903020041,0.0277638824271618,4.344201116202829,0.8188124959022245,0.12708737700736966,-0.021717134348847145,EN,60
1999-05-01,0.12073404165679733,0.027749443540425377,4.350863522034667,0.8199161587361382,0.12722412806157546,-0.021717134348847145,EN,60
1999-06-01,0.12002395674323642,0.02777650944627712,4.321059742059245,0.8135235082923966,0.12643111396067344,-0.021717134348847145,EN,60
1999-07-01,0.12081522390716967,0.027798124713047614,4.346164540029659,0.8206358051891989,0.12731326124093229,-0.021717134348847034,EN,60
1999-08-01,0.11953932746999293,0.027922246702335243,4.281150035824137,0.8091422267634145,0.12588631948560788,-0.021717134348847145,EN,60
1999-09-01,0.1185377319503439,0.028066242802981485,4.223498413466001,0.800158144977674,0.12476587610856522,-0.021717134348847256,EN,60
1999-10-01,0.1220960573052153,0.029194881233683894,4.182104949423316,0.8318668856387569,0.1287006688762318,-0.021717134348847145,EN,60
1999-11-01,0.12004067340317001,0.029110533434359712,4.123616411009621,0.8133447720916339,0.12640890945607633,-0.021717134348847145,EN,60
1999-12-01,0.11033814783806242,0.03159184673328759,3.492614685351765,0.727622530740755,0.11555187847287526,-0.02228981025143628,EN,60
2000-01-01,0.10751375100668267,0.031529627382780846,3.4099277388034954,0.7036286929052001,0.11243588316536653,-0.02228981025143606,EN,60
2000-02-01,0.09040223042934248,0.04899395228209896,1.8451712143740024,0.559401745065291,0.0929281277723746,-0.0931169201427654,EN,60
2000-03-01,0.09760265608424508,0.05177167294427607,1.885252118263567,0.6150458017729704,0.10061890589185166,-0.09311692014276529,EN,60
2000-04-01,0.0959887778209988,0.05182518396497548,1.8521647291376708,0.6021476626970385,0.09885530227527703,-0.0931169201427654,EN,60
2000-05-01,0.09196863242564424,0.052957485660450214,1.736650282366566,0.5700515414127489,0.09441687759833126,-0.09311692014276529,EN,60
2000-06-01,0.09966883294882337,0.055461391573499705,1.7970849652543994,0.6301355039602556,0.10266792374283253,-0.0931169201427654,EN,60
2000-07-01,0.10384238125031842,0.056186343539071475,1.8481783064973316,0.6638968110090944,0.10719796241176956,-0.0931169201427654,EN,60
2000-08-01,0.1051763466201103,0.05636304626906553,1.8660514926397018,0.6748554917604472,0.10865257060646606,-0.0931169201427654,EN,60
2000-09-01,0.10648951197151253,0.05649765391629896,1.8848483890902141,0.6857302385914915,0.11008853031965171,-0.0931169201427654,EN,60
2000-10-01,0.10455283562980192,0.05615356594813062,1.8619091034463953,0.6697810862067213,0.10797996534882477,-0.0931169201427654,EN,60
2000-11-01,0.10152443447464451,0.05634948926196565,1.8016921857563433,0.6448113457201957,0.10464623991332143,-0.0931169201427654,EN,60
2000-12-01,0.09986758062019765,0.05653353222600521,1.7665193857152786,0.6312715133723588,0.10282156644385722,-0.0931169201427654,EN,60
2001-01-01,0.10946660773103561,0.060361275888605785,1.8135237554131831,0.7089707594316084,0.11313266253951479,-0.0931169201427654,EN,60
2001-02-01,0.11764705657734006,0.06292296481259417,1.8696998294300453,0.7783171906954549,0.12202322185799137,-0.0931169201427654,EN,60
2001-03-01,0.11812937202294793,0.06282590747162826,1.88026527235272,0.7826221990679516,0.12256594267448706,-0.0931169201427654,EN,60
2001-04-01,0.12189784481037651,0.06281552410369466,1.9405687773797746,0.8161972580783996,0.12676306668608545,-0.09311692014276529,EN,60
2001-05-01,0.12569780917087217,0.06209298294510458,2.0243480536600984,0.8510835762607691,0.13105885851199028,-0.0931169201427654,EN,60
2001-06-01,0.12279805273552946,0.062135720779727024,1.9762875716989297,0.8246860413581453,0.12781438589080954,-0.0931169201427654,EN,60
2001-07-01,0.1250481328291313,0.062305239920515676,2.007024336775819,0.8450251082108111,0.130317511899213,-0.09311692014276529,EN,60
2001-08-01,0.12379540234215103,0.062255597777424815,1.9885023477686663,0.8336496904045156,0.1289202776328091,-0.0931169201427654,EN,60
2001-09-01,0.12737222624356362,0.06251296860220715,2.0375328366515375,0.866249346249337,0.13290614828376932,-0.0931169201427654,EN,60
2001-10-01,0.12808891137174455,0.06259257680554138,2.0463914078770555,0.8728336376883494,0.1337044209853855,-0.0931169201427654,EN,60
2001-11-01,0.12547097740543137,0.06308925241180192,1.9887852939902624,0.84845020089087,0.13073686344610141,-0.0931169201427654,EN,60
2001-12-01,0.1222021674290777,0.06332382207931583,1.9297977193482443,0.8186570847586999,0.12706811521698683,-0.09311692014276551,EN,60
2002-01-01,0.12259131620317423,0.0633794338797951,1.9342444180817373,0.8221327148500505,0.12749857358140976,-0.09311692014276529,EN,60
2002-02-01,0.12237920282750844,0.06335207398489436,1.9317315934548327,0.8202358342898527,0.12726372556498247,-0.0931169201427654,EN,60
2002-03-01,0.11910853853609271,0.0633773251968309,1.8793557185661816,0.7909882984692808,0.12361764252356813,-0.0931169201427654,EN,60
2002-04-01,0.11960825262403055,0.06340811704896639,1.8863239943186465,0.7954077957444025,0.124171630601516,-0.0931169201427654,EN,60
2002-05-01,0.11880248764032816,0.06343845945169632,1.8727202499421889,0.7882431900745684,0.12327298979476217,-0.0931169201427654,EN,60
2002-06-01,0.12088569468219112,0.06363162170378436,1.899773908716862,0.8066747358963501,0.12557903230385578,-0.0931169201427654,EN,60
2002-07-01,0.12767951307946865,0.06431639211673945,1.9851784106253967,0.8680634540867579,0.13312631342680253,-0.0931169201427654,EN,60
2002-08-01,0.13176216113349776,0.06413331088102185,2.0545042712349413,0.9062818569695607,0.13772531871876537,-0.0931169201427654,EN,60
2002-09-01,0.13474188166760684,0.0643286274289698,2.09458661023641,0.9344631168052518,0.1410694832119386,-0.0931169201427654,EN,60
2002-10-01,0.13669191360696115,0.06445895643895494,2.1206038874739392,0.9531253773805201,0.14326267399828513,-0.0931169201427654,EN,60
2002-11-01,0.12326507223025807,0.07058711934544724,1.7462827973898392,0.8238261970189495,0.12770807416005678,-0.0931169201427654,EN,60
2002-12-01,0.13355657912026608,0.0746272075675929,1.789649961098952,0.9164713962779686,0.1389390101017236,-0.0931169201427654,EN,60
2003-01-01,0.1323658019844005,0.07459561762032875,1.774444748994588,0.9052406744965882,0.13760100986682355,-0.0931169201427654,EN,60
2003-02-01,0.12995553375833538,0.07473247803199476,1.738943190170923,0.8825698562915405,0.13488072539306126,-0.09311692014276529,EN,60
2003-03-01,0.1285055019908687,0.07486932857556833,1.7163971473467057,0.8690218908993119,0.13324256292110712,-0.09311692014276551,EN,60
2003-04-01,0.12416130282178213,0.07600449536456902,1.633604725960227,0.8285060951241157,0.12828621591200368,-0.0931169201427654,EN,60
2003-05-01,0.11368658060479789,0.078669706721202,1.4451125514893854,0.7343180216611435,0.11641521700128336,-0.09311692014276529,EN,60
2003-06-01,0.10999417325447527,0.07911767742208131,1.3902603923478736,0.7025889513843101,0.11230006386973242,-0.09311692014276551,EN,60
2003-07-01,0.1063920710447375,0.0796321552751854,1.336044097727578,0.6721337850236013,0.10829201526598566,-0.09311692014276551,EN,60
2003-08-01,0.10047053579612249,0.07959690212065824,1.2622417847848224,0.6237809004990826,0.10180689483689169,-0.09311692014276529,EN,60
2003-09-01,0.09727686647232725,0.07910195206589705,1.2297656875937688,0.5985657987334034,0.09836352803823109,-0.09311692014276529,EN,60
2003-10-01,0.09301238501821847,0.07941230643137324,1.1712590805884497,0.5649152256324307,0.09369987680667746,-0.09311692014276529,EN,60
2003-11-01,0.08850745088623546,0.07964077385817725,1.111333386135195,0.5301821486165275,0.08880128868833832,-0.0931169201427654,EN,60
2003-12-01,0.08706421934600576,0.0796804774064475,1.0926668888025612,0.5192360946232484,0.0872390790032715,-0.09311692014276518,EN,60
2004-01-01,0.08901760531414067,0.0797895677676446,1.115654687757791,0.5339736796704638,0.08934032756801756,-0.09311692014276551,EN,60
2004-02-01,0.0867043677818899,0.0797177751675366,1.0876415905946966,0.5165029265612072,0.08684759964525948,-0.0931169201427654,EN,60
2004-03-01,0.08817816157186999,0.07958349589339819,1.1079955785051754,0.5277176204111751,0.08845033544863175,-0.09311692014276518,EN,60
2004-04-01,0.09073846700924833,0.0789494787135552,1.1493231936143107,0.5476382463526074,0.09127420768822472,-0.09311692014276518,EN,60
2004-05-01,0.09099528575173083,0.07895015690950964,1.1525662432314978,0.5496114794703255,0.09155234000398008,-0.09311692014276551,EN,60
2004-06-01,0.09088124659561093,0.07895110804047396,1.1511079306071426,0.5487342276017335,0.09142872408453456,-0.0931169201427654,EN,60
2004-07-01,0.08888391815513325,0.07894400652828573,1.1259109090604114,0.5334624343128399,0.08926770644653469,-0.0931169201427654,EN,60
2004-08-01,0.089675087630582,0.07893073439347933,1.136123821977137,0.5395034476269441,0.09012458248236521,-0.0931169201427654,EN,60
2004-09-01,0.09177507733669944,0.07896178569727737,1.1622720601652234,0.5556124444379767,0.09239645406392206,-0.09311692014276529,EN,60
2004-10-01,0.0873524068023185,0.07842845701729657,1.1137845894769272,0.5221447786524158,0.08765507963058448,-0.09311692014276529,EN,60
2004-11-01,0.086453388917963,0.07846764415115379,1.101771180378834,0.5153442683868383,0.08668147139530788,-0.09311692014276529,EN,60
2004-12-01,0.0901714012108426,0.07748065519476226,1.1637924457941113,0.5441568381896335,0.09078280163065705,-0.0827297992599837,EN,60
2005-01-01,0.09410942991256332,0.0777317873976036,1.2106942740321527,0.574479641151631,0.09503351074853357,-0.0827297992599837,EN,60
2005-02-01,0.10852961205296971,0.0682203528870842,1.5908685232485371,0.6971974489498165,0.11159471698246698,-0.08272979925998403,EN,60
2005-03-01,0.10043670060586467,0.06626105143156202,1.5157728173028022,0.6314751223271733,0.10284909504774556,-0.0827297992599838,EN,60
2005-04-01,0.10152881633444891,0.06620500834934837,1.5335518998608846,0.6403630980623292,0.10404810880059683,-0.0827297992599838,EN,60
2005-05-01,0.1067106763366412,0.06520640160508938,1.6365061360526356,0.6835868586234796,0.10980609455305994,-0.08272979925998392,EN,60
2005-06-01,0.09877586215004386,0.06317366045063208,1.5635608487058243,0.6196420762328207,0.10124464637314526,-0.0827297992599838,EN,60
2005-07-01,0.09294582631310173,0.06261890842775743,1.4843092709022874,0.5737352051357696,0.09492994172442241,-0.08272979925998392,EN,60
2005-08-01,0.09035381937449918,0.062397236840413504,1.4480419959234272,0.5537271811949669,0.09213154824298078,-0.08272979925998403,EN,60
2005-09-01,0.08641534483974697,0.06236007233152388,1.3857479891995381,0.5236654167122893,0.08787230853182325,-0.08272979925998403,EN,60
2005-10-01,0.08510157267445144,0.06228801586585326,1.3662591670559976,0.5137928360817883,0.08645886804044209,-0.0827297992599838,EN,60
2005-11-01,0.08707533289004041,0.06213305930138793,1.4014332123526274,0.5287705444075224,0.08860032909162321,-0.08272979925998403,EN,60
2005-12-01,0.08744605643627365,0.06208291510733369,1.4085365721807717,0.5316097399817865,0.08900437347580424,-0.0827297992599838,EN,60
2006-01-01,0.07535637443381793,0.058276761427707865,1.2930775936699443,0.44390603269496476,0.07623667185488209,-0.0827297992599837,EN,60
2006-02-01,0.0673686593429443,0.05498047844631497,1.2253196270149886,0.3889267267697045,0.06791298443974046,-0.08272979925998414,EN,60
2006-03-01,0.06701546501244221,0.05503202480313089,1.217753939677494,0.3864704540850242,0.067535002944924,-0.08272979925998392,EN,60
2006-04-01,0.06295807503681693,0.05475442778079579,1.1498261891963086,0.3588744782207889,0.06325116783299803,-0.0827297992599838,EN,60
2006-05-01,0.06200444522903801,0.05474471811045823,1.132610548910524,0.35244747162048756,0.06224349754826663,-0.0827297992599838,EN,60
2006-06-01,0.06231025994830709,0.05473215710679115,1.1384579604039697,0.35451091469946616,0.06256743509015769,-0.08272979925998403,EN,60
2006-07-01,0.06050442329522393,0.05436419055356543,1.112946273624887,0.342527192351905,0.060680581849513436,-0.08272979925998403,EN,60
2006-08-01,0.06147855110139283,0.05449189182015293,1.1282146581421493,0.3490035730805798,0.061701962177042484,-0.0827297992599838,EN,60
2006-09-01,0.058009541548697974,0.0538294437579639,1.0776544860751163,0.32614945939350953,0.05807997358303102,-0.0827297992599838,EN,60
2006-10-01,0.05469710003601143,0.05343429941912374,1.0236327720324847,0.3046007063810389,0.05461883137204979,-0.08272979925998392,EN,60
2006-11-01,0.055761076139812585,0.05323861945077764,1.0473802047283949,0.3115949049720445,0.05574721435059604,-0.0827297992599838,EN,60
2006-12-01,0.058318281786489054,0.053205749591464326,1.0960898443172187,0.32840386373057445,0.05843946846824016,-0.08272979925998392,EN,60
2007-01-01,0.05442899640390769,0.05278376656627933,1.031169239041751,0.3030795422630305,0.05437277952465156,-0.0827297992599838,EN,60
2007-02-01,0.05180223385913313,0.05244253911515735,0.9877903460277124,0.2862630267624681,0.051637241275888715,-0.0827297992599838,EN,60
2007-03-01,0.05268910261011887,0.052429942564872205,1.0049429778589973,0.29195876081192146,0.05256695230755006,-0.08272979925998392,EN,60
2007-04-01,0.05034633472739132,0.05220740656915481,0.964352340710541,0.27704915767783606,0.05012627011704125,-0.08272979925998403,EN,60
2007-05-01,0.04976033424791503,0.05220815133846898,0.953114273771454,0.27332812992945243,0.049513590295731984,-0.0827297992599837,EN,60
2007-06-01,0.045465934856596654,0.0516798017859755,0.8797621756539877,0.2465492677648858,0.045061598504020944,-0.08272979925998392,EN,60
2007-07-01,0.037434833295870114,0.05005002351067784,0.7479483658560846,0.1981244970225583,0.03681289412611723,-0.0827297992599838,EN,60
2007-08-01,0.034694796108275534,0.04958414120208957,0.6997155797631002,0.18200312939207094,0.03400758671104568,-0.0827297992599838,EN,60
2007-09-01,0.030645640099495615,0.04875941561198812,0.6285071245185513,0.15860357683603732,0.02988082676350787,-0.08272979925998392,EN,60
2007-10-01,0.02605637338519337,0.048125381727468,0.5414268406794052,0.13254980745152278,0.025206762233034898,-0.08272979925998392,EN,60
2007-11-01,0.03823212360371562,0.041109906142288065,0.929997832429683,0.20535988687348777,0.03806212822267527,-0.0827297992599838,EN,60
2007-12-01,0.02704672073245119,0.030358887359051064,0.8908996042105475,0.1420298159582109,0.026917343117007015,-0.0827297992599838,EN,60
2008-01-01,0.02776519292328167,0.030588148037708176,0.9077108195322432,0.14609158048536017,0.027646776799070155,-0.08272979925998392,EN,60
2008-02-01,0.032209308524784236,0.03193930872674638,1.0084535266667107,0.1715396819555326,0.03217040054198814,-0.0827297992599838,EN,60
2008-03-01,0.034080801483819534,0.03206532221882156,1.0628554190487733,0.18250010644973208,0.03409452246144849,-0.08272979925998392,EN,60
2008-04-01,0.04100086143398349,0.030824449246722375,1.3301409250107914,0.224237879974843,0.041293512476177324,-0.06428085928617866,EN,60
2008-05-01,0.04687529814982806,0.025616494483468828,1.8298873087446936,0.2615248166430915,0.04756060950920357,-0.029713092452238077,EN,60
2008-06-01,0.04718020873424285,0.02546498391680511,1.8527484206698126,0.26346617731623534,0.047882829450934514,-0.02058196697785719,EN,60
2008-07-01,0.05509824987561973,0.026819156069568847,2.054436378709865,0.3140504252019642,0.0561422249511017,-0.016004965639218938,EN,60
2008-08-01,0.05636699134754897,0.026470942061649034,2.1293912100398256,0.32243431974571113,0.05748647680125679,-0.016004965639218827,EN,60
2008-09-01,0.054899588764869806,0.026242021570534835,2.0920487629852556,0.31284994795846854,0.055949182392955724,-0.016004965639218938,EN,60
2008-10-01,0.06045050800759563,0.02638503294895051,2.291090866725641,0.34959640051907637,0.06179525999447602,-0.014003837574501077,EN,60
2008-11-01,0.06515931769872951,0.026179751271414333,2.488920426447174,0.38161679903190276,0.06678652432336982,-0.014003837574501188,EN,60
2008-12-01,0.07243457054734087,0.02987725246372573,2.424405344342971,0.43179695438804716,0.07442544976939232,-0.014003837574501188,EN,60
2009-01-01,0.07182891728906587,0.029689606578554222,2.419328700062676,0.427531887515306,0.07378458147686683,-0.014003837574501188,EN,60
2009-02-01,0.07148087043855662,0.029723786921504434,2.404837264757875,0.42505747747142836,0.07341207456673336,-0.014003837574501188,EN,60
2009-03-01,0.07000476451755488,0.03001278958657442,2.3324977611834523,0.41457998117740447,0.07182899548641541,-0.014003837574501077,EN,60
2009-04-01,0.05340375367825895,0.05157132448730138,1.0355319396811065,0.2965197065370473,0.053309071348626,-0.09168311181472755,EN,60
2009-05-01,0.04685351314709433,0.05311546717508256,0.8821067692514651,0.2544116472255613,0.046376591679346595,-0.11378419076393431,EN,60
2009-06-01,0.04610169600518015,0.053102612807659155,0.8681624795405689,0.24972733632229122,0.04559393134238239,-0.11378419076393431,EN,60
2009-07-01,0.045930969137024914,0.053107479596971346,0.8648681783732077,0.24866347614445788,0.04541585334438769,-0.11378419076393442,EN,60
2009-08-01,0.03916227281302373,0.054684971259342775,0.7161432457794876,0.20674456023483015,0.03830051627000413,-0.13243034323901204,EN,60
2009-09-01,0.03310659466150774,0.05515504456266584,0.600245996064654,0.1707092673817446,0.03202403375968613,-0.14658918145366184,EN,60
2009-10-01,0.03489981392057138,0.05539878089045303,0.6299744030393586,0.18114606648732487,0.03385759274409551,-0.14658918145366195,EN,60
2009-11-01,0.03487848756747079,0.05539930111309824,0.6295835302374302,0.18102032399560963,0.03383557931668915,-0.14658918145366184,EN,60
2009-12-01,0.035315668534386856,0.05535489146075469,0.6379864110008205,0.18361150876427412,0.03428883334657548,-0.14658918145366173,EN,60
2010-01-01,0.031253579391107754,0.054644286370775376,0.5719459703260514,0.16009829205136494,0.030146419724818616,-0.14658918145366195,EN,60
2010-02-01,0.033023401621814746,0.054608304564946634,0.6047322268088258,0.17039335261064356,0.0319683296078682,-0.14658918145366173,EN,60
2010-03-01,0.03291757571663546,0.05460540695585474,0.6028263051541283,0.16977682642986452,0.031859585040343995,-0.14658918145366184,EN,60
2010-04-01,0.02795576456137349,0.05526103083890732,0.5058856872009494,0.14098047583251894,0.02672855963204864,-0.14658918145366184,EN,60
2010-05-01,0.026716438546148913,0.05517421142606203,0.48421967175645336,0.13397455661601243,0.025464574828379338,-0.14658918145366162,EN,60
2010-06-01,0.026113045275155095,0.055161027222646375,0.4733966459644604,0.13057005868275823,0.024848089709883114,-0.14658918145366173,EN,60
2010-07-01,0.02910064758714725,0.05540651231322918,0.5252207073174503,0.14747038441635082,0.02789391971160505,-0.14658918145366173,EN,60
2010-08-01,0.029246145799371757,0.055418119233254994,0.5277361665103547,0.1482998386299477,0.028042480326601515,-0.14658918145366173,EN,60
2010-09-01,0.032760821158675194,0.055694830257214924,0.5882201455211586,0.16851779878897075,0.03163737181549316,-0.14658918145366173,EN,60
2010-10-01,0.030839409208408018,0.055702902985680244,0.5536409694183446,0.15737228722442687,0.029661835386845026,-0.14658918145366184,EN,60
2010-11-01,0.029628576431170315,0.05566400062861643,0.5322753682195543,0.15041618557486094,0.028421143166340233,-0.14658918145366173,EN,60
2010-12-01,0.028009700391297354,0.055856237174313976,0.5014605674901761,0.14110370032819416,0.026750735759768524,-0.14658918145366173,EN,60
2011-01-01,0.028386012251619894,0.05581360991237355,0.5085858502287428,0.14326113256152007,0.027138688546350244,-0.14658918145366184,EN,60
2011-02-01,0.02648106115491658,0.05574732893705748,0.47501937150774504,0.13246851912303492,0.025192045045991384,-0.14658918145366184,EN,60
2011-03-01,0.02779576560622496,0.0556956835591567,0.4990649872660584,0.13993655692073972,0.02654061358808543,-0.14658918145366162,EN,60
2011-04-01,0.028587140175464983,0.055675367983811806,0.5134611806028294,0.1444518134996586,0.02735254787420342,-0.14658918145366173,EN,60
2011-05-01,0.02878696397167328,0.05568076897382604,0.5170001151601411,0.14559141559522426,0.02755706623946945,-0.14658918145366162,EN,60
2011-06-01,0.0286470192976965,0.05567823720126944,0.5145101701790832,0.14479280011394213,0.02741376001442458,-0.14658918145366184,EN,60
2011-07-01,0.02658339895125722,0.05552454016109427,0.4787684665938766,0.13311538082553126,0.025309135454271558,-0.14658918145366195,EN,60
2011-08-01,0.027221544100668883,0.05568661999297472,0.48883455494521083,0.13667904637488126,0.025953248310334402,-0.14658918145366195,EN,60
2011-09-01,0.02666469902143624,0.05565774229524617,0.47908337495956455,0.13353464009079385,0.025384998293022345,-0.14658918145366184,EN,60
2011-10-01,0.03469919927410556,0.058553064446763614,0.5926111571095315,0.17894866360458397,0.0334726286500428,-0.14658918145366184,EN,60
2011-11-01,0.0371484593653781,0.05858479126173866,0.6340973239865327,0.19342091722963883,0.03599755176733509,-0.14658918145366184,EN,60
2011-12-01,0.036235183376676194,0.05850336390854598,0.6193692286364935,0.18802778942873732,0.03505950983380004,-0.14658918145366162,EN,60
2012-01-01,0.03684988319384847,0.05849396199568423,0.6299775555734677,0.19167689781674133,0.03569458122307715,-0.14658918145366173,EN,60
2012-02-01,0.03544692980279705,0.058541251817722344,0.6055034476059172,0.18335567456460222,0.03424411777318264,-0.14658918145366173,EN,60
2012-03-01,0.035492395806062636,0.05854361842524082,0.6062555878978647,0.18362312528692296,0.03429086353847572,-0.14658918145366195,EN,60
2012-04-01,0.035914978671319056,0.0585539253184739,0.6133658584967283,0.1861157364294035,0.03472612302667589,-0.14658918145366195,EN,60
2012-05-01,0.03719190930025491,0.058615702667078384,0.634504196110982,0.1936687275801477,0.03604057256437517,-0.1465891814536615,EN,60
2012-06-01,0.037066466754319564,0.058624171723002876,0.632272758231149,0.19291968084542296,0.035910513418951705,-0.14658918145366173,EN,60
2012-07-01,0.040699421273881334,0.05858437558295396,0.6947146038324161,0.2147299824908691,0.0396710479712706,-0.14658918145366173,EN,60
2012-08-01,0.03994319493040868,0.058594433403127914,0.6816892426555389,0.21015743366622477,0.0388871501624926,-0.14658918145366184,EN,60
2012-09-01,0.03929565901820528,0.05862221415510695,0.6703202801967518,0.2062488995210061,0.03821520751994048,-0.14658918145366207,EN,60
2012-10-01,0.042622186412079016,0.058759024718672496,0.725372597931063,0.22636287841665886,0.04165475147972832,-0.14658918145366195,EN,60
2012-11-01,0.04208968290215874,0.0587315762174979,0.7166448716835042,0.22312306118492642,0.04110379826073949,-0.14658918145366207,EN,60
2012-12-01,0.03907967071533884,0.05885530306844049,0.6639957434234032,0.20487068927507382,0.03797785464343618,-0.14658918145366195,EN,60
2013-01-01,0.036740418414141995,0.05866767661730514,0.6262463511859051,0.19096786728345239,0.03557130721928164,-0.14658918145366195,EN,60
2013-02-01,0.03320594811298296,0.05797709248632773,0.5727425555328365,0.17039298221265087,0.03196826428982014,-0.14658918145366162,EN,60
2013-03-01,0.030609442728413865,0.05795843986725574,0.5281274443984301,0.15534220507126734,0.029300367210288076,-0.14658918145366195,EN,60
2013-04-01,0.02793714670416942,0.057687550568666215,0.4842838087034997,0.14013151868127507,0.026575724748241186,-0.14658918145366184,EN,60
2013-05-01,0.028465624259992515,0.057619659287098744,0.49402625097378994,0.1431631485463617,0.027121081611168548,-0.14658918145366184,EN,60
2013-06-01,0.02973298422785922,0.057461635839912685,0.5174406156952249,0.15046408061791663,0.028429706233393505,-0.14658918145366195,EN,60
2013-07-01,0.02500735453034006,0.05624799249181226,0.44459105867609855,0.1240327965102448,0.02366014910060137,-0.14658918145366184,EN,60
2013-08-01,0.025306846835609197,0.05624408034577429,0.4499468509402081,0.12571494066629232,0.023966352637375763,-0.14658918145366184,EN,60
2013-09-01,0.025175268532143757,0.05623794578024259,0.4476562609615852,0.12497803483320127,0.023832257511207353,-0.14658918145366173,EN,60
2013-10-01,0.022652325161103656,0.05573153882385303,0.40645432800087133,0.1110561465436593,0.02128558308656493,-0.14658918145366184,EN,60
2013-11-01,0.02070462739222698,0.0554034865457915,0.3737062174799128,0.10040526481850523,0.019319967987908304,-0.14658918145366173,EN,60
2013-12-01,0.01244059775540472,0.05293868657408625,0.23500012109281257,0.05659791294191507,0.011071688567397958,-0.14658918145366184,EN,60
2014-01-01,0.00771886766962046,0.05285459428355175,0.14603967307384205,0.03198704813657565,0.006317092541026676,-0.14658918145366184,EN,60
2014-02-01,0.0061871835564622,0.05291869069730452,0.11691868175372962,0.024101261270482746,0.004774443443740601,-0.14658918145366184,EN,60
2014-03-01,0.0067314387794373196,0.05289020265719929,0.12727194151752888,0.026898039255026387,0.005322644374445455,-0.14355273750372033,EN,60
2014-04-01,0.02348713832741142,0.03417100064226368,0.6873412509425271,0.1212780500539414,0.023157905279299073,-0.0604481435423172,EN,60
2014-05-01,0.0287741060385638,0.03201134118184406,0.8988722426564142,0.15165805770024016,0.028643083094478362,-0.04162796768469823,EN,60
2014-06-01,0.02740873933980224,0.03213549566771769,0.8529116719782293,0.14381850876344793,0.027238821583695783,-0.04162796768469823,EN,60
2014-07-01,0.029416209455087043,0.03242453335214214,0.9072207496594131,0.1552774232672017,0.029288824062291007,-0.04162796768469823,EN,60
2014-08-01,0.033990269581292996,0.029896582121630103,1.136928276383176,0.1823966822316159,0.03407643296467635,-0.025939959918428346,EN,60
2014-09-01,0.038688323961489954,0.028655780229772974,1.3501054115878965,0.210632310546824,0.0389686711376424,-0.025939959918428346,EN,60
2014-10-01,0.03819587072986187,0.0284757304789889,1.3413482318932988,0.207694609663544,0.03846395207067161,-0.025939959918428457,EN,60
2014-11-01,0.03791234490806604,0.02849956331091486,1.330278099157619,0.20598515400173395,0.03816980253579466,-0.025939959918428346,EN,60
2014-12-01,0.035449359868536416,0.029427314339493995,1.2046413566514398,0.19111101992280505,0.03559620086132332,-0.025939959918428235,EN,60
2015-01-01,0.0372831179714613,0.029656673726244094,1.2571577755353032,0.20200940371965317,0.037484394843909474,-0.025939959918428568,EN,60
2015-02-01,0.03743066033320035,0.029673195250742097,1.261430055540252,0.20289084220653553,0.03763650855514686,-0.025939959918428235,EN,60
2015-03-01,0.03926947393801644,0.030008730293383037,1.3086016487233851,0.2139067538777406,0.039530091696672126,-0.025939959918428235,EN,60
2015-04-01,0.042683574673809184,0.028600595881412717,1.4924015866938236,0.23498724221713152,0.0431157293028527,-0.025939959918428346,EN,60
2015-05-01,0.04749278034324585,0.03046352457407792,1.5590047772626572,0.26459544662828993,0.04807007927333166,-0.025939959918428346,EN,60
2015-06-01,0.04753931971775259,0.030460471206680044,1.560688913680597,0.26488916241404686,0.04811875984268015,-0.025939959918428568,EN,60
2015-07-01,0.04751972884698087,0.03045378164897922,1.560388440250529,0.2647670001664916,0.04809851372247757,-0.025939959918428346,EN,60
2015-08-01,0.04771130961991646,0.030477140315682227,1.565478556246508,0.26596993445314965,0.0482978096005738,-0.025939959918428568,EN,60
2015-09-01,0.04943544073319458,0.031380435182365954,1.5753586731956644,0.27671503462709174,0.05007131403065397,-0.025939959918428457,EN,60
2015-10-01,0.052974185379368766,0.031631288921888365,1.6747400180304204,0.29935885172027343,0.05376997932202133,-0.025939959918428235,EN,60
2015-11-01,0.054431316274280564,0.0316509224290246,1.7197387026030506,0.3088136973706934,0.05529909643817722,-0.025939959918428457,EN,60
2015-12-01,0.060348523458644845,0.03200145443928501,1.8858056459009231,0.34785474796565474,0.061521069316207135,-0.025939959918428457,EN,60
2016-01-01,0.06410806231222754,0.03215453617375921,1.9937486258795756,0.37326573227423676,0.06549377464838928,-0.02593995991842868,EN,60
2016-02-01,0.0642954177776483,0.032122228909058484,2.0015864390878852,0.37455290729316704,0.06569343929114034,-0.025939959918428457,EN,60
2016-03-01,0.06047508459746388,0.033467267241688005,1.8069920128445378,0.34838551810361584,0.06160465917753937,-0.025939959918428235,EN,60
2016-04-01,0.05136638039204357,0.03967531594891387,1.2946684648506182,0.2871542137581375,0.051782926222902044,-0.057657874459479896,EN,60
2016-05-01,0.05649909418027669,0.0413132930446067,1.3675766325205208,0.32004345949057816,0.05710382902406794,-0.05765787445948001,EN,60
2016-06-01,0.056283651633469246,0.04132498048475519,1.3619764842776467,0.31862579270412117,0.056876675111370345,-0.05765787445948001,EN,60
2016-07-01,0.05435558078106416,0.04171297459200836,1.3030857020558286,0.3059291910537472,0.0548335291898228,-0.057657874459479896,EN,60
2016-08-01,0.04956081294270792,0.04154804735853227,1.1928554070190294,0.27516632282969145,0.04981643373992383,-0.057657874459479896,EN,60
2016-09-01,0.04879119635528434,0.04159191334552413,1.1730933354749102,0.27027742763970053,0.049010212380255776,-0.05765787445948012,EN,60
2016-10-01,0.04301598963667716,0.037957222507490486,1.1332754821085336,0.235105001023951,0.04313562122961091,-0.057657874459479896,EN,60
2016-11-01,0.04191485098416391,0.0378517192677077,1.1073433861146318,0.22837130509577436,0.041995713862467705,-0.05765787445948001,EN,60
2016-12-01,0.04085536121487351,0.037857134309660256,1.0791984644344348,0.22190228495967323,0.04089589400060082,-0.05765787445948001,EN,60
1992-01-01,,,,,,,FFN,36
1992-02-01,,,,,,,FFN,36
1992-03-01,,,,,,,FFN,36
1992-04-01,,,,,,,FFN,36
1992-05-01,,,,,,,FFN,36
1992-06-01,,,,,,,FFN,36
1992-07-01,,,,,,,FFN,36
1992-08-01,,,,,,,FFN,36
1992-09-01,,,,,,,FFN,36
1992-10-01,,,,,,,FFN,36
1992-11-01,,,,,,,FFN,36
1992-12-01,,,,,,,FFN,36
1993-01-01,,,,,,,FFN,36
1993-02-01,,,,,,,FFN,36
1993-03-01,,,,,,,FFN,36
1993-04-01,,,,,,,FFN,36
1993-05-01,,,,,,,FFN,36
1993-06-01,,,,,,,FFN,36
1993-07-01,,,,,,,FFN,36
1993-08-01,,,,,,,FFN,36
1993-09-01,,,,,,,FFN,36
1993-10-01,,,,,,,FFN,36
1993-11-01,,,,,,,FFN,36
1993-12-01,,,,,,,FFN,36
1994-01-01,,,,,,,FFN,36
1994-02-01,,,,,,,FFN,36
1994-03-01,,,,,,,FFN,36
1994-04-01,,,,,,,FFN,36
1994-05-01,,,,,,,FFN,36
1994-06-01,,,,,,,FFN,36
1994-07-01,,,,,,,FFN,36
1994-08-01,,,,,,,FFN,36
1994-09-01,,,,,,,FFN,36
1994-10-01,,,,,,,FFN,36
1994-11-01,,,,,,,FFN,36
1994-12-01,0.287501406395357,0.08649635267221246,3.323855833376876,1.3220653808664382,0.3242139171891476,-0.002888948249390677,FFN,36
1995-01-01,0.25017026247675667,0.04737603072559423,5.2805238987994345,1.0952582209137827,0.27961459362484253,-0.002888948249390566,FFN,36
1995-02-01,0.2581331375980648,0.045231501526974235,5.706932754468136,1.1454560786069807,0.2897529881005693,-0.00010686420830374743,FFN,36
1995-03-01,0.25422807034355116,0.04579439894172165,5.551510145751317,1.1208344408050512,0.2848001810559012,-0.00010686420830374743,FFN,36
1995-04-01,0.2626190388250488,0.04503657653075098,5.831238940769231,1.1739584509813878,0.2954393347412346,-0.00010686420830374743,FFN,36
1995-05-01,0.2596250345087429,0.045774964481784884,5.671769218129155,1.1547273970601961,0.2916081534506444,-0.00010686420830374743,FFN,36
1995-06-01,0.26603014078172066,0.04441083770207403,5.990207673324225,1.1960090699999513,0.29980452090341614,-0.00010686420830374743,FFN,36
1995-07-01,0.26589122689941497,0.0443867474688865,5.990329142404386,1.19512043397359,0.2996291711478969,-0.00010686420830374743,FFN,36
1995-08-01,0.2673846308993675,0.04440834858789056,6.021044227082088,1.2047564968204003,0.3015280841403973,-0.00010686420830385845,FFN,36
1995-09-01,0.26766932136478344,0.04439136458936564,6.029761054673819,1.206603877244635,0.30189150239254026,-0.00010686420830374743,FFN,36
1995-10-01,0.2635697490389186,0.04483804471097046,5.878261434857604,1.1800900984694915,0.2966561198966535,-0.00010686420830374743,FFN,36
1995-11-01,0.25695194831399704,0.04422141697036959,5.810576999062848,1.1382977486077666,0.28831696636912985,-0.00010686420830374743,FFN,36
1995-12-01,0.24575523371450295,0.04430911018722366,5.546381605861392,1.0690617338218853,0.27425931272911286,-0.00010686420830374743,FFN,36
1996-01-01,0.23962840833729315,0.03860857444250679,6.2066111426655,1.0334166652777932,0.266899387545752,-0.00010686420830363641,FFN,36
1996-02-01,0.2363128360814708,0.03875544727300971,6.097538609651013,1.0136482532922604,0.26278050889125365,-0.00010686420830374743,FFN,36
1996-03-01,0.2275492095275909,0.03910603083661514,5.818775382198481,0.9622974335380476,0.2519537305799707,-0.00010686420830374743,FFN,36
1996-04-01,0.23441471579635073,0.039032219277788806,6.005672240362307,1.002371621027111,0.2604188623853375,-0.00010686420830374743,FFN,36
1996-05-01,0.23593124668578241,0.03928214495366311,6.006068328602853,1.0112715852625207,0.262283501930595,-0.00010686420830363641,FFN,36
1996-06-01,0.23535660006511255,0.03937806627406454,5.97684503924269,1.0078525381476124,0.2615678262271887,-0.00010686420830374743,FFN,36
1996-07-01,0.2243281241516445,0.0412066543916503,5.443978101680103,0.9433066880419989,0.2479019071577354,-0.003884325646746567,FFN,36
1996-08-01,0.22812013556070015,0.04202312063421413,5.428443488201366,0.9649405640914468,0.2525155877314604,-0.003884325646746567,FFN,36
1996-09-01,0.225061696477906,0.042103674894603774,5.345416927175425,0.947306493062668,0.24875748385216126,-0.003884325646746567,FFN,36
1996-10-01,0.21869141205657971,0.042412702298751485,5.156271593263166,0.9110367086818267,0.24095588553169892,-0.003884325646746567,FFN,36
1996-11-01,0.21931451710642752,0.042172923444305926,5.200363152344819,0.9146037135555942,0.2417274989119484,-0.003884325646746567,FFN,36
1996-12-01,0.21217811451936097,0.04269769912010283,4.969310264764682,0.8746386550787876,0.2330268184576173,-0.003884325646746567,FFN,36
1997-01-01,0.22362199069443472,0.05242096097976312,4.265888806974808,0.9365061104281096,0.24644453340561967,-0.003884325646746567,FFN,36
1997-02-01,0.2324187290507418,0.051390139389698775,4.522632781520153,0.9876163850236183,0.25731526810826405,-0.003884325646746567,FFN,36
1997-03-01,0.23270684949181702,0.05137667178042542,4.529426321859927,0.9893063287922893,0.257671505561164,-0.003884325646746567,FFN,36
1997-04-01,0.23085198559133807,0.051541567018275065,4.478947749289132,0.9784286388902735,0.25537496430960466,-0.003884325646746567,FFN,36
1997-05-01,0.23582714983541236,0.051789814942285135,4.5535430103046215,1.0075359373817774,0.2615015141968772,-0.003884325646746456,FFN,36
1997-06-01,0.2460390385563595,0.052108839751740646,4.721637244823528,1.0686508063075517,0.27417494874382603,-0.003884325646746567,FFN,36
1997-07-01,0.24467556475239113,0.052419878431880874,4.667610304940799,1.060280391744218,0.27245405412422785,-0.003884325646746567,FFN,36
1997-08-01,0.24238705976711505,0.05252386943059334,4.6147982316385265,1.0464319852319444,0.2695966613923196,-0.003884325646746678,FFN,36
1997-09-01,0.24919099726335492,0.053955813280489054,4.618427229850778,1.0873374024341582,0.2780000919281084,-0.003884325646746567,FFN,36
1997-10-01,0.2515201487347314,0.05374173993889749,4.6801638544025765,1.1017416961547193,0.2809330956988086,-0.003884325646746567,FFN,36
1997-11-01,0.2504475702965837,0.05392891024711761,4.644031728973601,1.0950682097625175,0.27957591129762305,-0.003884325646746567,FFN,36
1997-12-01,0.23205573750613495,0.05666283577141542,4.095378114188906,0.983885797615016,0.25652815073838886,-0.015474790652809656,FFN,36
1998-01-01,0.2380172267079801,0.05919871910757474,4.020648255504648,1.018179892028841,0.26372707899348574,-0.015474790652809656,FFN,36
1998-02-01,0.24211441821276242,0.059704838306505255,4.055189245632415,1.0424762841651594,0.2687781010433174,-0.015474790652809656,FFN,36
1998-03-01,0.2479658583634965,0.0594492194449857,4.171053222876443,1.078006794294332,0.2760929844595466,-0.015474790652809656,FFN,36
1998-04-01,0.24160672645009784,0.05942759901904028,4.065564324291283,1.039523493159481,0.2681663855091136,-0.015474790652809656,FFN,36
1998-05-01,0.24408792679176938,0.0589908227005033,4.137727117843482,1.0546086168097946,0.27128532876588807,-0.015474790652809656,FFN,36
1998-06-01,0.2380514823419475,0.059720001571184234,3.986126525100608,1.0182081349382164,0.2637329739359235,-0.015474790652809656,FFN,36
1998-07-01,0.2301792544444413,0.05997398779782137,3.837984814689991,0.9719078647691454,0.25399423442943025,-0.015474790652809656,FFN,36
1998-08-01,0.2157026171717002,0.063638146568708,3.3895175897181917,0.8883637244238985,0.23602868488949977,-0.018345635091235768,FFN,36
1998-09-01,0.22111024422632844,0.06451113352879867,3.4274741758741802,0.9183934538506952,0.24254624506344685,-0.018345635091235768,FFN,36
1998-10-01,0.22685484880646317,0.06462197617198204,3.5104907377441044,0.951086580513613,0.2495649858039186,-0.018345635091235768,FFN,36
1998-11-01,0.23557303566425147,0.06594135402916423,3.572462821434684,1.0013228800906322,0.26019877608290887,-0.018345635091235768,FFN,36
1998-12-01,0.2365039938666172,0.06573104824319102,3.5980560205217205,1.0068910867849545,0.2613664286748081,-0.018345635091235768,FFN,36
1999-01-01,0.24557035597800436,0.07144813141772367,3.4370437841441897,1.0589499209482829,0.27218009019868755,-0.018345635091235768,FFN,36
1999-02-01,0.24714401615643394,0.07133527538638962,3.464541418222206,1.0685436271734863,0.27415294288283454,-0.018345635091235768,FFN,36
1999-03-01,0.24330993582092764,0.07251513545260606,3.3552986463074106,1.0448612891357072,0.2692717607943659,-0.018345635091235657,FFN,36
1999-04-01,0.23860168847093793,0.07238168956042212,3.296437122702975,1.0167959302412546,0.2634381470494272,-0.018345635091235768,FFN,36
1999-05-01,0.24011736693318825,0.07260691739164955,3.307086646275991,1.0257153236200363,0.26529795012060065,-0.018345635091235768,FFN,36
1999-06-01,0.24248744282620782,0.07246707279285346,3.346174110265999,1.0399423154044496,0.268253186820252,-0.018345635091235657,FFN,36
1999-07-01,0.2524837357689195,0.07110442385379334,3.550886458036461,1.1013564508187619,0.2808548267000238,-0.018345635091235768,FFN,36
1999-08-01,0.24165245006688552,0.07166386534630446,3.3720264585106827,1.0352726486175352,0.26728472079126314,-0.018345635091235768,FFN,36
1999-09-01,0.23369743375045837,0.07374820514513138,3.1688558832117737,0.9873344058839922,0.2572558077000862,-0.01834563509123588,FFN,36
1999-10-01,0.2382572736446853,0.07337306457114381,3.2472035213094697,1.0143327834426688,0.2629235847566511,-0.018345635091235768,FFN,36
1999-11-01,0.2472126404420289,0.07294085141928998,3.3892206579953745,1.0682687088295042,0.27409649358007504,-0.018345635091235657,FFN,36
1999-12-01,0.24653199293223582,0.07310721977812713,3.37219762535677,1.0640632560173164,0.2732323588602893,-0.018345635091235768,FFN,36
2000-01-01,0.246165752567294,0.07283085995785231,3.3799649312084425,1.0619528819446324,0.2727982777127195,-0.01834563509123588,FFN,36
2000-02-01,0.2121350173493026,0.09151340999658793,2.3180757591396937,0.8568347559458348,0.22911094366105544,-0.07580885479335697,FFN,36
2000-03-01,0.22097345971857318,0.09276535491325208,2.3820688221935087,0.9052236292349821,0.2396963419720095,-0.07580885479335697,FFN,36
2000-04-01,0.2166770630760168,0.09336342498987416,2.3207917136664253,0.8809600669606992,0.2344112142487008,-0.07580885479335686,FFN,36
2000-05-01,0.19610651032914891,0.09749643456095691,2.011422378800312,0.7681996467280627,0.20923423230300922,-0.07580885479335697,FFN,36
2000-06-01,0.20400806061360593,0.10014095524923071,2.0372090530379987,0.8086197326079043,0.21837904690886858,-0.07580885479335697,FFN,36
2000-07-01,0.21424214044245865,0.10063732441710085,2.1288536999901937,0.8637728297446229,0.23063990096862744,-0.07580885479335697,FFN,36
2000-08-01,0.2189123037303202,0.1008042729275986,2.1716569880678684,0.8895108813539102,0.23627892478900195,-0.07580885479335697,FFN,36
2000-09-01,0.207135445112354,0.1000607544756359,2.0700967746829257,0.8254184547726143,0.2221395883922461,-0.07580885479335686,FFN,36
2000-10-01,0.19481159902243947,0.10202887836095949,1.90937705237954,0.7592236968570433,0.20718460628588412,-0.07580885479335697,FFN,36
2000-11-01,0.18149874653128428,0.10539254655145747,1.7221212739429184,0.6896703974609089,0.19106098382062708,-0.07580885479335697,FFN,36
2000-12-01,0.1782019106992775,0.10652570218374142,1.6728536592221186,0.6726960248666594,0.1870590998166351,-0.07580885479335697,FFN,36
2001-01-01,0.2509804203231882,0.1813080822941435,1.3842759635834236,1.0196923578788704,0.264042687922439,-0.07580885479335697,FFN,36
2001-02-01,0.27005387661382013,0.1856060730336131,1.4549840541312116,1.1315364691528194,0.2869576501830539,-0.07580885479335697,FFN,36
2001-03-01,0.27085253455073605,0.18562964872711607,1.459101692041132,1.1365109216940172,0.28795801403032056,-0.07580885479335697,FFN,36
2001-04-01,0.2753258359162167,0.18550590178499965,1.4841890919207403,1.1648691469280417,0.29363140535316223,-0.07580885479335697,FFN,36
2001-05-01,0.28313262955231194,0.18560399865210148,1.525466216291058,1.2148797725339637,0.30351705861811407,-0.07580885479335697,FFN,36
2001-06-01,0.284564878227759,0.18546550728459327,1.5343277701287044,1.2243580312376408,0.3053738170033956,-0.07580885479335686,FFN,36
2001-07-01,0.2934862346041749,0.18522393258538664,1.5844941337096394,1.2835461897666163,0.3168508857496763,-0.07580885479335697,FFN,36
2001-08-01,0.30610284302227064,0.1835062127056896,1.668078908659096,1.3715932940554996,0.33356259210234834,-0.07580885479335708,FFN,36
2001-09-01,0.3009384754191929,0.18340983290151172,1.6407979368303127,1.3361393655262588,0.3268838735770838,-0.07580885479335697,FFN,36
2001-10-01,0.29813956011899007,0.18342029629123624,1.6254447634606457,1.3170668367479599,0.3232630543713922,-0.07580885479335708,FFN,36
2001-11-01,0.2859294417928863,0.18346830352422985,1.5584677914412874,1.2356090244503286,0.3075710140996713,-0.07580885479335697,FFN,36
2001-12-01,0.2895297213197573,0.18322653702563466,1.5801735164554798,1.2595969910886406,0.3122311087246643,-0.07580885479335697,FFN,36
2002-01-01,0.2812237607269371,0.18137563533529832,1.5505046210151405,1.207256662151166,0.3020198702946582,-0.07580885479335697,FFN,36
2002-02-01,0.28471651832897604,0.18136713517001632,1.5698352298616747,1.2299779036843217,0.30647224101345116,-0.07580885479335708,FFN,36
2002-03-01,0.29517611762202334,0.18045685926151428,1.635715698643853,1.3004334392915506,0.3200890357932449,-0.07580885479335686,FFN,36
2002-04-01,0.3035001382717161,0.1805780337191938,1.6807146031043354,1.3570302806572272,0.33082735953434744,-0.07580885479335697,FFN,36
2002-05-01,0.3035101575306277,0.180578456969916,1.6807661479862566,1.357098884838709,0.33084027118234455,-0.07580885479335686,FFN,36
2002-06-01,0.3028861382625581,0.18060226988267128,1.6770893215203155,1.3527706706625517,0.3300251885599386,-0.07580885479335708,FFN,36
2002-07-01,0.2996349270777286,0.18067404938391893,1.6584281367437923,1.3304064165636482,0.32579758156672867,-0.07580885479335697,FFN,36
2002-08-01,0.3126748542196601,0.180287940749418,1.734308201202689,1.42150240384946,0.34285246744387643,-0.07580885479335697,FFN,36
2002-09-01,0.31898876754668554,0.17929475878268453,1.7791304648972928,1.4678634902470824,0.3513682497760221,-0.07580885479335697,FFN,36
2002-10-01,0.32178222431074777,0.17926450294337676,1.7950136196923894,1.4881272458331931,0.35505689059725465,-0.07580885479335686,FFN,36
2002-11-01,0.3056084896225507,0.1811269505975468,1.6872612751130247,1.3709426042612032,0.3334406185550438,-0.07580885479335697,FFN,36
2002-12-01,0.3263133174606994,0.18193942987364936,1.7935272067594838,1.517889415409792,0.3604384067091486,-0.07580885479335697,FFN,36
2003-01-01,0.30754225280569525,0.1799178227575342,1.7093484574908053,1.3858085045092978,0.3362217218748793,-0.07580885479335697,FFN,36
2003-02-01,0.3318705668770933,0.17049752403848922,1.9464832040738296,1.5742198485682275,0.3705089569314063,-0.07085500296150404,FFN,36
2003-03-01,0.3159730491725695,0.17115294375272253,1.8461444030380187,1.456622164701,0.34931326108880256,-0.07085500296150415,FFN,36
2003-04-01,0.3147782543254685,0.17136016862486997,1.8369394524497678,1.4478095998633762,0.3476978780088067,-0.07085500296150404,FFN,36
2003-05-01,0.32541835027079014,0.16859076470843345,1.9302264322341711,1.5285521761303398,0.3623560975657017,-0.07085500296150427,FFN,36
2003-06-01,0.3089334579098302,0.16763062203163503,1.842941666418971,1.4106570926719195,0.340844698844275,-0.07085500296150427,FFN,36
2003-07-01,0.30025182290700403,0.16767819491139507,1.7906432202807512,1.3501418067092008,0.3295296368854167,-0.07085500296150404,FFN,36
2003-08-01,0.29754672708268026,0.16768503181039082,1.7744382063816524,1.3315991940297887,0.32602373836419546,-0.07085500296150404,FFN,36
2003-09-01,0.30356775158924043,0.1673240461924843,1.8142506023313925,1.373453400050096,0.3339111509572049,-0.07085500296150404,FFN,36
2003-10-01,0.31297216002355616,0.16563851802855278,1.8894890134769615,1.441603807641021,0.3465580002932994,-0.05437596088350771,FFN,36
2003-11-01,0.32535079565636144,0.1627073926917039,1.999606718994215,1.5350566670487493,0.3635232800287787,-0.02536529814883015,FFN,36
2003-12-01,0.3417320531450305,0.15971944952046777,2.1395769530324995,1.662881223056506,0.3860660679679787,-0.018292940238943234,FFN,36
2004-01-01,0.2673041280215544,0.07087857291730544,3.771296698276079,1.1950122855790786,0.2996078275783988,-0.018292940238943234,FFN,36
2004-02-01,0.23978302459135875,0.058590268245449946,4.092540139718169,1.0288265457676182,0.26594539373486187,-0.018292940238943234,FFN,36
2004-03-01,0.2370973576842621,0.05834627429891808,4.063624636417592,1.0129419404256619,0.2626328461562349,-0.018292940238943234,FFN,36
2004-04-01,0.22756650433359055,0.05986892595801858,3.801078784896947,0.9567618705720082,0.25077538464549837,-0.018292940238943345,FFN,36
2004-05-01,0.2171263561496078,0.05931806324239687,3.660375006890301,0.8976759411931242,0.23805712504516163,-0.018292940238943345,FFN,36
2004-06-01,0.2207894845148033,0.05903847485580021,3.7397558973885294,0.9183573265109205,0.24253844510421813,-0.018292940238943234,FFN,36
2004-07-01,0.21091093076432232,0.059075852628820764,3.5701715909120404,0.8632997600353394,0.23053577030156772,-0.018292940238943123,FFN,36
2004-08-01,0.20580589257176274,0.05956416892100138,3.4551962412959782,0.8353090469094439,0.22434290388313963,-0.018292940238943234,FFN,36
2004-09-01,0.2072077889566012,0.05970367447562552,3.4706036232526243,0.842869948585101,0.2260219041530869,-0.018292940238943345,FFN,36
2004-10-01,0.2021819222716631,0.06009205567293574,3.364536626473269,0.8156312964198869,0.2199514664066191,-0.018292940238943234,FFN,36
2004-11-01,0.21281021168176156,0.06081015217421672,3.499583606896355,0.8732161208941162,0.2327148531532119,-0.018292940238943123,FFN,36
2004-12-01,0.2161158772791718,0.06106092716904952,3.5393481117777115,0.8914749545583951,0.23670713110401903,-0.018292940238943234,FFN,36
2005-01-01,0.20709060385343253,0.05799719339373129,3.570700437994232,0.8427384129365265,0.22599273417586274,-0.018292940238943234,FFN,36
2005-02-01,0.19868543693526872,0.05816453584410658,3.4159206129966933,0.797555618890073,0.21588951190766686,-0.018292940238943345,FFN,36
2005-03-01,0.19070132987651314,0.05867846092805437,3.2499374874595284,0.7555314541256322,0.20633947205734002,-0.018292940238943234,FFN,36
2005-04-01,0.17569966990663832,0.0580926761793346,3.024471955195278,0.6795615084293666,0.18868095458179454,-0.018292940238943234,FFN,36
2005-05-01,0.17156239767648152,0.05720328571005118,2.999170336929375,0.6593756512374291,0.18389968334672796,-0.018292940238943123,FFN,36
2005-06-01,0.1717177597666223,0.05721323046003181,3.0013645163172775,0.6601356640506918,0.18408040224012456,-0.018292940238943123,FFN,36
2005-07-01,0.1711499241986829,0.05720084611737573,2.9920872821965685,0.6573531091492841,0.1834184862086842,-0.018292940238943345,FFN,36
2005-08-01,0.1606550363908978,0.05522096924609993,2.9093121432714497,0.6071729510522578,0.17135230956674383,-0.018292940238943123,FFN,36
2005-09-01,0.15824657874034806,0.055605692121181285,2.84587013853693,0.5956560540134889,0.16854765466419527,-0.018292940238943234,FFN,36
2005-10-01,0.14884161718691297,0.05523943621358658,2.6944811060599516,0.5519036715798283,0.15776812024819514,-0.018292940238943234,FFN,36
2005-11-01,0.16053204618743333,0.0521840913122295,3.0762640902748104,0.6073451177053151,0.17139413468702464,-0.011246473873881002,FFN,36
2005-12-01,0.14317571619452807,0.04252397231488033,3.3669412427969916,0.5287095685107375,0.15197130535490577,-0.011246473873880891,FFN,36
2006-01-01,0.146138734376167,0.043205690470130946,3.382395531375571,0.5420685967467503,0.15531717874544476,-0.011246473873880891,FFN,36
2006-02-01,0.14916784665964558,0.0424355412883286,3.51516304802438,0.556121577922183,0.15881606759806075,-0.00844641322727957,FFN,36
2006-03-01,0.15149101483471977,0.04171183405281397,3.6318473707703065,0.5670072503048528,0.16151191339156667,-0.0050192710937044804,FFN,36
2006-04-01,0.15434378565040208,0.04079769230212329,3.7831499023872324,0.5804773012892406,0.16483055522538081,-0.0050192710937045915,FFN,36
2006-05-01,0.1504689164984495,0.04260314356962384,3.531873563568072,0.5620979388034041,0.16029766905101617,-0.012001892873739761,FFN,36
2006-06-01,0.1468908832230856,0.043163860108565065,3.4030988621876714,0.5455163257974293,0.15617755027334812,-0.01200189287373965,FFN,36
2006-07-01,0.14256015274838496,0.043889388155004976,3.2481690618448034,0.5256643264798656,0.1512058747232731,-0.013025993303254935,FFN,36
2006-08-01,0.14290629955924677,0.04396285009484293,3.25061499086044,0.5272169054615587,0.15159624720267348,-0.013025993303254824,FFN,36
2006-09-01,0.13769565131307074,0.04337291599658282,3.1746920433922226,0.5039102217375115,0.14570806537446776,-0.013025993303254824,FFN,36
2006-10-01,0.13961531689332046,0.04346893241199678,3.211841403650132,0.5124788099263418,0.14787985169678997,-0.013025993303254824,FFN,36
2006-11-01,0.14054206024070465,0.04340500943110901,3.2379225827324913,0.5166530835994981,0.14893488869908986,-0.013025993303254935,FFN,36
2006-12-01,0.13867196112177024,0.042989133169932,3.225744528823436,0.5083418375637961,0.14683232551761638,-0.013025993303254824,FFN,36
2007-01-01,0.1271498458776259,0.037329178665540294,3.4061785022610684,0.45857003869398916,0.13407670419976894,-0.013025993303254824,FFN,36
2007-02-01,0.12662214486934395,0.037378830994670945,3.387536247117956,0.45627918050531435,0.13348265884839616,-0.013025993303254824,FFN,36
2007-03-01,0.11983491484071482,0.03727485465145919,3.214899587436048,0.4272369317027951,0.1258970771906132,-0.013025993303254824,FFN,36
2007-04-01,0.12284921662695336,0.036458562737409224,3.3695573111800377,0.4401966426927242,0.1292946345005922,-0.013025993303254713,FFN,36
2007-05-01,0.12300020998994426,0.036441129245038964,3.3753128000743637,0.44084518006667983,0.1294641205850871,-0.013025993303254935,FFN,36
2007-06-01,0.11611529837283519,0.03662346903321104,3.170516104510445,0.4116498310853076,0.12178335973740387,-0.013025993303254824,FFN,36
2007-07-01,0.10782213640282076,0.04077153698514798,2.6445443163473965,0.37663209667438236,0.11242984107976613,-0.02320330254306424,FFN,36
2007-08-01,0.10357361129017682,0.04193310401035083,2.4699724414536672,0.35915932334178036,0.10770331697345385,-0.03156126324315489,FFN,36
2007-09-01,0.09480474304400889,0.04113787418061508,2.304561062824258,0.32427928932373445,0.09814543958705942,-0.03274799353346747,FFN,36
2007-10-01,0.0957369184310524,0.04110238557234279,2.3292302161525242,0.3279641766093163,0.09916304837054869,-0.0327479935334678,FFN,36
2007-11-01,0.06948187526364367,0.04667813642292119,1.4885314750810135,0.22711882485058066,0.07060402756105809,-0.06570203692732313,FFN,36
2007-12-01,0.05998406492215903,0.045041357171335124,1.331755273136699,0.19308399131984527,0.06061314690018032,-0.06679396763986245,FFN,36
2008-01-01,0.05496943254364929,0.043712798507683774,1.2575134610516148,0.17555161556083826,0.05539225040838395,-0.06679396763986256,FFN,36
2008-02-01,0.06392356012062293,0.046102601534825434,1.3865499558053296,0.20702977890846216,0.06472960107090794,-0.06679396763986234,FFN,36
2008-03-01,0.06485146154027127,0.04603254405912667,1.4088176716232013,0.21038780408238245,0.06571606617632082,-0.06679396763986234,FFN,36
2008-04-01,0.07152194312021724,0.045928723147309766,1.5572377854011072,0.23473160085299252,0.07281339587276049,-0.0667939676398619,FFN,36
2008-05-01,0.0679426285563873,0.045190810431424686,1.5034611662804236,0.221737063677438,0.06903662194056553,-0.06679396763986234,FFN,36
2008-06-01,0.052828991169394296,0.04838253525414076,1.0919020859882076,0.1673270259682283,0.05292518437546683,-0.06679396763986223,FFN,36
2008-07-01,0.057163468740461236,0.04988570687767506,1.145888718799395,0.18228715718538577,0.05740410159273071,-0.06679396763986256,FFN,36
2008-08-01,0.059726689640798136,0.050273544364409034,1.1880341916588921,0.19130288139235413,0.0600851009735431,-0.06679396763986234,FFN,36
2008-09-01,0.04978267716821814,0.05388900066956817,0.9238003405086535,0.1558018444636178,0.04944849176815614,-0.06679396763986234,FFN,36
2008-10-01,0.03760092256777167,0.05859579944300036,0.6416999669805398,0.1135959458840749,0.03651568974390416,-0.06679396763986245,FFN,36
2008-11-01,0.02445286217545837,0.05985834616974785,0.4085121581226836,0.07039589113545416,0.022935249849324588,-0.0847200846473285,FFN,36
2008-12-01,0.0392742444852364,0.06747760901846422,0.582033730248053,0.11741443604179387,0.03769906620409883,-0.08472008464732872,FFN,36
2009-01-01,0.0500591890601941,0.07354143348847184,0.6806936809035854,0.1526490123559764,0.04849338340471818,-0.0847200846473285,FFN,36
2009-02-01,0.044659903476181935,0.07397678810812755,0.6037015747548429,0.13409478178654133,0.04283704592068151,-0.08472008464732872,FFN,36
2009-03-01,0.06383545622639407,0.08098048011634688,0.7882820172797186,0.19912284928149385,0.06239958614606792,-0.0847200846473285,FFN,36
2009-04-01,0.06485608188295373,0.08098486945666425,0.800841963666544,0.2027791697498424,0.06347830016857062,-0.08472008464732861,FFN,36
2009-05-01,0.06991137430939723,0.08033802435553804,0.8702152544852559,0.2212419594566146,0.06889219477686705,-0.08472008464732872,FFN,36
2009-06-01,0.07891049315850927,0.08123026639276976,0.9714420087822465,0.25419613931863344,0.07842137316230743,-0.08472008464732872,FFN,36
2009-07-01,0.08978188211524075,0.08229062654221407,1.091034129739962,0.295163180441941,0.09003764436438477,-0.0847200846473285,FFN,36
2009-08-01,0.08587267330368811,0.0818843465166223,1.0487068280658036,0.28029335043676007,0.085849985676605,-0.08472008464732872,FFN,36
2009-09-01,0.08180428640905273,0.08210923963039161,0.9962860060242718,0.2648016692143086,0.08145256912681446,-0.08472008464732872,FFN,36
2009-10-01,0.07802444025017786,0.08190935655569936,0.9525705429894359,0.2506928409109833,0.07741633232182937,-0.08472008464732861,FFN,36
2009-11-01,0.07914737449291266,0.08198386196412454,0.965401880281596,0.25486384080258495,0.07861271373107083,-0.08472008464732861,FFN,36
2009-12-01,0.08195853534396316,0.08253475121378423,0.9930185060068994,0.2652578725033038,0.08158257710240518,-0.0847200846473285,FFN,36
2010-01-01,0.081370305794685,0.08249600503863218,0.9863544999128137,0.26305367899053145,0.08095414051136349,-0.08472008464732861,FFN,36
2010-02-01,0.08448942474076881,0.08265658194456296,1.0221741905252641,0.2747977694020395,0.0842941091255852,-0.08472008464732872,FFN,36
2010-03-01,0.09663237941868834,0.08434854897471654,1.1456317932351612,0.32120730976352474,0.09729564597537804,-0.08472008464732861,FFN,36
2010-04-01,0.10412135597138795,0.08505748647105883,1.224129236487792,0.35074525154519004,0.10541278478539615,-0.08472008464732861,FFN,36
2010-05-01,0.09471464473625602,0.08686026315454318,1.0904254868274825,0.3128686422203686,0.0949822817675737,-0.08472008464732861,FFN,36
2010-06-01,0.08625114071158406,0.08899290283098421,0.969191227253174,0.27949068134316024,0.08562301674800628,-0.08472008464732861,FFN,36
2010-07-01,0.10632250868723084,0.0890291083455486,1.1942443394418978,0.35826127277647163,0.10745929535684298,-0.0847200846473285,FFN,36
2010-08-01,0.10295532923260434,0.08989347777653983,1.1453036613905858,0.34442233152394536,0.10368525176538541,-0.0847200846473285,FFN,36
2010-09-01,0.12097287800247661,0.093227216106705,1.2976133263918852,0.4171810752755344,0.12324660532415663,-0.08472008464732861,FFN,36
2010-10-01,0.12264360649136621,0.09323036656706267,1.3154899096438275,0.42422916524337,0.12510561385257013,-0.08472008464732861,FFN,36
2010-11-01,0.14011195399231016,0.08801474431300234,1.5919145716544623,0.5021024022683801,0.14524880395486275,-0.08472008464732861,FFN,36
2010-12-01,0.14666432784763656,0.08776252021159986,1.6711499110784584,0.5316639609157698,0.15271292980205572,-0.0847200846473285,FFN,36
2011-01-01,0.15171276173111034,0.08798934505443343,1.7242174224305824,0.554661434758067,0.15845350662490165,-0.08472008464732872,FFN,36
2011-02-01,0.1503113569425266,0.08773749930050918,1.713193995052173,0.5483159099741959,0.15687523813143064,-0.0847200846473285,FFN,36
2011-03-01,0.15371463241583402,0.08757029327135715,1.7553285100863267,0.5640707591399737,0.16078592180741846,-0.0847200846473285,FFN,36
2011-04-01,0.14941842776382197,0.0877760706945118,1.7022683583529825,0.5442098136687746,0.15585166439280382,-0.08472008464732861,FFN,36
2011-05-01,0.14497516933105958,0.08826194120642243,1.6425558666560391,0.5238210411166999,0.15074206450711958,-0.08472008464732861,FFN,36
2011-06-01,0.15190231150392627,0.08587043463445997,1.7689710335176012,0.5563751307946803,0.15887900295177215,-0.08472008464732872,FFN,36
2011-07-01,0.14220474520452334,0.08577163837151251,1.6579460052817883,0.512314297054175,0.1478382317509439,-0.08472008464732861,FFN,36
2011-08-01,0.13453545544724993,0.08640869601101113,1.5569666209302124,0.47806989443488346,0.13910823211994108,-0.08472008464732861,FFN,36
2011-09-01,0.136691080826496,0.08545841187993618,1.5995041075481085,0.48791146145126,0.14163085078170648,-0.05761433244073655,FFN,36
2011-10-01,0.17675354184929615,0.0907321252940531,1.9480811374852822,0.6733715132970369,0.18721886918765912,-0.047953778597290664,FFN,36
2011-11-01,0.18407348325906445,0.0884870535119275,2.080230677296227,0.7109706739488163,0.1960450057142304,-0.04795377859729055,FFN,36
2011-12-01,0.1672577073568297,0.08513063472928664,1.964718199138361,0.6292888035302887,0.17670073398213307,-0.04795377859729044,FFN,36
2012-01-01,0.16096987441936755,0.08240251880928189,1.9534581799850967,0.6002517115061771,0.1696684261448227,-0.04795377859729055,FFN,36
2012-02-01,0.1645962564469068,0.08158092242634063,2.0175826841811046,0.6178357712993652,0.17393705502265228,-0.04795377859729055,FFN,36
2012-03-01,0.14847720593478952,0.07664063537436613,1.9373170017383547,0.544085577218235,0.155820666282308,-0.04795377859729055,FFN,36
2012-04-01,0.1493139396447463,0.07659658965694213,1.9493549296840478,0.5479337140514439,0.15678004020647815,-0.04795377859729044,FFN,36
2012-05-01,0.14659771928510062,0.07707799990290766,1.9019398462565762,0.5353599101624024,0.1536393615308424,-0.04795377859729055,FFN,36
2012-06-01,0.1393777756140356,0.0766198475549682,1.8190818705824743,0.502993907427838,0.14547532941101932,-0.04795377859729044,FFN,36
2012-07-01,0.1324600306226882,0.0757432021893854,1.7488042067655152,0.4727424123715719,0.13773800273551418,-0.04795377859729044,FFN,36
2012-08-01,0.13202930773100843,0.07575441442153655,1.742859590945148,0.4708577550650803,0.13725247733494472,-0.04795377859729055,FFN,36
2012-09-01,0.14066377360489168,0.07552742356982335,1.8624198596533783,0.5090926610861264,0.14702258430152387,-0.047953778597290664,FFN,36
2012-10-01,0.14515565570905084,0.07552954818646757,1.92183932241578,0.5293233380906289,0.15212545504968608,-0.04795377859729044,FFN,36
2012-11-01,0.14102736410338595,0.07578757538167463,1.8608243289636397,0.510635505689315,0.14741334335516929,-0.04795377859729055,FFN,36
2012-12-01,0.13503524168767836,0.07528897693871477,1.7935592589815246,0.4841834360134462,0.1406765851387731,-0.04795377859729033,FFN,36
2013-01-01,0.14494406186820333,0.0772143328004482,1.877165243955355,0.5278139774132621,0.151746301468273,-0.047953778597290664,FFN,36
2013-02-01,0.1429778126212627,0.07719399316247727,1.852188321445221,0.518941289568303,0.1495124056591797,-0.04795377859729055,FFN,36
2013-03-01,0.13389089046475144,0.0757386600233982,1.7678011523228436,0.47901400999702887,0.13935071521977685,-0.04795377859729033,FFN,36
2013-04-01,0.12330023119905972,0.07562473188697938,1.630422060647184,0.43327575479172964,0.1274827813141215,-0.04795377859729055,FFN,36
2013-05-01,0.13659945351421315,0.07328746371619924,1.8638856714046663,0.4917369926818339,0.14260841945228284,-0.04035122893618004,FFN,36
2013-06-01,0.14408749307182633,0.07037543628151469,2.047411720411222,0.5261666625676554,0.1513322084975601,-0.040351228936179484,FFN,36
2013-07-01,0.13650693581372883,0.06866791339595221,1.987928991326763,0.4927389306805128,0.14286417646223,-0.040351228936179595,FFN,36
2013-08-01,0.14274070805904043,0.06668371760134872,2.1405631418508886,0.5211858784632565,0.15007835092216365,-0.04035122893617982,FFN,36
2013-09-01,0.1308168342515821,0.06220309020676976,2.103060054038037,0.46950096449498074,0.13690268413316511,-0.040351228936179706,FFN,36
2013-10-01,0.13442356765527247,0.0626302025190429,2.1463058117112195,0.4851998782482109,0.14093692296744237,-0.04035122893617993,FFN,36
2013-11-01,0.13547250652850734,0.06265039453119811,2.1623567982647875,0.4898233898282284,0.14211963035210998,-0.04035122893618015,FFN,36
2013-12-01,0.1320658833155852,0.06252549107523707,2.1121926600571594,0.4748739797285435,0.13828663819036138,-0.04035122893617982,FFN,36
2014-01-01,0.1279084312256128,0.06206039541152829,2.0610315222363638,0.456907218261422,0.13364557806644214,-0.04035122893617993,FFN,36
2014-02-01,0.12220022403399826,0.061408922546877395,1.9899424866266775,0.43258652252891533,0.12730202472613544,-0.04035122893617993,FFN,36
2014-03-01,0.11826376470122059,0.061562899412189405,1.9210233083629658,0.4158953295168692,0.12290681187549488,-0.04035122893617982,FFN,36
2014-04-01,0.11187732803739522,0.06335764670018061,1.7658062422491505,0.3888246966752035,0.11570439425226856,-0.04035122893617982,FFN,36
2014-05-01,0.11294333943223672,0.0631578881392988,1.7882697278150417,0.39328295078848424,0.11689695674936006,-0.03673318699980177,FFN,36
2014-06-01,0.11799976526541539,0.062453936733977373,1.8893887469101511,0.41455552933705303,0.12255251413772397,-0.030467180360238544,FFN,36
2014-07-01,0.11840985174428267,0.0623817835787234,1.898147903944651,0.4162983124631524,0.12301333325515568,-0.02906723778993514,FFN,36
2014-08-01,0.12499939304004584,0.061596363296664194,2.0293307323683387,0.44449183875896275,0.1304161775983553,-0.02229603180927542,FFN,36
2014-09-01,0.12694222335793198,0.06061925247566182,2.0940908733392636,0.4531030420359834,0.13265801881896466,-0.017604211618755916,FFN,36
2014-10-01,0.09891659805567418,0.04211123294748997,2.348936165773557,0.3404424305119938,0.102595093430468,-0.017604211618755916,FFN,36
2014-11-01,0.09468347339574773,0.04364680584388686,2.169310481376474,0.3234076240416898,0.09790444677991716,-0.02931109265715104,FFN,36
2014-12-01,0.08264149463943186,0.04878971879927931,1.69383010751545,0.27589574803233197,0.08460531930406395,-0.058300826241199144,FFN,36
2015-01-01,0.06878113330706027,0.04499584085944167,1.5286109114377762,0.22486245786487083,0.06994743325325131,-0.06018634372244447,FFN,36
2015-02-01,0.0786922874572425,0.047135094574543054,1.669505241636727,0.26124748633158396,0.08043863250918,-0.06018634372244447,FFN,36
2015-03-01,0.07935682180476077,0.047234331737231225,1.6800665720482675,0.26373102022714995,0.08114733472092724,-0.06018634372244447,FFN,36
2015-04-01,0.07834320663699486,0.04719788423611028,1.6598881052607826,0.25992528449483177,0.08006094891939529,-0.06018634372244436,FFN,36
2015-05-01,0.08954968561885857,0.04836296549448004,1.8516169284342046,0.30249546172246855,0.09209077750653549,-0.06018634372244458,FFN,36
2015-06-01,0.08589387314151824,0.048901658503236294,1.7564613506070308,0.2882931785819927,0.08810691198792009,-0.06018634372244447,FFN,36
2015-07-01,0.07548983800896714,0.05145956168723831,1.466973979836447,0.24849419163773545,0.07678461577115338,-0.06018634372244458,FFN,36
2015-08-01,0.07529206939923626,0.05145213738322249,1.463341917915882,0.24775966482986592,0.07657340605110975,-0.06018634372244458,FFN,36
2015-09-01,0.07139714496617433,0.050633817355856814,1.4100683830411576,0.2334990378098214,0.07245630061871032,-0.06018634372244458,FFN,36
2015-10-01,0.07731452863574409,0.053139574478679376,1.454933152819358,0.25499472309843296,0.07865021219529793,-0.06018634372244458,FFN,36
2015-11-01,0.07807024216151832,0.0530780090850765,1.4708585251640245,0.25783674860322287,0.07946382524899008,-0.06018634372244447,FFN,36
2015-12-01,0.0768365437055452,0.053070351169486905,1.4478242938351384,0.2532211854207912,0.07814186247402959,-0.06018634372244469,FFN,36
2016-01-01,0.06039054488618566,0.049594766651861466,1.2176797868635394,0.1938212245818609,0.060831560774320684,-0.06018634372244458,FFN,36
2016-02-01,0.0623401110027184,0.04990249360269018,1.2492383947594499,0.20073559926122772,0.0628756611791285,-0.06018634372244458,FFN,36
2016-03-01,0.0597421240197509,0.049858108874951415,1.198242881004361,0.19146804830411,0.06013409016398238,-0.0601863437224448,FFN,36
2016-04-01,0.0549325506963075,0.051456795334090775,1.0675470623393832,0.17420109185226496,0.054987935698242556,-0.06018634372244447,FFN,36
2016-05-01,0.05594403641811993,0.051758252842437076,1.0808718097271415,0.1777009604412525,0.056035075107052926,-0.06018634372244458,FFN,36
2016-06-01,0.06467143780490843,0.05241902377939334,1.2337398360770633,0.20866679189191314,0.06521072391866846,-0.06018634372244469,FFN,36
2016-07-01,0.06767030554455519,0.053267134801952186,1.2703950718609918,0.21937423611338222,0.06834700838094626,-0.06018634372244447,FFN,36
2016-08-01,0.06759777387001187,0.053275119781135534,1.2688432076308143,0.2191089178302703,0.06826951711630701,-0.06018634372244425,FFN,36
2016-09-01,0.0638107052692056,0.052841998638516186,1.2075755443264855,0.2054906387028326,0.06427684637881989,-0.06018634372244469,FFN,36
2016-10-01,0.05235703142671033,0.0524779974360209,0.9976949194858655,0.16502566051896964,0.05223278777410174,-0.06018634372244447,FFN,36
2016-11-01,0.06336282233272497,0.057752162924311304,1.0971506368647501,0.2029609785757315,0.0635318816307706,-0.06018634372244458,FFN,36
2016-12-01,0.0592533208795889,0.05797166336807035,1.0221083446128,0.18825189149484306,0.059179349240636614,-0.06018634372244447,FFN,36
1992-01-01,,,,,,,FFN,60
1992-02-01,,,,,,,FFN,60
1992-03-01,,,,,,,FFN,60
1992-04-01,,,,,,,FFN,60
1992-05-01,,,,,,,FFN,60
1992-06-01,,,,,,,FFN,60
1992-07-01,,,,,,,FFN,60
1992-08-01,,,,,,,FFN,60
1992-09-01,,,,,,,FFN,60
1992-10-01,,,,,,,FFN,60
1992-11-01,,,,,,,FFN,60
1992-12-01,,,,,,,FFN,60
1993-01-01,,,,,,,FFN,60
1993-02-01,,,,,,,FFN,60
1993-03-01,,,,,,,FFN,60
1993-04-01,,,,,,,FFN,60
1993-05-01,,,,,,,FFN,60
1993-06-01,,,,,,,FFN,60
1993-07-01,,,,,,,FFN,60
1993-08-01,,,,,,,FFN,60
1993-09-01,,,,,,,FFN,60
1993-10-01,,,,,,,FFN,60
1993-11-01,,,,,,,FFN,60
1993-12-01,,,,,,,FFN,60
1994-01-01,,,,,,,FFN,60
1994-02-01,,,,,,,FFN,60
1994-03-01,,,,,,,FFN,60
1994-04-01,,,,,,,FFN,60
1994-05-01,,,,,,,FFN,60
1994-06-01,,,,,,,FFN,60
1994-07-01,,,,,,,FFN,60
1994-08-01,,,,,,,FFN,60
1994-09-01,,,,,,,FFN,60
1994-10-01,,,,,,,FFN,60
1994-11-01,,,,,,,FFN,60
1994-12-01,,,,,,,FFN,60
1995-01-01,,,,,,,FFN,60
1995-02-01,,,,,,,FFN,60
1995-03-01,,,,,,,FFN,60
1995-04-01,,,,,,,FFN,60
1995-05-01,,,,,,,FFN,60
1995-06-01,,,,,,,FFN,60
1995-07-01,,,,,,,FFN,60
1995-08-01,,,,,,,FFN,60
1995-09-01,,,,,,,FFN,60
1995-10-01,,,,,,,FFN,60
1995-11-01,,,,,,,FFN,60
1995-12-01,,,,,,,FFN,60
1996-01-01,,,,,,,FFN,60
1996-02-01,,,,,,,FFN,60
1996-03-01,,,,,,,FFN,60
1996-04-01,,,,,,,FFN,60
1996-05-01,,,,,,,FFN,60
1996-06-01,,,,,,,FFN,60
1996-07-01,,,,,,,FFN,60
1996-08-01,,,,,,,FFN,60
1996-09-01,,,,,,,FFN,60
1996-10-01,,,,,,,FFN,60
1996-11-01,,,,,,,FFN,60
1996-12-01,0.25692996526356476,0.07293465820570233,3.5227417469884976,2.5223537178070794,0.28637204394217974,-0.003884325646746567,FFN,60
1997-01-01,0.2425329355345998,0.051866821320469506,4.676070932437938,2.301214567857708,0.2697983271293104,-0.003884325646746567,FFN,60
1997-02-01,0.24836739535660138,0.05085519371159996,4.883815736994219,2.3977976100682836,0.2771429233853633,-0.003884325646746567,FFN,60
1997-03-01,0.247697310940036,0.05087551471318458,4.86869395496935,2.3866458204799716,0.27630348763762785,-0.003884325646746567,FFN,60
1997-04-01,0.24912210138774465,0.050527502065735704,4.930425831533085,2.410653020917306,0.27810786645336527,-0.003884325646746567,FFN,60
1997-05-01,0.2519320859013093,0.05061293426949937,4.977622608478755,2.4578473307257607,0.2816255681850374,-0.003884325646746567,FFN,60
1997-06-01,0.2587352222797955,0.05043324494376129,5.130251336560123,2.5751214976246897,0.2902033378389414,-0.003884325646746567,FFN,60
1997-07-01,0.25412568212839887,0.050714612916206964,5.010896613729007,2.49511204578077,0.28437611497623533,-0.003884325646746567,FFN,60
1997-08-01,0.2529135487952177,0.050800896983108614,4.978525258703835,2.474356975522321,0.2828470731313426,-0.003884325646746567,FFN,60
1997-09-01,0.2573715844815273,0.05161319041366298,4.986546702863697,2.550335265097101,0.2884093660645315,-0.003884325646746567,FFN,60
1997-10-01,0.25656891903804496,0.0516110176473688,4.9712044197819685,2.536414555279845,0.28739741830359994,-0.003884325646746567,FFN,60
1997-11-01,0.2514736941596175,0.05143577865839596,4.889081116662925,2.449421629318418,0.2810003737294193,-0.003884325646746567,FFN,60
1997-12-01,0.24089790663171468,0.05339548553039816,4.511578165059871,2.2735964682575776,0.2676665440905825,-0.015474790652809656,FFN,60
1998-01-01,0.23801175805533298,0.0511640076669574,4.651937346359304,2.2293189694075526,0.26421863807075735,-0.015474790652809656,FFN,60
1998-02-01,0.24004234628495363,0.05149774427222131,4.661220596693906,2.2613645737104964,0.26671778995197953,-0.015474790652809656,FFN,60
1998-03-01,0.23918394060525655,0.051347589051157015,4.6581338096898826,2.2477870493651824,0.265661323950422,-0.015474790652809545,FFN,60
1998-04-01,0.23968689281053587,0.05124634754036196,4.677150749558432,2.2558852835940533,0.2662918710983582,-0.015474790652809656,FFN,60
1998-05-01,0.2377326753870937,0.05129213370276792,4.634875920052917,2.2248051379931217,0.26386502400792256,-0.015474790652809656,FFN,60
1998-06-01,0.23572217174451598,0.05171441340308818,4.558152287393819,2.1928389682450278,0.2613493945247525,-0.015474790652809656,FFN,60
1998-07-01,0.23104675724586482,0.05189211808510301,4.45244414319239,2.1203174485263636,0.2555666047586773,-0.015474790652809656,FFN,60
1998-08-01,0.2230025719022518,0.054529328969487804,4.089589512957955,1.9975020125699081,0.24552341580318965,-0.01834563509123588,FFN,60
1998-09-01,0.22579766872504228,0.05508328057273662,4.099205174007019,2.0384760181503054,0.24891005629989985,-0.018345635091235768,FFN,60
1998-10-01,0.22628591358382394,0.055159269305444805,4.102409557508172,2.0457052820721207,0.249503782893446,-0.018345635091235768,FFN,60
1998-11-01,0.2343773763733344,0.055534995115393795,4.220354677016386,2.1687426607210387,0.2594397439786018,-0.018345635091235768,FFN,60
1998-12-01,0.23056881970590443,0.05576081236745186,4.134961631952294,2.1099100181277883,0.2547279278693602,-0.018345635091235768,FFN,60
1999-01-01,0.23766025292674867,0.060535372291081205,3.9259732604595476,2.2159091055099,0.263166947012904,-0.018345635091235768,FFN,60
1999-02-01,0.24126414061812923,0.059862495647944124,4.030305419223113,2.2738641750422506,0.26768727675189125,-0.018345635091235768,FFN,60
1999-03-01,0.23657470258313737,0.06104737821913095,3.8752639258961636,2.198355678387752,0.2617849751965107,-0.018345635091235768,FFN,60
1999-04-01,0.2360474988819835,0.06107688799490281,3.8647597582523012,2.1900709758588364,0.2611306163829383,-0.018345635091235657,FFN,60
1999-05-01,0.2396884735645342,0.06130493332195198,3.909774639273719,2.2473164084212156,0.2656246401061902,-0.018345635091235768,FFN,60
1999-06-01,0.24232142871849732,0.06099125066091824,3.973052300004255,2.2897973663352404,0.2689187938163843,-0.018345635091235768,FFN,60
1999-07-01,0.24536230423582311,0.06089901415538101,4.029002893376773,2.3392773471966852,0.27271305297604403,-0.01834563509123588,FFN,60
1999-08-01,0.24123201538199152,0.061529704481602214,3.9205781567522635,2.271761879927855,0.26752442713872304,-0.018345635091235657,FFN,60
1999-09-01,0.2348685626431291,0.06304409393844261,3.725464955884035,2.169821450993996,0.25952548690606264,-0.018345635091235768,FFN,60
1999-10-01,0.2364812267469581,0.06296469073872193,3.7557752443867276,2.195063758281677,0.26152512876997525,-0.01834563509123588,FFN,60
1999-11-01,0.2398487565610212,0.06307133167196004,3.8028173847429962,2.2481502597115517,0.2656896312697326,-0.018345635091235768,FFN,60
1999-12-01,0.23234831718569207,0.06291698250393739,3.692934847457942,2.130988878921564,0.25642423543610016,-0.018345635091235768,FFN,60
2000-01-01,0.24013022958892216,0.06710101271199753,3.5786379353107334,2.248739856581097,0.26573557695622185,-0.018345635091235768,FFN,60
2000-02-01,0.22076852320734403,0.07961146034120918,2.773074658612535,1.940702799257927,0.2407669792148631,-0.07580885479335697,FFN,60
2000-03-01,0.22774454456504922,0.08030922030046254,2.835845544421722,2.042348576053438,0.24922824296421206,-0.07580885479335697,FFN,60
2000-04-01,0.22155691593832544,0.08062639075363323,2.747945354708086,1.950977343522033,0.2416327950964446,-0.07580885479335697,FFN,60
2000-05-01,0.21382097139355288,0.08360575269197949,2.557491135583846,1.8375582159352175,0.23193829649741296,-0.07580885479335697,FFN,60
2000-06-01,0.22152197417892663,0.08575929301623895,2.583066702018874,1.9444483519710059,0.2410828895619552,-0.07580885479335686,FFN,60
2000-07-01,0.22313623025422505,0.08604497166476993,2.5932512491672473,1.967534157589513,0.24302294483664566,-0.07580885479335697,FFN,60
2000-08-01,0.22383015249378935,0.08611215933477057,2.5992862590244057,1.9775783949042878,0.24386326191494428,-0.07580885479335697,FFN,60
2000-09-01,0.2210512587300697,0.08628716928877904,2.561809137465999,1.9370235321216076,0.24045634601867852,-0.07580885479335697,FFN,60
2000-10-01,0.21531402902815744,0.08771328758723006,2.454748133958946,1.853709712239001,0.23333756277876827,-0.07580885479335686,FFN,60
2000-11-01,0.20620177308998988,0.09026949879793285,2.2842906611409237,1.725712833591831,0.22206982230112984,-0.07580885479335697,FFN,60
2000-12-01,0.20036591282257932,0.09207365733799093,2.1761480820411094,1.6464806293418033,0.21488101090833303,-0.07580885479335697,FFN,60
2001-01-01,0.24482296524686997,0.14573497505648542,1.679919080179477,2.2075230596060242,0.2625074729924061,-0.07580885479335686,FFN,60
2001-02-01,0.26028697060436334,0.14902207800082035,1.746633613597379,2.4522998327543504,0.2812140762059487,-0.07580885479335697,FFN,60
2001-03-01,0.26516593561914376,0.1488545625564444,1.781375935444337,2.5361267785965116,0.28737646515949156,-0.07580885479335697,FFN,60
2001-04-01,0.26423356488245553,0.14882430835425026,1.7754731589512494,2.520108616388741,0.28620801883103325,-0.07580885479335686,FFN,60
2001-05-01,0.2660535051070114,0.14895608441824304,1.7861204270110846,2.5512636497433943,0.28847674079347985,-0.07580885479335697,FFN,60
2001-06-01,0.2652471386421039,0.14902081775989795,1.7799334524487012,2.5371208126750435,0.2874488354272701,-0.07580885479335708,FFN,60
2001-07-01,0.27254162351738304,0.14861925747099464,1.8338244192249027,2.666631244718215,0.2967416106525274,-0.07580885479335697,FFN,60
2001-08-01,0.2697921963791941,0.1485481162445741,1.8161939928945317,2.617847685492546,0.29327253830805716,-0.07580885479335697,FFN,60
2001-09-01,0.2713237360898144,0.14849044033517822,1.827213492514213,2.6451906582226807,0.2952215144787783,-0.07580885479335708,FFN,60
2001-10-01,0.27395480242127007,0.148324553777769,1.8469956284630373,2.692813786117781,0.2985882881523459,-0.07580885479335708,FFN,60
2001-11-01,0.27434633118520974,0.14827487061504788,1.850255070513394,2.7000187758504524,0.29909462409985593,-0.07580885479335697,FFN,60
2001-12-01,0.27697978378614224,0.14805529818263835,1.8707860318815803,2.748532177377207,0.3024835549380369,-0.07580885479335697,FFN,60
2002-01-01,0.2722213149462501,0.1467476716413156,1.8550298747609457,2.6655380325343097,0.29666427629685743,-0.07580885479335697,FFN,60
2002-02-01,0.27264281418506975,0.1467612079678353,1.857730785677528,2.673065298222105,0.2971963853113478,-0.07580885479335697,FFN,60
2002-03-01,0.2740562634612611,0.14674388898404206,1.8675821211952741,2.6985778644649505,0.29899342613274,-0.07580885479335697,FFN,60
2002-04-01,0.2796363904902103,0.14685849792888384,1.904121276152668,2.800538336203315,0.3060777275575225,-0.07580885479335686,FFN,60
2002-05-01,0.2802982781816634,0.1468939606117106,1.908167476827619,2.812756595027999,0.30691642526904117,-0.07580885479335697,FFN,60
2002-06-01,0.27642968854221645,0.1467839791065085,1.883241551461384,2.741636206717875,0.3020039802856091,-0.07580885479335697,FFN,60
2002-07-01,0.2783379216310257,0.14663140015154613,1.898214989036172,2.777094315791026,0.30446240133781566,-0.07580885479335697,FFN,60
2002-08-01,0.2834046920535186,0.14676502577563164,1.9310097249379843,2.871410979813423,0.310912955361583,-0.07580885479335697,FFN,60
2002-09-01,0.2767472248131274,0.14669126771752813,1.8865964492585738,2.747686703830274,0.30242479515137505,-0.07580885479335686,FFN,60
2002-10-01,0.27863847209256787,0.1467061082689612,1.8992970052871327,2.782446341384103,0.30483186854714883,-0.07580885479335697,FFN,60
2002-11-01,0.27294530815660134,0.1477694760266654,1.8471020910120004,2.675860193909944,0.29739373685852466,-0.07580885479335697,FFN,60
2002-12-01,0.2889028651584308,0.1478802165619553,1.9536275498852353,2.973758856220315,0.31777207991780826,-0.07580885479335697,FFN,60
2003-01-01,0.2818452452475513,0.1473423866430059,1.9128592367003712,2.8405254206440844,0.3088145935156036,-0.07580885479335697,FFN,60
2003-02-01,0.27462221240594253,0.1477383092609752,1.8588422581771313,2.7062929803780156,0.299534906319836,-0.07580885479335697,FFN,60
2003-03-01,0.26854885905049297,0.14820365279010564,1.8120259116070976,2.596668194348929,0.29175477287665313,-0.07580885479335697,FFN,60
2003-04-01,0.26545983266354783,0.14860406912004917,1.7863564183366822,2.5417246698455735,0.287783805441617,-0.07580885479335697,FFN,60
2003-05-01,0.2626192254809654,0.14890078653542688,1.763719531585431,2.4921074228434112,0.28415521255193527,-0.07580885479335697,FFN,60
2003-06-01,0.26405115951965624,0.1487608611287282,1.7750042418157495,2.5170085685450587,0.28598139447535187,-0.07580885479335686,FFN,60
2003-07-01,0.26517977133176274,0.14865739536703154,1.7838316800656988,2.5367403372089887,0.2874211369799037,-0.07580885479335697,FFN,60
2003-08-01,0.27293661844037737,0.14751879550279456,1.8501819887433049,2.6764736030064173,0.29743703447929265,-0.07580885479335708,FFN,60
2003-09-01,0.27052576314781684,0.14739081473530063,1.8354316287188888,2.633711569620328,0.2944047272269915,-0.07580885479335697,FFN,60
2003-10-01,0.26698441575841325,0.1474581471138281,1.8105775841081106,2.5711528995656945,0.2899167700388962,-0.07580885479335708,FFN,60
2003-11-01,0.2600684290852559,0.1473293270577801,1.7652183328256252,2.452634534885439,0.28123891810691376,-0.07580885479335697,FFN,60
2003-12-01,0.2635027483896274,0.14717224620545205,1.790437770595539,2.511532649410879,0.28558069486078763,-0.07580885479335697,FFN,60
2004-01-01,0.25786322847300003,0.1456085631336743,1.7709345035997064,2.4194870164062916,0.27876927172682764,-0.07580885479335697,FFN,60
2004-02-01,0.2558703756653182,0.1457264750859862,1.755826286982796,2.3860139339733166,0.2762558570797574,-0.07580885479335708,FFN,60
2004-03-01,0.2614383887371444,0.14516318548271195,1.8009964983048687,2.4809294582067944,0.28333206171978387,-0.07580885479335686,FFN,60
2004-04-01,0.25761245440004704,0.14559616379421267,1.7693629261012638,2.4153253770189376,0.2784578583976204,-0.07580885479335697,FFN,60
2004-05-01,0.2522588986368631,0.1456685038717853,1.7317326115939018,2.326798938810706,0.2717604381666588,-0.07580885479335686,FFN,60
2004-06-01,0.25222836365526125,0.14566884368892355,1.7315189526313257,2.326300736304942,0.27172234556139585,-0.07580885479335708,FFN,60
2004-07-01,0.2475979405146247,0.1458722784729907,1.697361164893775,2.251249028102551,0.2659310353233349,-0.07580885479335697,FFN,60
2004-08-01,0.24828426188212044,0.14578522619199083,1.7030824615598854,2.2623975918091426,0.26679802487301185,-0.07580885479335697,FFN,60
2004-09-01,0.25542994921350015,0.14509716859119398,1.7604061588077209,2.380212359335489,0.2758182113070487,-0.07580885479335697,FFN,60
2004-10-01,0.25230959159745675,0.14527935939744688,1.736720155181871,2.3285405157668126,0.27189356343610016,-0.07580885479335686,FFN,60
2004-11-01,0.25370487392904933,0.14540268793471442,1.7448430805004267,2.3510804417944344,0.2736114963900994,-0.07580885479335697,FFN,60
2004-12-01,0.2587301143943038,0.14517089232114255,1.7822451199235523,2.4350956586214987,0.2799345639369333,-0.07580885479335697,FFN,60
2005-01-01,0.24877622571793329,0.14324187018780088,1.7367563366197947,2.275840003802827,0.26784025368724496,-0.07580885479335697,FFN,60
2005-02-01,0.2645730659366494,0.13661690156154208,1.9366056682047257,2.555803306797801,0.28880599001342444,-0.07085500296150404,FFN,60
2005-03-01,0.2558929855560251,0.13657771751271536,1.8736071316479679,2.4079830194044978,0.2779076925269749,-0.07085500296150415,FFN,60
2005-04-01,0.2550499545885832,0.13672954646382465,1.8653609346686693,2.3936062827274496,0.27682768581988504,-0.07085500296150404,FFN,60
2005-05-01,0.265571810590063,0.13454548810476474,1.9738440458387854,2.5781001707537423,0.29041825718533476,-0.07085500296150427,FFN,60
2005-06-01,0.25705550803402627,0.13340704544738327,1.926851068262439,2.434455345524156,0.2798868435785676,-0.07085500296150427,FFN,60
2005-07-01,0.25248259188476024,0.13323790918461395,1.8949756374135325,2.3587671780171275,0.2741952451636348,-0.07085500296150404,FFN,60
2005-08-01,0.24845033164986519,0.13331172070038963,1.8636795800441504,2.292929969635591,0.26916035921326975,-0.07085500296150404,FFN,60
2005-09-01,0.24741390498992383,0.13344606536241266,1.85403671751578,2.2759715789427255,0.2678504381638084,-0.07085500296150404,FFN,60
2005-10-01,0.251056482991252,0.13263610670745254,1.8928215643798418,2.3366946882507134,0.27251612407389875,-0.05437596088350771,FFN,60
2005-11-01,0.2603652879502908,0.13063667119130742,1.9930490081839702,2.4967624129102695,0.2844973867321199,-0.02536529814883015,FFN,60
2005-12-01,0.26788714845558104,0.12895285260886913,2.0774038188059145,2.6316958348379735,0.2942610858987781,-0.018292940238943234,FFN,60
2006-01-01,0.21894023367933851,0.062202034989781704,3.5198242905606723,1.9323048250787282,0.24005749900044918,-0.018292940238943234,FFN,60
2006-02-01,0.20209059443343788,0.053028631303263775,3.8109713463602013,1.7057676771348051,0.22027608737393062,-0.018292940238943234,FFN,60
2006-03-01,0.19693194722088325,0.05307409218376669,3.710509951616602,1.6379481987468165,0.21409662716212746,-0.018292940238943234,FFN,60
2006-04-01,0.19287060250405907,0.05322318655902257,3.623807873475831,1.5856599490320695,0.20924494805533597,-0.018292940238943345,FFN,60
2006-05-01,0.18302099764864793,0.05379227464045156,3.4023658391834743,1.4628938667234639,0.19753754835372786,-0.018292940238943345,FFN,60
2006-06-01,0.18144676251685218,0.05411159379683251,3.353195679249673,1.4436687279302116,0.19566210823812694,-0.018292940238943234,FFN,60
2006-07-01,0.17462412221828874,0.054022379129670985,3.2324404262006863,1.3629382180588163,0.18765546999960744,-0.018292940238943123,FFN,60
2006-08-01,0.17501869236256307,0.054066348834104445,3.2371095170414614,1.3675107587242035,0.18811476294635007,-0.018292940238943234,FFN,60
2006-09-01,0.1725800686841436,0.05405278516114812,3.1928062202461702,1.3392337174057372,0.18526298816976666,-0.018292940238943345,FFN,60
2006-10-01,0.17186986982301145,0.05399972651691395,3.182791486345359,1.3310907574772108,0.18443664781360344,-0.018292940238943234,FFN,60
2006-11-01,0.1728360001539468,0.05387900458843139,3.2078543669134008,1.342291857210414,0.18557273113530337,-0.018292940238943123,FFN,60
2006-12-01,0.17298809227083514,0.05388870265793992,3.210099403744825,1.3440426013870082,0.1857499092486271,-0.018292940238943234,FFN,60
2007-01-01,0.16541887956341328,0.05128394310169081,3.225549159420222,1.2596200049397528,0.1770829857447888,-0.018292940238943234,FFN,60
2007-02-01,0.16101375158953893,0.05095297299273654,3.160046257016088,1.211224420116171,0.171997173745519,-0.018292940238943345,FFN,60
2007-03-01,0.15623366706835923,0.0510124978981914,3.0626547121876646,1.1596413069594989,0.1664773896969106,-0.018292940238943234,FFN,60
2007-04-01,0.14922190141318945,0.049633938429332204,3.006448936661525,1.0868379087240287,0.15850454909296904,-0.018292940238943234,FFN,60
2007-05-01,0.14395293011245303,0.04883561018868379,2.9477041354918883,1.0336025131861846,0.1525325880528604,-0.018292940238943123,FFN,60
2007-06-01,0.14016585972142748,0.04912460902159026,2.85327176160984,0.9957626687098702,0.1482112004265966,-0.018292940238943123,FFN,60
2007-07-01,0.13251026610968,0.05131808550240671,2.5821358067511215,0.9205979414385638,0.13942906078307002,-0.02320330254306424,FFN,60
2007-08-01,0.12282351612443046,0.05034494637657695,2.439639426879482,0.8311433828462259,0.1286114978634891,-0.03156126324315489,FFN,60
2007-09-01,0.12091953451189412,0.05059896319858293,2.3897630873843787,0.8138544691286524,0.1264722248004937,-0.03274799353346758,FFN,60
2007-10-01,0.11668240806963956,0.049869148779021946,2.3397714002835235,0.7765098520316421,0.1217950622414405,-0.03274799353346769,FFN,60
2007-11-01,0.11202890531370513,0.05348248687538972,2.0946839210137007,0.7344046567487131,0.11642637052633784,-0.06570203692732346,FFN,60
2007-12-01,0.0989325628711796,0.047471451150910976,2.0840433665420206,0.6276956461515577,0.10233764873581458,-0.06679396763986245,FFN,60
2008-01-01,0.09723253356070569,0.0472972390785815,2.0557760971874,0.6140939230918172,0.10048913833398854,-0.06679396763986245,FFN,60
2008-02-01,0.10380486188276722,0.04803066993338296,2.161220362463012,0.6672859086349219,0.1076486332069075,-0.06679396763986234,FFN,60
2008-03-01,0.1052200329766462,0.04776411535302974,2.2029096990272627,0.6791271944373736,0.10921751606924865,-0.06679396763986245,FFN,60
2008-04-01,0.10909616786543243,0.04746376238988714,2.2985149590390868,0.7118132547444502,0.11350270648102473,-0.06679396763986223,FFN,60
2008-05-01,0.11108637756142131,0.04726822913117164,2.3501277624162986,0.7288540206635145,0.11571087146254698,-0.06679396763986245,FFN,60
2008-06-01,0.10339282798976471,0.04999471932738251,2.068074976333263,0.6630870298802074,0.10709017176025354,-0.066793967639862,FFN,60
2008-07-01,0.10662957938483454,0.05070131810224533,2.1030928460243006,0.6896968885915461,0.11061046364692337,-0.06679396763986234,FFN,60
2008-08-01,0.1057583091847359,0.05053658857106869,2.092707722762289,0.6824834092818782,0.10966057952042485,-0.06679396763986234,FFN,60
2008-09-01,0.09514286033731048,0.05275134439832464,1.8036101529259254,0.5953015944077416,0.09791459875747828,-0.06679396763986245,FFN,60
2008-10-01,0.08583374051778135,0.056230682687446236,1.5264573790590688,0.5218397292224533,0.08761148125977596,-0.06679396763986234,FFN,60
2008-11-01,0.07982652786174896,0.0577898458138738,1.3813244651811258,0.47646408370565724,0.0810470036214113,-0.0847200846473285,FFN,60
2008-12-01,0.08641246325970461,0.061530052901985904,1.4043944249057456,0.5239543236189975,0.08791356036902151,-0.08472008464732861,FFN,60
2009-01-01,0.08859327030252233,0.06315571645567751,1.4027751607361911,0.5398174683391287,0.0901690505570077,-0.0847200846473285,FFN,60
2009-02-01,0.08501672176433177,0.0636277385038421,1.3361581562292695,0.5124984488036916,0.08627300644306513,-0.0847200846473285,FFN,60
2009-03-01,0.09297480634616243,0.06775301270434453,1.3722608432466146,0.5714432179148515,0.09461082467387363,-0.0847200846473285,FFN,60
2009-04-01,0.09524434903367698,0.06753858708506377,1.4102212252933013,0.5893492067295301,0.09709406564727985,-0.0847200846473285,FFN,60
2009-05-01,0.09469200854452157,0.06756660192885436,1.401461755383665,0.5849857535949774,0.09649100317582743,-0.08472008464732872,FFN,60
2009-06-01,0.09631936770307578,0.06794420283373262,1.4176245166755503,0.5976376465369111,0.09823595301223054,-0.08472008464732861,FFN,60
2009-07-01,0.10194669302883982,0.06867803602956908,1.484414798713042,0.6424574528098611,0.10432988646522698,-0.08472008464732861,FFN,60
2009-08-01,0.10305876080171826,0.06865213444676954,1.5011734395763965,0.6515519751762245,0.10555015331098548,-0.08472008464732861,FFN,60
2009-09-01,0.09733796715561452,0.06844595544272816,1.422114229043988,0.6054669037979276,0.09931023498285159,-0.08472008464732861,FFN,60
2009-10-01,0.09737538061012033,0.06844428749012878,1.4226955116475435,0.6057657342872046,0.09935115553486089,-0.08472008464732861,FFN,60
2009-11-01,0.0926382978406375,0.0672052449792821,1.37843851129768,0.5690967654157947,0.09428373837263979,-0.0847200846473285,FFN,60
2009-12-01,0.09249368710970994,0.06716310940588127,1.3771501636523478,0.5679924007137956,0.09412965881180552,-0.0847200846473285,FFN,60
2010-01-01,0.08998670072816475,0.06678734567652632,1.3473615370792056,0.5487935456946837,0.09143708452204632,-0.08472008464732861,FFN,60
2010-02-01,0.09249614427283895,0.06685782605276713,1.3834752000437007,0.5681650841780141,0.09415375711446673,-0.0847200846473285,FFN,60
2010-03-01,0.09979229679366436,0.06804809105886632,1.4664966384925784,0.625339081516649,0.10201827261387067,-0.08472008464732861,FFN,60
2010-04-01,0.1062749130520392,0.06829962390925642,1.5560102233247597,0.6782870896996505,0.10910650060342686,-0.08472008464732861,FFN,60
2010-05-01,0.09784427834831771,0.06945350371348487,1.408773828775474,0.6089503111075019,0.09978685971826971,-0.08472008464732861,FFN,60
2010-06-01,0.08888588828840456,0.07102034289957738,1.2515553242834805,0.5381632911591153,0.08993472302039208,-0.0847200846473285,FFN,60
2010-07-01,0.09361381680280875,0.07228609032204147,1.2950460646820183,0.5740000064133839,0.09496678646604195,-0.0847200846473285,FFN,60
2010-08-01,0.08820369182945437,0.07324696697565947,1.2041958250471332,0.5317766855825589,0.0890281127559177,-0.08472008464732872,FFN,60
2010-09-01,0.09855531406917123,0.0759516539502716,1.297605897215867,0.6109738815501321,0.10006336016855591,-0.08472008464732861,FFN,60
2010-10-01,0.10096360165231152,0.07590306651580891,1.3301649892008385,0.6303570833297689,0.10269789857369595,-0.08472008464732861,FFN,60
2010-11-01,0.09977684999663125,0.07581640473081987,1.3160324648851527,0.6208425761898793,0.10140784938913458,-0.0847200846473285,FFN,60
2010-12-01,0.10102572986304466,0.07593356596829097,1.3304489072096508,0.6308413395872173,0.10276339648591885,-0.08472008464732872,FFN,60
2011-01-01,0.1005769499736717,0.07583393674594223,1.326278896882581,0.6272749342034029,0.10228065840395163,-0.0847200846473285,FFN,60
2011-02-01,0.1044909680524958,0.07622678630184727,1.370790677685484,0.6589226288232382,0.10653518069519179,-0.08472008464732872,FFN,60
2011-03-01,0.10655420352531471,0.07621671489347824,1.3980424592458052,0.6759805962514276,0.10880148076119844,-0.0847200846473285,FFN,60
2011-04-01,0.10614095313348437,0.07624827905969858,1.3920439181372382,0.6725319781488607,0.10834479480244566,-0.08472008464732861,FFN,60
2011-05-01,0.10779012926098734,0.0758780131268567,1.420571319926081,0.6864910120323938,0.11018870927336182,-0.08472008464732872,FFN,60
2011-06-01,0.10639968495826913,0.07609966175643892,1.3981623899828497,0.6747718871990771,0.10864150215750464,-0.08472008464732872,FFN,60
2011-07-01,0.10641633485851756,0.07609735867578162,1.3984235026068668,0.67491152408398,0.10865998850592647,-0.0847200846473285,FFN,60
2011-08-01,0.10073580271753779,0.07620019961084548,1.3219886986122824,0.6283398031101112,0.10242488446574677,-0.08472008464732872,FFN,60
2011-09-01,0.09454011804536563,0.07742594540672959,1.2210392465824322,0.5783306027725381,0.09556864786204378,-0.08472008464732872,FFN,60
2011-10-01,0.10811667549136675,0.08459150781655933,1.278103184137855,0.6837282175269281,0.10982473044382535,-0.08472008464732861,FFN,60
2011-11-01,0.10594538167276482,0.0847009921505248,1.2508163007640563,0.6656325534667745,0.10742886724723812,-0.08472008464732861,FFN,60
2011-12-01,0.10356391100074028,0.08460128925600201,1.224141049285404,0.6461531827389813,0.10482641519826946,-0.0847200846473285,FFN,60
2012-01-01,0.10888528742756734,0.08570853746563901,1.2704135509396597,0.6893913036381598,0.11057028953011519,-0.08472008464732861,FFN,60
2012-02-01,0.10780118871086948,0.08577763105591299,1.2567517589824873,0.6802918885789041,0.10937135085385302,-0.08472008464732872,FFN,60
2012-03-01,0.11016018100260724,0.08570656160537261,1.285317937614029,0.7000981086614788,0.11197442012029091,-0.08472008464732861,FFN,60
2012-04-01,0.11112318284435274,0.08568501136299461,1.2968800619468002,0.7082439630589111,0.11303796712857557,-0.08472008464732861,FFN,60
2012-05-01,0.1088505141216154,0.08591313125340629,1.2669834347039899,0.6889556337591057,0.11051300357856797,-0.08472008464732861,FFN,60
2012-06-01,0.11027685404779602,0.08579707458142359,1.2853218432656524,0.7010164958374991,0.11209453112439316,-0.08472008464732861,FFN,60
2012-07-01,0.11672942956076028,0.08462235884707979,1.3794159268438835,0.7571265097714875,0.11933634657410463,-0.0847200846473285,FFN,60
2012-08-01,0.12013217866621718,0.0842157747294069,1.426480716376629,0.7872798198582814,0.12315193679570924,-0.0847200846473285,FFN,60
2012-09-01,0.1248533854921442,0.08423685930267256,1.482170471759065,0.8295221723020082,0.1284115828594252,-0.08472008464732861,FFN,60
2012-10-01,0.1270266229769194,0.0843090730049248,1.5066779701100415,0.8492479362070386,0.13083444498265454,-0.08472008464732861,FFN,60
2012-11-01,0.1355655911444829,0.08103671702043327,1.6728909576914406,0.9316249068120842,0.1407344551516533,-0.08472008464732861,FFN,60
2012-12-01,0.13752439316902154,0.08084843865391793,1.7010148304497539,0.950565396791494,0.14296281962816063,-0.0847200846473285,FFN,60
2013-01-01,0.14397147832289714,0.08190284701921839,1.7578324022010423,1.012900493621347,0.15017642391733174,-0.08472008464732872,FFN,60
2013-02-01,0.1399286957732228,0.08149515368786264,1.7170186132683232,0.9733984503442642,0.1456262510482662,-0.0847200846473285,FFN,60
2013-03-01,0.14121595414835247,0.08141286403237413,1.7345656098303752,0.9860570838957418,0.14709224949233177,-0.0847200846473285,FFN,60
2013-04-01,0.1373418858993447,0.08171714430786782,1.6806985494000095,0.9481547192804659,0.14268016539024186,-0.08472008464732861,FFN,60
2013-05-01,0.13903837332301322,0.08176567010919868,1.70044926113033,0.9645231120692976,0.14459390384087187,-0.08472008464732861,FFN,60
2013-06-01,0.14364098942986375,0.08017505579615343,1.791592010800387,1.0109990468226173,0.1499590434638862,-0.08472008464732872,FFN,60
2013-07-01,0.14121989704676932,0.07987572801641876,1.7679951163354781,0.9873099967169956,0.14723694262005532,-0.08472008464732861,FFN,60
2013-08-01,0.13801210288039972,0.0800214732889438,1.724688351863527,0.9559400883376347,0.14359200263399255,-0.08472008464732861,FFN,60
2013-09-01,0.14717580831918964,0.07792857619509712,1.8885987080109026,1.0482124025444575,0.15418386382103294,-0.05761433244073655,FFN,60
2013-10-01,0.15905718870481197,0.07495453545208453,2.122048889309586,1.1744027989794326,0.1680676594402171,-0.047953778597290664,FFN,60
2013-11-01,0.16638863660846062,0.07315262053089891,2.2745410267042963,1.2559589412059373,0.17670131348302387,-0.04795377859729055,FFN,60
2013-12-01,0.15670071316125392,0.07054365432307556,2.2213296811020955,1.152545536589851,0.1657098589699304,-0.04795377859729044,FFN,60
2014-01-01,0.1472864952729229,0.06745778581265938,2.1833876327035115,1.0568174460072675,0.15515204015589826,-0.04795377859729055,FFN,60
2014-02-01,0.1510151603871856,0.06672065554372647,2.263394433950298,1.09554813066561,0.15947003151778189,-0.04795377859729055,FFN,60
2014-03-01,0.13921118861021065,0.06317313832553996,2.2036452881735276,0.9789574521202621,0.1462709636736886,-0.04795377859729055,FFN,60
2014-04-01,0.13435370082614928,0.06443592074691223,2.0850745867954013,0.9312387308098158,0.14068883972160118,-0.04795377859729044,FFN,60
2014-05-01,0.13360930833469103,0.06455167944538001,2.0698037523213273,0.9240734037407821,0.13984113864434253,-0.04795377859729055,FFN,60
2014-06-01,0.1298532482224128,0.06412904816929357,2.024874092620471,0.8889053786298071,0.1356435552881862,-0.04795377859729044,FFN,60
2014-07-01,0.12359311663594272,0.06364290881135513,1.9419778093783686,0.8315640846706158,0.1286633523814968,-0.04795377859729044,FFN,60
2014-08-01,0.12421183455935245,0.06365250789370723,1.9514051946982625,0.8371754844438792,0.12935408813967814,-0.04795377859729055,FFN,60
2014-09-01,0.12162288021469318,0.06448418255224213,1.886088578639574,0.813309593156976,0.12640453894986764,-0.047953778597290664,FFN,60
2014-10-01,0.1206519701746645,0.06459610637184093,1.867790133977173,0.8045523812061681,0.1253144577019977,-0.04795377859729044,FFN,60
2014-11-01,0.11526704101446587,0.06541937760829324,1.761970920980658,0.7566135451796308,0.1192709845219439,-0.04795377859729055,FFN,60
2014-12-01,0.1039736865780215,0.06728300201398814,1.54531877986665,0.6599935018077288,0.10667800264022596,-0.058300826241199144,FFN,60
2015-01-01,0.10133178393499248,0.0674406204289621,1.5025333884899428,0.6383088216199929,0.1037714435912513,-0.06018634372244458,FFN,60
2015-02-01,0.1043229063407537,0.06809735373840094,1.5319671119896205,0.6624314629665229,0.10700287793414068,-0.06018634372244458,FFN,60
2015-03-01,0.09979484643425073,0.06692086858929207,1.4912365684718383,0.6261389877789584,0.10212672233311015,-0.06018634372244458,FFN,60
2015-04-01,0.09565629324371688,0.06635855086256436,1.4415066634265605,0.5933868793404912,0.09765092402680024,-0.06018634372244469,FFN,60
2015-05-01,0.10575153865117692,0.06558116584957456,1.612529104678351,0.6756109311144461,0.10875256355777108,-0.06018634372244469,FFN,60
2015-06-01,0.11006249350575652,0.06389425028738631,1.7225727355859517,0.7127189593459471,0.11362051035405811,-0.06018634372244447,FFN,60
2015-07-01,0.09822982715380207,0.06388925125691204,1.537501617585083,0.6151253704952059,0.10062975055200177,-0.06018634372244458,FFN,60
2015-08-01,0.10353422276619638,0.06271293184560771,1.6509230188932347,0.6587761276292311,0.10651563614874147,-0.06018634372244458,FFN,60
2015-09-01,0.09510794567036282,0.05941737957366239,1.6006755321892518,0.5923962565951578,0.09751440621121792,-0.06018634372244447,FFN,60
2015-10-01,0.09982917626354611,0.06073670127053397,1.643638429075792,0.6295105157770918,0.10258335897718159,-0.06018634372244447,FFN,60
2015-11-01,0.09834056404600777,0.06076495964879236,1.6183761927004285,0.6175120874824401,0.10095484486508882,-0.06018634372244458,FFN,60
2015-12-01,0.09562772268376674,0.06060018803774761,1.5780103293442027,0.5959700960426534,0.09800659825318685,-0.06018634372244458,FFN,60
2016-01-01,0.08917814821594235,0.06059808629318762,1.4716330773958395,0.5457020278054463,0.0910010167735583,-0.06018634372244447,FFN,60
2016-02-01,0.0871459482093379,0.06013914256661593,1.4490720101771755,0.5303916698077387,0.08883110402106305,-0.06018634372244436,FFN,60
2016-03-01,0.08483244911070258,0.06011424628398705,1.4111871038013803,0.5129261535910098,0.08633443481968367,-0.06018634372244469,FFN,60
2016-04-01,0.08065035965883602,0.06118341998691045,1.3181734475792675,0.48135659949051984,0.08176250263550827,-0.06018634372244458,FFN,60
2016-05-01,0.08561969357524944,0.061326921026745265,1.396119226952709,0.5183021453736866,0.08710537023863099,-0.06018634372244447,FFN,60
2016-06-01,0.09130246521045307,0.061361990515110314,1.487931933824245,0.5617235962770216,0.09325339437079837,-0.06018634372244458,FFN,60
2016-07-01,0.09649923325078844,0.0616819743717802,1.5644640793946,0.602361766920773,0.0988846699786174,-0.06018634372244458,FFN,60
2016-08-01,0.0978494939340569,0.06142212634387629,1.5930658829073956,0.6132552414551509,0.10037475193974651,-0.06018634372244458,FFN,60
2016-09-01,0.10344758298481539,0.05985538271828351,1.7282920647538713,0.6594407270269302,0.1066042884733029,-0.06018634372244447,FFN,60
2016-10-01,0.08441928245126051,0.049589966404113776,1.7023460303102247,0.5138509511997653,0.0864672098312377,-0.06018634372244447,FFN,60
2016-11-01,0.09396224005265695,0.05257620872056428,1.787162717495551,0.5861350617286787,0.0966499750357693,-0.06018634372244436,FFN,60
2016-12-01,0.09189808127490949,0.052840799771636957,1.7391500823618697,0.5698667417584833,0.09439111317238649,-0.06018634372244447,FFN,60
1992-01-01,,,,,,,GAN–LSTM original,36
1992-02-01,,,,,,,GAN–LSTM original,36
1992-03-01,,,,,,,GAN–LSTM original,36
1992-04-01,,,,,,,GAN–LSTM original,36
1992-05-01,,,,,,,GAN–LSTM original,36
1992-06-01,,,,,,,GAN–LSTM original,36
1992-07-01,,,,,,,GAN–LSTM original,36
1992-08-01,,,,,,,GAN–LSTM original,36
1992-09-01,,,,,,,GAN–LSTM original,36
1992-10-01,,,,,,,GAN–LSTM original,36
1992-11-01,,,,,,,GAN–LSTM original,36
1992-12-01,,,,,,,GAN–LSTM original,36
1993-01-01,,,,,,,GAN–LSTM original,36
1993-02-01,,,,,,,GAN–LSTM original,36
1993-03-01,,,,,,,GAN–LSTM original,36
1993-04-01,,,,,,,GAN–LSTM original,36
1993-05-01,,,,,,,GAN–LSTM original,36
1993-06-01,,,,,,,GAN–LSTM original,36
1993-07-01,,,,,,,GAN–LSTM original,36
1993-08-01,,,,,,,GAN–LSTM original,36
1993-09-01,,,,,,,GAN–LSTM original,36
1993-10-01,,,,,,,GAN–LSTM original,36
1993-11-01,,,,,,,GAN–LSTM original,36
1993-12-01,,,,,,,GAN–LSTM original,36
1994-01-01,,,,,,,GAN–LSTM original,36
1994-02-01,,,,,,,GAN–LSTM original,36
1994-03-01,,,,,,,GAN–LSTM original,36
1994-04-01,,,,,,,GAN–LSTM original,36
1994-05-01,,,,,,,GAN–LSTM original,36
1994-06-01,,,,,,,GAN–LSTM original,36
1994-07-01,,,,,,,GAN–LSTM original,36
1994-08-01,,,,,,,GAN–LSTM original,36
1994-09-01,,,,,,,GAN–LSTM original,36
1994-10-01,,,,,,,GAN–LSTM original,36
1994-11-01,,,,,,,GAN–LSTM original,36
1994-12-01,0.11814418806666667,0.027496077471990156,4.296765172669388,0.4213706771588008,0.12435239822108472,-0.0044704814999999565,GAN–LSTM original,36
1995-01-01,0.11071426006666667,0.02371020550271067,4.669477034014287,0.3907115487659314,0.11620942956127027,-0.0044704814999999565,GAN–LSTM original,36
1995-02-01,0.1166313879,0.02237163422558374,5.213360218746233,0.4155094614156938,0.12280479555703566,-0.003981658299999857,GAN–LSTM original,36
1995-03-01,0.11707429156666668,0.022362461714137985,5.235304281936457,0.41737418484533473,0.12329762205048236,-0.003981658299999857,GAN–LSTM original,36
1995-04-01,0.11790442766666667,0.02232629748366979,5.280966436683285,0.42087740362041465,0.12422231780763776,-0.003981658299999968,GAN–LSTM original,36
1995-05-01,0.11678884540000001,0.022532529135839963,5.183121907706184,0.41615711612826467,0.12297601281333524,-0.003981658299999968,GAN–LSTM original,36
1995-06-01,0.1175562054,0.022312665483179974,5.2685863770340555,0.41940952373292956,0.12383504725626553,-0.003981658299999857,GAN–LSTM original,36
1995-07-01,0.11470102526666667,0.022329531900766756,5.136741145152623,0.4074173888433575,0.12066111819058188,-0.003981658299999968,GAN–LSTM original,36
1995-08-01,0.11364786660000001,0.022310390498147335,5.093943407643956,0.4030211938456817,0.11949307252827344,-0.003981658299999968,GAN–LSTM original,36
1995-09-01,0.11398976193333335,0.022334662159051718,5.103715521711437,0.40444528196241136,0.11987171201804141,-0.003981658299999968,GAN–LSTM original,36
1995-10-01,0.11666678543333334,0.02212817675262638,5.2723180376569525,0.41568034943741305,0.12284997744494325,-0.003981658299999968,GAN–LSTM original,36
1995-11-01,0.11741142310000001,0.022117746524862522,5.308471320440264,0.4188167144740581,0.12367857078262628,-0.003981658299999968,GAN–LSTM original,36
1995-12-01,0.1147876171,0.021517290170670535,5.334668826303369,0.4078510941536321,0.12077621950196207,-0.003981658299999968,GAN–LSTM original,36
1996-01-01,0.10942365376666667,0.019209196979770866,5.696419995166914,0.38576820860483385,0.11488532234480629,-0.003981658299999968,GAN–LSTM original,36
1996-02-01,0.10740633790000001,0.019089940573721792,5.6263317051835084,0.3774905555697414,0.11266102772193648,-0.003981658299999968,GAN–LSTM original,36
1996-03-01,0.10199891833333333,0.01795327568920455,5.681354205164136,0.35559604569089,0.10673445611475148,-0.003981658299999968,GAN–LSTM original,36
1996-04-01,0.09882156654666667,0.018526813733238383,5.333975284124217,0.34280151120955027,0.10324154326711235,-0.003981658299999857,GAN–LSTM original,36
1996-05-01,0.09984502121333334,0.018118081893295775,5.510794233151078,0.346925932810094,0.10436992609433722,-0.003981658299999857,GAN–LSTM original,36
1996-06-01,0.09919873271333333,0.018049992068264575,5.49577708057524,0.34434313304141934,0.10366357903364865,-0.003981658299999968,GAN–LSTM original,36
1996-07-01,0.10036635904666666,0.01824644251828112,5.500598757599436,0.349007739698349,0.104938604097058,-0.003981658299999968,GAN–LSTM original,36
1996-08-01,0.10118201437999999,0.01848033437877217,5.475118161077479,0.3522686268902966,0.10582819149482876,-0.003981658299999968,GAN–LSTM original,36
1996-09-01,0.09946899621333333,0.01851041353836476,5.373677687274434,0.34539223244653366,0.10395059696273215,-0.003981658299999968,GAN–LSTM original,36
1996-10-01,0.10436069254666666,0.018634986167654122,5.60025597055778,0.3651041445959391,0.10931596103617804,-0.003981658299999968,GAN–LSTM original,36
1996-11-01,0.10601118136,0.017674508405335604,5.99797057597354,0.37189043263510824,0.11115115610896095,-0.0013842138999999865,GAN–LSTM original,36
1996-12-01,0.10492162602666666,0.017072140988805055,6.1457801980119715,0.3674930786557001,0.10996268539326544,-0.0013842138999999865,GAN–LSTM original,36
1997-01-01,0.10681265336000001,0.017797999020440106,6.001385506164543,0.3751552618377358,0.11203189816222944,-0.0013842138999999865,GAN–LSTM original,36
1997-02-01,0.11197313482666667,0.016955047474402605,6.604118035983967,0.39647416148246506,0.11774902960573687,0.0,GAN–LSTM original,36
1997-03-01,0.11498836916,0.016933805829923213,6.7904622454574,0.4090456846085759,0.12109313040068881,0.0,GAN–LSTM original,36
1997-04-01,0.11316780182666668,0.01663903977017581,6.801342108065105,0.40146272932483096,0.11907841102556377,0.0,GAN–LSTM original,36
1997-05-01,0.11537736526,0.016206740926885687,7.119097280601195,0.41072402524151874,0.12153807211038739,0.0,GAN–LSTM original,36
1997-06-01,0.11742395192666669,0.016671272518900437,7.043490638974416,0.4192975860364594,0.12380550379438135,0.0,GAN–LSTM original,36
1997-07-01,0.12007672772666667,0.01676337267322773,7.163041117521506,0.4305200881530014,0.1267597383143378,0.0,GAN–LSTM original,36
1997-08-01,0.11724204779333333,0.017248769516624685,6.797125306841932,0.41849092802505555,0.12359255843380341,0.0,GAN–LSTM original,36
1997-09-01,0.11780105392666666,0.01714385401893582,6.871328570375856,0.4208560053711567,0.12421667422664111,0.0,GAN–LSTM original,36
1997-10-01,0.11741135592666666,0.017190349886187364,6.830073657837992,0.41920871799131904,0.12378204794698965,0.0,GAN–LSTM original,36
1997-11-01,0.12007195345999999,0.017201228016425603,6.980429149903846,0.43046929277726986,0.12674640170522986,0.0,GAN–LSTM original,36
1997-12-01,0.11607712712666665,0.01601040955525903,7.250103548321668,0.41367261939410976,0.1223189144823969,0.0,GAN–LSTM original,36
1998-01-01,0.11668749379333333,0.016100011179624625,7.247665389264276,0.4162328423787005,0.12299602877674669,0.0,GAN–LSTM original,36
1998-02-01,0.11690114712666669,0.01615272840952753,7.237238450546451,0.4171286932734122,0.12323276596562778,0.0,GAN–LSTM original,36
1998-03-01,0.11751994162666665,0.016196500998245114,7.255884566635714,0.41973350518865704,0.12392054619317205,0.0,GAN–LSTM original,36
1998-04-01,0.11534599922666669,0.016588542027077866,6.95335364846318,0.41056673768847024,0.12149638889612535,0.0,GAN–LSTM original,36
1998-05-01,0.11975124799333334,0.01682892917710801,7.115797252045487,0.4291327864275306,0.12639538101412648,0.0,GAN–LSTM original,36
1998-06-01,0.12097161899333334,0.016563525280991566,7.303494693376737,0.4343406854795056,0.12776195386911096,0.0,GAN–LSTM original,36
1998-07-01,0.12210198279333331,0.0163397726823217,7.472685524287474,0.43917918427779945,0.12902863355272615,0.0,GAN–LSTM original,36
1998-08-01,0.12389742012666666,0.01642683601442166,7.542378825593256,0.4468670188686631,0.13103541999061447,0.0,GAN–LSTM original,36
1998-09-01,0.12548190012666666,0.016772851964336172,7.481250081588789,0.45366616295553136,0.13280431288357142,0.0,GAN–LSTM original,36
1998-10-01,0.12471090046000001,0.01675497545896498,7.443215942955722,0.45034356977512696,0.13194058427361036,0.0,GAN–LSTM original,36
1998-11-01,0.12779224412666665,0.017616219805960797,7.254237602293405,0.46361037457776094,0.13538153372876863,0.0,GAN–LSTM original,36
1998-12-01,0.12707643312666667,0.01766212404946463,7.194855656702204,0.4605003157190095,0.1345767641164899,0.0,GAN–LSTM original,36
1999-01-01,0.12639683736000001,0.01773186959336895,7.128229580893582,0.45755160785914045,0.13381269045675007,0.0,GAN–LSTM original,36
1999-02-01,0.1289150272266667,0.017768132523725836,7.255406670032772,0.4684850546868085,0.13664063216728542,0.0,GAN–LSTM original,36
1999-03-01,0.12430688179333332,0.020965373437985407,5.929151806478775,0.44827299490508826,0.13140165818323812,-0.009425165999999985,GAN–LSTM original,36
1999-04-01,0.12005957674666667,0.024097212341632535,4.982301481372632,0.4298266105766845,0.12657763463579572,-0.021650288355758107,GAN–LSTM original,36
1999-05-01,0.12183676191333333,0.023736897295468688,5.132800651945006,0.4374292918275925,0.12857085410341823,-0.021650288355757996,GAN–LSTM original,36
1999-06-01,0.12457753658000001,0.024092926925199258,5.170709933532481,0.44914083165227303,0.13162759990459047,-0.021650288355758107,GAN–LSTM original,36
1999-07-01,0.12471150258,0.024109216358667095,5.172772964691035,0.44971574433461337,0.13177722903392503,-0.021650288355758107,GAN–LSTM original,36
1999-08-01,0.12139442591333334,0.02417834788724129,5.020790770298749,0.43549885813125344,0.12806541307531794,-0.021650288355757996,GAN–LSTM original,36
1999-09-01,0.12074093014666669,0.02433336697848579,4.96194917264919,0.432699905645981,0.12733176432499357,-0.021650288355757996,GAN–LSTM original,36
1999-10-01,0.12151155981333334,0.024571699887017334,4.945183295093677,0.4359590563050506,0.1281859468244093,-0.021650288355758107,GAN–LSTM original,36
1999-11-01,0.12300491276666667,0.024131528468133042,5.097269861256453,0.44238600449118104,0.12986658943719248,-0.021650288355758107,GAN–LSTM original,36
1999-12-01,0.11432491410000001,0.026398784631243483,4.330688541043447,0.4054356884422683,0.12013489245890098,-0.021650288355757996,GAN–LSTM original,36
2000-01-01,0.11487756543333333,0.026601366085303446,4.31848368482099,0.40772426365032854,0.12074256232485422,-0.021650288355758107,GAN–LSTM original,36
2000-02-01,0.09459918293333333,0.04186341885349249,2.2597099215522216,0.3232756421150224,0.09786794798220773,-0.04673791699999985,GAN–LSTM original,36
2000-03-01,0.10196790626666666,0.04478941823372629,2.276607071218557,0.3521282001984674,0.10578991182978151,-0.04673791699999996,GAN–LSTM original,36
2000-04-01,0.10169199626666665,0.04478613384628756,2.2706134138679657,0.3510194454102836,0.10548757729886583,-0.04673791699999996,GAN–LSTM original,36
2000-05-01,0.09811950250000001,0.04511076794197112,2.1750794095595407,0.3366792092354539,0.10156230050653928,-0.04673791699999996,GAN–LSTM original,36
2000-06-01,0.1032399085,0.04690662899021294,2.2009662753966177,0.35688096973818195,0.10708402451970134,-0.04673791700000007,GAN–LSTM original,36
2000-07-01,0.10544913283333335,0.047343389856630676,2.227325359520378,0.3657459292775232,0.10948977694439087,-0.04673791699999985,GAN–LSTM original,36
2000-08-01,0.1088281061,0.047265904264197835,2.3024653350900395,0.37955165956590686,0.11321569994190595,-0.04673791699999996,GAN–LSTM original,36
2000-09-01,0.11150787363333332,0.047401768663823715,2.352399009078207,0.3905597958393801,0.11616882823282317,-0.04673791699999996,GAN–LSTM original,36
2000-10-01,0.11158661563333333,0.047398431817211685,2.35422589641063,0.39088592605248257,0.1162560803655794,-0.04673791699999996,GAN–LSTM original,36
2000-11-01,0.11152218463333333,0.04739205349864468,2.35318321111624,0.39062077752461355,0.11618514417057013,-0.04673791699999985,GAN–LSTM original,36
2000-12-01,0.1110774353,0.04740442914096499,2.3431868564368252,0.38878127432943466,0.11569276643319495,-0.04673791699999985,GAN–LSTM original,36
2001-01-01,0.10987904396666667,0.04735496230679474,2.3203279786139883,0.383851979050082,0.11437120036533008,-0.04673791699999996,GAN–LSTM original,36
2001-02-01,0.12393213129999998,0.054522661097882424,2.273038931051245,0.44139307796564214,0.12960726633605604,-0.04673791699999996,GAN–LSTM original,36
2001-03-01,0.12473726913333334,0.05456296684104256,2.2861159565741445,0.44483400734929085,0.13050542752525715,-0.04673791699999996,GAN–LSTM original,36
2001-04-01,0.12687946286666665,0.05441322592671501,2.33177615746493,0.4540863401228179,0.13291344675643926,-0.04673791699999996,GAN–LSTM original,36
2001-05-01,0.12656427920000002,0.05437593392132018,2.32757895033368,0.45273479557958196,0.13256233105552734,-0.04673791699999985,GAN–LSTM original,36
2001-06-01,0.1247613669,0.05454094338523842,2.2874809117028736,0.4449422508913213,0.13053365841668982,-0.04673791699999996,GAN–LSTM original,36
2001-07-01,0.12913225956666666,0.05492167043182498,2.3512077937789657,0.46372668689452784,0.13541160898213647,-0.04673791699999985,GAN–LSTM original,36
2001-08-01,0.12884675456666667,0.05490809755363706,2.346589306628271,0.46248994557297585,0.13509173912825614,-0.04673791699999996,GAN–LSTM original,36
2001-09-01,0.12907070523333333,0.054932764859506274,2.3496123955063815,0.4634567709703351,0.13534181350364885,-0.04673791699999996,GAN–LSTM original,36
2001-10-01,0.1269426103,0.05510039462793728,2.3038421259443562,0.45420290976700245,0.13294372001345672,-0.04673791699999996,GAN–LSTM original,36
2001-11-01,0.11615892963333334,0.05639205870206574,2.0598455227008445,0.40807192245494694,0.12083481617466933,-0.04673791700000007,GAN–LSTM original,36
2001-12-01,0.1140034405,0.05656389133688796,2.0154808625348766,0.3990429305972455,0.118433964218001,-0.04673791700000007,GAN–LSTM original,36
2002-01-01,0.11868918793333333,0.05699757826701501,2.0823549270341504,0.4185578633440443,0.12361023140392793,-0.04673791700000007,GAN–LSTM original,36
2002-02-01,0.12289628159999999,0.05781981828558902,2.125504459266531,0.4362031342752222,0.12824986455575577,-0.04673791700000007,GAN–LSTM original,36
2002-03-01,0.1298888766,0.05662969358659752,2.2936531768686916,0.46661816152307944,0.136158755400071,-0.04673791699999985,GAN–LSTM original,36
2002-04-01,0.1425220461,0.05553091267437328,2.5665352726279225,0.5228968289398789,0.15050937206579895,-0.04673791699999985,GAN–LSTM original,36
2002-05-01,0.14519301893333333,0.055533324981752244,2.614520542053667,0.5350024636678469,0.15354982848434295,-0.04673791699999996,GAN–LSTM original,36
2002-06-01,0.1467078536,0.055743592958704444,2.6318334684433244,0.5418589937663444,0.1552648315504822,-0.04673791699999996,GAN–LSTM original,36
2002-07-01,0.1529877096,0.056932490176022546,2.6871775523430674,0.5705218052306682,0.16237962886222893,-0.04673791699999996,GAN–LSTM original,36
2002-08-01,0.15663379326666665,0.05675817779052789,2.759669167758351,0.5876186798661783,0.1665823463448152,-0.04673791699999996,GAN–LSTM original,36
2002-09-01,0.16221384453333332,0.05661637580829546,2.865140027376419,0.6141025777288087,0.17303339726680622,-0.04673791699999996,GAN–LSTM original,36
2002-10-01,0.157581798,0.05675679589703079,2.7764392881847617,0.5920824060451387,0.16767463875589214,-0.04673791699999996,GAN–LSTM original,36
2002-11-01,0.14365448800000002,0.0634297659396897,2.264780357799043,0.5259226920435957,0.15127085519583303,-0.04673791699999996,GAN–LSTM original,36
2002-12-01,0.16360425233333334,0.06583467728037062,2.4850771522216277,0.6181284033983704,0.1740078308414264,-0.04673791699999996,GAN–LSTM original,36
2003-01-01,0.15808374213333334,0.06599501390984325,2.395389178177821,0.5918506296844233,0.16761797240252813,-0.04673791699999996,GAN–LSTM original,36
2003-02-01,0.17308091076666668,0.05640688243052011,3.0684360366815393,0.6669818640790314,0.18570583835655477,-0.036332063000000026,GAN–LSTM original,36
2003-03-01,0.161106164642,0.05550814231717656,2.9023879725866264,0.6091760672263556,0.17183874977402142,-0.036332063000000026,GAN–LSTM original,36
2003-04-01,0.154348148642,0.057318289572785,2.692825445288326,0.5768294218193439,0.16393368801352903,-0.036332063000000026,GAN–LSTM original,36
2003-05-01,0.14424134640866668,0.06229070370917612,2.315615939773342,0.5289712490023779,0.1520370320795897,-0.04427094886894323,GAN–LSTM original,36
2003-06-01,0.13300782107533332,0.061664958757831255,2.156943323317179,0.4790301084185437,0.13935484898308043,-0.04612675104564201,GAN–LSTM original,36
2003-07-01,0.12391356597533335,0.06216043737561358,1.9934474596207776,0.43951063290165454,0.12911530014409975,-0.05205582713392176,GAN–LSTM original,36
2003-08-01,0.120845549642,0.062254704754292255,1.9411472613829737,0.4264305888878349,0.12568500540761274,-0.05205582713392187,GAN–LSTM original,36
2003-09-01,0.12076250964200001,0.06224737528230113,1.9400417944423198,0.42608067192901244,0.12559295080877128,-0.05205582713392176,GAN–LSTM original,36
2003-10-01,0.11973387177533334,0.06231707211255529,1.921365489685932,0.42171250042188496,0.12444252226049377,-0.05205582713392176,GAN–LSTM original,36
2003-11-01,0.11589317044200001,0.0624321975336167,1.8563045194684547,0.4055537433254105,0.12016625490223433,-0.052055827133921984,GAN–LSTM original,36
2003-12-01,0.11566314890866666,0.06244230596650762,1.8523202677797526,0.40459087402751837,0.11991040791304852,-0.05205582713392165,GAN–LSTM original,36
2004-01-01,0.11609663890866667,0.06244447602215595,1.859197903549937,0.4064006526813513,0.12039119324868088,-0.05205582713392176,GAN–LSTM original,36
2004-02-01,0.09926585777533334,0.05605706317948446,1.7708001836896488,0.3391591661142918,0.10224312685620582,-0.05205582713392187,GAN–LSTM original,36
2004-03-01,0.09543887144199999,0.056031050491451836,1.703321115790257,0.32399995225768075,0.09806822166218324,-0.05205582713392176,GAN–LSTM original,36
2004-04-01,0.092300805942,0.056176904692111576,1.6430382992418766,0.3116588975097489,0.09464585407633962,-0.05205582713392176,GAN–LSTM original,36
2004-05-01,0.08924642060866667,0.05594161739860612,1.5953493080607708,0.29983324655229143,0.09134621605901344,-0.052055827133921984,GAN–LSTM original,36
2004-06-01,0.09235725640866667,0.05594282842238166,1.6509221827567855,0.31192861044688713,0.09472087864124198,-0.05205582713392176,GAN–LSTM original,36
2004-07-01,0.08749770527533335,0.05531503790040323,1.581806839450715,0.293209966369037,0.08948941279225836,-0.05205582713392165,GAN–LSTM original,36
2004-08-01,0.08406811560866667,0.05527892848280792,1.520798573995738,0.28007335146139234,0.08578778650210912,-0.05205582713392165,GAN–LSTM original,36
2004-09-01,0.085078912942,0.05549352560029222,1.5331322351873058,0.28389028621643264,0.0868659196921272,-0.05205582713392165,GAN–LSTM original,36
2004-10-01,0.08467135190866668,0.05552692341461739,1.5248702197387916,0.2823255989724691,0.08642421617746586,-0.05205582713392165,GAN–LSTM original,36
2004-11-01,0.09506119557533335,0.054665302012984335,1.7389677194640576,0.3228025897034788,0.09773710827837638,-0.05205582713392176,GAN–LSTM original,36
2004-12-01,0.09482399840866668,0.05469335892535708,1.7337387988563286,0.3218631543153555,0.09747718103052459,-0.05205582713392165,GAN–LSTM original,36
2005-01-01,0.09396680240866667,0.05448854421259243,1.7245240034684337,0.31853649933833045,0.09655575561787295,-0.05205582713392176,GAN–LSTM original,36
2005-02-01,0.08904625674200001,0.053335852354397736,1.669538458864768,0.2995897066712049,0.09127805271842819,-0.05205582713392165,GAN–LSTM original,36
2005-03-01,0.08632345737533335,0.05332737948790273,1.61874553380062,0.2890953775662623,0.08833271388898928,-0.05205582713392165,GAN–LSTM original,36
2005-04-01,0.076257825942,0.05260701387733872,1.4495752623368199,0.2511387974860984,0.07754437436518138,-0.05205582713392176,GAN–LSTM original,36
2005-05-01,0.074273021942,0.05234269518688062,1.4189758795725154,0.24380663406602276,0.0754353049582045,-0.05205582713392176,GAN–LSTM original,36
2005-06-01,0.07025762260866666,0.05155577362611854,1.3627498467615586,0.2291452117184975,0.07119301286652996,-0.05205582713392143,GAN–LSTM original,36
2005-07-01,0.05744156817533334,0.04953940540096861,1.1595126689633264,0.18336448649539788,0.05772518168038822,-0.05205582713392187,GAN–LSTM original,36
2005-08-01,0.05462306550866667,0.04913804723039775,1.1116246694247098,0.17351347380377594,0.05478196007744243,-0.05205582713392165,GAN–LSTM original,36
2005-09-01,0.04785737711066667,0.048304431119416666,0.9907450724832094,0.1501674643790165,0.047740405972999965,-0.05205582713392176,GAN–LSTM original,36
2005-10-01,0.047953510310666664,0.04830618765891323,0.992699126854373,0.1504976184990303,0.04784064723626342,-0.05205582713392143,GAN–LSTM original,36
2005-11-01,0.061080091944000006,0.04196923741778002,1.4553538663564989,0.1975120526054432,0.06192366143994846,-0.05205582713392165,GAN–LSTM original,36
2005-12-01,0.045003622444,0.03227295450081545,1.394468623653991,0.1425228216665954,0.045413958586629846,-0.05205582713392165,GAN–LSTM original,36
2006-01-01,0.046204710310666655,0.03232126375887931,1.429545288060504,0.14662624857292786,0.046664015115251326,-0.05205582713392176,GAN–LSTM original,36
2006-02-01,0.049145264844,0.0321985841451836,1.5263175741642465,0.15675909572951707,0.04973813446432773,-0.050440596332044896,GAN–LSTM original,36
2006-03-01,0.050508798135333335,0.032108664961829,1.5730581821255583,0.1614907192476527,0.05116747519626129,-0.050440596332044896,GAN–LSTM original,36
2006-04-01,0.055761697202,0.030692149550863086,1.816806513000714,0.18001068235629739,0.05672499402842928,-0.03921502779540431,GAN–LSTM original,36
2006-05-01,0.06645485773533334,0.022220733740120242,2.9906689181620933,0.2190889274773811,0.06826367809704736,-0.008145486689732251,GAN–LSTM original,36
2006-06-01,0.06894949640199999,0.02177260409840968,3.1668006312132504,0.2282302368909667,0.07092714844509797,-0.006215790299999968,GAN–LSTM original,36
2006-07-01,0.07411458750199999,0.0206636161347365,3.586719140480447,0.24738103744725096,0.0764645011555135,-0.006171466299999873,GAN–LSTM original,36
2006-08-01,0.07481695583533333,0.02061412297129754,3.629402809884568,0.24999961207287077,0.07721723358077508,-0.006171466299999984,GAN–LSTM original,36
2006-09-01,0.07172427616866667,0.01990129748587614,3.604000001485785,0.2385766594873457,0.07392585245919159,-0.006171466299999984,GAN–LSTM original,36
2006-10-01,0.071900839702,0.019889023561893298,3.6151015397135726,0.23922986417815595,0.0741146094802746,-0.006171466300000095,GAN–LSTM original,36
2006-11-01,0.070341401602,0.02036927978228615,3.4533082344507524,0.23344530895067753,0.07244072901078834,-0.006171466299999984,GAN–LSTM original,36
2006-12-01,0.07201916346866667,0.020640317252390936,3.489246923291554,0.23961266780858867,0.07422519769134321,-0.006171466299999984,GAN–LSTM original,36
2007-01-01,0.06864700646866667,0.020692098234613637,3.3175469056025597,0.22720382992530014,0.0706287479799195,-0.006171466300000095,GAN–LSTM original,36
2007-02-01,0.06763055573533333,0.02077349378926659,3.255617780109632,0.223482451195917,0.0695454590152653,-0.006171466300000095,GAN–LSTM original,36
2007-03-01,0.06990155440200001,0.020820506918692312,3.357341618769307,0.23179523379562103,0.07196228663746486,-0.006171466299999873,GAN–LSTM original,36
2007-04-01,0.070814610102,0.020643230801176762,3.4304034472144367,0.2351673703766652,0.07293958912677728,-0.006171466299999984,GAN–LSTM original,36
2007-05-01,0.06949581176866666,0.02068544866079788,3.3596473012631316,0.23031540392120156,0.07153284364650714,-0.006171466299999984,GAN–LSTM original,36
2007-06-01,0.06601220613533333,0.020444539345344598,3.2288429208538214,0.21761325813116159,0.06783247070965752,-0.006171466299999984,GAN–LSTM original,36
2007-07-01,0.061804145502,0.021365121127535414,2.8927589566691796,0.20235164133714986,0.06335228061811747,-0.006171466299999984,GAN–LSTM original,36
2007-08-01,0.061660072102,0.02138446553046125,2.8834048722970365,0.2018332929443321,0.06319945062688023,-0.006171466300000095,GAN–LSTM original,36
2007-09-01,0.05564694623533333,0.019544303214430597,2.847220779620643,0.18057799186908408,0.05689431286159726,-0.006171466299999873,GAN–LSTM original,36
2007-10-01,0.05597237473533334,0.019507900467408534,2.8692157225655976,0.18172822756852908,0.05723744506183277,-0.006171466299999873,GAN–LSTM original,36
2007-11-01,0.04751045956866666,0.018768051601025525,2.531454014441786,0.15227787864899012,0.048380838879305325,-0.0067542815000000145,GAN–LSTM original,36
2007-12-01,0.049928476202,0.018878387854734387,2.644742580043918,0.1606259745597112,0.05090654122182663,-0.0067542814999999035,GAN–LSTM original,36
2008-01-01,0.04580607153533334,0.016712644424522007,2.740803332602669,0.14654351945944402,0.04663884223124852,-0.0067542815000000145,GAN–LSTM original,36
2008-02-01,0.04885712486866667,0.0190232403774803,2.568286154156139,0.15690821421082907,0.049783239975374885,-0.0067542815000000145,GAN–LSTM original,36
2008-03-01,0.050269237568666664,0.019127717689737967,2.6280834119397385,0.16179273824855836,0.05125857795819969,-0.0067542815000000145,GAN–LSTM original,36
2008-04-01,0.05645369533533333,0.019191154987593325,2.941651785514183,0.18344836937302764,0.05775017339867651,-0.0067542814999999035,GAN–LSTM original,36
2008-05-01,0.05362207716866667,0.018999734063942744,2.822254089883784,0.17349556091449983,0.05477659320578747,-0.0067542815000000145,GAN–LSTM original,36
2008-06-01,0.047871013835333334,0.019899516733059494,2.405637005033604,0.15344743553524515,0.04873541955914994,-0.0073561799999999344,GAN–LSTM original,36
2008-07-01,0.056392766602,0.02087413464504259,2.701561887998684,0.18311873256990294,0.057651955971038435,-0.0073561800000001565,GAN–LSTM original,36
2008-08-01,0.05423689216866667,0.02093470915530734,2.5907640639428995,0.17552201219155672,0.05538339118338225,-0.0073561800000001565,GAN–LSTM original,36
2008-09-01,0.05571678166666667,0.020759193624738694,2.683956933677283,0.18074116052913175,0.05694300203072368,-0.0073561799999999344,GAN–LSTM original,36
2008-10-01,0.064020826,0.0253735664117919,2.523130763763957,0.21000976126416435,0.0656051022203178,-0.0073561799999999344,GAN–LSTM original,36
2008-11-01,0.06704952936666667,0.02563367894904612,2.6156810928289214,0.22097063791171834,0.06881303084070339,-0.0073561800000000455,GAN–LSTM original,36
2008-12-01,0.07584227186666666,0.02873056459568371,2.6397765910267106,0.25311106593068516,0.07811028307657662,-0.0073561800000000455,GAN–LSTM original,36
2009-01-01,0.07486501953333333,0.02876135080732802,2.602972997855813,0.24946229731425953,0.0770628634872442,-0.0073561800000000455,GAN–LSTM original,36
2009-02-01,0.07306974320000001,0.02887550929188314,2.530509244404558,0.24278018467314713,0.07513938979924263,-0.0073561800000000455,GAN–LSTM original,36
2009-03-01,0.0731781212,0.02886857868757895,2.5348709401992746,0.2431825903921162,0.07525541877929696,-0.0073561800000000455,GAN–LSTM original,36
2009-04-01,0.0545382178,0.04419630461249614,1.233999500143271,0.17394631458764048,0.054911626684089956,-0.051844760000000156,GAN–LSTM original,36
2009-05-01,0.054049483300000006,0.044247490836348685,1.2215265154786836,0.1722263685828572,0.054396192027559145,-0.05251929460971483,GAN–LSTM original,36
2009-06-01,0.056881209966666665,0.04458635725420896,1.275753693946304,0.18212975652324115,0.05735717461415093,-0.052519294609714606,GAN–LSTM original,36
2009-07-01,0.05001921196666667,0.045443656147386144,1.1006863489249357,0.15801818338130608,0.05011886284965657,-0.05251929460971472,GAN–LSTM original,36
2009-08-01,0.04307714196666667,0.04675207442641047,0.9213953069498919,0.13404120115341586,0.042820622616961006,-0.06431310450984518,GAN–LSTM original,36
2009-09-01,0.040802814800000003,0.046797093761497016,0.8719091618798581,0.12634985573796081,0.0404577175743613,-0.06507723929501186,GAN–LSTM original,36
2009-10-01,0.03974726963333333,0.04679790467852447,0.8493386596339073,0.12280052441366225,0.039363677688711615,-0.06507723929501186,GAN–LSTM original,36
2009-11-01,0.04079282331,0.04670067013608947,0.8734954592969749,0.12633098098803563,0.040451905736288575,-0.06507723929501152,GAN–LSTM original,36
2009-12-01,0.04082253464333333,0.04670610955099428,0.8740298653811619,0.12643021740292384,0.04048246149255895,-0.06507723929501197,GAN–LSTM original,36
2010-01-01,0.040288956509999994,0.04674939833590156,0.8618069524770713,0.124627992700267,0.03992726090754687,-0.06507723929501197,GAN–LSTM original,36
2010-02-01,0.04260021137666666,0.04687902267907716,0.9087265250450665,0.13240614639981696,0.04231920376063902,-0.06507723929501164,GAN–LSTM original,36
2010-03-01,0.03968966811,0.046766428894947476,0.8486786151483968,0.12261198398018384,0.03930549785363771,-0.06507723929501152,GAN–LSTM original,36
2010-04-01,0.03666423404333333,0.04705831287012801,0.7791234280863327,0.11245652769734564,0.03616205224346957,-0.06507723929501175,GAN–LSTM original,36
2010-05-01,0.03370982154333333,0.0473248331572641,0.7123072453591746,0.1026282567794981,0.03310161219953,-0.06507723929501186,GAN–LSTM original,36
2010-06-01,0.033114628322,0.047349065481806854,0.6993723737741725,0.10066297044279295,0.03248745902030091,-0.06507723929501175,GAN–LSTM original,36
2010-07-01,0.04020720575533333,0.04767934712133624,0.8432834798054698,0.12421050792276217,0.039798564266737314,-0.06507723929501186,GAN–LSTM original,36
2010-08-01,0.03985063058866666,0.047692672886503154,0.8355713399310072,0.12301047695184535,0.03942845721022105,-0.06507723929501208,GAN–LSTM original,36
2010-09-01,0.04173346758866667,0.04774874423523185,0.8740223069128013,0.12934142596032785,0.04137805053954463,-0.06507723929501175,GAN–LSTM original,36
2010-10-01,0.042893750222,0.04777946954574394,0.897744379119438,0.13326067354662982,0.04258131999581859,-0.06507723929501197,GAN–LSTM original,36
2010-11-01,0.045703171621999994,0.04740108027157171,0.9641799587721627,0.14287704559457134,0.04552198629758247,-0.06507723929501186,GAN–LSTM original,36
2010-12-01,0.042128878988666664,0.04743977188635587,0.8880497800366391,0.13072566912061687,0.041803352061932066,-0.06507723929501175,GAN–LSTM original,36
2011-01-01,0.039064204822,0.04751183755282662,0.8221994103799075,0.12040093755631716,0.03862272617520238,-0.06507723929501186,GAN–LSTM original,36
2011-02-01,0.030020722921999997,0.046476064347785784,0.6459394387905018,0.09064888382804219,0.029346644379810268,-0.06507723929501175,GAN–LSTM original,36
2011-03-01,0.030696038255333333,0.04656719761976963,0.6591772712193795,0.09284176856412656,0.03003605886396233,-0.06507723929501186,GAN–LSTM original,36
2011-04-01,0.028916081588666674,0.04622148020487207,0.6255983464938604,0.08708622140930934,0.02822461663627754,-0.06507723929501197,GAN–LSTM original,36
2011-05-01,0.029960631422000002,0.04623792762416012,0.6479665711995503,0.09048734693221028,0.029295822746935627,-0.06507723929501186,GAN–LSTM original,36
2011-06-01,0.032804799322000006,0.04587554787627673,0.715082453303279,0.09986088770789582,0.03223659760576328,-0.06507723929501208,GAN–LSTM original,36
2011-07-01,0.025512088421999996,0.0448796181002362,0.5684560052409565,0.07625577784588371,0.02479854152007572,-0.06507723929501197,GAN–LSTM original,36
2011-08-01,0.025401064868666667,0.04488339193656257,0.5659346090546834,0.0758975968564189,0.024684843614614652,-0.06507723929501186,GAN–LSTM original,36
2011-09-01,0.023728586202000003,0.04488945980781114,0.5286003953620986,0.07052298416221404,0.022975734182588147,-0.06507723929501186,GAN–LSTM original,36
2011-10-01,0.036159712202000004,0.05650561221519036,0.6399313410549902,0.10928710081635075,0.03517709582608503,-0.06507723929501197,GAN–LSTM original,36
2011-11-01,0.03587435120199999,0.056460380114718,0.6353898278599849,0.10834884360506679,0.03488515567195014,-0.06507723929501164,GAN–LSTM original,36
2011-12-01,0.029096877202,0.05450312000732676,0.5338570929166725,0.08643684110670884,0.028019836249482264,-0.06507723929501186,GAN–LSTM original,36
2012-01-01,0.03210823953533334,0.05483739066414776,0.5855172747365137,0.09621335338403124,0.0310942445712329,-0.06507723929501175,GAN–LSTM original,36
2012-02-01,0.032649088768666665,0.054835386823614995,0.5954018136807644,0.0979890119998802,0.031650670230167405,-0.06507723929501175,GAN–LSTM original,36
2012-03-01,0.03430344293533333,0.05496411042264827,0.6241062153386256,0.10341419729480003,0.033347014814340624,-0.06507723929501186,GAN–LSTM original,36
2012-04-01,0.05273866326866665,0.04434028588934304,1.1894073800129044,0.1677760749322356,0.0530601806355706,-0.02691357267802208,GAN–LSTM original,36
2012-05-01,0.052359732535333325,0.044390000664412725,1.1795388995637004,0.16644761110596049,0.052660708166528784,-0.02691357267802208,GAN–LSTM original,36
2012-06-01,0.052002237535333326,0.04431411870471416,1.1734914075996572,0.16521393111293994,0.052289465730720484,-0.02691357267802219,GAN–LSTM original,36
2012-07-01,0.059293341868666666,0.04345847850814166,1.3643676424971583,0.1909924856505776,0.05999302405833249,-0.01578554107179131,GAN–LSTM original,36
2012-08-01,0.063359474602,0.042090353426725687,1.5053205650150057,0.20574164515747395,0.06435070892359976,-0.011362816540884002,GAN–LSTM original,36
2012-09-01,0.06383143896866667,0.042027930151470806,1.51878616764173,0.20745024176976437,0.06485321781734152,-0.011362816540884113,GAN–LSTM original,36
2012-10-01,0.06658907246866666,0.04205763133658529,1.583281567517613,0.21742202669093982,0.06777656521005601,-0.011362816540883891,GAN–LSTM original,36
2012-11-01,0.06822051565866666,0.04195886263726944,1.625890488224784,0.22337633914860963,0.06951453773276352,-0.011362816540884224,GAN–LSTM original,36
2012-12-01,0.06382567252533333,0.04199507227409237,1.519837187295632,0.20743414524505344,0.0648484859419377,-0.011362816540883891,GAN–LSTM original,36
2013-01-01,0.06517642759199999,0.04184741340148588,1.5574780445016887,0.21233240806776277,0.06628648579941365,-0.011362816540884002,GAN–LSTM original,36
2013-02-01,0.06450061492533334,0.04179661539284343,1.5432018674023391,0.20989754520088116,0.0655721598672473,-0.011362816540884113,GAN–LSTM original,36
2013-03-01,0.065332282192,0.041728237062001926,1.5656612114939337,0.21291375656712802,0.0664568969799773,-0.011362816540884002,GAN–LSTM original,36
2013-04-01,0.06777342202533332,0.04126587859809059,1.6423598461434252,0.22184786622147307,0.0690689388768831,-0.009924461869394219,GAN–LSTM original,36
2013-05-01,0.06830444539200001,0.04112651054726667,1.6608373645874417,0.2238053926579299,0.06963955386409623,-0.009924461869394108,GAN–LSTM original,36
2013-06-01,0.06883587771333334,0.04106134345798805,1.6764156239496357,0.22575646705341817,0.07020768293885592,-0.009924461869394219,GAN–LSTM original,36
2013-07-01,0.06342059519666665,0.04076025102971463,1.5559422131731329,0.20615362310445762,0.06447191761154113,-0.00992446186939433,GAN–LSTM original,36
2013-08-01,0.06244185466333334,0.0408994124496735,1.5267176451536484,0.20261586810796228,0.06343016841473445,-0.009924461869393997,GAN–LSTM original,36
2013-09-01,0.06123435452999999,0.04087994773997942,1.497906869144907,0.19829227366736724,0.0621542381956496,-0.009924461869394219,GAN–LSTM original,36
2013-10-01,0.06334359303,0.041116453436132745,1.5405899034651236,0.20582578660598658,0.06437546655655349,-0.009924461869394219,GAN–LSTM original,36
2013-11-01,0.06510211733,0.041070670995803304,1.5851242687671763,0.21217657733411613,0.06624079774552673,-0.009924461869394219,GAN–LSTM original,36
2013-12-01,0.06665689836333334,0.04086148503513157,1.6312891786978274,0.2178430557777715,0.06789964309292341,-0.007740661895984657,GAN–LSTM original,36
2014-01-01,0.06616881099666666,0.040966592065519676,1.6151895400730418,0.21605570460779094,0.06737695773412614,-0.00545385570000001,GAN–LSTM original,36
2014-02-01,0.06783041048333333,0.040608551122954195,1.6703479589300547,0.2221507386475334,0.06915726540860512,-0.004702029348616965,GAN–LSTM original,36
2014-03-01,0.06593338201666667,0.04054952860152466,1.6259962640894319,0.21526182833003948,0.06714463567171522,-0.004702029348616743,GAN–LSTM original,36
2014-04-01,0.06061387201666665,0.041175829509478935,1.4720740963509418,0.1960329176445121,0.061486261370505994,-0.007673913199191751,GAN–LSTM original,36
2014-05-01,0.06018544918333334,0.04118597597900284,1.4613092867828767,0.19450292759190196,0.061033443168675136,-0.00767391319919164,GAN–LSTM original,36
2014-06-01,0.06073489481666666,0.04114427013838889,1.4761446639443265,0.19646955745129702,0.06161541912148755,-0.007673913199191529,GAN–LSTM original,36
2014-07-01,0.06369938471666665,0.040904764346311163,1.55726076741012,0.20713682433273387,0.06476107531862053,-0.007673913199191529,GAN–LSTM original,36
2014-08-01,0.06327946903666666,0.040962260091258786,1.5448236717331498,0.20561685417323244,0.06431398852124857,-0.007673913199191529,GAN–LSTM original,36
2014-09-01,0.06671937227,0.040886460000755895,1.631820712009954,0.2180661884148878,0.06796485913510922,-0.007673913199191751,GAN–LSTM original,36
2014-10-01,0.047493116603333316,0.01851259772081117,2.5654485296757317,0.1522335801943538,0.04836740397005757,-0.00767391319919164,GAN–LSTM original,36
2014-11-01,0.04399859997999999,0.018075678369214136,2.4341327103350574,0.14028879184160653,0.04473213125862345,-0.00767391319919164,GAN–LSTM original,36
2014-12-01,0.038195512313333325,0.019354914901682622,1.9734270342884734,0.12059706913809513,0.038683327943096084,-0.009290888999999969,GAN–LSTM original,36
2015-01-01,0.03785459331333332,0.019185919182360442,1.973040382038974,0.1194656421438035,0.038333636358300935,-0.00929088900000008,GAN–LSTM original,36
2015-02-01,0.03971675991333332,0.019470632513120416,2.0398289519649615,0.12569889238446727,0.040257238015498034,-0.009290888999999969,GAN–LSTM original,36
2015-03-01,0.04106320524666666,0.020036977636722346,2.049371217114548,0.13020351572658093,0.041642963936307544,-0.009290888999999858,GAN–LSTM original,36
2015-04-01,0.03782631037999999,0.02080032366835091,1.818544316094238,0.11926631840868368,0.038272006709402555,-0.00929088900000008,GAN–LSTM original,36
2015-05-01,0.04630184341333333,0.023684879439602867,1.9549115093198755,0.14777815022853316,0.04701439098384456,-0.009290888999999858,GAN–LSTM original,36
2015-06-01,0.04330155751333333,0.023060226939077652,1.8777593831895425,0.13757938780121887,0.04390402340188225,-0.009290888999999969,GAN–LSTM original,36
2015-07-01,0.04258231118,0.022869860223310355,1.861940158978213,0.13515045444837478,0.04316052069102508,-0.00929088900000008,GAN–LSTM original,36
2015-08-01,0.044349984613333324,0.022569489200556375,1.9650415753423442,0.14118697831238478,0.0450063652954721,-0.009290888999999858,GAN–LSTM original,36
2015-09-01,0.049555578079999996,0.02361177879199216,2.098765133985016,0.1589979717488794,0.05041494461480863,-0.009290888999999969,GAN–LSTM original,36
2015-10-01,0.05011786758,0.023775355046224664,2.1079755689267112,0.16093367086164537,0.05099940245709222,-0.009290888999999969,GAN–LSTM original,36
2015-11-01,0.05060823248,0.023820504672378704,2.124565922345183,0.16263201764174712,0.051511660187567955,-0.00929088900000008,GAN–LSTM original,36
2015-12-01,0.05583536794666666,0.024263062506250464,2.3012498085220185,0.18088976906391274,0.05698734258757854,-0.009290888999999969,GAN–LSTM original,36
2016-01-01,0.05664020154666666,0.024244857687094244,2.336173809624659,0.1837326536110402,0.05783486308890006,-0.009290888999999969,GAN–LSTM original,36
2016-02-01,0.05410081762666666,0.02434994084883069,2.2218048890769535,0.1747814471031757,0.05516171823794636,-0.009290888999999969,GAN–LSTM original,36
2016-03-01,0.055008979293333336,0.024355117077417682,2.2586210166215226,0.17797153381175562,0.05611594257674499,-0.009290888999999858,GAN–LSTM original,36
2016-04-01,0.044119573659999994,0.031882712416684306,1.3838086635600082,0.13954949044915066,0.044506299900108404,-0.031101767000000002,GAN–LSTM original,36
2016-05-01,0.053104217460000006,0.03340595597842317,1.5896631575010125,0.17038958471351967,0.053845186294517317,-0.031101767000000002,GAN–LSTM original,36
2016-06-01,0.05422902229333333,0.03336531167125608,1.6253114260596329,0.17433260756675648,0.05502732199908359,-0.031101767000000113,GAN–LSTM original,36
2016-07-01,0.05422050001,0.03336660745967764,1.624992893734358,0.17430257154384562,0.05501832707584401,-0.031101767000000002,GAN–LSTM original,36
2016-08-01,0.05337131444333333,0.033565608396900336,1.59005949816962,0.17130537057339637,0.05411997938473369,-0.031101767000000002,GAN–LSTM original,36
2016-09-01,0.05140741014333333,0.033765350147441704,1.5224900650772109,0.16443175152488887,0.05205395430557887,-0.031101767000000002,GAN–LSTM original,36
2016-10-01,0.05122822681,0.033720131803962536,1.5192178698417793,0.1638137366442358,0.05186779767902486,-0.03110176699999989,GAN–LSTM original,36
2016-11-01,0.04988558414333333,0.0336905282486483,1.4807005629344734,0.1591583317031008,0.05046338781845712,-0.031101767000000002,GAN–LSTM original,36
2016-12-01,0.049787976643333336,0.033695998911238166,1.4775634571476741,0.15881973819007286,0.05036109672315411,-0.031101767000000113,GAN–LSTM original,36
1992-01-01,,,,,,,GAN–LSTM original,60
1992-02-01,,,,,,,GAN–LSTM original,60
1992-03-01,,,,,,,GAN–LSTM original,60
1992-04-01,,,,,,,GAN–LSTM original,60
1992-05-01,,,,,,,GAN–LSTM original,60
1992-06-01,,,,,,,GAN–LSTM original,60
1992-07-01,,,,,,,GAN–LSTM original,60
1992-08-01,,,,,,,GAN–LSTM original,60
1992-09-01,,,,,,,GAN–LSTM original,60
1992-10-01,,,,,,,GAN–LSTM original,60
1992-11-01,,,,,,,GAN–LSTM original,60
1992-12-01,,,,,,,GAN–LSTM original,60
1993-01-01,,,,,,,GAN–LSTM original,60
1993-02-01,,,,,,,GAN–LSTM original,60
1993-03-01,,,,,,,GAN–LSTM original,60
1993-04-01,,,,,,,GAN–LSTM original,60
1993-05-01,,,,,,,GAN–LSTM original,60
1993-06-01,,,,,,,GAN–LSTM original,60
1993-07-01,,,,,,,GAN–LSTM original,60
1993-08-01,,,,,,,GAN–LSTM original,60
1993-09-01,,,,,,,GAN–LSTM original,60
1993-10-01,,,,,,,GAN–LSTM original,60
1993-11-01,,,,,,,GAN–LSTM original,60
1993-12-01,,,,,,,GAN–LSTM original,60
1994-01-01,,,,,,,GAN–LSTM original,60
1994-02-01,,,,,,,GAN–LSTM original,60
1994-03-01,,,,,,,GAN–LSTM original,60
1994-04-01,,,,,,,GAN–LSTM original,60
1994-05-01,,,,,,,GAN–LSTM original,60
1994-06-01,,,,,,,GAN–LSTM original,60
1994-07-01,,,,,,,GAN–LSTM original,60
1994-08-01,,,,,,,GAN–LSTM original,60
1994-09-01,,,,,,,GAN–LSTM original,60
1994-10-01,,,,,,,GAN–LSTM original,60
1994-11-01,,,,,,,GAN–LSTM original,60
1994-12-01,,,,,,,GAN–LSTM original,60
1995-01-01,,,,,,,GAN–LSTM original,60
1995-02-01,,,,,,,GAN–LSTM original,60
1995-03-01,,,,,,,GAN–LSTM original,60
1995-04-01,,,,,,,GAN–LSTM original,60
1995-05-01,,,,,,,GAN–LSTM original,60
1995-06-01,,,,,,,GAN–LSTM original,60
1995-07-01,,,,,,,GAN–LSTM original,60
1995-08-01,,,,,,,GAN–LSTM original,60
1995-09-01,,,,,,,GAN–LSTM original,60
1995-10-01,,,,,,,GAN–LSTM original,60
1995-11-01,,,,,,,GAN–LSTM original,60
1995-12-01,,,,,,,GAN–LSTM original,60
1996-01-01,,,,,,,GAN–LSTM original,60
1996-02-01,,,,,,,GAN–LSTM original,60
1996-03-01,,,,,,,GAN–LSTM original,60
1996-04-01,,,,,,,GAN–LSTM original,60
1996-05-01,,,,,,,GAN–LSTM original,60
1996-06-01,,,,,,,GAN–LSTM original,60
1996-07-01,,,,,,,GAN–LSTM original,60
1996-08-01,,,,,,,GAN–LSTM original,60
1996-09-01,,,,,,,GAN–LSTM original,60
1996-10-01,,,,,,,GAN–LSTM original,60
1996-11-01,,,,,,,GAN–LSTM original,60
1996-12-01,0.11328633949599999,0.023416821324663568,4.837818845065965,0.7549772411008246,0.11906238423230804,-0.0044704814999999565,GAN–LSTM original,60
1997-01-01,0.110246549096,0.02113381487823366,5.21659481410269,0.7291646426900127,0.11575096038429844,-0.0044704814999999565,GAN–LSTM original,60
1997-02-01,0.113960091496,0.0203084710768514,5.611455981336643,0.7614154504153601,0.11988224770670845,-0.003981658299999857,GAN–LSTM original,60
1997-03-01,0.11500819129600001,0.02039765150247442,5.638305531499471,0.770567230267928,0.12104355032255137,-0.003981658299999857,GAN–LSTM original,60
1997-04-01,0.11537195755600001,0.02037786355403055,5.661631664678631,0.773763305749255,0.12144798066511543,-0.003981658299999968,GAN–LSTM original,60
1997-05-01,0.11583038925599999,0.02035345386154913,5.690945136089249,0.7777991026038591,0.12195783705184908,-0.003981658299999968,GAN–LSTM original,60
1997-06-01,0.11863645105599999,0.020299120660959687,5.844413314127823,0.8026832654975263,0.12508124586148942,-0.003981658299999857,GAN–LSTM original,60
1997-07-01,0.118757919456,0.02032493167281678,5.842967709201732,0.803763173512888,0.12521601088048104,-0.003981658299999968,GAN–LSTM original,60
1997-08-01,0.11702120709600002,0.020556255299452215,5.6927297988519525,0.788277988808479,0.12327736147908797,-0.003981658299999968,GAN–LSTM original,60
1997-09-01,0.11641749377600001,0.020577841942645708,5.657419961747073,0.7829361104212778,0.1226054756025131,-0.003981658299999968,GAN–LSTM original,60
1997-10-01,0.11707681227599999,0.020442088518752777,5.72724319086077,0.7887907271645751,0.12334176772331308,-0.003981658299999968,GAN–LSTM original,60
1997-11-01,0.118200683676,0.020516953793902042,5.761122477700909,0.7987594909040026,0.12459104174520087,-0.003981658299999968,GAN–LSTM original,60
1997-12-01,0.116239670476,0.020144799209190198,5.770207450018695,0.781442295690102,0.12241729983102319,-0.003981658299999968,GAN–LSTM original,60
1998-01-01,0.11363938907599999,0.018810527937818334,6.04126526653882,0.7588659234678383,0.11955786943815824,-0.003981658299999968,GAN–LSTM original,60
1998-02-01,0.11379152867599998,0.01884393510171487,6.038628771632975,0.7601865088177227,0.11972593544894564,-0.003981658299999968,GAN–LSTM original,60
1998-03-01,0.112028847376,0.018185017986595817,6.160502423400213,0.7449867126374223,0.1177853796793136,-0.003981658299999968,GAN–LSTM original,60
1998-04-01,0.110755897936,0.018364415583421397,6.031005856564565,0.7339895430390823,0.11637292414458704,-0.003981658299999857,GAN–LSTM original,60
1998-05-01,0.114288202536,0.01818404921383879,6.285079917679836,0.7646258203058685,0.12029017168946197,-0.003981658299999857,GAN–LSTM original,60
1998-06-01,0.11373124863600001,0.018177131511983913,6.256831478664204,0.7597657648520807,0.11967239987418163,-0.003981658299999968,GAN–LSTM original,60
1998-07-01,0.11355628043600002,0.018180805712140313,6.245943234527405,0.7582407862434813,0.11947827533024784,-0.003981658299999968,GAN–LSTM original,60
1998-08-01,0.11384061163599998,0.018236858027045475,6.242336890881807,0.7607100431158046,0.11979253580041227,-0.003981658299999968,GAN–LSTM original,60
1998-09-01,0.11497613763599998,0.018483348165002356,6.220525448614538,0.7706017107045462,0.12104791658092583,-0.003981658299999968,GAN–LSTM original,60
1998-10-01,0.11658231723600002,0.018124827212679367,6.432189166164514,0.7847983021641007,0.12283987927048741,-0.003981658299999968,GAN–LSTM original,60
1998-11-01,0.12134124389600001,0.0175832899023936,6.900940868834899,0.8274366947884496,0.12815420956764048,-0.0013842138999999865,GAN–LSTM original,60
1998-12-01,0.119078184896,0.01704006718245538,6.9881288389874445,0.8071594158187524,0.12563941805175136,-0.0013842138999999865,GAN–LSTM original,60
1999-01-01,0.11813500083600001,0.01702597144992082,6.938517498603546,0.7987421458933587,0.12458887290396056,-0.0013842138999999865,GAN–LSTM original,60
1999-02-01,0.12134460081600001,0.0163734472739976,7.41106004040489,0.8276483720708523,0.12818034383035834,0.0,GAN–LSTM original,60
1999-03-01,0.11849600281600002,0.018421069363843225,6.432634309959405,0.8017420068918434,0.12496373063598361,-0.009425165999999985,GAN–LSTM original,60
1999-04-01,0.113051767716,0.020787329696269632,5.438493994555134,0.7534155561996555,0.11886315142443887,-0.021650288355757996,GAN–LSTM original,60
1999-05-01,0.11404095327600003,0.020597503157412485,5.536639679307914,0.7620611555780357,0.1199643416544551,-0.021650288355758107,GAN–LSTM original,60
1999-06-01,0.115469127676,0.020896099033617496,5.525870043505924,0.7745160485465417,0.12154314766139472,-0.021650288355757996,GAN–LSTM original,60
1999-07-01,0.11686035855600002,0.020914957507382505,5.587405975591916,0.7867803714006057,0.12308915768191818,-0.021650288355758107,GAN–LSTM original,60
1999-08-01,0.115556446156,0.021018339749727125,5.497886490178189,0.7752616134084177,0.12163737534321999,-0.021650288355758107,GAN–LSTM original,60
1999-09-01,0.11509595399600002,0.021128219866246956,5.447498877076232,0.7711977830971252,0.12112338648980384,-0.021650288355757996,GAN–LSTM original,60
1999-10-01,0.117137646996,0.021500488185910535,5.448138943782744,0.7891284885502119,0.12338418663933125,-0.021650288355757996,GAN–LSTM original,60
1999-11-01,0.11703310131600002,0.0215204853516149,5.438218488284133,0.7881988128547796,0.12326741468870886,-0.021650288355758107,GAN–LSTM original,60
1999-12-01,0.110994775116,0.02262024052800355,4.906878641656792,0.7353021887136362,0.11654189385589385,-0.021650288355757996,GAN–LSTM original,60
2000-01-01,0.11274453231599998,0.02309713899827073,4.881320250289056,0.7503176884674568,0.11846751878123642,-0.021650288355757996,GAN–LSTM original,60
2000-02-01,0.100740768516,0.03404506831679041,2.9590414558315477,0.6466425867959693,0.10489210073055466,-0.04673791699999996,GAN–LSTM original,60
2000-03-01,0.10594436011599997,0.03620674926472494,2.926094230150016,0.6890627104611744,0.11052708412068442,-0.04673791699999996,GAN–LSTM original,60
2000-04-01,0.10564449871599998,0.03620233780354874,2.9181678622324814,0.6865555828507365,0.11019721032022545,-0.04673791700000007,GAN–LSTM original,60
2000-05-01,0.10462878351600001,0.03640793840315068,2.873790390365679,0.6780250380303101,0.10907186274365566,-0.04673791699999996,GAN–LSTM original,60
2000-06-01,0.11004667291600001,0.03778465523211047,2.9124699495068893,0.7232705406866853,0.11498928220078501,-0.04673791699999996,GAN–LSTM original,60
2000-07-01,0.11320678399600002,0.03811192006209386,2.970377346813223,0.750356526169163,0.11847248225987919,-0.04673791699999996,GAN–LSTM original,60
2000-08-01,0.11412935079600002,0.038140545825034816,2.9923365889820963,0.7583639349479898,0.11949395673613665,-0.04673791699999996,GAN–LSTM original,60
2000-09-01,0.11492836079600002,0.03822549506290326,3.0065892045838973,0.7653085567262603,0.12037684667173205,-0.04673791699999996,GAN–LSTM original,60
2000-10-01,0.114028710396,0.03822142389195402,2.983371595949468,0.7574615965073743,0.11937903515150487,-0.04673791700000007,GAN–LSTM original,60
2000-11-01,0.114667140596,0.03826617474024885,2.99656658587804,0.7630130067560872,0.12008531465279827,-0.04673791699999996,GAN–LSTM original,60
2000-12-01,0.11401356139599998,0.038276053586799,2.978717780751619,0.757312056528383,0.11935998522002617,-0.04673791699999996,GAN–LSTM original,60
2001-01-01,0.11391262319599998,0.03827587724910734,2.9760943806626043,0.7564337772802822,0.11924807484653367,-0.04673791699999996,GAN–LSTM original,60
2001-02-01,0.12370700471599999,0.04355698695542302,2.8401185059610277,0.841842500828618,0.12992729048245882,-0.04673791699999985,GAN–LSTM original,60
2001-03-01,0.125671857856,0.043507442613964505,2.888514017499693,0.8598579959018954,0.13212910961133736,-0.04673791699999996,GAN–LSTM original,60
2001-04-01,0.127590635728,0.04326659700840484,2.948940858538392,0.8776941248582392,0.1342922622388053,-0.04673791699999996,GAN–LSTM original,60
2001-05-01,0.130319757328,0.04318797315982498,3.017501118788973,0.9032474376584273,0.13736288165961888,-0.04673791699999996,GAN–LSTM original,60
2001-06-01,0.129068829148,0.04332791997047529,2.978883575208564,0.8914515519219829,0.13594955129039066,-0.04673791699999996,GAN–LSTM original,60
2001-07-01,0.130815820748,0.043596651902603256,3.0005932804254782,0.9077607081679745,0.13790178838206396,-0.04673791699999996,GAN–LSTM original,60
2001-08-01,0.130439455748,0.043571059373874683,2.9937177939311663,0.9042227882249938,0.13747942984790867,-0.04673791699999996,GAN–LSTM original,60
2001-09-01,0.132737163048,0.043584666307039416,3.0455014181572713,0.9259803942157826,0.14006699332903247,-0.04673791699999996,GAN–LSTM original,60
2001-10-01,0.13013146788799998,0.0436561554966092,2.980827477996943,0.9012900185153844,0.13712883828053735,-0.04673791699999996,GAN–LSTM original,60
2001-11-01,0.12742989286,0.04468344263723565,2.8518369521020297,0.8756325131978593,0.1340430738530885,-0.04673791699999996,GAN–LSTM original,60
2001-12-01,0.12452727358,0.044766739023666534,2.7816918608739174,0.8488529445786196,0.13078613255274277,-0.04673791699999996,GAN–LSTM original,60
2002-01-01,0.12526092158,0.044926306905283445,2.7881419642189416,0.8555139815815554,0.13159975885005176,-0.04673791699999985,GAN–LSTM original,60
2002-02-01,0.12789848888,0.045527845985414324,2.8092365476937915,0.8796440297432063,0.13452774722412197,-0.04673791699999985,GAN–LSTM original,60
2002-03-01,0.12743630728000002,0.04550647999412803,2.800399136484383,0.8753597406748949,0.13401008724356522,-0.04673791699999996,GAN–LSTM original,60
2002-04-01,0.13066431428,0.04598967748169021,2.841166136292675,0.9053457037967323,0.13761355198866224,-0.04673791699999996,GAN–LSTM original,60
2002-05-01,0.13193034548,0.04604386734609784,2.8653185121988,0.9172908141850327,0.13903638775624008,-0.04673791699999996,GAN–LSTM original,60
2002-06-01,0.13303946868,0.04624259627358578,2.876989602679238,0.9277518372133097,0.1402766342060575,-0.04673791700000007,GAN–LSTM original,60
2002-07-01,0.13660694767999998,0.04718409599589363,2.8951905254662225,0.9616484645566671,0.14425873531620453,-0.04673791699999985,GAN–LSTM original,60
2002-08-01,0.13919149343999998,0.0470599841513535,2.957746288063649,0.9869274053240827,0.14719276664503378,-0.04673791699999996,GAN–LSTM original,60
2002-09-01,0.14174362835999998,0.04717944826178623,3.0043511228342945,1.0120933413078823,0.15008416734463395,-0.04673791699999996,GAN–LSTM original,60
2002-10-01,0.14123991224000002,0.047242658328182634,2.9896690245253037,1.0070620710436948,0.14950843058043944,-0.04673791699999996,GAN–LSTM original,60
2002-11-01,0.13118262203999997,0.05189346092159331,2.52792201002369,0.9075230486932169,0.13787343612416328,-0.04673791699999985,GAN–LSTM original,60
2002-12-01,0.13951105024,0.054783740535513124,2.546577668415377,0.9862744185003446,0.14711735369811932,-0.04673791699999985,GAN–LSTM original,60
2003-01-01,0.13758228132,0.05490755198368305,2.5057078006479965,0.9673631560859289,0.14492465270386612,-0.04673791699999996,GAN–LSTM original,60
2003-02-01,0.13444862670000002,0.05521123560829833,2.4351678642705865,0.9369612243674149,0.14136403966976233,-0.04673791699999996,GAN–LSTM original,60
2003-03-01,0.13209609392519997,0.05543520746530305,2.382891666958747,0.9144432950164323,0.1386978521026515,-0.04673791699999996,GAN–LSTM original,60
2003-04-01,0.12904578836519998,0.05626493845532733,2.2935382479385176,0.8853489122611476,0.13521559067039138,-0.04673791699999996,GAN–LSTM original,60
2003-05-01,0.1193228425652,0.05923820406193489,2.014288658049883,0.7952509820084287,0.12415199253234488,-0.04673791699999985,GAN–LSTM original,60
2003-06-01,0.11726839416519999,0.05947275837641158,1.9718001546689923,0.7769620846906725,0.1218521698014269,-0.04673791699999996,GAN–LSTM original,60
2003-07-01,0.11429373390519999,0.05989989194885202,1.9080791331442526,0.7507596401581592,0.1185239952365643,-0.05205582713392165,GAN–LSTM original,60
2003-08-01,0.11229822850519999,0.05992409614180058,1.8740078822292885,0.7335277330242802,0.11631345352899174,-0.05205582713392187,GAN–LSTM original,60
2003-09-01,0.1120967265052,0.059902075494000576,1.87133293096709,0.7318091848680058,0.11609203225166806,-0.05205582713392176,GAN–LSTM original,60
2003-10-01,0.11104249318519999,0.059942992492218974,1.8524682964337171,0.7227677447167508,0.11492421086771222,-0.05205582713392165,GAN–LSTM original,60
2003-11-01,0.10752769638519999,0.059828460551951373,1.797266641882412,0.6930800534208361,0.11105484780105143,-0.05205582713392165,GAN–LSTM original,60
2003-12-01,0.10716559086520001,0.059837106234786934,1.790955438999792,0.6900403586719814,0.11065561144299056,-0.05205582713392176,GAN–LSTM original,60
2004-01-01,0.1077325041252,0.059839413079139626,1.80036030739005,0.6947939252640771,0.11127969659635996,-0.05205582713392176,GAN–LSTM original,60
2004-02-01,0.10591750304519999,0.05980164036854711,1.7711471189159498,0.6796359347692251,0.10928472185480742,-0.05205582713392176,GAN–LSTM original,60
2004-03-01,0.10835105164520001,0.059291727242222404,1.8274227566783012,0.7002677716444959,0.11199661335321145,-0.05205582713392165,GAN–LSTM original,60
2004-04-01,0.1109353732452,0.058622289636131024,1.8923753052597683,0.7225124972871669,0.11489117119571234,-0.05205582713392165,GAN–LSTM original,60
2004-05-01,0.11076555254520001,0.05862709624928767,1.889323531805412,0.7210615575660657,0.11470328458197399,-0.05205582713392165,GAN–LSTM original,60
2004-06-01,0.10973666104519998,0.058526371371081715,1.8749951256916912,0.7123590420203191,0.11357370232298883,-0.05205582713392165,GAN–LSTM original,60
2004-07-01,0.1084875423652,0.05849984980900639,1.8544926648426658,0.7018061443365475,0.11219776360448235,-0.05205582713392165,GAN–LSTM original,60
2004-08-01,0.1080436695652,0.05854105691251403,1.8456050379593338,0.6980472207588835,0.11170600783191607,-0.05205582713392176,GAN–LSTM original,60
2004-09-01,0.11133995272519998,0.058690572087442064,1.8970670887194028,0.7259354243218281,0.11533391531262228,-0.05205582713392176,GAN–LSTM original,60
2004-10-01,0.1080273431452,0.058622782750456036,1.84275358617908,0.6978707374057475,0.11168289825538066,-0.05205582713392176,GAN–LSTM original,60
2004-11-01,0.11066366254519999,0.05875656139170787,1.883426462066883,0.7201300747960375,0.11458259723532699,-0.05205582713392187,GAN–LSTM original,60
2004-12-01,0.11282672416519998,0.058250778452986374,1.9369135857345035,0.7389131393800649,0.11700618486550207,-0.05205582713392176,GAN–LSTM original,60
2005-01-01,0.1127144637652,0.05823089233939082,1.9356472009437724,0.7379560563968409,0.1168831996481829,-0.05205582713392154,GAN–LSTM original,60
2005-02-01,0.1245667331652,0.052346079475292726,2.3796764612332675,0.8459993938647015,0.13043686199300536,-0.05205582713392176,GAN–LSTM original,60
2005-03-01,0.11804963794519999,0.051120327692149324,2.3092504151402213,0.7879351770216939,0.1232342918610049,-0.05205582713392176,GAN–LSTM original,60
2005-04-01,0.11540381208520001,0.05152670488376032,2.239689348378492,0.7644838057231728,0.12027213923621043,-0.05205582713392165,GAN–LSTM original,60
2005-05-01,0.1176224571452,0.05129994897748914,2.2928377023691335,0.7840772996545661,0.12274914619236818,-0.05205582713392176,GAN–LSTM original,60
2005-06-01,0.11325009714520001,0.05031908966190382,2.2506388312295074,0.7462747233823188,0.11795034307789326,-0.05205582713392187,GAN–LSTM original,60
2005-07-01,0.10780240888519999,0.050512793599645715,2.1341605007955073,0.6996903144149023,0.11192107022451682,-0.05205582713392176,GAN–LSTM original,60
2005-08-01,0.10666846908519999,0.05048605601264606,2.112830304242443,0.6901767073742505,0.11067353191024154,-0.05205582713392187,GAN–LSTM original,60
2005-09-01,0.10355333044639997,0.05054961841302748,2.048548212575875,0.6642537080320581,0.1072454559528172,-0.05205582713392176,GAN–LSTM original,60
2005-10-01,0.10306004904640001,0.05057324387000587,2.0378374246925293,0.6601793789581938,0.10670278550117815,-0.05205582713392176,GAN–LSTM original,60
2005-11-01,0.10091736642640001,0.05057732268081124,1.9953085904384473,0.6426346264572305,0.10435371048718309,-0.052055827133921984,GAN–LSTM original,60
2005-12-01,0.0998667625264,0.05065472473761217,1.97151920267463,0.6340685860161382,0.1031994996720443,-0.05205582713392165,GAN–LSTM original,60
2006-01-01,0.0993776811264,0.05065682811960896,1.9617825437422418,0.6301094838133443,0.10266440357355927,-0.05205582713392176,GAN–LSTM original,60
2006-02-01,0.0895765068264,0.04575546744647175,1.9577224717722195,0.5544666813057897,0.09223548897298783,-0.05205582713392187,GAN–LSTM original,60
2006-03-01,0.08755901132639998,0.04567472168704382,1.9170124763176637,0.5390059400435482,0.09005411620740984,-0.05205582713392176,GAN–LSTM original,60
2006-04-01,0.0863751289664,0.04568032529804233,1.8908606364522031,0.5299860778893435,0.08877338442827064,-0.05205582713392176,GAN–LSTM original,60
2006-05-01,0.0832571896864,0.045577366279512165,1.82672226332274,0.5065176389171706,0.08541256353970905,-0.052055827133921984,GAN–LSTM original,60
2006-06-01,0.08378127186640001,0.04554545498233161,1.8395089454897566,0.5104538336252475,0.08597915989929363,-0.05205582713392176,GAN–LSTM original,60
2006-07-01,0.0812831306664,0.04506054359099276,1.803864849128181,0.49198917790765373,0.08331095405896041,-0.05205582713392165,GAN–LSTM original,60
2006-08-01,0.0798803492664,0.04497698535863217,1.7760271976758668,0.4816573613769082,0.0818064254170322,-0.05205582713392165,GAN–LSTM original,60
2006-09-01,0.07768886906639999,0.04473255135596823,1.7367412926701913,0.46569306153204953,0.07946510146963683,-0.05205582713392165,GAN–LSTM original,60
2006-10-01,0.07801743082639999,0.04471458692717227,1.744787018908815,0.4680930865678911,0.07981838799308438,-0.05205582713392165,GAN–LSTM original,60
2006-11-01,0.0800371795664,0.044063335742345305,1.8164121762003478,0.483107230722237,0.08201806198618247,-0.05205582713392176,GAN–LSTM original,60
2006-12-01,0.08197502464640001,0.04406663123402869,1.8602516768538022,0.49744900024133953,0.08410265505128597,-0.05205582713392165,GAN–LSTM original,60
2007-01-01,0.07770719524639999,0.043620127699932794,1.781452722489845,0.46617748190774966,0.07953644598054845,-0.05205582713392176,GAN–LSTM original,60
2007-02-01,0.07275806752640002,0.042611222698583584,1.707486031111201,0.4308596336723998,0.07428473916865101,-0.05205582713392165,GAN–LSTM original,60
2007-03-01,0.07235865832640001,0.04256823397958804,1.699827584134611,0.42803477567261355,0.07386022496745001,-0.05205582713392165,GAN–LSTM original,60
2007-04-01,0.0679109116464,0.04164504456044852,1.6307081037655293,0.3970685284020158,0.06916206687527582,-0.05205582713392176,GAN–LSTM original,60
2007-05-01,0.0653472282464,0.04138872499269208,1.5788654581154218,0.37944309243032787,0.06645063645414008,-0.05205582713392176,GAN–LSTM original,60
2007-06-01,0.061319272566400004,0.0407307358778012,1.5054791239315624,0.35225794360847906,0.06221372394318919,-0.05205582713392143,GAN–LSTM original,60
2007-07-01,0.0537774039064,0.03907262678492751,1.3763447285593027,0.30285959995325645,0.054337184331069516,-0.05205582713392187,GAN–LSTM original,60
2007-08-01,0.0510594368664,0.038748368388713,1.317718370853341,0.2854281124177993,0.05150068210254798,-0.05205582713392165,GAN–LSTM original,60
2007-09-01,0.0473998137464,0.03806978016814601,1.2450771592860594,0.2623741548128078,0.047701628328005403,-0.05205582713392176,GAN–LSTM original,60
2007-10-01,0.047061689186399996,0.0380704591424518,1.2361734070583406,0.26024995285205044,0.047348796432328207,-0.05205582713392143,GAN–LSTM original,60
2007-11-01,0.0529772454864,0.03376401658706561,1.5690445285083359,0.2989307020081192,0.05370052494605917,-0.05205582713392165,GAN–LSTM original,60
2007-12-01,0.0446212584864,0.026631895945792145,1.6754818574398258,0.24726057142870808,0.04518083751882949,-0.05205582713392165,GAN–LSTM original,60
2008-01-01,0.04534786140639999,0.026668756987723096,1.7004115125154045,0.25177715572605047,0.045936705942124324,-0.05205582713392176,GAN–LSTM original,60
2008-02-01,0.05003246162640001,0.027718296953212797,1.8050337548101343,0.2811488284368243,0.05079964345717449,-0.050440596332044896,GAN–LSTM original,60
2008-03-01,0.05154748170119999,0.027696082799062955,1.8611831165865806,0.2908532182580384,0.05238675211880287,-0.050440596332044896,GAN–LSTM original,60
2008-04-01,0.0566671401012,0.02705062832627728,2.0948548557799267,0.32428749348098057,0.05778268941092518,-0.03921502779540431,GAN–LSTM original,60
2008-05-01,0.06325089560120001,0.021581753175846964,2.9307579919867996,0.3692911445123617,0.0648762962234651,-0.008145486689732251,GAN–LSTM original,60
2008-06-01,0.0621680128012,0.022079877018468173,2.815595972260221,0.36186281128453957,0.06371840117940825,-0.0073561799999999344,GAN–LSTM original,60
2008-07-01,0.0672899292612,0.02235998650255902,3.0093904239834357,0.39695769144713455,0.06914510186230499,-0.0073561800000001565,GAN–LSTM original,60
2008-08-01,0.0667032746012,0.022448173740551757,2.9714343523946947,0.3928752926989503,0.06851948697633779,-0.0073561800000000455,GAN–LSTM original,60
2008-09-01,0.06452589366119998,0.022012592538823105,2.9313173151866208,0.3779394765785731,0.06621804524409057,-0.0073561800000001565,GAN–LSTM original,60
2008-10-01,0.0696322215812,0.02458695260250547,2.832080197450102,0.4129672865595421,0.07158449582407146,-0.0073561800000000455,GAN–LSTM original,60
2008-11-01,0.07161118178120002,0.02469323334910705,2.9000326028097727,0.4269170832104056,0.073692074802122,-0.0073561800000000455,GAN–LSTM original,60
2008-12-01,0.0759742363012,0.02666203609668058,2.8495286716177977,0.4578404754653227,0.07830594787819752,-0.0073561800000000455,GAN–LSTM original,60
2009-01-01,0.0746387095012,0.026611228796444945,2.804782525156116,0.44820776116395356,0.07687718038065051,-0.0073561800000000455,GAN–LSTM original,60
2009-02-01,0.07385883808120002,0.02668706712421679,2.767589174839594,0.44259206683172336,0.07604072374640876,-0.0073561800000000455,GAN–LSTM original,60
2009-03-01,0.0742025611812,0.026653418724714963,2.783979119061152,0.4450645469508496,0.0764093195941752,-0.0073561800000001565,GAN–LSTM original,60
2009-04-01,0.06371757608119999,0.03714261168028582,1.7154845391504698,0.36935107208026513,0.06488561700665609,-0.051844760000000045,GAN–LSTM original,60
2009-05-01,0.06213902730120001,0.037229342480402015,1.669087423016153,0.35862019667370515,0.06321137234113991,-0.05251929460971494,GAN–LSTM original,60
2009-06-01,0.0624956440012,0.03730673121407779,1.6751841281022521,0.3610134029890472,0.0635856775705771,-0.05251929460971472,GAN–LSTM original,60
2009-07-01,0.058796034681199996,0.038017129645800646,1.5465669088906235,0.33601707561550737,0.05964990072772812,-0.05251929460971472,GAN–LSTM original,60
2009-08-01,0.055285765081200006,0.03903259181510772,1.416400052117508,0.3126282895237252,0.055913523199434385,-0.06431310450984495,GAN–LSTM original,60
2009-09-01,0.0511232101812,0.03846935441661242,1.328933405732517,0.28584442622261214,0.051568783546110816,-0.06507723929501186,GAN–LSTM original,60
2009-10-01,0.0510629814612,0.03847312639401692,1.3272376395473013,0.28545799039444275,0.05150557018931471,-0.06507723929501164,GAN–LSTM original,60
2009-11-01,0.0474761562072,0.03794245801752087,1.2512672791329624,0.26282608991889006,0.04777663388072597,-0.06507723929501164,GAN–LSTM original,60
2009-12-01,0.049574146387199994,0.03808105121366534,1.301806142615369,0.27605629779830576,0.04996293221739706,-0.06507723929501175,GAN–LSTM original,60
2010-01-01,0.045500487707200006,0.03752033887721452,1.2126886128640937,0.2505563852405296,0.045732620568856415,-0.06507723929501186,GAN–LSTM original,60
2010-02-01,0.044890440307200005,0.03740056845645621,1.2002609093886878,0.24678907157268995,0.045101803969634806,-0.06507723929501186,GAN–LSTM original,60
2010-03-01,0.0443783847672,0.0374230539135571,1.185856848286858,0.24360771174057294,0.04456791356165749,-0.06507723929501186,GAN–LSTM original,60
2010-04-01,0.0441547565072,0.037477019648480284,1.1781821746060455,0.2422107021092642,0.044333124475884694,-0.06507723929501186,GAN–LSTM original,60
2010-05-01,0.0410093080072,0.03758978752493952,1.0909694017289067,0.22286928745568596,0.04106059300504219,-0.06507723929501186,GAN–LSTM original,60
2010-06-01,0.0390334759944,0.037502968257512904,1.0408103093701253,0.2109067592884579,0.03901577343100575,-0.06507723929501186,GAN–LSTM original,60
2010-07-01,0.0434367864544,0.037669825910065256,1.1530923067736776,0.23773230423134994,0.04357903366717686,-0.06507723929501186,GAN–LSTM original,60
2010-08-01,0.0421959759144,0.03764964576147562,1.1207535970385232,0.23010878855490663,0.04229031971228519,-0.06507723929501164,GAN–LSTM original,60
2010-09-01,0.043725468033199995,0.03765796777554074,1.1611212876335868,0.2395163941291621,0.043879707125771626,-0.06507723929501186,GAN–LSTM original,60
2010-10-01,0.0440258331332,0.03767490886887816,1.1685717220027068,0.24136868033632256,0.04419150763925922,-0.06507723929501186,GAN–LSTM original,60
2010-11-01,0.0437510932932,0.03768452275688219,1.1609830798563023,0.2396685944940893,0.04390534148933306,-0.06507723929501175,GAN–LSTM original,60
2010-12-01,0.0428964124132,0.03776917619650988,1.1357518678727205,0.23438194620854366,0.04301345818836855,-0.06507723929501175,GAN–LSTM original,60
2011-01-01,0.041063558113200005,0.037829116021050234,1.0855013923759136,0.22314686292291475,0.04110785016487363,-0.06507723929501208,GAN–LSTM original,60
2011-02-01,0.0385577364732,0.03799761077696363,1.0147410767356968,0.20792958958409663,0.03850435950246284,-0.06507723929501164,GAN–LSTM original,60
2011-03-01,0.03965982577320001,0.0381045951929231,1.040814777650905,0.2145584037998847,0.03964167593311345,-0.06507723929501197,GAN–LSTM original,60
2011-04-01,0.040559770733199996,0.03817615774564629,1.0624372154849853,0.22000140242218688,0.040571833191598274,-0.06507723929501197,GAN–LSTM original,60
2011-05-01,0.0413543598132,0.03816193477802572,1.0836546955426516,0.22484474569617457,0.04139672772310403,-0.06507723929501175,GAN–LSTM original,60
2011-06-01,0.0404811945532,0.03816311162374063,1.0607414550551828,0.2195267593699155,0.04049085343715352,-0.06507723929501164,GAN–LSTM original,60
2011-07-01,0.0381284298132,0.038155451379698876,0.999291803254272,0.2053123638171427,0.03805394267351983,-0.06507723929501164,GAN–LSTM original,60
2011-08-01,0.0370537400212,0.03815471305508131,0.9711445075660269,0.19887331616877238,0.03694246185079927,-0.06507723929501197,GAN–LSTM original,60
2011-09-01,0.0357284796812,0.038166700298753804,0.936116546663233,0.1909766498202643,0.035572834534425814,-0.06507723929501186,GAN–LSTM original,60
2011-10-01,0.0481875450812,0.04776689078313877,1.0088063989756209,0.26480682088423874,0.04810511343759873,-0.06507723929501186,GAN–LSTM original,60
2011-11-01,0.05093095154119999,0.04778378224560606,1.0658627079668506,0.28219864117202553,0.05097179854507299,-0.06507723929501152,GAN–LSTM original,60
2011-12-01,0.050220864541200005,0.04769788336263769,1.0528950343431505,0.2776987861877947,0.050233087179066195,-0.06507723929501197,GAN–LSTM original,60
2012-01-01,0.052715449341199996,0.04782757587108265,1.1021978091319622,0.29362755196009427,0.05283872686109772,-0.06507723929501197,GAN–LSTM original,60
2012-02-01,0.052869957901200006,0.047822734123180166,1.105540259681083,0.29462440317894695,0.05300093741648974,-0.06507723929501164,GAN–LSTM original,60
2012-03-01,0.052843694301200006,0.0478198939933727,1.1050567010567516,0.29445600483424617,0.05297354215941506,-0.06507723929501152,GAN–LSTM original,60
2012-04-01,0.052872007981199995,0.04781928301033854,1.1056629178185096,0.2946386526309351,0.053003255404657494,-0.06507723929501175,GAN–LSTM original,60
2012-05-01,0.05185737976119999,0.04789852288839393,1.082650917691771,0.28809188095953747,0.051936122334180365,-0.06507723929501186,GAN–LSTM original,60
2012-06-01,0.054089662841199995,0.048039062568692316,1.1259516724302387,0.3024429284125265,0.054269737538034574,-0.06507723929501175,GAN–LSTM original,60
2012-07-01,0.05728955250119999,0.04789838437580259,1.196064402751372,0.32339512256942665,0.05764009363192944,-0.06507723929501186,GAN–LSTM original,60
2012-08-01,0.05630540658120001,0.0480039012965323,1.1729339712076148,0.3168969461756176,0.056599396056407576,-0.06507723929501208,GAN–LSTM original,60
2012-09-01,0.056033905821200006,0.04802346917475479,1.166802540176672,0.3151127447859168,0.05631293345849711,-0.06507723929501175,GAN–LSTM original,60
2012-10-01,0.05743300010119999,0.048076335533910476,1.1946210014423795,0.32428492049481233,0.05778227837293571,-0.06507723929501197,GAN–LSTM original,60
2012-11-01,0.059902189861199995,0.047789767557965365,1.2534522120983989,0.340745654752728,0.060398927046271034,-0.06507723929501186,GAN–LSTM original,60
2012-12-01,0.057912464181199996,0.0478473676217358,1.2103584180228106,0.32751978586482766,0.05829854865714822,-0.06507723929501175,GAN–LSTM original,60
2013-01-01,0.057122701341200004,0.047845233498273285,1.1939057909135615,0.32231355217807406,0.057467161704383526,-0.06507723929501186,GAN–LSTM original,60
2013-02-01,0.0542765343412,0.04724133791030448,1.1489203469269436,0.3038951738345808,0.054504738390796385,-0.06507723929501175,GAN–LSTM original,60
2013-03-01,0.05341621154120001,0.04722313760429406,1.1311449058891587,0.2983287394419899,0.053602843694432155,-0.06507723929501186,GAN–LSTM original,60
2013-04-01,0.05094659252119999,0.04704239181784995,1.082993244018443,0.2825168676972238,0.051023961118860345,-0.06507723929501197,GAN–LSTM original,60
2013-05-01,0.0498187289412,0.047174456753658306,1.0560530500933991,0.2752958582457448,0.049837761606065505,-0.06507723929501186,GAN–LSTM original,60
2013-06-01,0.051612394321199996,0.04689918740218482,1.100496558257971,0.28681788651059004,0.051727955306258296,-0.06507723929501208,GAN–LSTM original,60
2013-07-01,0.04765348361119999,0.04643674648027357,1.0262020322944736,0.26183050110219264,0.04761137219905989,-0.06507723929501197,GAN–LSTM original,60
2013-08-01,0.0471189534112,0.04648916535281042,1.013546985703229,0.25846078020878965,0.04705124389387389,-0.06507723929501186,GAN–LSTM original,60
2013-09-01,0.047036011751199994,0.04648868095317309,1.0117734206866014,0.2579411710381923,0.04696476566361738,-0.06507723929501186,GAN–LSTM original,60
2013-10-01,0.043619493351199995,0.045155081170679574,0.9659930227192973,0.23707627273247278,0.04346838520006234,-0.06507723929501197,GAN–LSTM original,60
2013-11-01,0.0425826460712,0.04501592961407073,0.9459461669739648,0.23073986158469048,0.04239724137306576,-0.06507723929501164,GAN–LSTM original,60
2013-12-01,0.0373851883112,0.04356899872133762,0.8580685672927998,0.19964105516140931,0.03707523606548385,-0.06507723929501186,GAN–LSTM original,60
2014-01-01,0.035845832991200005,0.04367545628228915,0.8207317345356699,0.19044386007305497,0.035480164145746965,-0.06507723929501175,GAN–LSTM original,60
2014-02-01,0.035414136843199995,0.043699161655478706,0.8104076943718669,0.1878786436659168,0.035033520123081544,-0.06507723929501175,GAN–LSTM original,60
2014-03-01,0.035312982263199996,0.043696192318023325,0.8081478131135578,0.18728051520566277,0.034929265747167704,-0.06507723929501186,GAN–LSTM original,60
2014-04-01,0.0442051632632,0.0362468779604587,1.219557814370189,0.24295448500296096,0.04445815497886697,-0.02691357267802208,GAN–LSTM original,60
2014-05-01,0.0450359393432,0.036191995059207734,1.2443618891283597,0.2481212450018551,0.0453250433652319,-0.02691357267802208,GAN–LSTM original,60
2014-06-01,0.0427934054632,0.0358900760964255,1.1923464678154312,0.23432020387911634,0.04300302391894076,-0.02691357267802219,GAN–LSTM original,60
2014-07-01,0.0463365334632,0.035265972263457374,1.3139162339560377,0.2564370405124453,0.04671427296532112,-0.01578554107179131,GAN–LSTM original,60
2014-08-01,0.0491751362632,0.034281063338116646,1.4344693972349112,0.27454088486516254,0.049713431661347514,-0.011362816540884002,GAN–LSTM original,60
2014-09-01,0.0512784141632,0.03429703079458836,1.4951269242610672,0.28795540830183824,0.05191383097361544,-0.011362816540884113,GAN–LSTM original,60
2014-10-01,0.05283505326319999,0.03435659077595939,1.5378433095338049,0.2979624250200004,0.053543383640968494,-0.011362816540883891,GAN–LSTM original,60
2014-11-01,0.052854417543200014,0.03435449403367967,1.5385008287819288,0.29808800798539825,0.05356376974453312,-0.011362816540884224,GAN–LSTM original,60
2014-12-01,0.048644651143200004,0.034725787306925326,1.4008221242977794,0.27108230312255105,0.04914311385070153,-0.011362816540883891,GAN–LSTM original,60
2015-01-01,0.051254831423200004,0.034821706286146274,1.4719218811971773,0.2876894471324853,0.05187038360854061,-0.011362816540884002,GAN–LSTM original,60
2015-02-01,0.051139887023200006,0.034805188536760144,1.469317914172126,0.28695632865091814,0.0517505843363975,-0.011362816540884113,GAN–LSTM original,60
2015-03-01,0.0536678165832,0.0350096858602562,1.5329419634731696,0.30320961159708565,0.054393827524492185,-0.011362816540884002,GAN–LSTM original,60
2015-04-01,0.0535692537832,0.03503965337758312,1.5288180281335582,0.3025636528909218,0.054289281034752376,-0.009924461869394219,GAN–LSTM original,60
2015-05-01,0.0594125928832,0.03575521868775403,1.6616481471430204,0.34083605001226336,0.060413225425819006,-0.009924461869394108,GAN–LSTM original,60
2015-06-01,0.060201820355999996,0.035687970663847275,1.6868939095207731,0.34612707880368954,0.06124879988311841,-0.009924461869394219,GAN–LSTM original,60
2015-07-01,0.058714615755999996,0.035382715351341056,1.6594152023941435,0.33627337959614423,0.05969055464658464,-0.00992446186939433,GAN–LSTM original,60
2015-08-01,0.059005018996,0.03535674210872186,1.6688477353077318,0.33821159962286035,0.05999778561732471,-0.009924461869393997,GAN–LSTM original,60
2015-09-01,0.060727172116,0.03569795607533172,1.7011386306781904,0.3496476519772353,0.061803324291137204,-0.009924461869394219,GAN–LSTM original,60
2015-10-01,0.061767470516000005,0.03581609739827066,1.7245728876921798,0.356622522870512,0.06289852555577873,-0.009924461869394219,GAN–LSTM original,60
2015-11-01,0.062845226376,0.03579087836734012,1.755900644040843,0.3639208449747289,0.06403970317651274,-0.009924461869394219,GAN–LSTM original,60
2015-12-01,0.066136357556,0.035851867903090986,1.8447116265955565,0.38641456205454394,0.0675263958143652,-0.009290888999999969,GAN–LSTM original,60
2016-01-01,0.067668299376,0.03567567719654506,1.8967628561947294,0.3970585685509692,0.06916054243677039,-0.009290888999999969,GAN–LSTM original,60
2016-02-01,0.068724591164,0.03541893378443741,1.9403348384867707,0.40447753800639896,0.07029367658306791,-0.009290888999999969,GAN–LSTM original,60
2016-03-01,0.068003976164,0.035374464237969395,1.9224029997041625,0.3994654492404873,0.0695286830989106,-0.009290888999999969,GAN–LSTM original,60
2016-04-01,0.060068687764,0.03897778950768182,1.5411004195648788,0.3444117074560288,0.060978191790281425,-0.031101767000000002,GAN–LSTM original,60
2016-05-01,0.06370488056399999,0.03979097419669845,1.60098821026819,0.3687393935547382,0.06479046477098639,-0.031101767000000002,GAN–LSTM original,60
2016-06-01,0.064466928104,0.039746952905732054,1.6219338437564348,0.3739484884117998,0.0655997013845196,-0.031101767000000002,GAN–LSTM original,60
2016-07-01,0.06487853056399999,0.039674804965407054,1.6352577062588807,0.37678313352474174,0.0660390347844925,-0.031101767000000002,GAN–LSTM original,60
2016-08-01,0.06390110315599999,0.039858217431049094,1.6032102606330247,0.37005777763741615,0.06499550924564805,-0.031101767000000002,GAN–LSTM original,60
2016-09-01,0.063643306116,0.03990146599810674,1.5950117251085403,0.3682906978906266,0.06472064439067256,-0.031101767000000002,GAN–LSTM original,60
2016-10-01,0.052660602116,0.028506208929734062,1.8473379692755683,0.29788434249634205,0.053530707572050744,-0.031101767000000002,GAN–LSTM original,60
2016-11-01,0.050989385836000004,0.028339925388991313,1.79920677758054,0.28716006061297183,0.05178388175889724,-0.03110176699999989,GAN–LSTM original,60
2016-12-01,0.049799847976,0.028299559931781224,1.7597393067612093,0.2795660832415256,0.05053988119877058,-0.031101767000000002,GAN–LSTM original,60
1992-01-01,,,,,,,GAN–LSTM matched,36
1992-02-01,,,,,,,GAN–LSTM matched,36
1992-03-01,,,,,,,GAN–LSTM matched,36
1992-04-01,,,,,,,GAN–LSTM matched,36
1992-05-01,,,,,,,GAN–LSTM matched,36
1992-06-01,,,,,,,GAN–LSTM matched,36
1992-07-01,,,,,,,GAN–LSTM matched,36
1992-08-01,,,,,,,GAN–LSTM matched,36
1992-09-01,,,,,,,GAN–LSTM matched,36
1992-10-01,,,,,,,GAN–LSTM matched,36
1992-11-01,,,,,,,GAN–LSTM matched,36
1992-12-01,,,,,,,GAN–LSTM matched,36
1993-01-01,,,,,,,GAN–LSTM matched,36
1993-02-01,,,,,,,GAN–LSTM matched,36
1993-03-01,,,,,,,GAN–LSTM matched,36
1993-04-01,,,,,,,GAN–LSTM matched,36
1993-05-01,,,,,,,GAN–LSTM matched,36
1993-06-01,,,,,,,GAN–LSTM matched,36
1993-07-01,,,,,,,GAN–LSTM matched,36
1993-08-01,,,,,,,GAN–LSTM matched,36
1993-09-01,,,,,,,GAN–LSTM matched,36
1993-10-01,,,,,,,GAN–LSTM matched,36
1993-11-01,,,,,,,GAN–LSTM matched,36
1993-12-01,,,,,,,GAN–LSTM matched,36
1994-01-01,,,,,,,GAN–LSTM matched,36
1994-02-01,,,,,,,GAN–LSTM matched,36
1994-03-01,,,,,,,GAN–LSTM matched,36
1994-04-01,,,,,,,GAN–LSTM matched,36
1994-05-01,,,,,,,GAN–LSTM matched,36
1994-06-01,,,,,,,GAN–LSTM matched,36
1994-07-01,,,,,,,GAN–LSTM matched,36
1994-08-01,,,,,,,GAN–LSTM matched,36
1994-09-01,,,,,,,GAN–LSTM matched,36
1994-10-01,,,,,,,GAN–LSTM matched,36
1994-11-01,,,,,,,GAN–LSTM matched,36
1994-12-01,0.08072774972833334,0.023297674100414046,3.4650561845956394,0.27200087694878433,0.08350055199283,-0.009917061999999865,GAN–LSTM matched,36
1995-01-01,0.07939897930833334,0.023585571515138633,3.36642168104217,0.26694911454498504,0.08206427166323037,-0.009917061999999977,GAN–LSTM matched,36
1995-02-01,0.08065614475166666,0.02334709459653181,3.454654471809441,0.27172523324447573,0.08342228116585072,-0.009917061999999977,GAN–LSTM matched,36
1995-03-01,0.077143712285,0.023617630054064902,3.2663612779268916,0.2584584843190255,0.07964165189350085,-0.009917061999999977,GAN–LSTM matched,36
1995-04-01,0.07682651261833333,0.023563391662838842,3.260418267353856,0.2572737469881432,0.07930274696012911,-0.009917061999999977,GAN–LSTM matched,36
1995-05-01,0.07529152145166666,0.02393711076203517,3.145388856665225,0.25150146104180365,0.07764847907428592,-0.009917061999999977,GAN–LSTM matched,36
1995-06-01,0.07176125505166667,0.025851487017764945,2.7759043416865294,0.23822446322714913,0.07382405051780025,-0.013859286077360866,GAN–LSTM matched,36
1995-07-01,0.06810558228500001,0.02575409484210543,2.6444564525581393,0.22480558594353256,0.0699308733236924,-0.013859286077360977,GAN–LSTM matched,36
1995-08-01,0.064944215085,0.025385022111082022,2.5583674814546686,0.21334060528475485,0.06658198484298399,-0.013859286077360866,GAN–LSTM matched,36
1995-09-01,0.06241998541833334,0.025389337521232756,2.4585117814173905,0.2042347710445117,0.06390713376399904,-0.013859286077360977,GAN–LSTM matched,36
1995-10-01,0.06476603135166667,0.025347704517531443,2.555104400355937,0.21269897672918436,0.06639394472700416,-0.013859286077360977,GAN–LSTM matched,36
1995-11-01,0.06487748401833333,0.025383242177715627,2.555917938461398,0.2130992100887093,0.06651124767251525,-0.013859286077361088,GAN–LSTM matched,36
1995-12-01,0.062962604685,0.024565010415556043,2.563101078317813,0.206257473054941,0.06450246711516258,-0.013859286077360866,GAN–LSTM matched,36
1996-01-01,0.05897976575166668,0.024509178147490894,2.406435882783963,0.19200679492514694,0.06029385318255292,-0.013859286077360977,GAN–LSTM matched,36
1996-02-01,0.05470522131833333,0.0237563630156798,2.302760792223393,0.1769510013904841,0.055810866738372135,-0.013859286077360977,GAN–LSTM matched,36
1996-03-01,0.049630058385,0.022631248750015015,2.1929880641238175,0.15933017967341356,0.050515296482425545,-0.013859286077360866,GAN–LSTM matched,36
1996-04-01,0.04911227405166667,0.022650115430263858,2.1683012699372606,0.1575366641485219,0.04997329158020285,-0.013859286077360866,GAN–LSTM matched,36
1996-05-01,0.049893556901666664,0.022574613685811123,2.2101621580805335,0.16024750802847768,0.05079229936674781,-0.013859286077360866,GAN–LSTM matched,36
1996-06-01,0.05467333336833334,0.024315683838828255,2.2484801879611864,0.17679383757256248,0.05576386884488542,-0.013859286077360866,GAN–LSTM matched,36
1996-07-01,0.05912438876833333,0.026025807418593193,2.2717600194833554,0.19239129326099386,0.060407845093011336,-0.013859286077360977,GAN–LSTM matched,36
1996-08-01,0.065328245435,0.02456343979359942,2.659572355660985,0.2148058538701754,0.06701115234667766,-0.013859286077360866,GAN–LSTM matched,36
1996-09-01,0.06510658190166665,0.024581609063686997,2.6485891030561084,0.21400108482058477,0.06677548032887708,-0.013859286077360977,GAN–LSTM matched,36
1996-10-01,0.07368976580166667,0.02657615985523753,2.772777037881346,0.24530215783409698,0.07586615833904121,-0.013859286077360866,GAN–LSTM matched,36
1996-11-01,0.07371755126833335,0.026571940002999478,2.774263048163288,0.24540573629728488,0.07589598603269936,-0.013859286077360755,GAN–LSTM matched,36
1996-12-01,0.07359428860166665,0.02651085960686571,2.7760053688567456,0.2449538358476452,0.07576583923694155,-0.013859286077360866,GAN–LSTM matched,36
1997-01-01,0.07149011886833334,0.026775478318013635,2.669984753185051,0.2371414890151836,0.07351089702192781,-0.013859286077360866,GAN–LSTM matched,36
1997-02-01,0.07794387720166668,0.027246962379578257,2.860644651533193,0.2611309665023774,0.0804053595252667,-0.013859286077360866,GAN–LSTM matched,36
1997-03-01,0.08571600020166667,0.02922993622297399,2.932473049130228,0.29047242012152047,0.08872010367196548,-0.013859286077360977,GAN–LSTM matched,36
1997-04-01,0.083225058535,0.028780400885368394,2.8917268687980853,0.2809795473835664,0.08604394483611365,-0.013859286077360866,GAN–LSTM matched,36
1997-05-01,0.08300679966833333,0.028806501209199885,2.8815300777250785,0.2801440554808213,0.08580777706157441,-0.013859286077360866,GAN–LSTM matched,36
1997-06-01,0.08319914566833334,0.02885374112611507,2.8834786208375274,0.28087289286705003,0.08601380261488613,-0.013859286077360977,GAN–LSTM matched,36
1997-07-01,0.08578538576833333,0.029128133127158746,2.9451041504732753,0.29075006234757445,0.08879817663013354,-0.013859286077360977,GAN–LSTM matched,36
1997-08-01,0.08351187800166665,0.029696513363606212,2.8121778802494855,0.2819755628372433,0.08632535352205485,-0.013859286077360977,GAN–LSTM matched,36
1997-09-01,0.08525996594666665,0.029423021947693622,2.8977297470748042,0.2886991603976543,0.08822119891989562,-0.013859286077360866,GAN–LSTM matched,36
1997-10-01,0.08607330628,0.029506020191729408,2.9171438818484403,0.2918160535432915,0.08909782924701014,-0.013859286077360866,GAN–LSTM matched,36
1997-11-01,0.09436801961333333,0.03125219814623465,3.0195642294269476,0.3239202426064086,0.09804618530903332,-0.013859286077360977,GAN–LSTM matched,36
1997-12-01,0.09556980761333334,0.03155482614192875,3.028690672655747,0.32862848512452014,0.09934630171986297,-0.013859286077360977,GAN–LSTM matched,36
1998-01-01,0.09490974953333332,0.03175184848833664,2.989109423603995,0.3259968873918792,0.09862000151894684,-0.013859286077360866,GAN–LSTM matched,36
1998-02-01,0.09790524736666664,0.03181836758444228,3.0770040954124185,0.33786279337036057,0.10188733661631738,-0.013859286077360977,GAN–LSTM matched,36
1998-03-01,0.10274002416666665,0.03157359189306241,3.2539859422595967,0.3572763738156572,0.10719155127490933,-0.013859286077360866,GAN–LSTM matched,36
1998-04-01,0.10099338443333333,0.031644495373825764,3.1914992873252883,0.35023380452546404,0.10527324911183397,-0.013859286077360866,GAN–LSTM matched,36
1998-05-01,0.1076379686,0.03157701682557195,3.408744062004988,0.3771917865367047,0.11258057884703686,-0.012292776000000005,GAN–LSTM matched,36
1998-06-01,0.11431358986666665,0.028962158237564033,3.946998318599111,0.40511588354163786,0.12004992431093901,-0.0035050789999999665,GAN–LSTM matched,36
1998-07-01,0.11364910486666668,0.02918507700859929,3.894082747603521,0.4023176817247273,0.1193059267167147,-0.0035050789999998555,GAN–LSTM matched,36
1998-08-01,0.11566417106666667,0.028983527657353788,3.9906864490085625,0.41076368761536824,0.12154858265784055,-0.0035050789999999665,GAN–LSTM matched,36
1998-09-01,0.11422167273333333,0.02950428098337713,3.8713593053728848,0.4046676266240906,0.11993080637158648,-0.0035050790000000775,GAN–LSTM matched,36
1998-10-01,0.11271179473333334,0.029679545801497124,3.7976253237557227,0.39835787713863224,0.11825138412952452,-0.0035050789999999665,GAN–LSTM matched,36
1998-11-01,0.1139694534,0.02993446086221368,3.807299350557665,0.40356391858696566,0.11963740350620437,-0.0035050789999999665,GAN–LSTM matched,36
1998-12-01,0.1121420094,0.02989255288499333,3.7515032533838073,0.3959665845532629,0.11761359032416985,-0.0035050789999999665,GAN–LSTM matched,36
1999-01-01,0.10795876600000001,0.03211375349919341,3.3617610598745973,0.37843778344253703,0.1129160087926206,-0.013108644999999974,GAN–LSTM matched,36
1999-02-01,0.1117013201,0.03198384978043768,3.492428862279111,0.39387648199780245,0.11705553164395395,-0.013108644999999974,GAN–LSTM matched,36
1999-03-01,0.10716178036666665,0.03399303921254006,3.1524624702322757,0.3749266598435705,0.11197027438189715,-0.013108644999999974,GAN–LSTM matched,36
1999-04-01,0.10346514170000001,0.03528668357533765,2.9321299486561325,0.359717402314951,0.10785490610361463,-0.02033775779497482,GAN–LSTM matched,36
1999-05-01,0.10306101943333333,0.03535774750534102,2.914807268697342,0.35807413957685674,0.10740843329178727,-0.02033775779497482,GAN–LSTM matched,36
1999-06-01,0.09951175493333334,0.034725888968550396,2.8656359243518987,0.3438948150569604,0.10354088038843991,-0.02033775779497482,GAN–LSTM matched,36
1999-07-01,0.0940914376,0.03397556691576503,2.7693853595814626,0.32248751206149534,0.0976499448857995,-0.02033775779497482,GAN–LSTM matched,36
1999-08-01,0.09142856603333332,0.03421894369819289,2.6718699104134442,0.3120137332358642,0.09474455464471274,-0.02033775779497493,GAN–LSTM matched,36
1999-09-01,0.08820820956666665,0.035095493204606074,2.5133771180366216,0.2993780052752117,0.09121879359695721,-0.02033775779497482,GAN–LSTM matched,36
1999-10-01,0.0822047917,0.033597687709236324,2.4467395617050487,0.2765341104577307,0.08478617416496834,-0.02033775779497482,GAN–LSTM matched,36
1999-11-01,0.07008662766666666,0.0410340136816291,1.708012972127179,0.23023100097721633,0.07150833974164783,-0.038265004296205274,GAN–LSTM matched,36
1999-12-01,0.055451840333333335,0.04402246543242747,1.2596259611686091,0.17721205992094066,0.055888923813114215,-0.06246661152417332,GAN–LSTM matched,36
2000-01-01,0.04415462760000001,0.049364125773577405,0.8944679341132821,0.13729970213625464,0.043818464853944986,-0.09458674917203669,GAN–LSTM matched,36
2000-02-01,0.013768676266666674,0.0657456667431229,0.2094233270226421,0.035441580402558244,0.011676977602593303,-0.16098277625159485,GAN–LSTM matched,36
2000-03-01,0.01688483393333334,0.0671387953348171,0.25149146405040024,0.04488084711865415,0.014741891100594007,-0.16098277625159507,GAN–LSTM matched,36
2000-04-01,0.02606797893333334,0.06994683005419837,0.3726827779491156,0.07342716621532078,0.023899963211604733,-0.16098277625159507,GAN–LSTM matched,36
2000-05-01,0.02957691613333334,0.07026582144878078,0.4209289171249921,0.08469031143006048,0.02746866749274775,-0.16098277625159507,GAN–LSTM matched,36
2000-06-01,0.027849564633333337,0.0700349924475592,0.3976521401667392,0.07914752773865273,0.025715551197531075,-0.16098277625159485,GAN–LSTM matched,36
2000-07-01,0.031491061300000005,0.07093308968437141,0.4439544568004118,0.09077491793074807,0.029386292881934784,-0.16098277625159518,GAN–LSTM matched,36
2000-08-01,0.032421862100000004,0.07086865310961317,0.45749228576212425,0.09383151404027269,0.030346919944187752,-0.16098277625159518,GAN–LSTM matched,36
2000-09-01,0.03682314943333334,0.07143331936876787,0.5154898268584895,0.1082001996020265,0.03483888974810292,-0.1609827762515953,GAN–LSTM matched,36
2000-10-01,0.0354590271,0.07131095895504351,0.4972451306166615,0.10371563307997779,0.033441104416499605,-0.16098277625159485,GAN–LSTM matched,36
2000-11-01,0.035969534100000006,0.07148722546996596,0.5031603040058107,0.10536287503760701,0.033954969074519704,-0.16098277625159485,GAN–LSTM matched,36
2000-12-01,0.03700763843333334,0.07172464029941068,0.5159682680714315,0.10874643035063869,0.03500888549884221,-0.16098277625159518,GAN–LSTM matched,36
2001-01-01,0.02866612793333334,0.0737869329802777,0.3884987053330354,0.08093830050961968,0.026282606315867346,-0.16098277625159507,GAN–LSTM matched,36
2001-02-01,0.04459045460000001,0.08099297785573846,0.5505471681683662,0.13190450593336742,0.04216526996805375,-0.16098277625159485,GAN–LSTM matched,36
2001-03-01,0.04954612293333334,0.08209088149622612,0.6035520880064013,0.14849934107726087,0.04723363750536666,-0.16098277625159485,GAN–LSTM matched,36
2001-04-01,0.04877699100000001,0.08209694353684162,0.5941389398755262,0.14586148917140002,0.04643126732748526,-0.16098277625159507,GAN–LSTM matched,36
2001-05-01,0.048019435666666666,0.08197177070635181,0.585804542867411,0.1433042483296756,0.045652240674310854,-0.16098277625159485,GAN–LSTM matched,36
2001-06-01,0.04793194753333333,0.08196781320799658,0.5847654787581573,0.14300647467372,0.045561452730261374,-0.16098277625159507,GAN–LSTM matched,36
2001-07-01,0.056994875300000004,0.08289979740419132,0.6875152543752587,0.17411394185485252,0.05496183441364185,-0.16098277625159518,GAN–LSTM matched,36
2001-08-01,0.05985274863333334,0.0832242218004226,0.719174626551202,0.1840831579537023,0.057939261415256876,-0.16098277625159507,GAN–LSTM matched,36
2001-09-01,0.06144334743333334,0.08311569044718486,0.739250881545368,0.18974950622963607,0.05962414176040988,-0.16098277625159496,GAN–LSTM matched,36
2001-10-01,0.0558303351,0.08376986249510947,0.6664728034292691,0.16979212946430872,0.053665835044547035,-0.16098277625159485,GAN–LSTM matched,36
2001-11-01,0.0430783181,0.08471090945277297,0.5085332972846492,0.12579744408053045,0.04028759430474387,-0.16098277625159496,GAN–LSTM matched,36
2001-12-01,0.0431071891,0.0847122413176446,0.5088661146192723,0.1258942415951803,0.040317408539471605,-0.16098277625159496,GAN–LSTM matched,36
2002-01-01,0.054018450100000004,0.08460769266496937,0.6384579037499929,0.16323855269751664,0.0516944832413629,-0.16098277625159518,GAN–LSTM matched,36
2002-02-01,0.060712913433333335,0.08613580270050993,0.7048510785280452,0.18628494045409189,0.05859459541196612,-0.16098277625159496,GAN–LSTM matched,36
2002-03-01,0.06823398443333334,0.08559738773042506,0.7971503131406892,0.21337328653769413,0.0665915608632487,-0.15745599193179627,GAN–LSTM matched,36
2002-04-01,0.0807088331,0.08618775847843334,0.9364303530436481,0.2591750364424437,0.07984652495690182,-0.15745599193179638,GAN–LSTM matched,36
2002-05-01,0.08450124763333333,0.08622238150863426,0.9800384326530277,0.2734729496052605,0.08391836529031867,-0.15745599193179638,GAN–LSTM matched,36
2002-06-01,0.09213045813333334,0.08742138241227913,1.0538664064913341,0.3023545477390579,0.09205139249106326,-0.15745599193179627,GAN–LSTM matched,36
2002-07-01,0.09067157630333333,0.08751137785668521,1.0361118579554704,0.2966804735579509,0.09046314060156793,-0.15745599193179638,GAN–LSTM matched,36
2002-08-01,0.09223223540333333,0.087427433219894,1.0549576031970933,0.30274721962510087,0.09216113597845038,-0.15745599193179627,GAN–LSTM matched,36
2002-09-01,0.09272444357,0.08734930874384003,1.061536088876479,0.3046835068455502,0.09270196507243122,-0.1573445224539919,GAN–LSTM matched,36
2002-10-01,0.08990929523666667,0.08752832709754882,1.0272022580354392,0.29373523405614255,0.08963690008757888,-0.157344522453992,GAN–LSTM matched,36
2002-11-01,0.09296862990333332,0.08618328740739037,1.0787315348493085,0.30602826733545374,0.09307725860984918,-0.12760040188158628,GAN–LSTM matched,36
2002-12-01,0.11655263390333334,0.08659925729751052,1.3458849133419057,0.40081772698988993,0.11890670496086199,-0.10508016667820463,GAN–LSTM matched,36
2003-01-01,0.12530744207,0.08329119275902802,1.5044500855274134,0.43891460744837396,0.12895944292739292,-0.07333228999999997,GAN–LSTM matched,36
2003-02-01,0.14701249507000003,0.06789832724843359,2.165185815728495,0.5400243714342405,0.15480644206477784,-0.033765211647548976,GAN–LSTM matched,36
2003-03-01,0.13362269707,0.06727629557593154,1.9861779832866455,0.4802446778233338,0.1396666404536297,-0.033765211647548976,GAN–LSTM matched,36
2003-04-01,0.11622924673666668,0.06742487288976456,1.7238333830705797,0.4056847735405845,0.12020106231423103,-0.037291522638667085,GAN–LSTM matched,36
2003-05-01,0.08674929907,0.08309714248367354,1.0439504473579702,0.2830558331639025,0.08663040238698955,-0.10916896453579072,GAN–LSTM matched,36
2003-06-01,0.08422711607000001,0.08315929664427942,1.0128406500392648,0.2734333194556465,0.08390712142039629,-0.10916896453579095,GAN–LSTM matched,36
2003-07-01,0.07547755113666667,0.08261025879138031,0.9136583305866864,0.24081738282381804,0.07457307953405655,-0.10922794125854896,GAN–LSTM matched,36
2003-08-01,0.07585121679333334,0.08258020979387184,0.9185156707964931,0.24220932735658385,0.074974746796449,-0.10922794125854884,GAN–LSTM matched,36
2003-09-01,0.07102888159333333,0.08227883220625633,0.8632704146222971,0.22456231150754313,0.06986003104264807,-0.10922794125854873,GAN–LSTM matched,36
2003-10-01,0.06801220756,0.08239673367992432,0.8254235880781149,0.2135591058236386,0.06664600499515969,-0.10922794125854873,GAN–LSTM matched,36
2003-11-01,0.059783530493333334,0.08135870146216292,0.7348142167821661,0.18440889014802786,0.05803626284633927,-0.10922794125854884,GAN–LSTM matched,36
2003-12-01,0.05738660882666667,0.08099297775655291,0.7085380784388271,0.17606332903525593,0.05554536436932015,-0.10922794125854873,GAN–LSTM matched,36
2004-01-01,0.06446764316,0.07901570028486032,0.8158839689781529,0.20174679227350986,0.0631739424656554,-0.10922794125854896,GAN–LSTM matched,36
2004-02-01,0.04720464916000001,0.07185068470995444,0.6569825931451437,0.14308699945523004,0.045586005414296374,-0.10922794125854896,GAN–LSTM matched,36
2004-03-01,0.03900409366,0.07030483176910805,0.5547853921064128,0.11575555925740774,0.03718530055910253,-0.10922794125854873,GAN–LSTM matched,36
2004-04-01,0.03924021842666667,0.0703027867956137,0.5581602126349126,0.11654410709337619,0.03742958274663657,-0.10922794125854862,GAN–LSTM matched,36
2004-05-01,0.03525224276000001,0.0698937984260032,0.5043686786792919,0.1033971926059691,0.03334170649199862,-0.10922794125854896,GAN–LSTM matched,36
2004-06-01,0.040883476960000005,0.07094221396855097,0.5762926566983636,0.12189941498981412,0.03908555435671837,-0.10922794125854907,GAN–LSTM matched,36
2004-07-01,0.03474004682666667,0.0696983943969755,0.49843396145972313,0.1017505432132108,0.03282741643054519,-0.10922794125854896,GAN–LSTM matched,36
2004-08-01,0.031104542160000005,0.06915299669168253,0.44979312029931373,0.0899504942347656,0.02912688575906283,-0.10922794125854896,GAN–LSTM matched,36
2004-09-01,0.033726856693333335,0.0692759356430867,0.48684808628346626,0.09850861942766725,0.03181338248796078,-0.10922794125854873,GAN–LSTM matched,36
2004-10-01,0.03789226614666667,0.06867192158398824,0.5517868915364929,0.11241646731176212,0.03614961443921277,-0.10922794125854873,GAN–LSTM matched,36
2004-11-01,0.044176465080000005,0.06724099838312793,0.6569870487093293,0.13383937462408435,0.04275875497823421,-0.10922794125854873,GAN–LSTM matched,36
2004-12-01,0.035895522080000006,0.06828728114504712,0.5256545798588073,0.10587944256196179,0.03411600951686479,-0.10922794125854896,GAN–LSTM matched,36
2005-01-01,0.03720954808000001,0.06865345116063262,0.541990933462887,0.11015499723269784,0.03544699658363823,-0.10922794125854896,GAN–LSTM matched,36
2005-02-01,0.030668324913333336,0.06655066722078842,0.46082670834220385,0.08908130347384918,0.02885325086502184,-0.10922794125854896,GAN–LSTM matched,36
2005-03-01,0.02940539878,0.06642796035015153,0.44266598921598416,0.08499861141485379,0.027566003590865196,-0.10922794125854884,GAN–LSTM matched,36
2005-04-01,0.017908932580000005,0.06468660725984093,0.2768568848890351,0.048627696220912314,0.015953368671206933,-0.10922794125854873,GAN–LSTM matched,36
2005-05-01,0.012549616380000003,0.06434231110709153,0.19504453856362705,0.031989822115637785,0.010551547302043161,-0.10922794125854896,GAN–LSTM matched,36
2005-06-01,0.004703235713333335,0.06183749473949443,0.07605799253586946,0.0084524929841798,0.00280959643643012,-0.10922794125854884,GAN–LSTM matched,36
2005-07-01,-0.0031359137899999974,0.06333724810393772,-0.04951136785819773,-0.015259404797929274,-0.005112562011757098,-0.10922794125854907,GAN–LSTM matched,36
2005-08-01,-0.0023522578566666646,0.06342362630197981,-0.03708803790982915,-0.01295671794604665,-0.0043376943690248285,-0.10922794125854873,GAN–LSTM matched,36
2005-09-01,-0.0014405870233333313,0.0633716383514879,-0.02273236199675288,-0.010243466460547466,-0.0034262143582977195,-0.10922794125854896,GAN–LSTM matched,36
2005-10-01,0.002292333176666669,0.063586062739627,0.03605087463983016,0.0008630024121524854,0.0002875847577963465,-0.10922794125854896,GAN–LSTM matched,36
2005-11-01,0.011023668376666669,0.06181361272937155,0.17833722848282293,0.027749534521908217,0.00916558031780342,-0.10922794125854862,GAN–LSTM matched,36
2005-12-01,-0.005218113789999997,0.05585560532435888,-0.09342148849158302,-0.02014454698834222,-0.006760449683561885,-0.10922794125854896,GAN–LSTM matched,36
2006-01-01,-0.005929474956666665,0.05596812746383993,-0.10594377952876123,-0.0222524951497405,-0.007473208099208189,-0.10204806530179533,GAN–LSTM matched,36
2006-02-01,-0.0015107967566666634,0.05586416060511545,-0.02704411451459848,-0.00918405531327996,-0.0030707717581943375,-0.09460834345364699,GAN–LSTM matched,36
2006-03-01,0.0005586193300000032,0.0557804572626942,0.010014606502223963,-0.002999806435652455,-0.0010009370191959843,-0.08974853912181346,GAN–LSTM matched,36
2006-04-01,0.0077771763300000015,0.055008616684901035,0.14138105625431424,0.018947301152443086,0.006276292788055842,-0.07472295124797368,GAN–LSTM matched,36
2006-05-01,0.04125033199666667,0.03466327906710032,1.1900297117539078,0.1295253932697108,0.04143459355712824,-0.023334763999999897,GAN–LSTM matched,36
2006-06-01,0.042924990163333336,0.034680855805970204,1.2377142710516367,0.13519245451110598,0.043173386024366475,-0.023334764000000008,GAN–LSTM matched,36
2006-07-01,0.048306343763333336,0.0351339264857023,1.3749201582405406,0.15354501029039075,0.04876499097357658,-0.023334763999999897,GAN–LSTM matched,36
2006-08-01,0.048973335140000004,0.03508224998212608,1.3959576470993518,0.1558522819077719,0.049463756994347574,-0.023334764000000008,GAN–LSTM matched,36
2006-09-01,0.051125198006666664,0.0352679976476262,1.4496200923419245,0.16328503862232535,0.05170849250292799,-0.023334763999999897,GAN–LSTM matched,36
2006-10-01,0.05227956414,0.0351182933381916,1.4886704099354762,0.16732111738303423,0.05292340786425414,-0.023334764000000008,GAN–LSTM matched,36
2006-11-01,0.04964444467333333,0.03551551918096918,1.3978239884477057,0.15812084370269788,0.05014989355249803,-0.023334763999999897,GAN–LSTM matched,36
2006-12-01,0.048959555673333335,0.03535264232083104,1.3848909857717937,0.15577258975406322,0.049439637433248966,-0.023334764000000008,GAN–LSTM matched,36
2007-01-01,0.04917284410666667,0.035291840149105906,1.3933204927517056,0.1565166080375855,0.049664778261034194,-0.023334764000000008,GAN–LSTM matched,36
2007-02-01,0.04722496450666666,0.03516335997097531,1.3430162687993206,0.14981993488318976,0.04763486847920645,-0.023334764000000008,GAN–LSTM matched,36
2007-03-01,0.04926882067333334,0.03536383452666105,1.3931979190828194,0.1568398255632802,0.049762554188374934,-0.02333476400000012,GAN–LSTM matched,36
2007-04-01,0.05192128223999999,0.035578031013522846,1.4593635668108007,0.16601750638370405,0.05253130958439863,-0.02333476400000012,GAN–LSTM matched,36
2007-05-01,0.05457424340666667,0.03585713522201356,1.5219911760592135,0.17525970777200828,0.055304886394834885,-0.023334764000000008,GAN–LSTM matched,36
2007-06-01,0.04693418740666666,0.03390251480596515,1.38438660598737,0.14896327888862246,0.047374628988479835,-0.023334764000000008,GAN–LSTM matched,36
2007-07-01,0.048298510706666666,0.03414405185308255,1.414551234706675,0.15362965758888478,0.04879064318800945,-0.023334764000000008,GAN–LSTM matched,36
2007-08-01,0.04736963604,0.034087013559021224,1.3896681197365703,0.1504385910378258,0.047822726749808524,-0.02333476400000012,GAN–LSTM matched,36
2007-09-01,0.04266547510666667,0.03423123347629135,1.2463902341181157,0.13436044396966673,0.04291846790324608,-0.023334764000000008,GAN–LSTM matched,36
2007-10-01,0.04415138652,0.034147185090941466,1.2929729464497628,0.13941960865727598,0.04446661535651679,-0.02333476400000012,GAN–LSTM matched,36
2007-11-01,0.04308191858666667,0.03438592979280603,1.252893809946647,0.13575583693819218,0.04334592897213079,-0.023334764000000008,GAN–LSTM matched,36
2007-12-01,0.05134252192,0.032097645119708286,1.5995728574017773,0.16440060283483393,0.052044573365131144,-0.023334763999999897,GAN–LSTM matched,36
2008-01-01,0.04030739758666667,0.03094692081445065,1.3024687602472278,0.12674023654358685,0.04057790752650342,-0.023334764000000008,GAN–LSTM matched,36
2008-02-01,0.03952801975333334,0.030695956485312138,1.287727253986931,0.12414251109394757,0.039777600093807576,-0.023334764000000008,GAN–LSTM matched,36
2008-03-01,0.04289953422,0.03164300141074517,1.355735306620831,0.13543490166590386,0.04324764550793139,-0.023334764000000008,GAN–LSTM matched,36
2008-04-01,0.04688817352,0.03120203631594887,1.5027279965068556,0.14909819971619706,0.04741562453153792,-0.023334764000000008,GAN–LSTM matched,36
2008-05-01,0.04802166999666667,0.031014842938463603,1.5483447745308987,0.15301643361116365,0.04860477835232271,-0.023334764000000008,GAN–LSTM matched,36
2008-06-01,0.04365671353,0.0312796634447027,1.3956900018178868,0.13804553820498414,0.044046592156434396,-0.023334764000000008,GAN–LSTM matched,36
2008-07-01,0.058625714196666665,0.028636446703315777,2.0472412238868474,0.190372795668935,0.059809149118125834,-0.013235995207041884,GAN–LSTM matched,36
2008-08-01,0.05799156796333334,0.028592485188298156,2.0282101251928646,0.18812557527053958,0.059141816155728846,-0.013235995207041884,GAN–LSTM matched,36
2008-09-01,0.06488183896333335,0.029304983104894402,2.2140206916719576,0.2127418459771478,0.06640651035366164,-0.013235995207042106,GAN–LSTM matched,36
2008-10-01,0.05397316396333333,0.03363196417144652,1.604817479234723,0.1734146458112833,0.05475234959224604,-0.023546124,GAN–LSTM matched,36
2008-11-01,0.04921219526333333,0.03508061667140132,1.4028315329887704,0.1566762562878314,0.04971307543022529,-0.03624539732545262,GAN–LSTM matched,36
2008-12-01,0.060398972763333336,0.0379406743915131,1.5919319762234878,0.19561688638661967,0.06136317036643127,-0.03624539732545262,GAN–LSTM matched,36
2009-01-01,0.05527443343000001,0.04096493884539365,1.3493107761886824,0.17704782602357863,0.0558398188630969,-0.03624539732545273,GAN–LSTM matched,36
2009-02-01,0.05909130389666667,0.04153587865963557,1.422656888539387,0.19045816984881123,0.0598344852073037,-0.03624539732545262,GAN–LSTM matched,36
2009-03-01,0.05931336384333334,0.04151535606322058,1.4287090240297957,0.19125054029073646,0.06006957544109413,-0.03624539732545262,GAN–LSTM matched,36
2009-04-01,0.05040816184333334,0.04418994907490206,1.1407155450188773,0.15959701645882723,0.05059588744955493,-0.036245397325452844,GAN–LSTM matched,36
2009-05-01,0.036179859843333335,0.04392171053861228,0.8237352188623672,0.11134265197310181,0.035816108783677,-0.052090115750112465,GAN–LSTM matched,36
2009-06-01,0.03429057221000001,0.04389502812295192,0.7811949023919198,0.10508360367741669,0.03386788505335069,-0.052090115750112465,GAN–LSTM matched,36
2009-07-01,0.025229455876666668,0.04417884450022667,0.5710755037184646,0.07547981335990132,0.02455219411290228,-0.06323398692757864,GAN–LSTM matched,36
2009-08-01,0.013175541043333336,0.0487857796630048,0.2700692934364356,0.03668206234241168,0.012080820181221334,-0.09485213494550493,GAN–LSTM matched,36
2009-09-01,0.0017150543766666683,0.050556339746000496,0.03392362630054415,0.0014045600817995541,0.00046796766603606686,-0.1166036862663139,GAN–LSTM matched,36
2009-10-01,0.003689325276666668,0.05073032546206146,0.07272425798698492,0.007326200367301212,0.002436127253862265,-0.11660368626631423,GAN–LSTM matched,36
2009-11-01,0.003842601143333335,0.05071489129154056,0.07576869525843379,0.007791669053350481,0.0025905064991367794,-0.11660368626631423,GAN–LSTM matched,36
2009-12-01,0.006851117476666668,0.05164247423024377,0.13266439261065452,0.01678613987429097,0.005564360423071695,-0.11660368626631401,GAN–LSTM matched,36
2010-01-01,0.007297834576666668,0.05159529416664592,0.1414438020858188,0.018156158983719094,0.006015790687020864,-0.1166036862663139,GAN–LSTM matched,36
2010-02-01,0.008471349076666667,0.0516994583516394,0.16385759825659832,0.021728640680681727,0.0071910451442695825,-0.11660368626631401,GAN–LSTM matched,36
2010-03-01,0.0031556464100000016,0.051488450014232634,0.06128843282576393,0.005603517675232198,0.0018643612222349361,-0.1166036862663139,GAN–LSTM matched,36
2010-04-01,-0.007574171256666665,0.05253472652197909,-0.14417456334331233,-0.02641475545045359,-0.00888360319596065,-0.11747528740147661,GAN–LSTM matched,36
2010-05-01,-0.009806494489999998,0.05212025193796952,-0.1881513255475264,-0.032857067393274764,-0.011074548677848952,-0.1174752874014765,GAN–LSTM matched,36
2010-06-01,-0.01183191032333333,0.05214787900612288,-0.22689149681320883,-0.03872518685987693,-0.013078702360680663,-0.1174752874014765,GAN–LSTM matched,36
2010-07-01,-0.00803116382333333,0.05350943797651485,-0.1500887343809925,-0.0278930848786509,-0.009385507120747994,-0.11747528740147695,GAN–LSTM matched,36
2010-08-01,-0.010155057589999999,0.053419484757057795,-0.1901002534221993,-0.03405849717899569,-0.011484214706838818,-0.11747528740147628,GAN–LSTM matched,36
2010-09-01,-0.004684195323333332,0.05389160021770402,-0.08691883901036063,-0.018136066759819016,-0.006082274648822338,-0.11747528740147695,GAN–LSTM matched,36
2010-10-01,-0.004210973389999999,0.05393716086973103,-0.07807183993555643,-0.016747654684402508,-0.005614009687124135,-0.1174752874014765,GAN–LSTM matched,36
2010-11-01,-0.000346365723333332,0.05397990663560909,-0.006416567662324259,-0.005286033164264025,-0.0017651248874431579,-0.11747528740147661,GAN–LSTM matched,36
2010-12-01,0.00042375961000000115,0.05410485697650788,0.007832191667820062,-0.003004689498396382,-0.0010025679727642335,-0.11747528740147639,GAN–LSTM matched,36
2011-01-01,0.003735659176666669,0.05380536262950023,0.06942912368029452,0.006996548894041997,0.002326764930730615,-0.11747528740147617,GAN–LSTM matched,36
2011-02-01,-0.0017913581566666645,0.05344121082280776,-0.03352016410343278,-0.009505681136829635,-0.003178653511556205,-0.11747528740147639,GAN–LSTM matched,36
2011-03-01,-0.0036253688233333315,0.052927665668204546,-0.06849666951231544,-0.014864295078668937,-0.00497951948376401,-0.11747528740147684,GAN–LSTM matched,36
2011-04-01,-0.0027894332566666654,0.05305532672144537,-0.05257593212670114,-0.012409345949463527,-0.004153677801242293,-0.11747528740147672,GAN–LSTM matched,36
2011-05-01,-0.0013523628666666648,0.05313851455936496,-0.025449767986190884,-0.008154442615143996,-0.0027255695184083867,-0.11747528740147661,GAN–LSTM matched,36
2011-06-01,0.0021706869333333353,0.053185259383141115,0.040813694593382174,0.002376592324106577,0.000791570691880063,-0.11747528740147672,GAN–LSTM matched,36
2011-07-01,-0.004593594366666665,0.0516553553104488,-0.08892774696948946,-0.01753494301368813,-0.005879481560077166,-0.11747528740147639,GAN–LSTM matched,36
2011-08-01,-0.006064749199999999,0.05153588059518684,-0.11768013139502677,-0.0218458574454912,-0.00733563240413113,-0.11747528740147672,GAN–LSTM matched,36
2011-09-01,-0.004322696866666663,0.05227502071201646,-0.0826914424478268,-0.016826061208361498,-0.005640441837471963,-0.1174752874014765,GAN–LSTM matched,36
2011-10-01,0.018959241800000002,0.05699431538762185,0.3326514525362228,0.0535004413665907,0.017524575706615506,-0.11132064804800568,GAN–LSTM matched,36
2011-11-01,0.029258611966666674,0.05707501501483925,0.5126343279815092,0.08648053713368353,0.028033618238022823,-0.11132064804800579,GAN–LSTM matched,36
2011-12-01,0.022238229300000006,0.05478383011768959,0.40592688120247583,0.0642735996319305,0.020981241961312475,-0.11132064804800579,GAN–LSTM matched,36
2012-01-01,0.03418659096666667,0.052508512395740836,0.6510675966024829,0.10342097377900579,0.033349130201716544,-0.10423190640391267,GAN–LSTM matched,36
2012-02-01,0.03048458696666667,0.05190739294002336,0.587287961117412,0.09136516169732256,0.029571934383897592,-0.10423190640391289,GAN–LSTM matched,36
2012-03-01,0.0324590684,0.05198068281056498,0.6244448253650633,0.09781989147002962,0.03159769997736068,-0.10423190640391267,GAN–LSTM matched,36
2012-04-01,0.041163473400000004,0.04999473107799107,0.8233562319954391,0.1271113761958645,0.040692147796576865,-0.08473778218988592,GAN–LSTM matched,36
2012-05-01,0.041103983066666676,0.050019747061099774,0.8217551163634957,0.12690675586673625,0.040629166840123375,-0.06963437795538885,GAN–LSTM matched,36
2012-06-01,0.04461181803333334,0.050192242752669584,0.8888189805178721,0.13875740720976187,0.04426423707789867,-0.06963437795538874,GAN–LSTM matched,36
2012-07-01,0.05049855303333334,0.04926866685233529,1.0249628467659613,0.15912168679179886,0.05045231813617987,-0.05790272033460786,GAN–LSTM matched,36
2012-08-01,0.05867122436666668,0.04460460919981289,1.3153623676835797,0.1885337786977136,0.05926309845790958,-0.02659099837651069,GAN–LSTM matched,36
2012-09-01,0.06644074862333334,0.04133322415350608,1.607441712666335,0.21691892646584393,0.06762945855497687,-0.026590998376510577,GAN–LSTM matched,36
2012-10-01,0.06704860829,0.04137669561224289,1.6204437618300547,0.21912149850282772,0.068273191795567,-0.02659099837651069,GAN–LSTM matched,36
2012-11-01,0.07149913429,0.0409855303562597,1.7444969887788697,0.23547099029551713,0.07302749601021483,-0.0265909983765108,GAN–LSTM matched,36
2012-12-01,0.06364393462333334,0.04041267099741806,1.574850982440619,0.20693562694565218,0.06470191631112981,-0.02659099837651069,GAN–LSTM matched,36
2013-01-01,0.06441382419000001,0.04025124659780231,1.6002938948359664,0.20973455797186197,0.06552430940982837,-0.02659099837651069,GAN–LSTM matched,36
2013-02-01,0.06561155229000001,0.040350692770554475,1.6260328580499464,0.21405167986056456,0.06679029986486253,-0.02659099837651069,GAN–LSTM matched,36
2013-03-01,0.06981117995666668,0.03982907012066929,1.7527695159631198,0.22943193478828083,0.07127629889524419,-0.021209659000000047,GAN–LSTM matched,36
2013-04-01,0.07646994089,0.036730806408175776,2.0819020426673465,0.2545236004738966,0.07851522089152706,-0.017105600000000165,GAN–LSTM matched,36
2013-05-01,0.07466232048933334,0.036914374183340266,2.022581234034004,0.24775685130917424,0.07657259687716489,-0.017105600000000054,GAN–LSTM matched,36
2013-06-01,0.07738857802266666,0.03638821033940405,2.126748672189139,0.25800945156551885,0.07951322701461344,-0.017105599999999943,GAN–LSTM matched,36
2013-07-01,0.06701264468933334,0.035888459545239206,1.867247731958529,0.21974100087180493,0.06845411051638955,-0.017105599999999943,GAN–LSTM matched,36
2013-08-01,0.06598641195600001,0.03614703352748463,1.8255000622893938,0.21597923299577396,0.06735458328003029,-0.017105599999999943,GAN–LSTM matched,36
2013-09-01,0.06409458995600001,0.03594016332105994,1.7833694683975556,0.2091604212496272,0.06535571775879138,-0.017105600000000054,GAN–LSTM matched,36
2013-10-01,0.06658380098933334,0.03620099365664164,1.8392810324729163,0.2181416170836557,0.0679869032313572,-0.017105600000000165,GAN–LSTM matched,36
2013-11-01,0.06441001734933334,0.036357010020990045,1.7715983055852889,0.21024653711980482,0.06567460389221264,-0.017105600000000054,GAN–LSTM matched,36
2013-12-01,0.05988594568266668,0.03664792589732839,1.634088266016504,0.19397833676129536,0.06087809544917931,-0.017105600000000054,GAN–LSTM matched,36
2014-01-01,0.055279083782666674,0.03808237520706305,1.4515660717615688,0.17748341425367753,0.05597004712473182,-0.017588316290134576,GAN–LSTM matched,36
2014-02-01,0.05461711591600001,0.03826691671006543,1.4272672222278613,0.17513382726801602,0.05526720761534952,-0.024229954293416456,GAN–LSTM matched,36
2014-03-01,0.051966430416,0.03804649148254691,1.365866559334087,0.1658953566255254,0.05249455458030516,-0.024229954293416234,GAN–LSTM matched,36
2014-04-01,0.04965892208266667,0.03797413122741794,1.307703967874112,0.1578952537270155,0.05008170300801762,-0.024229954293416456,GAN–LSTM matched,36
2014-05-01,0.05046578774933334,0.0380180278684798,1.3274172959185448,0.1606841869393902,0.05092411069128434,-0.024229954293416456,GAN–LSTM matched,36
2014-06-01,0.04836199109266667,0.03809019237205951,1.269670434327916,0.1534023796151821,0.04872176416025988,-0.024229954293416345,GAN–LSTM matched,36
2014-07-01,0.04927860295933334,0.038055176090188964,1.2949251067067822,0.15656999391272933,0.04968092917784297,-0.024229954293416345,GAN–LSTM matched,36
2014-08-01,0.045831007559333344,0.03876708518776523,1.1822144310658016,0.14462483492754427,0.04605468327671,-0.024229954293416456,GAN–LSTM matched,36
2014-09-01,0.043422307226000004,0.037713651522509065,1.1513684162904188,0.1365442933300127,0.043587307870788426,-0.024229954293416234,GAN–LSTM matched,36
2014-10-01,0.03611924689266667,0.030677446237263154,1.1773876682340492,0.11274541923354171,0.03625173740772204,-0.024229954293416567,GAN–LSTM matched,36
2014-11-01,0.03274999265933334,0.029529798239244127,1.1090489814390154,0.10169575981492783,0.03281029739093743,-0.024229954293416345,GAN–LSTM matched,36
2014-12-01,0.03036071432600001,0.029266658750065906,1.0373823190845672,0.0938722250167983,0.030359702506628852,-0.024229954293416345,GAN–LSTM matched,36
2015-01-01,0.027707093226000002,0.028896720731922218,0.9588317471398047,0.08525319191035659,0.02764636553851692,-0.024229954293416567,GAN–LSTM matched,36
2015-02-01,0.026454787926000006,0.028841023472053043,0.9172624526183927,0.08119781905010211,0.026364731895102397,-0.024229954293416123,GAN–LSTM matched,36
2015-03-01,0.029656862792666668,0.02995288745788863,0.990116990702878,0.0915071518196808,0.029616582655817295,-0.024229954293416123,GAN–LSTM matched,36
2015-04-01,0.02299249879266667,0.031595840854887515,0.7277065009368152,0.06978910534570001,0.022741919542456013,-0.024229954293416345,GAN–LSTM matched,36
2015-05-01,0.03637422579266667,0.03181004404189238,1.1434824090392162,0.11348339973371484,0.03648076990268119,-0.024229954293416234,GAN–LSTM matched,36
2015-06-01,0.03727041195933333,0.03208428293942409,1.1616407955789685,0.11644382318521358,0.037398522439733184,-0.024229954293416345,GAN–LSTM matched,36
2015-07-01,0.03803438729266667,0.03216294651677451,1.1825529502662302,0.11898937385092838,0.03818636504209002,-0.024229954293416345,GAN–LSTM matched,36
2015-08-01,0.04053730929266667,0.03145445258650254,1.2887621929259603,0.12746991624161358,0.040802485976192876,-0.024229954293416234,GAN–LSTM matched,36
2015-09-01,0.046906154702666666,0.0325168617756181,1.442517885838479,0.14902753349610773,0.047394153079578595,-0.024229954293416234,GAN–LSTM matched,36
2015-10-01,0.048170082869333344,0.03280677139193362,1.468296965094748,0.15334404230583046,0.04870408295361233,-0.024229954293416345,GAN–LSTM matched,36
2015-11-01,0.04804042886933333,0.032787553053423193,1.4652032370655257,0.15289940575632555,0.04856930036137276,-0.024229954293416456,GAN–LSTM matched,36
2015-12-01,0.054088934202666666,0.03308057127257025,1.6350665094927224,0.17388791313761875,0.05489413315548582,-0.024229954293416345,GAN–LSTM matched,36
2016-01-01,0.05770522860266668,0.032971925367625304,1.7501322097291494,0.1866453693030251,0.05870179545672233,-0.024229954293416345,GAN–LSTM matched,36
2016-02-01,0.055677313802666675,0.032800587187193427,1.6974486915406553,0.17950090696373427,0.05657280049360606,-0.024229954293416345,GAN–LSTM matched,36
2016-03-01,0.05247882966933333,0.0330208365476899,1.5892640876478548,0.16826286276534874,0.05320648313390952,-0.024229954293416345,GAN–LSTM matched,36
2016-04-01,0.037662249736,0.04381617626699293,0.8595512649599062,0.11626975543628217,0.03734460510942985,-0.04806367702656855,GAN–LSTM matched,36
2016-05-01,0.04572763987,0.04541045491570886,1.0069848442364184,0.1432805536399614,0.0456450169988423,-0.04806367702656866,GAN–LSTM matched,36
2016-06-01,0.04389416103666667,0.04553225382964976,0.9640234634746677,0.13701424243932578,0.04373112550814774,-0.04806367702656866,GAN–LSTM matched,36
2016-07-01,0.04530797827000001,0.045229400633532695,1.001737313237997,0.14187501455275664,0.045216339008290536,-0.048063677026568774,GAN–LSTM matched,36
2016-08-01,0.046635479336666674,0.045027876610781246,1.0357023880957448,0.14644456442276307,0.04660873051924063,-0.04806367702656866,GAN–LSTM matched,36
2016-09-01,0.04352933480333333,0.04516969536204865,0.963684489222977,0.13582958331508976,0.04336851050310429,-0.04806367702656866,GAN–LSTM matched,36
2016-10-01,0.046283978303333334,0.0459928928285399,1.0063289229463905,0.14509688381003988,0.04619846286993769,-0.04806367702656866,GAN–LSTM matched,36
2016-11-01,0.05046989877666667,0.046171662809205365,1.0930925096898252,0.15948154291986114,0.05056101325028242,-0.04806367702656866,GAN–LSTM matched,36
2016-12-01,0.05417490477666667,0.045948948603294716,1.1790238171582912,0.1724195190251086,0.054454100611201706,-0.04806367702656866,GAN–LSTM matched,36
1992-01-01,,,,,,,GAN–LSTM matched,60
1992-02-01,,,,,,,GAN–LSTM matched,60
1992-03-01,,,,,,,GAN–LSTM matched,60
1992-04-01,,,,,,,GAN–LSTM matched,60
1992-05-01,,,,,,,GAN–LSTM matched,60
1992-06-01,,,,,,,GAN–LSTM matched,60
1992-07-01,,,,,,,GAN–LSTM matched,60
1992-08-01,,,,,,,GAN–LSTM matched,60
1992-09-01,,,,,,,GAN–LSTM matched,60
1992-10-01,,,,,,,GAN–LSTM matched,60
1992-11-01,,,,,,,GAN–LSTM matched,60
1992-12-01,,,,,,,GAN–LSTM matched,60
1993-01-01,,,,,,,GAN–LSTM matched,60
1993-02-01,,,,,,,GAN–LSTM matched,60
1993-03-01,,,,,,,GAN–LSTM matched,60
1993-04-01,,,,,,,GAN–LSTM matched,60
1993-05-01,,,,,,,GAN–LSTM matched,60
1993-06-01,,,,,,,GAN–LSTM matched,60
1993-07-01,,,,,,,GAN–LSTM matched,60
1993-08-01,,,,,,,GAN–LSTM matched,60
1993-09-01,,,,,,,GAN–LSTM matched,60
1993-10-01,,,,,,,GAN–LSTM matched,60
1993-11-01,,,,,,,GAN–LSTM matched,60
1993-12-01,,,,,,,GAN–LSTM matched,60
1994-01-01,,,,,,,GAN–LSTM matched,60
1994-02-01,,,,,,,GAN–LSTM matched,60
1994-03-01,,,,,,,GAN–LSTM matched,60
1994-04-01,,,,,,,GAN–LSTM matched,60
1994-05-01,,,,,,,GAN–LSTM matched,60
1994-06-01,,,,,,,GAN–LSTM matched,60
1994-07-01,,,,,,,GAN–LSTM matched,60
1994-08-01,,,,,,,GAN–LSTM matched,60
1994-09-01,,,,,,,GAN–LSTM matched,60
1994-10-01,,,,,,,GAN–LSTM matched,60
1994-11-01,,,,,,,GAN–LSTM matched,60
1994-12-01,,,,,,,GAN–LSTM matched,60
1995-01-01,,,,,,,GAN–LSTM matched,60
1995-02-01,,,,,,,GAN–LSTM matched,60
1995-03-01,,,,,,,GAN–LSTM matched,60
1995-04-01,,,,,,,GAN–LSTM matched,60
1995-05-01,,,,,,,GAN–LSTM matched,60
1995-06-01,,,,,,,GAN–LSTM matched,60
1995-07-01,,,,,,,GAN–LSTM matched,60
1995-08-01,,,,,,,GAN–LSTM matched,60
1995-09-01,,,,,,,GAN–LSTM matched,60
1995-10-01,,,,,,,GAN–LSTM matched,60
1995-11-01,,,,,,,GAN–LSTM matched,60
1995-12-01,,,,,,,GAN–LSTM matched,60
1996-01-01,,,,,,,GAN–LSTM matched,60
1996-02-01,,,,,,,GAN–LSTM matched,60
1996-03-01,,,,,,,GAN–LSTM matched,60
1996-04-01,,,,,,,GAN–LSTM matched,60
1996-05-01,,,,,,,GAN–LSTM matched,60
1996-06-01,,,,,,,GAN–LSTM matched,60
1996-07-01,,,,,,,GAN–LSTM matched,60
1996-08-01,,,,,,,GAN–LSTM matched,60
1996-09-01,,,,,,,GAN–LSTM matched,60
1996-10-01,,,,,,,GAN–LSTM matched,60
1996-11-01,,,,,,,GAN–LSTM matched,60
1996-12-01,0.07795676308499999,0.025800415523316963,3.0215313010965676,0.47242327447352755,0.08045462962118678,-0.013859286077360977,GAN–LSTM matched,60
1997-01-01,0.077137595325,0.025954390029305687,2.9720442375221374,0.46641486075766064,0.07957139980149952,-0.013859286077360866,GAN–LSTM matched,60
1997-02-01,0.08061162009100001,0.02630157165310466,3.0648974576195913,0.4918750728718398,0.08329438356117756,-0.013859286077360866,GAN–LSTM matched,60
1997-03-01,0.08369096669099998,0.0275731026452109,3.035239369608485,0.5146157305255613,0.08657696169348311,-0.013859286077360977,GAN–LSTM matched,60
1997-04-01,0.083206757091,0.02752576617745211,3.022867975938824,0.5109879996097819,0.08605595947735117,-0.013859286077361088,GAN–LSTM matched,60
1997-05-01,0.083253231971,0.027519239521122923,3.025273714671416,0.5113380577256984,0.08610627721335187,-0.013859286077360977,GAN–LSTM matched,60
1997-06-01,0.086413171531,0.027417275987430132,3.1517781551536133,0.5352574525664924,0.08952259897120195,-0.013859286077360866,GAN–LSTM matched,60
1997-07-01,0.086799405331,0.027499213141988842,3.1564323270932086,0.5381871969387019,0.08993811090221485,-0.013859286077360977,GAN–LSTM matched,60
1997-08-01,0.08346079313100001,0.0277759538351982,3.004785852762937,0.5128443650416722,0.08632268915203802,-0.013859286077360866,GAN–LSTM matched,60
1997-09-01,0.082682210731,0.027770767874916415,2.977310930090688,0.507007821555596,0.08548318749360992,-0.013859286077360977,GAN–LSTM matched,60
1997-10-01,0.084670101491,0.027722635862930507,3.054186546677444,0.5219665716109693,0.08762961071668537,-0.013859286077360977,GAN–LSTM matched,60
1997-11-01,0.087286133091,0.028894830989911593,3.020821721417068,0.541616757276369,0.0904237057963501,-0.013859286077361088,GAN–LSTM matched,60
1997-12-01,0.08705231529100001,0.028806434457885898,3.021974670911381,0.5398473354185874,0.09017327961840069,-0.013859286077360866,GAN–LSTM matched,60
1998-01-01,0.084326541191,0.029052268799703584,2.902580234692733,0.5190972902503457,0.08721921124806824,-0.013859286077360977,GAN–LSTM matched,60
1998-02-01,0.08391306819099999,0.028947334451990422,2.898818484657751,0.5160040291693475,0.08677608025816418,-0.013859286077360977,GAN–LSTM matched,60
1998-03-01,0.08333170659099999,0.028772445455589487,2.8962330198739337,0.5116707842892421,0.08615409505109962,-0.013859286077360866,GAN–LSTM matched,60
1998-04-01,0.083438214751,0.028762680286739718,2.900919313471179,0.5124725323982188,0.08626928379664955,-0.013859286077360866,GAN–LSTM matched,60
1998-05-01,0.08694200362099999,0.029069399062261882,2.9908428252948913,0.5389475120174148,0.09004583934818014,-0.013859286077360866,GAN–LSTM matched,60
1998-06-01,0.087390793261,0.029059164591356126,3.007340179593293,0.5423819748365725,0.09053193577520557,-0.013859286077360866,GAN–LSTM matched,60
1998-07-01,0.085701199641,0.02929290838772033,2.9256637308477766,0.529448556447936,0.08869687114383422,-0.013859286077360977,GAN–LSTM matched,60
1998-08-01,0.08963442784100001,0.028265861401729007,3.1711196261479264,0.5598281840618718,0.09298789636030792,-0.013859286077360866,GAN–LSTM matched,60
1998-09-01,0.088302774441,0.028596146522462267,3.0879256536064457,0.5494818415123169,0.09153407589664544,-0.013859286077360977,GAN–LSTM matched,60
1998-10-01,0.08933555038100001,0.02837002252084837,3.148941821084199,0.5574936966031494,0.09266054038131374,-0.013859286077360866,GAN–LSTM matched,60
1998-11-01,0.092341305441,0.02859763967743692,3.2289834574654006,0.580850083530732,0.09591819482399373,-0.013859286077360755,GAN–LSTM matched,60
1998-12-01,0.089988797641,0.028122601854217208,3.199874538902433,0.5626039494944431,0.09337662132382005,-0.013859286077360866,GAN–LSTM matched,60
1999-01-01,0.08617829116100001,0.02958941457854452,2.9124703002231223,0.5330083003245283,0.08920318160574095,-0.013859286077360866,GAN–LSTM matched,60
1999-02-01,0.08922239816100001,0.029460048648438618,3.0285896410333586,0.5563773949906471,0.09250386705861192,-0.013859286077360866,GAN–LSTM matched,60
1999-03-01,0.086412271961,0.030618573860890536,2.8222174015549237,0.5345565653346411,0.08942310139663526,-0.013859286077360977,GAN–LSTM matched,60
1999-04-01,0.081528450961,0.03115601621208888,2.6167803484890357,0.4976692742039656,0.08413454736120844,-0.02033775779497471,GAN–LSTM matched,60
1999-05-01,0.081139284041,0.031204814755473063,2.6002168151557075,0.49476639649373827,0.08371395345846697,-0.02033775779497482,GAN–LSTM matched,60
1999-06-01,0.08027148254100001,0.031073718104290497,2.5832596624449824,0.4883671165244964,0.08278445766214698,-0.02033775779497482,GAN–LSTM matched,60
1999-07-01,0.079952934601,0.031087479518022345,2.57186931332432,0.48601102993872813,0.08244143061960885,-0.02033775779497471,GAN–LSTM matched,60
1999-08-01,0.079431024401,0.03116643281414458,2.5486081411585544,0.48214602258613715,0.08187777350658189,-0.02033775779497482,GAN–LSTM matched,60
1999-09-01,0.078144864168,0.031577815918737415,2.4746760310813944,0.4726138146760919,0.08048259160631288,-0.02033775779497482,GAN–LSTM matched,60
1999-10-01,0.077661762048,0.03156003739165596,2.4607626754121874,0.4690878770757873,0.0799646868972021,-0.02033775779497482,GAN–LSTM matched,60
1999-11-01,0.070584043048,0.03634615719219596,1.941994656402229,0.41716610737339793,0.07222061141244818,-0.038265004296205385,GAN–LSTM matched,60
1999-12-01,0.062791217448,0.038719392559272155,1.6216994456170348,0.362699088837428,0.06384900837320528,-0.06246661152417321,GAN–LSTM matched,60
2000-01-01,0.05599098429999999,0.04250132660006585,1.3173938034186734,0.3163537234459691,0.05651221177998941,-0.09458674917203602,GAN–LSTM matched,60
2000-02-01,0.040479139,0.054984534700916146,0.7361913530810608,0.2146880810696612,0.03966387529977635,-0.1609827762515953,GAN–LSTM matched,60
2000-03-01,0.047535639680000005,0.05672184766687139,0.838048153141587,0.2575647010136827,0.04690209213765314,-0.16098277625159496,GAN–LSTM matched,60
2000-04-01,0.05275163688000001,0.058446502020706115,0.902562772042567,0.29004170371958,0.05225439903988484,-0.16098277625159507,GAN–LSTM matched,60
2000-05-01,0.055824468780000004,0.058530494254857894,0.9537672539877228,0.30989359544649553,0.0554731837868599,-0.16098277625159485,GAN–LSTM matched,60
2000-06-01,0.06006615728,0.05804819275344326,1.0347636064248877,0.3380201519048346,0.059967454723298806,-0.16098277625159507,GAN–LSTM matched,60
2000-07-01,0.06483069274000001,0.05868903690279849,1.1046474122138585,0.3698631299190472,0.06496524618215702,-0.16098277625159485,GAN–LSTM matched,60
2000-08-01,0.06394738134,0.05874824280699277,1.088498621994331,0.36383537739798016,0.06402636762630498,-0.16098277625159496,GAN–LSTM matched,60
2000-09-01,0.06732410914,0.05900780917667191,1.1409355825841412,0.38682789170849863,0.06759004022762144,-0.16098277625159474,GAN–LSTM matched,60
2000-10-01,0.06708589894,0.05899883888780849,1.1370715119931387,0.3851898371703625,0.0673377237675392,-0.1609827762515954,GAN–LSTM matched,60
2000-11-01,0.06994136313999999,0.05972582854092486,1.171040483633899,0.40470450962089866,0.07032826746478735,-0.16098277625159496,GAN–LSTM matched,60
2000-12-01,0.07147933554,0.06000750765382818,1.1911732103981152,0.41536966573681017,0.0719486377662565,-0.16098277625159496,GAN–LSTM matched,60
2001-01-01,0.06613835850000001,0.06176009504961257,1.0708914623086367,0.37755124402213736,0.06615795737764633,-0.16098277625159507,GAN–LSTM matched,60
2001-02-01,0.07784420816,0.06653363039383166,1.1699979048072044,0.45798065476185973,0.07832668407784475,-0.16098277625159485,GAN–LSTM matched,60
2001-03-01,0.08328134531999999,0.06724559384901037,1.2384654600120781,0.49754826547431,0.08411702760744619,-0.16098277625159474,GAN–LSTM matched,60
2001-04-01,0.08323704492,0.06724861759173521,1.2377510185462868,0.49721739447407437,0.08406911802099022,-0.16098277625159496,GAN–LSTM matched,60
2001-05-01,0.08581753087999999,0.06734921797740549,1.27421718406278,0.5164740421943738,0.08684345944303692,-0.16098277625159496,GAN–LSTM matched,60
2001-06-01,0.08334596175999999,0.06710237772392223,1.2420716610506464,0.49809807578086956,0.08419662052788084,-0.16098277625159518,GAN–LSTM matched,60
2001-07-01,0.08442349156000001,0.06737167234076806,1.2531007265632845,0.5060046845563824,0.08533863902156061,-0.16098277625159485,GAN–LSTM matched,60
2001-08-01,0.08634912975999999,0.06755724281401408,1.2781624317872209,0.5203798007434962,0.08740272805251796,-0.1609827762515953,GAN–LSTM matched,60
2001-09-01,0.08610483376,0.06757434890408302,1.274223653744998,0.5185285078419132,0.08713778344199127,-0.16098277625159496,GAN–LSTM matched,60
2001-10-01,0.07861989196000001,0.0677025333233938,1.1612548024526261,0.4630536504854922,0.07907604229994904,-0.16098277625159496,GAN–LSTM matched,60
2001-11-01,0.07395776554000001,0.06879684556108985,1.0750168112624785,0.42902584406321,0.07400923724940099,-0.16098277625159507,GAN–LSTM matched,60
2001-12-01,0.07169653794000001,0.06856187119701686,1.045720262417802,0.4131662861473219,0.07161467810256934,-0.16098277625159518,GAN–LSTM matched,60
2002-01-01,0.07569528989999999,0.06876837638556273,1.100728181738656,0.44143121249803785,0.07586748990860095,-0.16098277625159563,GAN–LSTM matched,60
2002-02-01,0.07888381990000001,0.06967507928693577,1.132166919755352,0.464008984301706,0.07921692690587162,-0.16098277625159485,GAN–LSTM matched,60
2002-03-01,0.0759230625,0.06917068447068406,1.0976190720243304,0.44287465119382424,0.07608287682153494,-0.16098277625159507,GAN–LSTM matched,60
2002-04-01,0.08001871569999999,0.06989747517160091,1.14480123214109,0.4721763253569177,0.0804183852582274,-0.16098277625159507,GAN–LSTM matched,60
2002-05-01,0.08203595282,0.06994272141889485,1.1729019282603748,0.48697684746013775,0.08258209837981638,-0.16098277625159507,GAN–LSTM matched,60
2002-06-01,0.08563027002,0.07077898054293337,1.209826269934166,0.5133286789855916,0.08639223415999607,-0.16098277625159485,GAN–LSTM matched,60
2002-07-01,0.082884648922,0.07077798317554512,1.1710512959436503,0.4928385767487306,0.08343427313020031,-0.16098277625159518,GAN–LSTM matched,60
2002-08-01,0.084663238842,0.07062346793534514,1.19879752888244,0.5061610111577689,0.08536117019403763,-0.16098277625159518,GAN–LSTM matched,60
2002-09-01,0.08262355074200001,0.07082617027641558,1.166568097915536,0.4908793417448586,0.08314973900619418,-0.1609827762515953,GAN–LSTM matched,60
2002-10-01,0.07996335542199999,0.07090797062136157,1.127706162245044,0.47127042064893476,0.08028538527918763,-0.16098277625159485,GAN–LSTM matched,60
2002-11-01,0.06974440922199998,0.07172502422816002,0.972385997391097,0.39801397106491304,0.06930673521427327,-0.16098277625159485,GAN–LSTM matched,60
2002-12-01,0.07538091322200001,0.07373080913613735,1.022380116333945,0.4367395111339473,0.07516621001282428,-0.16098277625159518,GAN–LSTM matched,60
2003-01-01,0.074229599822,0.07391084556337364,1.0043126858608733,0.4284502620221326,0.07392270556746246,-0.16098277625159507,GAN–LSTM matched,60
2003-02-01,0.06994348762199999,0.07411749726865563,0.9436838830171775,0.3982369924687166,0.06934084976220431,-0.16098277625159485,GAN–LSTM matched,60
2003-03-01,0.066065243422,0.0741871935687613,0.8905208600560772,0.37149919618863275,0.06521950836333108,-0.16098277625159485,GAN–LSTM matched,60
2003-04-01,0.06189315426200001,0.0748216055460504,0.8272096516815142,0.34302072283568646,0.06075855438454903,-0.16098277625159507,GAN–LSTM matched,60
2003-05-01,0.043291267062000004,0.0826401191690975,0.5238529118456107,0.2203577126233974,0.04063260739269611,-0.16098277625159485,GAN–LSTM matched,60
2003-06-01,0.042014273002,0.08262460439840451,0.508495905159351,0.21262556597399013,0.03931056972904376,-0.16098277625159507,GAN–LSTM matched,60
2003-07-01,0.041927760502000005,0.08262960319087384,0.5074181513996522,0.21210051462978993,0.03922055250319749,-0.16098277625159518,GAN–LSTM matched,60
2003-08-01,0.040059608776000004,0.08259136887258996,0.48503383976839254,0.20088788905981347,0.03729072107536583,-0.16098277625159507,GAN–LSTM matched,60
2003-09-01,0.041408434456,0.08254366270051425,0.5016549193635677,0.2090099725692403,0.038690062586569186,-0.16098277625159496,GAN–LSTM matched,60
2003-10-01,0.040266146636,0.08257753908976459,0.4876162099263981,0.20213127674597603,0.037505432322463755,-0.16098277625159485,GAN–LSTM matched,60
2003-11-01,0.037429809396,0.08233697240234487,0.45459297693260853,0.1853713872190365,0.034596221541116676,-0.16098277625159496,GAN–LSTM matched,60
2003-12-01,0.038626095196,0.08244282627903575,0.4685197844293478,0.19240988954950103,0.03582195951757664,-0.16098277625159496,GAN–LSTM matched,60
2004-01-01,0.040043684796,0.08221795094534759,0.48704308895533127,0.20097389130004087,0.03730557787776883,-0.16098277625159518,GAN–LSTM matched,60
2004-02-01,0.039146205596,0.0821275229662434,0.4766514827445864,0.1956574010968451,0.03638555517848677,-0.16098277625159496,GAN–LSTM matched,60
2004-03-01,0.042386733296000005,0.08183887328077419,0.5179290916014799,0.21526322185748636,0.039762310427647655,-0.15745599193179627,GAN–LSTM matched,60
2004-04-01,0.044702090956,0.08165468334573907,0.5474528725648735,0.22945345554274874,0.04217924126729289,-0.15745599193179638,GAN–LSTM matched,60
2004-05-01,0.045132264876,0.08165089346933081,0.5527467362369071,0.232092675984869,0.04262629877742723,-0.15745599193179638,GAN–LSTM matched,60
2004-06-01,0.048168994975999996,0.08213681986642937,0.5864482585804058,0.25063013562165365,0.04574495449653672,-0.15745599193179627,GAN–LSTM matched,60
2004-07-01,0.04881265709600001,0.08215377343104648,0.5941620823658157,0.2546367842106928,0.046414148913647764,-0.15745599193179638,GAN–LSTM matched,60
2004-08-01,0.050154715435999996,0.08215273343971446,0.6105057413920945,0.2630498243016637,0.04781375808159661,-0.15745599193179627,GAN–LSTM matched,60
2004-09-01,0.053416022036,0.08204450162150054,0.6510615700053424,0.2837808920412379,0.05123105335605945,-0.1573445224539919,GAN–LSTM matched,60
2004-10-01,0.052032376628000004,0.08206895808982834,0.6340080078882945,0.27495611752753096,0.049781819975556064,-0.157344522453992,GAN–LSTM matched,60
2004-11-01,0.058411667987999995,0.08025060554779309,0.727865759881563,0.31705815254796355,0.05662526326134619,-0.12760040188158628,GAN–LSTM matched,60
2004-12-01,0.059962746988000006,0.07973358974869889,0.7520387226636625,0.32753613217053884,0.05830115489874095,-0.10922794125854884,GAN–LSTM matched,60
2005-01-01,0.071528242188,0.07812042656492892,0.9156151000858924,0.40702759414788753,0.07068205287891786,-0.10922794125854884,GAN–LSTM matched,60
2005-02-01,0.08902360908799999,0.0693663835231034,1.2833825920642017,0.5398500920745801,0.09017366994677718,-0.10922794125854884,GAN–LSTM matched,60
2005-03-01,0.083435401408,0.06823692029142019,1.2227310530966444,0.4982732215908008,0.0842219704857543,-0.10922794125854896,GAN–LSTM matched,60
2005-04-01,0.07512328788799999,0.06716886168826872,1.1184243115008832,0.4381645230136892,0.07537940344478881,-0.10922794125854884,GAN–LSTM matched,60
2005-05-01,0.071819572968,0.06719905396627877,1.0687586912166924,0.4147309661845404,0.07185187481483256,-0.10922794125854873,GAN–LSTM matched,60
2005-06-01,0.07174247266799999,0.06719585553165094,1.0676621660722434,0.41419040474053725,0.0717699524725714,-0.10922794125854884,GAN–LSTM matched,60
2005-07-01,0.062108463867999994,0.06789597520318105,0.9147591397301279,0.34771961148220065,0.06149978275280936,-0.10922794125854896,GAN–LSTM matched,60
2005-08-01,0.06379876686799998,0.06785208453533635,0.9402624444761831,0.35911800736445953,0.06328927497104893,-0.10922794125854884,GAN–LSTM matched,60
2005-09-01,0.05966530886799999,0.06767318405973206,0.8816684141141655,0.33153519530215536,0.05893799220767384,-0.10922794125854873,GAN–LSTM matched,60
2005-10-01,0.06006333906799999,0.06769229851863569,0.8872994473878671,0.3341662348857748,0.05935614237198674,-0.10922794125854873,GAN–LSTM matched,60
2005-11-01,0.054776889787999994,0.06691681648151197,0.8185818254389605,0.29985205805668586,0.05384996448360256,-0.10922794125854884,GAN–LSTM matched,60
2005-12-01,0.05004546188799999,0.06660524000599456,0.7513742444813025,0.26971957338946184,0.04891805965559965,-0.10922794125854873,GAN–LSTM matched,60
2006-01-01,0.053472238088,0.06539024540434774,0.8177402876736211,0.2920845517606027,0.05258744804522236,-0.10922794125854896,GAN–LSTM matched,60
2006-02-01,0.042282736808,0.06012797082506583,0.7032124355404555,0.22395087158559707,0.04124468405675274,-0.10922794125854896,GAN–LSTM matched,60
2006-03-01,0.036672741259999996,0.059016643115270113,0.6213965980472922,0.19058402139860556,0.03550454621743795,-0.10922794125854873,GAN–LSTM matched,60
2006-04-01,0.03729326546,0.05902501941166123,0.6318213163117093,0.19426942423450994,0.03614482609040975,-0.10922794125854862,GAN–LSTM matched,60
2006-05-01,0.039229804859999995,0.0596135763914475,0.6580682997846128,0.2056502259083658,0.03811213169885032,-0.10922794125854896,GAN–LSTM matched,60
2006-06-01,0.03901009858,0.05959984837543676,0.6545335205261605,0.20433560364028874,0.037885644627296475,-0.10922794125854907,GAN–LSTM matched,60
2006-07-01,0.03671464157999999,0.05891780017810709,0.6231502443915509,0.190866108286499,0.035553610301993784,-0.10922794125854896,GAN–LSTM matched,60
2006-08-01,0.03353196068,0.05850771163200909,0.5731203587469473,0.17225635510598597,0.03229665283766783,-0.10922794125854896,GAN–LSTM matched,60
2006-09-01,0.0352175448,0.05860349596900926,0.6009461418244358,0.1821170803356723,0.03402752263065889,-0.10922794125854873,GAN–LSTM matched,60
2006-10-01,0.038135684059999994,0.05815877615438905,0.6557167564662039,0.19959195302059107,0.037066746284678,-0.10922794125854873,GAN–LSTM matched,60
2006-11-01,0.041369485340000005,0.05723087371760258,0.7228525907909724,0.21940524761837055,0.040470118032311056,-0.10922794125854873,GAN–LSTM matched,60
2006-12-01,0.04213751514,0.05731098618262948,0.7352432395025083,0.22405339256411633,0.04126212688879986,-0.10922794125854896,GAN–LSTM matched,60
2007-01-01,0.037136321199999996,0.05697106103696892,0.6518453496223631,0.19403388744905076,0.036103952654012575,-0.10922794125854896,GAN–LSTM matched,60
2007-02-01,0.03105343623999999,0.0552378256696261,0.5621770202492872,0.15890429709537515,0.029934283163319957,-0.10922794125854896,GAN–LSTM matched,60
2007-03-01,0.031007635039999995,0.055231098254261674,0.5614162314363796,0.1586417050590066,0.02988760509730408,-0.10922794125854884,GAN–LSTM matched,60
2007-04-01,0.027429560439999997,0.05406654309874337,0.5073296509803588,0.1384948168104122,0.026280817711835925,-0.10922794125854873,GAN–LSTM matched,60
2007-05-01,0.02717606234,0.054016795856253796,0.5031039310869027,0.13707077859396669,0.02602395315054582,-0.10922794125854896,GAN–LSTM matched,60
2007-06-01,0.02105123254,0.05228859552011161,0.4025970162442616,0.1033309660532497,0.019861415623361182,-0.10922794125854884,GAN–LSTM matched,60
2007-07-01,0.023388817738,0.05247806003028561,0.4456875449378669,0.11622426132162691,0.022233929019867576,-0.10922794125854907,GAN–LSTM matched,60
2007-08-01,0.023237155818,0.05246904841238239,0.4428735896898058,0.11538235383709763,0.022079679342141858,-0.10922794125854873,GAN–LSTM matched,60
2007-09-01,0.023380640958,0.05245062358819085,0.4457647852115165,0.11618661155350099,0.02222703302396416,-0.10922794125854896,GAN–LSTM matched,60
2007-10-01,0.024577631397999997,0.0524268381526066,0.46879865855076414,0.12288044898789391,0.023450173685509793,-0.10922794125854896,GAN–LSTM matched,60
2007-11-01,0.028479641198000002,0.05109502667352528,0.5573857780713642,0.1453477093533461,0.02751334325419653,-0.10922794125854862,GAN–LSTM matched,60
2007-12-01,0.020836679798000003,0.04723358274709838,0.4411412089903349,0.10348680117435126,0.019890223162332,-0.10922794125854896,GAN–LSTM matched,60
2008-01-01,0.020528215498,0.047303202245710295,0.4339709474924947,0.10177115170500123,0.01957289026425234,-0.10204806530179533,GAN–LSTM matched,60
2008-02-01,0.024532923898,0.04729606376066298,0.5187096334728069,0.12401529568058493,0.023656961468794296,-0.09460834345364699,GAN–LSTM matched,60
2008-03-01,0.029001503697999996,0.047640883920817605,0.6087524267224443,0.14926385719364416,0.028215034456984762,-0.08974853912181346,GAN–LSTM matched,60
2008-04-01,0.033518643958,0.046907122777818416,0.7145747164405146,0.175649260344656,0.032893525148887395,-0.07472295124797368,GAN–LSTM matched,60
2008-05-01,0.048582995524,0.031012623152846173,1.5665555049812452,0.2713461183734766,0.04918666051602167,-0.023334763999999897,GAN–LSTM matched,60
2008-06-01,0.047400231143999993,0.03122933472675736,1.5178111080088867,0.2638377335495223,0.047944453832001986,-0.023334764000000008,GAN–LSTM matched,60
2008-07-01,0.051997361703999996,0.032105930460648774,1.6195562924965379,0.2929289868964616,0.0527249947027341,-0.023334763999999897,GAN–LSTM matched,60
2008-08-01,0.05308297757000001,0.032062712142886245,1.6555984825437646,0.2999442435332066,0.05386491186238029,-0.023334764000000008,GAN–LSTM matched,60
2008-09-01,0.05597708328999999,0.03266167426048766,1.7138461073233489,0.31868214100620795,0.05688570757358487,-0.023334763999999897,GAN–LSTM matched,60
2008-10-01,0.05163991291000001,0.034905584838842936,1.4794169227766416,0.2900320985184686,0.05225283209128222,-0.023546124,GAN–LSTM matched,60
2008-11-01,0.04843408865,0.035750951043198455,1.354763642272797,0.26941635169010886,0.04886795645022947,-0.03624539732545262,GAN–LSTM matched,60
2008-12-01,0.05185288025,0.037432408617597925,1.3852402814822509,0.2908302856151259,0.05238301285848208,-0.03624539732545262,GAN–LSTM matched,60
2009-01-01,0.04795631225000001,0.03948496248707034,1.2145462279647263,0.2655289137999486,0.04822476119581223,-0.03624539732545273,GAN–LSTM matched,60
2009-02-01,0.049414729649999996,0.03981362777980458,1.2411511436057971,0.2746731572199237,0.049735218691572276,-0.03624539732545262,GAN–LSTM matched,60
2009-03-01,0.04885830337,0.03983022732487969,1.226663934691655,0.27114209468653416,0.0491529839790442,-0.03624539732545273,GAN–LSTM matched,60
2009-04-01,0.043994031509999997,0.04141415304472731,1.0622946088620095,0.2403193500304085,0.04401491667499725,-0.03624539732545262,GAN–LSTM matched,60
2009-05-01,0.039786375109999994,0.04242458942785036,0.9378140282927887,0.2143319997474897,0.0396029134264501,-0.052090115750112576,GAN–LSTM matched,60
2009-06-01,0.03505435573,0.04134263184960909,0.8478985048053114,0.18628418120702067,0.03475551043067143,-0.052090115750112465,GAN–LSTM matched,60
2009-07-01,0.03100828701,0.04184616432882812,0.741006673068914,0.16247045918519207,0.030567363917663497,-0.06323398692757864,GAN–LSTM matched,60
2009-08-01,0.022774560009999997,0.044823550492012275,0.5080936195373122,0.11496544314013261,0.022003260762591438,-0.09485213494550493,GAN–LSTM matched,60
2009-09-01,0.01601046341,0.04614483957333147,0.3469610807630359,0.07762234529892334,0.015063747981047426,-0.11660368626631357,GAN–LSTM matched,60
2009-10-01,0.017613919537999997,0.04621955217487145,0.38109238859255534,0.0862661957419275,0.016686959028363733,-0.11660368626631412,GAN–LSTM matched,60
2009-11-01,0.017169166977999997,0.04626610207567336,0.37109603376394035,0.08384527584179735,0.016233384238423094,-0.11660368626631379,GAN–LSTM matched,60
2009-12-01,0.024710872377999994,0.04621636570871339,0.5346779652416749,0.1254396059139726,0.0239162580532478,-0.11660368626631401,GAN–LSTM matched,60
2010-01-01,0.019189293098,0.04524212591058165,0.4241465826766515,0.09508398338245755,0.018332220846133417,-0.11660368626631379,GAN–LSTM matched,60
2010-02-01,0.017735250738,0.0449479654793856,0.39457293670241605,0.087233531944193,0.016867969534261028,-0.1166036862663139,GAN–LSTM matched,60
2010-03-01,0.015257783617999999,0.04498600870595523,0.3391673112796107,0.07385775619861318,0.014353545762227598,-0.1166036862663139,GAN–LSTM matched,60
2010-04-01,0.012139698137999998,0.046000578972400334,0.2639031596816126,0.05702124656570886,0.011152694228539105,-0.11747528740147628,GAN–LSTM matched,60
2010-05-01,0.013762395817999998,0.04600908266606895,0.2991234560768491,0.06562094298208616,0.012792669840218561,-0.11747528740147639,GAN–LSTM matched,60
2010-06-01,0.011130144917999997,0.045955970443117444,0.24219148917280434,0.05171465746100091,0.010135386464005311,-0.11747528740147672,GAN–LSTM matched,60
2010-07-01,0.020451667718,0.045677302349222515,0.4477424599561123,0.10190371814042146,0.019597424331762283,-0.11747528740147661,GAN–LSTM matched,60
2010-08-01,0.018555475977999995,0.04561929983392623,0.4067461807951869,0.09153684207593157,0.017671658259576357,-0.11747528740147606,GAN–LSTM matched,60
2010-09-01,0.021434475978000002,0.04582586701011858,0.46773748924962316,0.10728582182808624,0.02059150193352687,-0.11747528740147672,GAN–LSTM matched,60
2010-10-01,0.020675647458,0.04573267879825838,0.452097887141205,0.10312283730688146,0.01982293605513601,-0.11747528740147617,GAN–LSTM matched,60
2010-11-01,0.021657620737999997,0.04577564162485183,0.47312544334150763,0.10853211323230666,0.020821141313824842,-0.11747528740147661,GAN–LSTM matched,60
2010-12-01,0.024221803838000003,0.045853103769066574,0.5282478577674935,0.12278924670959035,0.023433547869230183,-0.11747528740147672,GAN–LSTM matched,60
2011-01-01,0.026327295977999998,0.04552635297441254,0.5782869537737163,0.13473032857073394,0.025601228835418106,-0.11747528740147628,GAN–LSTM matched,60
2011-02-01,0.024364587058,0.045613079248858206,0.5341579095125418,0.12365043241097941,0.023590495588406788,-0.11747528740147617,GAN–LSTM matched,60
2011-03-01,0.026491110806,0.045805475544775105,0.578339390453545,0.13558740249531995,0.025756111558887452,-0.11747528740147639,GAN–LSTM matched,60
2011-04-01,0.027178678206000003,0.0458802029655466,0.5923835652254987,0.1394703343780719,0.026456630898388213,-0.11747528740147695,GAN–LSTM matched,60
2011-05-01,0.023021378606,0.04464038573448958,0.5157074301043386,0.11637950498569667,0.022262361749457754,-0.11747528740147628,GAN–LSTM matched,60
2011-06-01,0.022947649206000002,0.04463320746619877,0.5141384746632541,0.11597056126626892,0.022187457285789865,-0.1174752874014765,GAN–LSTM matched,60
2011-07-01,0.020257398826,0.04425124154366349,0.4577814795549106,0.10117727479980604,0.019462952481827278,-0.11747528740147639,GAN–LSTM matched,60
2011-08-01,0.020060126966,0.04425017062360082,0.4533344546088808,0.10009372893495128,0.01926224548797089,-0.11747528740147628,GAN–LSTM matched,60
2011-09-01,0.022708346366,0.04516513043081678,0.5027849172446048,0.11451095092110687,0.021919927545859436,-0.11747528740147606,GAN–LSTM matched,60
2011-10-01,0.031647719506000004,0.04933747754722113,0.6414539429120555,0.1642463799618985,0.03088205382509089,-0.11747528740147672,GAN–LSTM matched,60
2011-11-01,0.036202589026,0.04968161968135221,0.7286918030892718,0.19089140578891522,0.03555800990614398,-0.11747528740147639,GAN–LSTM matched,60
2011-12-01,0.03582008442600001,0.04962430018413293,0.7218254825375504,0.1886391897197123,0.03516602341195968,-0.11747528740147639,GAN–LSTM matched,60
2012-01-01,0.038964560366,0.04958332099949739,0.7858400684051593,0.2074285286573637,0.03841818886438569,-0.11747528740147628,GAN–LSTM matched,60
2012-02-01,0.039370503126,0.049592517585950326,0.7938799045191799,0.20987107123158727,0.03883797864010324,-0.11747528740147639,GAN–LSTM matched,60
2012-03-01,0.038772452006,0.049522588825179154,0.782924578980948,0.20629065977416303,0.03822239600807632,-0.1174752874014765,GAN–LSTM matched,60
2012-04-01,0.037539346206,0.04940299162222793,0.7598597771781475,0.19893401418202894,0.036952961554452275,-0.11747528740147661,GAN–LSTM matched,60
2012-05-01,0.031704218906000003,0.05004775577368881,0.6334793322074912,0.16437152174204978,0.030904214232251363,-0.1174752874014765,GAN–LSTM matched,60
2012-06-01,0.033660934106000004,0.05019121749529059,0.6706538670666513,0.1757467999429545,0.03291066370876324,-0.1174752874014765,GAN–LSTM matched,60
2012-07-01,0.032328312405999995,0.05003465141931758,0.6461184696795659,0.1680045763668823,0.031546735203387445,-0.11747528740147695,GAN–LSTM matched,60
2012-08-01,0.029555513006000005,0.05030897333185111,0.5874799473852135,0.15188598641954074,0.028683796349645373,-0.11747528740147628,GAN–LSTM matched,60
2012-09-01,0.030275627519999994,0.05023591075458711,0.6026690282953711,0.15605144250943015,0.02942670885380904,-0.11747528740147695,GAN–LSTM matched,60
2012-10-01,0.031352252600000005,0.05032496807021181,0.6229959759986001,0.16225002822835893,0.030528277129548743,-0.1174752874014765,GAN–LSTM matched,60
2012-11-01,0.03421949640000001,0.05026869982527328,0.680731678339444,0.17900287431607095,0.03348213275446939,-0.11747528740147661,GAN–LSTM matched,60
2012-12-01,0.032091720000000004,0.05029924127528771,0.6380159856559672,0.1665514025381546,0.0312899274292466,-0.11747528740147639,GAN–LSTM matched,60
2013-01-01,0.03365314906,0.05003418602576872,0.6726031086559073,0.17574654353616495,0.032910618657340567,-0.11747528740147617,GAN–LSTM matched,60
2013-02-01,0.03338537025999999,0.04998875379167399,0.6678576225190992,0.1741907123262149,0.03263710973158289,-0.11747528740147639,GAN–LSTM matched,60
2013-03-01,0.03140477106,0.04961047368949907,0.6330270349070941,0.16275712236220796,0.030618186125842817,-0.11747528740147684,GAN–LSTM matched,60
2013-04-01,0.02988875856,0.04961038798166336,0.6024697603866204,0.15399893616274724,0.02906091077336744,-0.11747528740147672,GAN–LSTM matched,60
2013-05-01,0.029746786113599995,0.049616730988638225,0.5995313580899099,0.15318029626006124,0.028914867402746295,-0.11747528740147661,GAN–LSTM matched,60
2013-06-01,0.0313692636136,0.04951503399798964,0.633530083305075,0.1625782405181937,0.030586473531006457,-0.11747528740147672,GAN–LSTM matched,60
2013-07-01,0.025483826013600004,0.048969320890551914,0.5204039090220836,0.12908926423648107,0.024579484495265817,-0.11747528740147639,GAN–LSTM matched,60
2013-08-01,0.023352382373600003,0.04903686745253528,0.47622092492355256,0.11712613518305388,0.022399062189306103,-0.11747528740147672,GAN–LSTM matched,60
2013-09-01,0.020962126573600002,0.04851141420225238,0.43210710135567915,0.10401582596220359,0.01998799393257798,-0.1174752874014765,GAN–LSTM matched,60
2013-10-01,0.028242029673600004,0.04736918656783611,0.5962109911504468,0.14517050019420652,0.02748154574082209,-0.11132064804800568,GAN–LSTM matched,60
2013-11-01,0.0307763139896,0.046869875076895384,0.6566331559260173,0.15987264719269093,0.030106342891355175,-0.11132064804800579,GAN–LSTM matched,60
2013-12-01,0.023913987589600002,0.04520424955600885,0.5290207850916794,0.1212505047258817,0.02315287824838551,-0.11132064804800579,GAN–LSTM matched,60
2014-01-01,0.026330086189600005,0.0440169508651428,0.5981806025199011,0.13515025643138118,0.02567712612678371,-0.10423190640391267,GAN–LSTM matched,60
2014-02-01,0.021680074269600003,0.043708176180540646,0.4960187352601595,0.10918608195882415,0.02094155778443235,-0.10423190640391289,GAN–LSTM matched,60
2014-03-01,0.022082950749600004,0.04371491710061026,0.5051582437815425,0.11141698142575929,0.02135191053557888,-0.10423190640391267,GAN–LSTM matched,60
2014-04-01,0.026729134349600003,0.0424295511535354,0.6299650508410533,0.137798108491383,0.02615517928803231,-0.08473778218988592,GAN–LSTM matched,60
2014-05-01,0.031592935349600004,0.04158201060781416,0.7597741159650179,0.16594466680424327,0.03118262814216786,-0.06963437795538885,GAN–LSTM matched,60
2014-06-01,0.031390500535600004,0.041594015494272635,0.7546879079256575,0.16476535952725876,0.030973943541935882,-0.06963437795538874,GAN–LSTM matched,60
2014-07-01,0.034686887075600005,0.04102883667087605,0.8454270189001527,0.18420502011398568,0.03439253951497502,-0.05790272033460786,GAN–LSTM matched,60
2014-08-01,0.0396534068756,0.03790186447192546,1.0462125657425623,0.2146391344341488,0.03965549638015094,-0.02659099837651069,GAN–LSTM matched,60
2014-09-01,0.0477326980756,0.03624553061898811,1.3169264530119489,0.264914412832033,0.048122944434697695,-0.026590998376510577,GAN–LSTM matched,60
2014-10-01,0.0511056724756,0.03734920321048482,1.3683202875196383,0.2860876900545766,0.05160856896504155,-0.02659099837651069,GAN–LSTM matched,60
2014-11-01,0.05354702393560001,0.03717069009096049,1.4405711544382134,0.30185637810450267,0.05417476314025289,-0.0265909983765108,GAN–LSTM matched,60
2014-12-01,0.04992584253560001,0.03647715186139327,1.3686880687754728,0.2787540508386718,0.05040650957117488,-0.02659099837651069,GAN–LSTM matched,60
2015-01-01,0.05121011555560001,0.036296105616877065,1.410898350807867,0.2869987115109941,0.05175751162828229,-0.02659099837651069,GAN–LSTM matched,60
2015-02-01,0.050160566435600004,0.0362953210018026,1.3820119247081128,0.2802909808576299,0.05065888425065832,-0.02659099837651069,GAN–LSTM matched,60
2015-03-01,0.0546731818356,0.03647385670232565,1.498969036419829,0.30933798378180616,0.05538362953024839,-0.024229954293416234,GAN–LSTM matched,60
2015-04-01,0.05587934823559999,0.035698842324705465,1.5652986090512115,0.31740549025447856,0.05668098852844176,-0.024229954293416345,GAN–LSTM matched,60
2015-05-01,0.05941265107560001,0.03663300698915208,1.6218338585525762,0.3405550688231758,0.06036877835898665,-0.024229954293416345,GAN–LSTM matched,60
2015-06-01,0.06312232747559998,0.03658534432869972,1.725344632770972,0.3655358847259732,0.0642915730788766,-0.024229954293416345,GAN–LSTM matched,60
2015-07-01,0.05996764307560001,0.03567454067435577,1.6809646863570427,0.34448658808341487,0.06099001033400035,-0.024229954293416456,GAN–LSTM matched,60
2015-08-01,0.0599709331356,0.03567390935403633,1.6810866602937804,0.3445087438892139,0.0609935071236127,-0.024229954293416345,GAN–LSTM matched,60
2015-09-01,0.061229837535600004,0.03603763510789803,1.6990525974380832,0.35287069074599986,0.062309970444532785,-0.024229954293416345,GAN–LSTM matched,60
2015-10-01,0.0627808863556,0.03621648157184378,1.7334893846896633,0.3633063293601452,0.06394380510634326,-0.024229954293416123,GAN–LSTM matched,60
2015-11-01,0.0632515731556,0.03624439299968321,1.7451409147934365,0.36649505134420624,0.06444104498418829,-0.024229954293416345,GAN–LSTM matched,60
2015-12-01,0.0642908247556,0.03644697815255939,1.7639548740225355,0.3735276154953128,0.06553440970578805,-0.024229954293416345,GAN–LSTM matched,60
2016-01-01,0.06603489071559998,0.0364142359119116,1.8134361208441303,0.38550046958307166,0.06738559012449087,-0.024229954293416123,GAN–LSTM matched,60
2016-02-01,0.06786657343559999,0.03611763179021187,1.8790427298722365,0.3982503319420713,0.0693428901014909,-0.024229954293416456,GAN–LSTM matched,60
2016-03-01,0.06506729015559999,0.0361991341603766,1.7974819471461927,0.37890237627733614,0.0663670175612801,-0.024229954293416234,GAN–LSTM matched,60
2016-04-01,0.05415976835559999,0.04276803033733725,1.2663610628876107,0.30436036930965316,0.05457997156157832,-0.048063677026568774,GAN–LSTM matched,60
2016-05-01,0.0579947877556,0.04366020422268261,1.3283214952409725,0.32924788313925824,0.05857393307287594,-0.04806367702656866,GAN–LSTM matched,60
2016-06-01,0.056403348075600004,0.043761681216273905,1.2888752558853922,0.3187339244967404,0.056894008038068745,-0.04806367702656866,GAN–LSTM matched,60
2016-07-01,0.0554247695956,0.04389398032646074,1.2626963693740965,0.31228974594396786,0.055859050866127,-0.04806367702656855,GAN–LSTM matched,60
2016-08-01,0.054972519495599996,0.04393909137210118,1.251107334697968,0.309326546540543,0.05538178574055902,-0.048063677026568774,GAN–LSTM matched,60
2016-09-01,0.049673345575600006,0.04319900855324714,1.1498723521483738,0.27543437239304797,0.04986056589326204,-0.04806367702656866,GAN–LSTM matched,60
2016-10-01,0.0446368715756,0.03951086925159712,1.1297365110183109,0.24473718255165064,0.04475758440075895,-0.048063677026568774,GAN–LSTM matched,60
2016-11-01,0.0435030860756,0.03917720560649082,1.1104183006965784,0.23780489442127098,0.04359127408829933,-0.04806367702656866,GAN–LSTM matched,60
2016-12-01,0.0430759928756,0.03912521908368061,1.1009776784500431,0.23518611935127656,0.04314932293008315,-0.04806367702656866,GAN–LSTM matched,60
1992-01-01,,,,,,,GAN–Transformer,36
1992-02-01,,,,,,,GAN–Transformer,36
1992-03-01,,,,,,,GAN–Transformer,36
1992-04-01,,,,,,,GAN–Transformer,36
1992-05-01,,,,,,,GAN–Transformer,36
1992-06-01,,,,,,,GAN–Transformer,36
1992-07-01,,,,,,,GAN–Transformer,36
1992-08-01,,,,,,,GAN–Transformer,36
1992-09-01,,,,,,,GAN–Transformer,36
1992-10-01,,,,,,,GAN–Transformer,36
1992-11-01,,,,,,,GAN–Transformer,36
1992-12-01,,,,,,,GAN–Transformer,36
1993-01-01,,,,,,,GAN–Transformer,36
1993-02-01,,,,,,,GAN–Transformer,36
1993-03-01,,,,,,,GAN–Transformer,36
1993-04-01,,,,,,,GAN–Transformer,36
1993-05-01,,,,,,,GAN–Transformer,36
1993-06-01,,,,,,,GAN–Transformer,36
1993-07-01,,,,,,,GAN–Transformer,36
1993-08-01,,,,,,,GAN–Transformer,36
1993-09-01,,,,,,,GAN–Transformer,36
1993-10-01,,,,,,,GAN–Transformer,36
1993-11-01,,,,,,,GAN–Transformer,36
1993-12-01,,,,,,,GAN–Transformer,36
1994-01-01,,,,,,,GAN–Transformer,36
1994-02-01,,,,,,,GAN–Transformer,36
1994-03-01,,,,,,,GAN–Transformer,36
1994-04-01,,,,,,,GAN–Transformer,36
1994-05-01,,,,,,,GAN–Transformer,36
1994-06-01,,,,,,,GAN–Transformer,36
1994-07-01,,,,,,,GAN–Transformer,36
1994-08-01,,,,,,,GAN–Transformer,36
1994-09-01,,,,,,,GAN–Transformer,36
1994-10-01,,,,,,,GAN–Transformer,36
1994-11-01,,,,,,,GAN–Transformer,36
1994-12-01,0.07501198041,0.02923112569664099,2.566168035691481,0.24994542677866485,0.07720166819563824,-0.02624213106244344,GAN–Transformer,36
1995-01-01,0.07059513734333334,0.029028197493117507,2.4319504288914673,0.23361155464569447,0.07248890859460846,-0.026242131062443552,GAN–Transformer,36
1995-02-01,0.07496289634333334,0.02807984752424216,2.6696333118837505,0.24988189842455558,0.07718341832996276,-0.02624213106244333,GAN–Transformer,36
1995-03-01,0.07322303667666666,0.028056372637116633,2.6098540115552096,0.24341720847867246,0.07532305660457732,-0.026242131062442997,GAN–Transformer,36
1995-04-01,0.06930197367666667,0.0273521589269478,2.5336930025069866,0.22903030731737717,0.07115963231715684,-0.02624213106244322,GAN–Transformer,36
1995-05-01,0.07039482906666668,0.027197898703229136,2.588245137419711,0.23305799877245048,0.07232846604285041,-0.026242131062443552,GAN–Transformer,36
1995-06-01,0.06766229373333334,0.02692780492282337,2.512729646076141,0.2230741921752353,0.06942648164907839,-0.026242131062443552,GAN–Transformer,36
1995-07-01,0.0725293173,0.02827286950718814,2.5653327222961937,0.24082664052757802,0.07457575198063245,-0.02624213106244344,GAN–Transformer,36
1995-08-01,0.06885304903333334,0.02820392344407009,2.4412578331476706,0.22730301031851752,0.07065758929575841,-0.02624213106244322,GAN–Transformer,36
1995-09-01,0.06795542019999999,0.028172613352360938,2.4121092122362566,0.22402426150620175,0.06970331585971654,-0.02624213106244344,GAN–Transformer,36
1995-10-01,0.07618368783333333,0.029416182451433494,2.5898563812321194,0.25430281618111605,0.07845194768553766,-0.02624213106244322,GAN–Transformer,36
1995-11-01,0.08225178483333334,0.029376517323542725,2.79991613462688,0.2771980401972163,0.08497420856449515,-0.02624213106244333,GAN–Transformer,36
1995-12-01,0.0813341875,0.02917978174080488,2.787347356552109,0.27373173201571277,0.08399178132674863,-0.026242131062443552,GAN–Transformer,36
1996-01-01,0.07693449873333334,0.029576338998441004,2.601217775377427,0.25709632516709646,0.07925197550123976,-0.02624213106244333,GAN–Transformer,36
1996-02-01,0.07480941653333333,0.029424145552978762,2.5424499208868268,0.24917364662670885,0.07697991610505228,-0.02624213106244322,GAN–Transformer,36
1996-03-01,0.07039234208333334,0.02941122182467703,2.39338380781827,0.23282911351242855,0.07226211194106287,-0.02624213106244333,GAN–Transformer,36
1996-04-01,0.06330091725,0.03297168313115342,1.9198570178599672,0.20662730153602912,0.06461124519193596,-0.02624213106244344,GAN–Transformer,36
1996-05-01,0.06729050805,0.032236967480344436,2.0873709070503743,0.22116188907069562,0.06886883372750406,-0.02624213106244333,GAN–Transformer,36
1996-06-01,0.06441793244999999,0.03253835902496181,1.979753570257853,0.21070613854773815,0.06580948648779343,-0.02624213106244333,GAN–Transformer,36
1996-07-01,0.07126903135000001,0.033874971171741985,2.1038846347255817,0.23554851865787382,0.07304994043967458,-0.02624213106244333,GAN–Transformer,36
1996-08-01,0.07910697735,0.03265325079808396,2.422637116260469,0.26491024957806847,0.0814835149939686,-0.02077404349851375,GAN–Transformer,36
1996-09-01,0.08008956058333334,0.032533397941161064,2.4617643914165046,0.26863406938078344,0.0825437494224396,-0.020774043498513528,GAN–Transformer,36
1996-10-01,0.09278376291666666,0.03096936752428062,2.9959850760246325,0.3177146617027332,0.09632788224189537,-0.02077404349851375,GAN–Transformer,36
1996-11-01,0.09701268704999999,0.030531396710323244,3.1774729459788564,0.3344578485115091,0.10095175162715028,-0.02077404349851375,GAN–Transformer,36
1996-12-01,0.09772028938333333,0.030697989260760335,3.183279808760769,0.33725136822877905,0.1017194508699538,-0.02077404349851375,GAN–Transformer,36
1997-01-01,0.09004190004999998,0.031761388325187954,2.8349484955792508,0.3069068550697243,0.09332231430664753,-0.02077404349851375,GAN–Transformer,36
1997-02-01,0.09672824408333335,0.03159676086577081,3.0613341821414464,0.33320117565252744,0.1006060505093942,-0.02077404349851364,GAN–Transformer,36
1997-03-01,0.09741876575,0.031736240139665785,3.0696379067361668,0.3359268129259256,0.10135557751696816,-0.02077404349851375,GAN–Transformer,36
1997-04-01,0.09697063658333333,0.03163962077111455,3.0648482573426685,0.3341580731172759,0.10086930542066977,-0.02077404349851364,GAN–Transformer,36
1997-05-01,0.09855917451666665,0.03153057833433173,3.1258283140766734,0.3404929923117794,0.1026089566371593,-0.02077404349851364,GAN–Transformer,36
1997-06-01,0.09986114551666667,0.03192883829659337,3.1276159999633086,0.3456476515523614,0.10402045322860566,-0.020774043498513528,GAN–Transformer,36
1997-07-01,0.09765030327999998,0.0322679539668157,3.02623164085406,0.33678252849264645,0.10159068170315935,-0.020774043498513528,GAN–Transformer,36
1997-08-01,0.09271995191333333,0.03239173574563104,2.862457036617412,0.31729344763984263,0.0962110542345233,-0.02077404349851364,GAN–Transformer,36
1997-09-01,0.08956173834666668,0.033556749054052586,2.6689634982936608,0.3048188852862316,0.09273975793462451,-0.02077404349851364,GAN–Transformer,36
1997-10-01,0.08862182167999999,0.033588699423341035,2.638441594985247,0.3011678254340942,0.09171959457432272,-0.02077404349851375,GAN–Transformer,36
1997-11-01,0.09053665134666666,0.0341097661011906,2.6542735906801327,0.3085424586212618,0.09377822447659923,-0.020774043498513528,GAN–Transformer,36
1997-12-01,0.09209553601333333,0.034555337350691856,2.665160958455797,0.3145727388677125,0.0954558373651895,-0.02077404349851364,GAN–Transformer,36
1998-01-01,0.09192079975666667,0.03459269594881169,2.65723145408169,0.3138841398424179,0.09526453019523101,-0.02077404349851375,GAN–Transformer,36
1998-02-01,0.09334269308999998,0.03463505425432553,2.69503527855287,0.31945206221646466,0.0968095049974505,-0.02077404349851375,GAN–Transformer,36
1998-03-01,0.09673795742333334,0.03474636177095526,2.7841176023268517,0.3328390791880218,0.1005064002210064,-0.02077404349851375,GAN–Transformer,36
1998-04-01,0.09538232495666665,0.03495218405413161,2.728937476666547,0.3274449601465432,0.09901977694917935,-0.02077404349851364,GAN–Transformer,36
1998-05-01,0.10015424719000002,0.035333123986160016,2.83457096036089,0.34637797914737456,0.1042201466073594,-0.02077404349851375,GAN–Transformer,36
1998-06-01,0.10207401818999999,0.03526083108233444,2.8948273496916737,0.35409934263459847,0.10632699381602884,-0.02077404349851364,GAN–Transformer,36
1998-07-01,0.09643048502333332,0.03462602968705011,2.784913138897863,0.3316354348098495,0.10017502306207976,-0.02077404349851364,GAN–Transformer,36
1998-08-01,0.10288793179,0.03505925750216738,2.9346865598519707,0.35740935443501565,0.10722770952359904,-0.02077404349851375,GAN–Transformer,36
1998-09-01,0.10439726128999999,0.03501215270437758,2.9817435726237744,0.3635232247726121,0.10888756465464942,-0.02077404349851375,GAN–Transformer,36
1998-10-01,0.10221300462333335,0.03431908076489522,2.9783141723273197,0.35478565727603223,0.1065138733027551,-0.02077404349851364,GAN–Transformer,36
1998-11-01,0.10643550495666668,0.03594556498412138,2.9610191133087924,0.3716851793223766,0.11109573894511027,-0.02077404349851364,GAN–Transformer,36
1998-12-01,0.10563224228999998,0.035911034225053116,2.9414981932295974,0.3684174273159518,0.11021271991575816,-0.02077404349851375,GAN–Transformer,36
1999-01-01,0.10125067105666666,0.038076099871132064,2.659166022763568,0.3503834554679416,0.10531408131744727,-0.020774043498513528,GAN–Transformer,36
1999-02-01,0.10293706392333334,0.03804013314942361,2.706012187680606,0.3571800185605456,0.10716535021247563,-0.02077404349851364,GAN–Transformer,36
1999-03-01,0.09834903437333332,0.039947541002204955,2.461954651173768,0.3384904798841036,0.10205963422577635,-0.020292167000000028,GAN–Transformer,36
1999-04-01,0.09704070204,0.040958691085851304,2.369233475664498,0.33312809434311363,0.10058593971578207,-0.04354991844538059,GAN–Transformer,36
1999-05-01,0.09634970717333334,0.04101948910843201,2.348876333360465,0.3303798976170322,0.09982914636138632,-0.04354991844538059,GAN–Transformer,36
1999-06-01,0.09945369983999999,0.04057914021449152,2.450857739082489,0.34279474431763185,0.10323969004488467,-0.04354991844538059,GAN–Transformer,36
1999-07-01,0.09172376306,0.040052955577509874,2.2900622872261587,0.3123327217087348,0.09483326880665524,-0.04354991844538059,GAN–Transformer,36
1999-08-01,0.08662721055999997,0.040326149714403764,2.148164681565379,0.2925247441393944,0.08929695261498694,-0.0435499184453807,GAN–Transformer,36
1999-09-01,0.08348424289333334,0.04092775963707706,2.039795083669904,0.28038913118317516,0.08587706304618853,-0.04354991844538059,GAN–Transformer,36
1999-10-01,0.08086134822666667,0.040151884645151965,2.0138867438300943,0.2705352838419222,0.08308425741215664,-0.04354991844538059,GAN–Transformer,36
1999-11-01,0.07982539022666665,0.04007468692305534,1.9919155046659232,0.26663018305280073,0.08197346734946218,-0.04354991844538059,GAN–Transformer,36
1999-12-01,0.07258782689333335,0.040264483638642094,1.8027755563632837,0.2395662043079491,0.07421177605621541,-0.04354991844538059,GAN–Transformer,36
2000-01-01,0.07231566989333332,0.04036409177316166,1.7915842204435892,0.23854607636199435,0.07391701320567004,-0.04354991844538059,GAN–Transformer,36
2000-02-01,0.049995856559999996,0.05116129175668665,0.9772203719517241,0.15700428032491376,0.04981229609927464,-0.08179999663929127,GAN–Transformer,36
2000-03-01,0.056235380560000006,0.05364460667916505,1.0482951416967174,0.17833445972681577,0.05622439242104767,-0.08179999663929105,GAN–Transformer,36
2000-04-01,0.05299848842666667,0.05335442292485021,0.9933288661244658,0.1670507928377667,0.05284212402802988,-0.08179999663929094,GAN–Transformer,36
2000-05-01,0.05157698569333334,0.05330144037351449,0.9676471279557008,0.162115460545267,0.05135590833472358,-0.08179999663929116,GAN–Transformer,36
2000-06-01,0.04691080202666667,0.05252557673332211,0.8931039875076052,0.1461611368157427,0.04652247478396312,-0.08179999663929094,GAN–Transformer,36
2000-07-01,0.05596895876333334,0.054171971074428504,1.0331719088905937,0.17730351430843228,0.05591626614662145,-0.08179999663929094,GAN–Transformer,36
2000-08-01,0.06064677513,0.05434092209480094,1.1160424371194533,0.19382931704317366,0.06083395776051109,-0.08179999663929094,GAN–Transformer,36
2000-09-01,0.06645413913,0.05372707147298107,1.236883703282046,0.2148165352182202,0.0670142796184268,-0.08179999663929094,GAN–Transformer,36
2000-10-01,0.07167223346333333,0.05441956992086044,1.3170305014825097,0.23374079524244598,0.07252636075848906,-0.08179999663929094,GAN–Transformer,36
2000-11-01,0.06855991513000001,0.05390055423046048,1.2719705039926132,0.2224394434598697,0.06924144666264363,-0.08179999663929138,GAN–Transformer,36
2000-12-01,0.07091333379666667,0.05466786884164581,1.2971666044286165,0.23090519341304006,0.0717040403575459,-0.08179999663929127,GAN–Transformer,36
2001-01-01,0.07085050062,0.05467470440204202,1.2958552111962371,0.23067321908426502,0.07163671227905055,-0.08179999663929083,GAN–Transformer,36
2001-02-01,0.08164596928666668,0.05872723776110921,1.3902572707197012,0.2701023122498632,0.08296121268706165,-0.08179999663929072,GAN–Transformer,36
2001-03-01,0.07457596772000001,0.05909701461269283,1.2619244509854244,0.24353848045933577,0.07535801465317067,-0.08179999663929105,GAN–Transformer,36
2001-04-01,0.08089421652,0.0595163635764293,1.3591928615752513,0.26708994910625783,0.08210436440752837,-0.08179999663929116,GAN–Transformer,36
2001-05-01,0.07896614585333334,0.05923313306841617,1.3331414659785918,0.2598906551488813,0.08005105358475943,-0.08179999663929094,GAN–Transformer,36
2001-06-01,0.07941487852,0.05926497466525223,1.3399968357121712,0.2615699021614781,0.0805306897364103,-0.08179999663929072,GAN–Transformer,36
2001-07-01,0.08514747635333335,0.059796781887971696,1.4239474711675246,0.28318771129072096,0.08666763066363546,-0.08179999663929072,GAN–Transformer,36
2001-08-01,0.08383173002,0.059541639229664656,1.407951327921009,0.2782232610998771,0.08526443782845594,-0.08179999663929083,GAN–Transformer,36
2001-09-01,0.08519612902000001,0.059655645150445184,1.428131886012538,0.2834043104965281,0.08672876957614321,-0.08179999663929127,GAN–Transformer,36
2001-10-01,0.07931757025333333,0.05961977685542242,1.3303902570061263,0.2611276215288242,0.08040440431637208,-0.0817999966392906,GAN–Transformer,36
2001-11-01,0.07386506175333334,0.05832422244701967,1.2664560049717006,0.24106416883128298,0.07464431537812342,-0.08179999663929116,GAN–Transformer,36
2001-12-01,0.06955386988666666,0.05857531921213801,1.1874262201588424,0.22515803986914432,0.07003349237730325,-0.08179999663929116,GAN–Transformer,36
2002-01-01,0.07957622755333334,0.0573473524832051,1.3876181568562949,0.2625834366978502,0.08081997533767026,-0.07659478656611396,GAN–Transformer,36
2002-02-01,0.08487635588666669,0.05841599618059787,1.4529642809525054,0.28245534673647765,0.08646085699083648,-0.07659478656611418,GAN–Transformer,36
2002-03-01,0.09683425322,0.05759104847778467,1.6814115349428496,0.3291271049133498,0.09948380874783515,-0.06339492369482613,GAN–Transformer,36
2002-04-01,0.11218611122,0.054809878889145555,2.046822826353975,0.3918600301886848,0.116516608781859,-0.06339492369482624,GAN–Transformer,36
2002-05-01,0.11436613241999999,0.05470117383946496,2.0907436603762397,0.40093099753022166,0.11893686252495417,-0.06339492369482624,GAN–Transformer,36
2002-06-01,0.12068164618666666,0.05551064688078621,2.174027019462422,0.4272843865414144,0.1259095555373543,-0.06339492369482624,GAN–Transformer,36
2002-07-01,0.13629371363333334,0.05881147433458247,2.3174680651253383,0.4941972738538573,0.14323623207725453,-0.06339492369482591,GAN–Transformer,36
2002-08-01,0.13910230826666667,0.05833950131521192,2.384358884301878,0.5068161816960227,0.14644552952892004,-0.06339492369482613,GAN–Transformer,36
2002-09-01,0.14358642506666666,0.05752428006420759,2.4961012098960302,0.5271920918334162,0.15159001027245364,-0.06339492369482602,GAN–Transformer,36
2002-10-01,0.13747592406666667,0.05820901867956182,2.3617633003481093,0.499598468257172,0.14461209141461684,-0.06339492369482624,GAN–Transformer,36
2002-11-01,0.12387489873333334,0.06355022020260605,1.9492442093576492,0.4388987180736973,0.12895528735867,-0.06339492369482613,GAN–Transformer,36
2002-12-01,0.13367253240000002,0.06330162110649717,2.1116762898553962,0.4814273059270064,0.13997006844748708,-0.058186758629722446,GAN–Transformer,36
2003-01-01,0.1333373634,0.06341231776894012,2.102704460131084,0.47992462367455746,0.13958449607712312,-0.04990615300000001,GAN–Transformer,36
2003-02-01,0.1473189912333333,0.05340954059445965,2.7582898035377448,0.5452605545668776,0.15611376721601763,-0.03639165339656525,GAN–Transformer,36
2003-03-01,0.13600839770666664,0.052244271057391836,2.603316975315006,0.49455429398441286,0.1433272789227509,-0.03639165339656525,GAN–Transformer,36
2003-04-01,0.13520700494000001,0.05237260177225371,2.58163620604449,0.4909767137179904,0.14241427245629062,-0.03639165339656536,GAN–Transformer,36
2003-05-01,0.13424989360666667,0.05253223872395102,2.5555715284119063,0.48671334651366605,0.14132434233926464,-0.03639165339656525,GAN–Transformer,36
2003-06-01,0.13136922334,0.0530782224350063,2.4750117338774893,0.4739374412577579,0.13804565151008527,-0.03639165339656525,GAN–Transformer,36
2003-07-01,0.12878947334000002,0.052444975202339705,2.455706630484866,0.4628334230491005,0.13518059396764898,-0.03639165339656525,GAN–Transformer,36
2003-08-01,0.12676970374000002,0.0524408975869559,2.4173824166490347,0.4540901536238449,0.13291443715219423,-0.03639165339656525,GAN–Transformer,36
2003-09-01,0.12350630487333335,0.05287875378919825,2.3356508242552882,0.4399736668145676,0.1292363511496504,-0.03639165339656525,GAN–Transformer,36
2003-10-01,0.11847630974000001,0.05259114173627935,2.252780712274793,0.41868222018769374,0.12364306393585105,-0.03639165339656514,GAN–Transformer,36
2003-11-01,0.11634832383999999,0.05271671696013119,2.2070479830523655,0.40971468891080964,0.12127053119193844,-0.03639165339656536,GAN–Transformer,36
2003-12-01,0.11139542650666664,0.051777719273406526,2.1514162475650074,0.3893098960797046,0.11583430651562003,-0.03639165339656525,GAN–Transformer,36
2004-01-01,0.11049741857333331,0.05196580075387521,2.1263488096080816,0.38556717500648763,0.1148314075448808,-0.03639165339656525,GAN–Transformer,36
2004-02-01,0.09898513490666669,0.04787546555823531,2.0675545136216376,0.3396975014678122,0.10239080582886835,-0.03639165339656525,GAN–Transformer,36
2004-03-01,0.10260525637333333,0.04708647590417026,2.179081241547023,0.35435101848032224,0.10639553101626817,-0.03639165339656514,GAN–Transformer,36
2004-04-01,0.09631852107333334,0.04680222332268773,2.0579902883938894,0.3293031808938979,0.09953235793998576,-0.03639165339656525,GAN–Transformer,36
2004-05-01,0.09534098174,0.046742108703253994,2.0397235893930206,0.32545201355448017,0.09846950058558007,-0.03639165339656525,GAN–Transformer,36
2004-06-01,0.09737116040666668,0.04702606311298854,2.0705786102637385,0.3334340525996935,0.100670129574579,-0.03639165339656514,GAN–Transformer,36
2004-07-01,0.08945407414,0.04682391517266958,1.9104355927975243,0.3024093998089267,0.09206672380987568,-0.03639165339656525,GAN–Transformer,36
2004-08-01,0.08437994164,0.04666064677697898,1.8083748826565904,0.28290190058203196,0.08658694506457457,-0.03639165339656514,GAN–Transformer,36
2004-09-01,0.08458973064000001,0.04669395590209707,1.8115777300462348,0.28369822312125687,0.08681172055356146,-0.03639165339656514,GAN–Transformer,36
2004-10-01,0.08720636407333333,0.046413996934308734,1.878880722053724,0.29379136935372746,0.08965265967665481,-0.03639165339656536,GAN–Transformer,36
2004-11-01,0.08717131890666667,0.04641049538739003,1.8782673655828193,0.2936569358668251,0.08961491766148642,-0.03639165339656525,GAN–Transformer,36
2004-12-01,0.08942933230666666,0.046019913074490125,1.9432746898481073,0.3024536538666939,0.09207909263863297,-0.03639165339656514,GAN–Transformer,36
2005-01-01,0.08613936217333334,0.0458657761494719,1.8780748829500653,0.2897803262244171,0.08852543819636058,-0.03639165339656514,GAN–Transformer,36
2005-02-01,0.07761908800666667,0.04459767806433929,1.7404289051705495,0.25765257765506916,0.07941113807789346,-0.03639165339656525,GAN–Transformer,36
2005-03-01,0.07142081967333334,0.04371546110543269,1.633765671625447,0.23476162403684248,0.07282209115324093,-0.03639165339656525,GAN–Transformer,36
2005-04-01,0.07137834200666666,0.0436996422559036,1.6333850421172225,0.23460763748036145,0.07277749224871298,-0.03639165339656525,GAN–Transformer,36
2005-05-01,0.07325264800666666,0.04400037820014995,1.6648185993641529,0.24148062564872685,0.07476450602102071,-0.03639165339656525,GAN–Transformer,36
2005-06-01,0.06696688934,0.04237418413157722,1.5803699991499378,0.21866591731920518,0.06814010530596917,-0.03639165339656525,GAN–Transformer,36
2005-07-01,0.05763387967333333,0.035822586714990216,1.6088698488436073,0.1860411222294601,0.0585220658054881,-0.03639165339656525,GAN–Transformer,36
2005-08-01,0.056923532006666666,0.03581689509267572,1.5892927586095278,0.18352898628921394,0.05777419095705069,-0.03639165339656536,GAN–Transformer,36
2005-09-01,0.05363982864,0.03593618003649816,1.4926413599197614,0.17196548772343326,0.05431796703605731,-0.03639165339656525,GAN–Transformer,36
2005-10-01,0.05848162430666666,0.03577391770003324,1.6347559357920787,0.18905297514636776,0.05941731804798297,-0.032755595000000026,GAN–Transformer,36
2005-11-01,0.07503015864000001,0.028641582653570766,2.619623347896452,0.25008331209629864,0.07724127654698881,-0.017604950418018017,GAN–Transformer,36
2005-12-01,0.06711884139333334,0.026860790281405394,2.4987664432120935,0.22110539419464173,0.06885235037012272,-0.017604950418017795,GAN–Transformer,36
2006-01-01,0.07005314152666667,0.02559083874774998,2.7374304616266603,0.23196018355743514,0.07201013334307946,-0.007961269499999979,GAN–Transformer,36
2006-02-01,0.07496554046,0.024245408202692678,3.0919479611679366,0.25026152514487443,0.07729246495657559,-0.002983895800000025,GAN–Transformer,36
2006-03-01,0.07722035308666667,0.02397335026050971,3.2210914305902625,0.25871773625902084,0.07971578491099586,-0.002983895799999914,GAN–Transformer,36
2006-04-01,0.07674540196333333,0.02407852972532732,3.1872960200974254,0.256927747191609,0.07920373039258913,-0.002983895800000025,GAN–Transformer,36
2006-05-01,0.07548084676333333,0.024451258636903218,3.0869922847003624,0.25216550863994813,0.07783904573255765,-0.002983895800000025,GAN–Transformer,36
2006-06-01,0.07724223726333333,0.023949278756995058,3.225242732655261,0.2588019684385061,0.07973986888750419,-0.0029263847999999593,GAN–Transformer,36
2006-07-01,0.07096459839666666,0.022853834133962393,3.105150671029344,0.23554990970123862,0.07305034313759026,-0.0029263848000000703,GAN–Transformer,36
2006-08-01,0.07197643899666667,0.023002875126387757,3.1290192465592646,0.23927171021342516,0.07412669949768924,-0.0029263847999999593,GAN–Transformer,36
2006-09-01,0.07715318486333334,0.023052647059317675,3.346825406418943,0.25854364420253784,0.0796660044604509,-0.0029263847999999593,GAN–Transformer,36
2006-10-01,0.08119251866333334,0.02392476175305569,3.3936604887178596,0.2737117204717681,0.08398610444774658,-0.0029263847999999593,GAN–Transformer,36
2006-11-01,0.08142911189666666,0.02389576023828511,3.4076803200512216,0.27461255784106464,0.08424159529795192,-0.0029263847999999593,GAN–Transformer,36
2006-12-01,0.08128954056333332,0.02386750215884956,3.4058671084352614,0.2740850266353353,0.08409199422923437,-0.0029263847999999593,GAN–Transformer,36
2007-01-01,0.08303244433,0.023343773830917208,3.5569417751995727,0.2807646430497256,0.085983207825884,-0.0029263847999999593,GAN–Transformer,36
2007-02-01,0.08138008253000001,0.023389222607575998,3.479383812595814,0.2744705683102916,0.08420133295276923,-0.0029263847999999593,GAN–Transformer,36
2007-03-01,0.08190931396333334,0.023337010105445137,3.509846102531435,0.27648644021906754,0.08477267076303205,-0.0029263847999999593,GAN–Transformer,36
2007-04-01,0.08405991726333334,0.02307319741964968,3.643184589221514,0.28471450179769037,0.08709844740100676,-0.0029263848000000703,GAN–Transformer,36
2007-05-01,0.08480414159666666,0.023185598822069005,3.6576213643421878,0.287556374573132,0.08789943477760086,-0.0029263847999998482,GAN–Transformer,36
2007-06-01,0.07819418543000001,0.02296646181543372,3.404711881977947,0.2624622020684109,0.080785380395378,-0.0029263847999999593,GAN–Transformer,36
2007-07-01,0.07431248603000001,0.02545706229396493,2.91913046257569,0.24771755724704939,0.07656129570243912,-0.016916367803769816,GAN–Transformer,36
2007-08-01,0.07549433309666666,0.025295384321990456,2.984510222722171,0.25213655635681165,0.07783073848629049,-0.016916367803769705,GAN–Transformer,36
2007-09-01,0.07146835603,0.02489972787229545,2.8702464700234285,0.2372303768439963,0.07353660676449258,-0.016916367803769816,GAN–Transformer,36
2007-10-01,0.07008399986333333,0.024998689850653535,2.8035069150434353,0.23212394142677975,0.0720576300939101,-0.016916367803769705,GAN–Transformer,36
2007-11-01,0.07022216119666666,0.02503324455138961,2.805156201486818,0.23262872024737008,0.07220401095833912,-0.016916367803769927,GAN–Transformer,36
2007-12-01,0.07132395866333334,0.024975605195401193,2.8557449601448033,0.23669096352405414,0.07338056896344956,-0.016916367803769816,GAN–Transformer,36
2008-01-01,0.06238669479666667,0.02984027819705904,2.0906874387925543,0.20368072008779609,0.06374394598614357,-0.022338726999999947,GAN–Transformer,36
2008-02-01,0.06545978879666665,0.029826561359675485,2.194681043090877,0.21477127269698193,0.06700102758820443,-0.022338726999999836,GAN–Transformer,36
2008-03-01,0.06900860779666665,0.03016042388841578,2.2880516551085988,0.2276653049179296,0.07076293011142092,-0.022338726999999947,GAN–Transformer,36
2008-04-01,0.06631045046333334,0.02903280877170818,2.2839833026404035,0.21793916645046585,0.06792773479508371,-0.022338726999999947,GAN–Transformer,36
2008-05-01,0.062131367130000004,0.02842568439334407,2.185747448337539,0.20290526211243617,0.06351546182692425,-0.022338726999999947,GAN–Transformer,36
2008-06-01,0.04664269379666666,0.03822094925206582,1.2203436782550776,0.1474148183589864,0.04690390103611774,-0.03918951999999998,GAN–Transformer,36
2008-07-01,0.047351553463333335,0.03850646512635707,1.2297039810834762,0.1498120337114848,0.0476324688101542,-0.03918951999999998,GAN–Transformer,36
2008-08-01,0.05003878899666667,0.038789650076720326,1.2900036194628508,0.15904467288299562,0.05042905304051437,-0.03918951999999998,GAN–Transformer,36
2008-09-01,0.04702269536333333,0.03959342012627163,1.1876391383560247,0.1485406537274342,0.04724619402923785,-0.03918952000000009,GAN–Transformer,36
2008-10-01,0.04044158636333333,0.04006078731989288,1.0095055306926373,0.12610617398925003,0.0403826790650323,-0.03918951999999998,GAN–Transformer,36
2008-11-01,0.03507243327666666,0.03926858175857067,0.8931423470370645,0.10826873908747417,0.03486022339728557,-0.03918951999999998,GAN–Transformer,36
2008-12-01,0.046919751523333345,0.043531731584141815,1.0778287427561404,0.1476536951915262,0.04697654658427123,-0.03918952000000009,GAN–Transformer,36
2009-01-01,0.03897277039,0.04651243031354638,0.8379001081491433,0.12026740305861217,0.038581461936737706,-0.03918951999999998,GAN–Transformer,36
2009-02-01,0.03638460139,0.0465265202738658,0.782018538584701,0.11162762149743814,0.03590463557521023,-0.03918951999999998,GAN–Transformer,36
2009-03-01,0.036456285123333335,0.04653280746950794,0.783453376356508,0.11186504130683655,0.035978379326858934,-0.03918951999999998,GAN–Transformer,36
2009-04-01,0.01097914514666667,0.0651460106997836,0.1685313502504788,0.02692863253082297,0.008896822652223744,-0.09327071490381611,GAN–Transformer,36
2009-05-01,0.000793931080000002,0.0680215171983533,0.011671763769762282,-0.004528710769043815,-0.0015118548094280476,-0.12325003854615613,GAN–Transformer,36
2009-06-01,0.0010103793133333357,0.06802986200525925,0.014851997101731962,-0.003883790258358687,-0.0012962763591270725,-0.12325003854615602,GAN–Transformer,36
2009-07-01,0.004946914846666669,0.06840886125166873,0.07231394816626913,0.007871381334273142,0.002616939432174474,-0.12325003854615624,GAN–Transformer,36
2009-08-01,-0.010494326486666664,0.07117910772203856,-0.14743548805989592,-0.038320088106235974,-0.012940086280517342,-0.1413055092482155,GAN–Transformer,36
2009-09-01,-0.015500411266666665,0.07061492602350038,-0.21950616023456831,-0.05256070876605529,-0.017836484949779983,-0.14201320260472494,GAN–Transformer,36
2009-10-01,-0.01705138793333333,0.0702385198926822,-0.24276405538422835,-0.05689288654702522,-0.019335757330963474,-0.14201320260472516,GAN–Transformer,36
2009-11-01,-0.013791533933333329,0.07073590869652936,-0.19497217449346213,-0.047709030844686084,-0.016162840240041918,-0.14201320260472483,GAN–Transformer,36
2009-12-01,-0.015392768766666665,0.07050068902182549,-0.21833501175997574,-0.05223256851131797,-0.01772310910653295,-0.14201320260472516,GAN–Transformer,36
2010-01-01,-0.020687662766666663,0.07079933445977496,-0.2922013734242159,-0.06724903792905108,-0.0229384974215863,-0.14201320260472516,GAN–Transformer,36
2010-02-01,-0.016045320966666665,0.07162016869930045,-0.22403355448705312,-0.05430708674384045,-0.018440317371598566,-0.14201320260472494,GAN–Transformer,36
2010-03-01,-0.012273220299999995,0.07227777501635788,-0.1698062827365995,-0.043662360297251845,-0.014771235178868676,-0.14201320260472483,GAN–Transformer,36
2010-04-01,-0.017532586133333326,0.07222336689933549,-0.24275503740735516,-0.058641098450221946,-0.019942075633346906,-0.14201320260472505,GAN–Transformer,36
2010-05-01,-0.022770916266666663,0.07182160833552914,-0.3170482643647818,-0.07326565181428937,-0.025043842186791787,-0.14201320260472494,GAN–Transformer,36
2010-06-01,-0.02356394076666666,0.07184021419876573,-0.3280048790148444,-0.07547567983455865,-0.02581946736798015,-0.14201320260472472,GAN–Transformer,36
2010-07-01,-0.012112715433333327,0.0725079861550351,-0.16705353541931456,-0.043245225366105464,-0.014628010450951641,-0.14201320260472494,GAN–Transformer,36
2010-08-01,-0.018062015999999997,0.07276300123175723,-0.24823077242884353,-0.06024242934346206,-0.020498111438980192,-0.14201320260472494,GAN–Transformer,36
2010-09-01,-0.012217802933333329,0.07378929123196445,-0.1655769113559496,-0.04380679956396708,-0.014820838610178943,-0.14201320260472483,GAN–Transformer,36
2010-10-01,-0.012361737999999994,0.0737834811004876,-0.16754072613034113,-0.044218828647142716,-0.014962365373171173,-0.14201320260472483,GAN–Transformer,36
2010-11-01,-0.015552153499999995,0.07340385697565407,-0.2118710670088929,-0.053257155519278586,-0.018077201257765102,-0.14201320260472494,GAN–Transformer,36
2010-12-01,-0.015493367833333329,0.07341016687711636,-0.21105207210968713,-0.053091232573018635,-0.018019841786522887,-0.14201320260472505,GAN–Transformer,36
2011-01-01,-0.008110224899999997,0.07233885587922195,-0.11211436511438541,-0.031638517912590744,-0.010659391549712667,-0.14201320260472472,GAN–Transformer,36
2011-02-01,-0.013964027633333329,0.07217668646141095,-0.19347005685553537,-0.04847915116611491,-0.016428122368489152,-0.14201320260472483,GAN–Transformer,36
2011-03-01,-0.016576455866666662,0.07176512706271823,-0.2309820458086819,-0.05583592824255657,-0.018969544336742965,-0.14201320260472483,GAN–Transformer,36
2011-04-01,-0.016486601533333332,0.07178460795452152,-0.22966764050279778,-0.05558483554781482,-0.018882586375767955,-0.14201320260472516,GAN–Transformer,36
2011-05-01,-0.016535196099999996,0.0717815136437694,-0.23035451971742082,-0.05572208480166286,-0.01893011637517699,-0.14201320260472505,GAN–Transformer,36
2011-06-01,-0.002162467099999997,0.06822276541528,-0.03169714811231713,-0.013345827907075253,-0.004468547476379373,-0.14201320260472505,GAN–Transformer,36
2011-07-01,-0.011489761433333329,0.06729100968048465,-0.1707473477941515,-0.04041285595138058,-0.013656605868858107,-0.14201320260472516,GAN–Transformer,36
2011-08-01,-0.021041162099999997,0.06742566012306758,-0.31206460658442137,-0.06758171736263331,-0.023054672382376466,-0.14201320260472505,GAN–Transformer,36
2011-09-01,-0.025787486099999996,0.06856028007836826,-0.3761286574460233,-0.08100109809729085,-0.02776407602701969,-0.14201320260472494,GAN–Transformer,36
2011-10-01,-0.0006494751000000002,0.07901372596774937,-0.008219775640818317,-0.011067884825578656,-0.003702990152628401,-0.14201320260472494,GAN–Transformer,36
2011-11-01,0.0039722173200000006,0.07946825563833652,0.049984956736407224,0.0026330137353042355,0.000876902063106405,-0.14201320260472483,GAN–Transformer,36
2011-12-01,-0.00583436878,0.07675140918480292,-0.07601643855101003,-0.025848252788650987,-0.008691405949097022,-0.14201320260472483,GAN–Transformer,36
2012-01-01,0.008532878886666668,0.07610935846486619,0.11211339917686519,0.017205354725310207,0.005702537494414959,-0.1255776314362662,GAN–Transformer,36
2012-02-01,0.012897219786666667,0.07638401176115385,0.16884711197148364,0.030536826747902885,0.010077054131068153,-0.1255776314362661,GAN–Transformer,36
2012-03-01,0.015208456786666668,0.07667619203278192,0.19834653213039696,0.037631824437499836,0.012389800352077157,-0.1255776314362661,GAN–Transformer,36
2012-04-01,0.04126375318666667,0.061478996470149844,0.6711845598634913,0.12540104863449472,0.04016548421741899,-0.053756384074148844,GAN–Transformer,36
2012-05-01,0.05026052708666666,0.05785266154816158,0.8687677583307974,0.15681461638705443,0.049754928862647596,-0.048717301333562446,GAN–Transformer,36
2012-06-01,0.05454578961999999,0.05823315841855145,0.9366792236813183,0.17164264234005921,0.05422114594021749,-0.04871730133356267,GAN–Transformer,36
2012-07-01,0.052133917286666664,0.058042173827289344,0.8982075247870053,0.16327006498276753,0.05170398000285778,-0.04871730133356267,GAN–Transformer,36
2012-08-01,0.06717584328666666,0.05303477414766903,1.2666376800177086,0.21769939935957572,0.06785765172972917,-0.04871730133356256,GAN–Transformer,36
2012-09-01,0.06801449533333334,0.05295014292325604,1.2845006940191077,0.2207656046542048,0.06875320016765335,-0.04871730133356267,GAN–Transformer,36
2012-10-01,0.06678320700000001,0.052819130139302166,1.264375365968159,0.21631384166299084,0.06745247786312175,-0.04871730133356256,GAN–Transformer,36
2012-11-01,0.068397987,0.05315923231476893,1.2866624294910551,0.22212437833922527,0.06914957854508823,-0.04871730133356256,GAN–Transformer,36
2012-12-01,0.0673025313,0.053176814412970924,1.2656367637468615,0.21813383871302347,0.0679846300376308,-0.04871730133356267,GAN–Transformer,36
2013-01-01,0.0815172113,0.053669806729120216,1.5188653782829873,0.2707812419492723,0.08315414296072908,-0.048717301333562446,GAN–Transformer,36
2013-02-01,0.07919085396666665,0.05333489537759575,1.4847850250013268,0.2620663957001522,0.08067241953489336,-0.04871730133356278,GAN–Transformer,36
2013-03-01,0.07930609196666667,0.05335765166560507,1.486311512801982,0.2624955543766287,0.08079489787364048,-0.04871730133356278,GAN–Transformer,36
2013-04-01,0.08216728966666667,0.05275635212000448,1.5574861863034302,0.2734241495618645,0.0839045197040026,-0.04871730133356278,GAN–Transformer,36
2013-05-01,0.08665629180000001,0.05236391867034916,1.6548855395169029,0.2906451104277038,0.08876866548008461,-0.04871730133356267,GAN–Transformer,36
2013-06-01,0.08764320246666667,0.052159179317751304,1.6803025586876728,0.2944846355941124,0.08984725171896701,-0.04871730133356267,GAN–Transformer,36
2013-07-01,0.08879442346666666,0.05247959646458933,1.691979920740831,0.29886862437201783,0.09107618211610453,-0.04871730133356256,GAN–Transformer,36
2013-08-01,0.08999875213333335,0.05203272032350444,1.7296568692503802,0.30362423175515346,0.0924061627164378,-0.04871730133356256,GAN–Transformer,36
2013-09-01,0.09086693813333334,0.052268701381545504,1.7384579247537169,0.30695297164841495,0.09333517410898691,-0.04871730133356256,GAN–Transformer,36
2013-10-01,0.09610466636666667,0.05244586938949939,1.8324544427498526,0.32745541917761556,0.09902266335932625,-0.04871730133356267,GAN–Transformer,36
2013-11-01,0.10232497686666668,0.05288654167695178,1.9348018157757594,0.3521636001936816,0.10579956195417269,-0.04871730133356267,GAN–Transformer,36
2013-12-01,0.09964011936666667,0.05319826785408636,1.8729955576742132,0.3413423522918269,0.10284178495717743,-0.04871730133356256,GAN–Transformer,36
2014-01-01,0.09528194009999999,0.054435069464899816,1.7503778545086375,0.3238016005713192,0.09801338415744137,-0.048717301333562446,GAN–Transformer,36
2014-02-01,0.09994871120000001,0.053645530119859404,1.8631321375086813,0.34248007611156644,0.10315350621663671,-0.04871730133356267,GAN–Transformer,36
2014-03-01,0.0989334739,0.05372289888170797,1.8415512930127027,0.3384149766886508,0.1020389117303363,-0.04871730133356256,GAN–Transformer,36
2014-04-01,0.09527500143333334,0.053701437160144846,1.7741611113536975,0.3239265016151682,0.09804791569269256,-0.04871730133356256,GAN–Transformer,36
2014-05-01,0.098162924,0.05366088034690768,1.8293200440506159,0.3353624415584963,0.1012004639540674,-0.04871730133356267,GAN–Transformer,36
2014-06-01,0.09735756853333336,0.053744577324558326,1.8114863560169123,0.33214874278394835,0.10031636706927807,-0.04871730133356256,GAN–Transformer,36
2014-07-01,0.0996175739,0.053188220572002565,1.872925486671331,0.34125338030385216,0.10281740038067769,-0.041065786885357225,GAN–Transformer,36
2014-08-01,0.11083052056666667,0.0512996249158653,2.1604547937423693,0.3871334617852125,0.11525132899734718,-0.02487306300000003,GAN–Transformer,36
2014-09-01,0.11930767013333332,0.04745968691310687,2.513873940040348,0.42331009903612676,0.12486354862870673,-0.014842128881575434,GAN–Transformer,36
2014-10-01,0.10613899313333333,0.03524533971862132,3.011433397455847,0.37058374186006293,0.11079826296465857,-0.014842128881575434,GAN–Transformer,36
2014-11-01,0.1072219318,0.035477870323834884,3.022220071872965,0.37497223524022166,0.11198256059513174,-0.014842128881575434,GAN–Transformer,36
2014-12-01,0.10618665913333333,0.03560352044544084,2.9824763901102065,0.3707283511404503,0.11083732809277624,-0.014842128881575545,GAN–Transformer,36
2015-01-01,0.10344265013333334,0.0351654516831804,2.941598790349388,0.35964772611594786,0.10783598245636371,-0.014842128881575434,GAN–Transformer,36
2015-02-01,0.10463660913333334,0.03534746608318009,2.960229423153026,0.36445957231616954,0.10914133531463295,-0.014842128881575323,GAN–Transformer,36
2015-03-01,0.10436268496666665,0.035308189893158363,2.9557642372057393,0.36335382596397847,0.10884164146378211,-0.014842128881575323,GAN–Transformer,36
2015-04-01,0.09789912056666668,0.0381776110301498,2.5643071403643702,0.3369771789371832,0.10164414707108571,-0.017126238000000016,GAN–Transformer,36
2015-05-01,0.108304003,0.038440966146956926,2.817411055329929,0.3789654373840554,0.11305799551899234,-0.017126238000000016,GAN–Transformer,36
2015-06-01,0.10519852056666665,0.03825344392233168,2.7500405134831167,0.3663182721644842,0.10964473985628558,-0.017126238000000127,GAN–Transformer,36
2015-07-01,0.11249243056666668,0.03963532958679649,2.8381858240972133,0.3960579717582709,0.11763797805062289,-0.017126238000000016,GAN–Transformer,36
2015-08-01,0.10687787256666667,0.040784738339364406,2.6205359386481786,0.372765879097599,0.11138745935987518,-0.017126238000000016,GAN–Transformer,36
2015-09-01,0.11114892430000001,0.04067838664602144,2.732382807292849,0.3903256336651171,0.11610617260483488,-0.017126238000000016,GAN–Transformer,36
2015-10-01,0.11693330263333335,0.04189088813845562,2.7913779781142707,0.41423124431681835,0.12246672634588769,-0.017126238000000016,GAN–Transformer,36
2015-11-01,0.11512796263333334,0.04160051286436515,2.7674649831529248,0.4067138572881583,0.12047435723101384,-0.017126238000000127,GAN–Transformer,36
2015-12-01,0.11654325016666667,0.04144806057233479,2.81179019132334,0.4126676299471518,0.12205289672670962,-0.017126238000000016,GAN–Transformer,36
2016-01-01,0.10908278830000001,0.03979853278657438,2.7408746167848164,0.3819509140553864,0.11386067781782538,-0.017126238000000127,GAN–Transformer,36
2016-02-01,0.10721865663333333,0.03985215074514375,2.6904107966217765,0.37430428005107774,0.11180246609077361,-0.017126238000000016,GAN–Transformer,36
2016-03-01,0.10066922279999999,0.04009944317804556,2.5104892941534995,0.347753396043235,0.10459603069288169,-0.017126237999999905,GAN–Transformer,36
2016-04-01,0.08946562593333333,0.046623401256036597,1.9188995981229426,0.3024624597868869,0.09208155382400995,-0.03597320014767813,GAN–Transformer,36
2016-05-01,0.09524336493333332,0.047914703217544416,1.987769067480294,0.32483029021670956,0.09829772247342052,-0.03597320014767824,GAN–Transformer,36
2016-06-01,0.09742887910000002,0.047606524314787665,2.046544680636061,0.3335322415581195,0.1006971452840753,-0.03597320014767813,GAN–Transformer,36
2016-07-01,0.09279329143333333,0.04676208440162302,1.9843702995864028,0.31540825115310817,0.09568787041645632,-0.03597320014767813,GAN–Transformer,36
2016-08-01,0.09390137043333335,0.04637755065686328,2.0247160340158485,0.31982334389001627,0.09691237271800698,-0.03597320014767813,GAN–Transformer,36
2016-09-01,0.08531700553333332,0.045942252613387545,1.8570488097588838,0.28658563363386613,0.08762596221217567,-0.03597320014767824,GAN–Transformer,36
2016-10-01,0.08125366073333334,0.04554632812933578,1.783978293543249,0.27116986521025976,0.0832645464350782,-0.03597320014767802,GAN–Transformer,36
2016-11-01,0.08056957506666668,0.04533795769520913,1.777088760995965,0.2686153202573276,0.08253841643034376,-0.03597320014767824,GAN–Transformer,36
2016-12-01,0.08258789056666668,0.045091388014474994,1.8315668291283191,0.27630902429557175,0.08472241174574635,-0.03597320014767824,GAN–Transformer,36
1992-01-01,,,,,,,GAN–Transformer,60
1992-02-01,,,,,,,GAN–Transformer,60
1992-03-01,,,,,,,GAN–Transformer,60
1992-04-01,,,,,,,GAN–Transformer,60
1992-05-01,,,,,,,GAN–Transformer,60
1992-06-01,,,,,,,GAN–Transformer,60
1992-07-01,,,,,,,GAN–Transformer,60
1992-08-01,,,,,,,GAN–Transformer,60
1992-09-01,,,,,,,GAN–Transformer,60
1992-10-01,,,,,,,GAN–Transformer,60
1992-11-01,,,,,,,GAN–Transformer,60
1992-12-01,,,,,,,GAN–Transformer,60
1993-01-01,,,,,,,GAN–Transformer,60
1993-02-01,,,,,,,GAN–Transformer,60
1993-03-01,,,,,,,GAN–Transformer,60
1993-04-01,,,,,,,GAN–Transformer,60
1993-05-01,,,,,,,GAN–Transformer,60
1993-06-01,,,,,,,GAN–Transformer,60
1993-07-01,,,,,,,GAN–Transformer,60
1993-08-01,,,,,,,GAN–Transformer,60
1993-09-01,,,,,,,GAN–Transformer,60
1993-10-01,,,,,,,GAN–Transformer,60
1993-11-01,,,,,,,GAN–Transformer,60
1993-12-01,,,,,,,GAN–Transformer,60
1994-01-01,,,,,,,GAN–Transformer,60
1994-02-01,,,,,,,GAN–Transformer,60
1994-03-01,,,,,,,GAN–Transformer,60
1994-04-01,,,,,,,GAN–Transformer,60
1994-05-01,,,,,,,GAN–Transformer,60
1994-06-01,,,,,,,GAN–Transformer,60
1994-07-01,,,,,,,GAN–Transformer,60
1994-08-01,,,,,,,GAN–Transformer,60
1994-09-01,,,,,,,GAN–Transformer,60
1994-10-01,,,,,,,GAN–Transformer,60
1994-11-01,,,,,,,GAN–Transformer,60
1994-12-01,,,,,,,GAN–Transformer,60
1995-01-01,,,,,,,GAN–Transformer,60
1995-02-01,,,,,,,GAN–Transformer,60
1995-03-01,,,,,,,GAN–Transformer,60
1995-04-01,,,,,,,GAN–Transformer,60
1995-05-01,,,,,,,GAN–Transformer,60
1995-06-01,,,,,,,GAN–Transformer,60
1995-07-01,,,,,,,GAN–Transformer,60
1995-08-01,,,,,,,GAN–Transformer,60
1995-09-01,,,,,,,GAN–Transformer,60
1995-10-01,,,,,,,GAN–Transformer,60
1995-11-01,,,,,,,GAN–Transformer,60
1995-12-01,,,,,,,GAN–Transformer,60
1996-01-01,,,,,,,GAN–Transformer,60
1996-02-01,,,,,,,GAN–Transformer,60
1996-03-01,,,,,,,GAN–Transformer,60
1996-04-01,,,,,,,GAN–Transformer,60
1996-05-01,,,,,,,GAN–Transformer,60
1996-06-01,,,,,,,GAN–Transformer,60
1996-07-01,,,,,,,GAN–Transformer,60
1996-08-01,,,,,,,GAN–Transformer,60
1996-09-01,,,,,,,GAN–Transformer,60
1996-10-01,,,,,,,GAN–Transformer,60
1996-11-01,,,,,,,GAN–Transformer,60
1996-12-01,0.080016819516,0.03102881430904296,2.578790756199797,0.4864824004203001,0.08251009312631905,-0.02624213106244344,GAN–Transformer,60
1997-01-01,0.075638322516,0.0315183827038489,2.3998161081648184,0.45438870634408385,0.07779483663032714,-0.026242131062443552,GAN–Transformer,60
1997-02-01,0.08035183951599999,0.031330747683417544,2.564632045424434,0.488889886774564,0.08286050986530896,-0.02624213106244333,GAN–Transformer,60
1997-03-01,0.081590145116,0.03155106054357488,2.5859715556412626,0.4980247840549257,0.08418601185039336,-0.026242131062442997,GAN–Transformer,60
1997-04-01,0.08107257471599999,0.03140749999899253,2.581312575614123,0.49421163532188517,0.08363350052680661,-0.02624213106244322,GAN–Transformer,60
1997-05-01,0.08266929569,0.031283568335512865,2.642578838941287,0.5061356031652469,0.08535750829675372,-0.026242131062443552,GAN–Transformer,60
1997-06-01,0.08411025508999999,0.031707201270733947,2.652717733483294,0.5168535460201464,0.08689785140195642,-0.026242131062443552,GAN–Transformer,60
1997-07-01,0.08294426318800001,0.03185342207097473,2.603935709111139,0.508062714811183,0.08563511084744804,-0.02624213106244344,GAN–Transformer,60
1997-08-01,0.080509707468,0.03192925046253127,2.5215032079277124,0.4899216467279648,0.0830105468234164,-0.02624213106244322,GAN–Transformer,60
1997-09-01,0.077115558468,0.032682537770948594,2.3595339813711704,0.4648373092204849,0.07933902178880219,-0.02624213106244344,GAN–Transformer,60
1997-10-01,0.078517677248,0.03245992518506535,2.418911220538659,0.4751283584113026,0.08085133280725482,-0.02624213106244322,GAN–Transformer,60
1997-11-01,0.082913659448,0.03267627902819894,2.5374265954959943,0.5076389200570129,0.08557408710004066,-0.02624213106244333,GAN–Transformer,60
1997-12-01,0.08395228984799999,0.032995993421930714,2.544317692589952,0.5153579709778792,0.08668343666461946,-0.026242131062443552,GAN–Transformer,60
1998-01-01,0.081872083854,0.03309139515575002,2.474120038416505,0.4997623082848392,0.08443739969163172,-0.02624213106244333,GAN–Transformer,60
1998-02-01,0.08173014805399999,0.033072228899829526,2.471262166863548,0.4987101262582509,0.08428519612293467,-0.02624213106244322,GAN–Transformer,60
1998-03-01,0.08200199565399999,0.033127493545150016,2.4753456080894893,0.5007215653255989,0.08457608675772328,-0.02624213106244333,GAN–Transformer,60
1998-04-01,0.081971066074,0.033133121026151645,2.473991689744562,0.5004897095942893,0.0845425721166106,-0.02624213106244344,GAN–Transformer,60
1998-05-01,0.086853740554,0.03295154058388437,2.6358021207808893,0.537356960363545,0.08982042666732558,-0.02624213106244333,GAN–Transformer,60
1998-06-01,0.08755785905399999,0.03297296269124516,2.6554440944200617,0.542734451784953,0.09058177456256986,-0.02624213106244333,GAN–Transformer,60
1998-07-01,0.08794818349399999,0.032916798295107554,2.671832864956121,0.5457402504993573,0.09100641245586931,-0.02624213106244333,GAN–Transformer,60
1998-08-01,0.09410737109400001,0.0323951141578077,2.9049865555518886,0.5938494666304468,0.09771464997040442,-0.02077404349851375,GAN–Transformer,60
1998-09-01,0.09581611411400001,0.03226894535795173,2.9692979752246207,0.6074492628498972,0.09958157686620225,-0.020774043498513528,GAN–Transformer,60
1998-10-01,0.102149706714,0.030618715056809933,3.3361852881308547,0.659162789602535,0.10656721726631187,-0.02077404349851375,GAN–Transformer,60
1998-11-01,0.108092851794,0.03150718147738675,3.4307369534650407,0.7085416350754108,0.11307675516727,-0.02077404349851375,GAN–Transformer,60
1998-12-01,0.107107431994,0.03142342888652964,3.4085214691485812,0.7002401990607653,0.11199300676616349,-0.02077404349851375,GAN–Transformer,60
1999-01-01,0.10093539779399999,0.033165347707097816,3.0433993542120623,0.6485528394252956,0.10514833658089012,-0.02077404349851375,GAN–Transformer,60
1999-02-01,0.10358620081400001,0.032764608613936826,3.1615271842416677,0.6704686570135148,0.10807119757538146,-0.02077404349851364,GAN–Transformer,60
1999-03-01,0.09808054101400002,0.034250848598573046,2.8635944809287506,0.625085833210765,0.10198392880717452,-0.02077404349851375,GAN–Transformer,60
1999-04-01,0.090154291914,0.03702052191155056,2.4352517808743124,0.56165931905468,0.09324439502564041,-0.04354991844538059,GAN–Transformer,60
1999-05-01,0.090126043354,0.037023568233507276,2.4342884182738933,0.5614395494828994,0.0932136232208802,-0.04354991844538059,GAN–Transformer,60
1999-06-01,0.088413339694,0.03683350041684873,2.400351275154862,0.5482754773748076,0.09136405804945189,-0.04354991844538059,GAN–Transformer,60
1999-07-01,0.086869293326,0.03702078365281933,2.346500661376044,0.5364026820563929,0.08968509696379472,-0.04354991844538059,GAN–Transformer,60
1999-08-01,0.083499993826,0.03711169635193904,2.2499643517814354,0.5108905855254549,0.08604195541176371,-0.04354991844538059,GAN–Transformer,60
1999-09-01,0.082361261406,0.03739925367265326,2.202216710710017,0.5022924409820257,0.08480304708239376,-0.043549918445380476,GAN–Transformer,60
1999-10-01,0.083730791206,0.03755637304853758,2.229469578912397,0.512500756536187,0.08627333792452721,-0.04354991844538059,GAN–Transformer,60
1999-11-01,0.082630699806,0.037441035310359555,2.2069555267649585,0.5042925158976521,0.08509174358139056,-0.043549918445380364,GAN–Transformer,60
1999-12-01,0.078562327406,0.03766967179244896,2.085559116067163,0.47413903630037374,0.0807063153119834,-0.043549918445380476,GAN–Transformer,60
2000-01-01,0.07667064204599999,0.03819983513696636,2.0070935325007473,0.4602063501788626,0.07865570937424861,-0.04354991844538059,GAN–Transformer,60
2000-02-01,0.06537161564600001,0.045749062511251305,1.428917054418827,0.3782517965113391,0.06626637406652776,-0.08179999663929116,GAN–Transformer,60
2000-03-01,0.07139755144600002,0.0474970561244617,1.5031995090160797,0.41961540546510595,0.07259098073198265,-0.08179999663929094,GAN–Transformer,60
2000-04-01,0.071290483566,0.047500078905179786,1.5008497924458375,0.4188591308835059,0.07247667565998574,-0.08179999663929094,GAN–Transformer,60
2000-05-01,0.07137858966599998,0.04749629235460086,1.5028244548668586,0.4194818669182542,0.07257080095229863,-0.08179999663929094,GAN–Transformer,60
2000-06-01,0.071659360066,0.04749025796385618,1.5089275809059282,0.42146616763895417,0.07287050382191132,-0.08179999663929083,GAN–Transformer,60
2000-07-01,0.07300804806599999,0.048004482639471,1.5208589709072329,0.4308586517693007,0.07428459172668263,-0.08179999663929105,GAN–Transformer,60
2000-08-01,0.075585943126,0.04806695736979115,1.572513578184248,0.4492852433397554,0.0770373743579973,-0.0817999966392906,GAN–Transformer,60
2000-09-01,0.076214789826,0.04807436626398878,1.5853519401063938,0.45381806603724245,0.07771024717752359,-0.08179999663929094,GAN–Transformer,60
2000-10-01,0.075810804626,0.047943996785042596,1.5812366450360515,0.45094630300842337,0.07728414479044285,-0.08179999663929116,GAN–Transformer,60
2000-11-01,0.07469853762600001,0.04779122981522187,1.5630176899571635,0.443000399600011,0.07610163257272147,-0.08179999663929083,GAN–Transformer,60
2000-12-01,0.077699777626,0.04859526329629006,1.598916691782425,0.46440726054982856,0.07927563961978969,-0.08179999663929105,GAN–Transformer,60
2001-01-01,0.07822168498600002,0.0485103111021452,1.612475434785264,0.46823856759967336,0.07983978811657234,-0.08179999663929083,GAN–Transformer,60
2001-02-01,0.085832079706,0.051208042532509566,1.6761445167818951,0.5238195281281955,0.08789431425006386,-0.08179999663929072,GAN–Transformer,60
2001-03-01,0.084512171036,0.05149268507054493,1.6412461482678251,0.5137580662907806,0.08645387709399951,-0.08179999663929094,GAN–Transformer,60
2001-04-01,0.092527045636,0.05027017316936351,1.8405953232798762,0.5756774501488614,0.09520007270323211,-0.08179999663929105,GAN–Transformer,60
2001-05-01,0.09385912323600001,0.050301213421882277,1.865941532042027,0.5861137538972019,0.09664702858322735,-0.08179999663929094,GAN–Transformer,60
2001-06-01,0.096556026696,0.05012006178769733,1.9264945662876463,0.6075472729774579,0.09959498537679046,-0.08179999663929072,GAN–Transformer,60
2001-07-01,0.09627525049600003,0.05004313751493773,1.9238452118886857,0.6053395429932482,0.09929279289435561,-0.08179999663929072,GAN–Transformer,60
2001-08-01,0.096942222696,0.050132490801889966,1.9337204504577565,0.6106245195010813,0.10001564322709346,-0.08179999663929105,GAN–Transformer,60
2001-09-01,0.09888005517600001,0.05016892412768827,1.970942309313506,0.6261642049806944,0.10213014053779132,-0.08179999663929083,GAN–Transformer,60
2001-10-01,0.094069991116,0.04993669670456503,1.883784818057468,0.5879128337820739,0.0968956943638166,-0.08179999663929083,GAN–Transformer,60
2001-11-01,0.094204276616,0.049946667240350025,1.8860973478505874,0.5889672398522511,0.09704132784960989,-0.08179999663929083,GAN–Transformer,60
2001-12-01,0.090207580296,0.05006799826508341,1.8017013545937837,0.5577198117561674,0.0926922647805207,-0.08179999663929116,GAN–Transformer,60
2002-01-01,0.09465599429600001,0.04966150109336393,1.9060236241761228,0.5926425831384468,0.097548358841089,-0.08179999663929083,GAN–Transformer,60
2002-02-01,0.096475067896,0.05016691801811057,1.9230814191370473,0.6068853672396054,0.09950441906561955,-0.08179999663929127,GAN–Transformer,60
2002-03-01,0.09772983349600001,0.05043047663846464,1.9379121517455362,0.6168143403009066,0.10085984455816327,-0.08179999663929105,GAN–Transformer,60
2002-04-01,0.099283576696,0.0507348913099813,1.9569092222824473,0.6292006402848653,0.10254142128488808,-0.08179999663929094,GAN–Transformer,60
2002-05-01,0.09961021809599999,0.05074111982144759,1.9631064203257114,0.6318392398812662,0.10289831809321862,-0.08179999663929116,GAN–Transformer,60
2002-06-01,0.100905640096,0.05111723426420464,1.9740042971507203,0.6422050842006987,0.10429594764656983,-0.08179999663929094,GAN–Transformer,60
2002-07-01,0.110055339538,0.05364167614633293,2.051675999791137,0.7173239851204756,0.11421871061671272,-0.08179999663929094,GAN–Transformer,60
2002-08-01,0.11132940763800002,0.05348948901114394,2.0813324205584722,0.7282666873663689,0.11563505439496433,-0.08179999663929094,GAN–Transformer,60
2002-09-01,0.11477607343799998,0.05284523713461052,2.1719284397501246,0.7583199947213993,0.11948836161343739,-0.08179999663929094,GAN–Transformer,60
2002-10-01,0.11304325263800002,0.05314184043374197,2.1271986765107243,0.7431600854277073,0.11755126527225297,-0.08179999663929094,GAN–Transformer,60
2002-11-01,0.102633648238,0.056185767594251985,1.8266840987058046,0.6541492853152259,0.10589766305354074,-0.08179999663929138,GAN–Transformer,60
2002-12-01,0.10350852523800001,0.056392612733799086,1.8354979530140099,0.6612468496717079,0.10684506760661155,-0.08179999663929127,GAN–Transformer,60
2003-01-01,0.101520580232,0.05686720031613976,1.7852220553785014,0.6447381224457381,0.10463640446861903,-0.08179999663929083,GAN–Transformer,60
2003-02-01,0.097757394532,0.057326766050289135,1.7052661656553874,0.614123162483266,0.10049312538815972,-0.08179999663929072,GAN–Transformer,60
2003-03-01,0.09495981561599999,0.0573716727971596,1.6551690230775582,0.5918593123311274,0.09744038147493235,-0.08179999663929105,GAN–Transformer,60
2003-04-01,0.095185291556,0.057345562133323716,1.659854538258811,0.5936524584491357,0.09768751196717404,-0.08179999663929116,GAN–Transformer,60
2003-05-01,0.09183597751599999,0.057234569227627805,1.6045543585863082,0.5674369823085941,0.09405213472780964,-0.08179999663929094,GAN–Transformer,60
2003-06-01,0.08923648315600001,0.05742039830149623,1.5540902849096874,0.5472662455383854,0.09122174143112442,-0.08179999663929072,GAN–Transformer,60
2003-07-01,0.09242344105599999,0.05764715087134934,1.6032612134164375,0.5718325036656835,0.09466505179125181,-0.08179999663929072,GAN–Transformer,60
2003-08-01,0.08991500629600002,0.057363456773299244,1.5674614354456478,0.552509856549368,0.09196036046773451,-0.08179999663929083,GAN–Transformer,60
2003-09-01,0.087680215976,0.05748807919229536,1.5251895211651292,0.5353311871765344,0.08953306418412775,-0.08179999663929127,GAN–Transformer,60
2003-10-01,0.085568787696,0.05735611475887868,1.4918860535746803,0.5193781477313935,0.08725941026249931,-0.0817999966392906,GAN–Transformer,60
2003-11-01,0.080646228956,0.056569371240765706,1.4256164985953341,0.4830070996503904,0.08200345123490574,-0.08179999663929116,GAN–Transformer,60
2003-12-01,0.081157688156,0.05660310200736136,1.4338028354955752,0.4867652650137591,0.08255128843045743,-0.08179999663929116,GAN–Transformer,60
2004-01-01,0.083769733496,0.055844055897718084,1.5000653543043068,0.5064929565800261,0.08540900690104583,-0.07659478656611396,GAN–Transformer,60
2004-02-01,0.083460922296,0.05582994842166468,1.4949131184153694,0.5041904438634588,0.08507701765187417,-0.07659478656611418,GAN–Transformer,60
2004-03-01,0.08706590423599998,0.05501308808029935,1.5826398276154763,0.5316954506775723,0.08901656159799312,-0.06339492369482613,GAN–Transformer,60
2004-04-01,0.09209373705599999,0.05320707496427058,1.7308550999625976,0.5711566318597006,0.09457089665343295,-0.06339492369482624,GAN–Transformer,60
2004-05-01,0.093253887976,0.05317807910605712,1.753615202798443,0.5802386014665128,0.09583340018903251,-0.06339492369482624,GAN–Transformer,60
2004-06-01,0.095306503036,0.05335294250668858,1.7863401446705942,0.5963409776683402,0.09805762585383483,-0.06339492369482624,GAN–Transformer,60
2004-07-01,0.094913437144,0.05342683545114311,1.7765124275570254,0.5932006236627367,0.09762526129801483,-0.06339492369482591,GAN–Transformer,60
2004-08-01,0.095593861344,0.053316053413569986,1.792965818427766,0.5986334238945281,0.0983728208372854,-0.06339492369482613,GAN–Transformer,60
2004-09-01,0.09954334782400001,0.05305597036375765,1.8761950284109348,0.6303669326746774,0.102699230898473,-0.06339492369482602,GAN–Transformer,60
2004-10-01,0.09787700062400001,0.0529862771247349,1.8472141455340958,0.6169782498451852,0.10088216426603086,-0.06339492369482624,GAN–Transformer,60
2004-11-01,0.09861183382399999,0.05301021269517464,1.8602421837288028,0.6228718675767897,0.10168350342368482,-0.06339492369482613,GAN–Transformer,60
2004-12-01,0.100312483544,0.052697167868791014,1.9035649846262104,0.6367482861918391,0.10356108873298288,-0.058186758629722446,GAN–Transformer,60
2005-01-01,0.10295020966400002,0.05215529428595253,1.9739167628803609,0.6585245471633366,0.10648206988209812,-0.04990615300000001,GAN–Transformer,60
2005-02-01,0.11304900676400001,0.04504241025559029,2.5098347562333054,0.746669012786699,0.1180008226689517,-0.03639165339656525,GAN–Transformer,60
2005-03-01,0.106841096964,0.043707854003346695,2.4444370331203906,0.6942390881607954,0.11120692551120476,-0.03639165339656525,GAN–Transformer,60
2005-04-01,0.110311488844,0.04402860714774127,2.5054503421796097,0.7235098642045144,0.11502024986707862,-0.03639165339656536,GAN–Transformer,60
2005-05-01,0.11261561548400001,0.04406207916695877,2.5558397972388036,0.7432835800458094,0.11756709946408063,-0.03639165339656525,GAN–Transformer,60
2005-06-01,0.112939292484,0.04404017926144544,2.564460326410879,0.7460890105938366,0.11792656371428346,-0.03639165339656525,GAN–Transformer,60
2005-07-01,0.11105429208400001,0.043459371101146234,2.555358931116032,0.7300694695881527,0.11586770464462769,-0.03639165339656525,GAN–Transformer,60
2005-08-01,0.109095461764,0.043472620229898465,2.5095211925820187,0.7133552437816071,0.11370324127977413,-0.03639165339656525,GAN–Transformer,60
2005-09-01,0.10708748714399997,0.04373363647349041,2.4486298368742356,0.6962975811136479,0.11147681667037414,-0.03639165339656525,GAN–Transformer,60
2005-10-01,0.10512888714399998,0.04342190091196924,2.4211028291260552,0.6800203849357983,0.1093354978173121,-0.03639165339656514,GAN–Transformer,60
2005-11-01,0.10651579434399999,0.043571196549529075,2.4446378061460705,0.6915557071980764,0.11085471048041405,-0.03639165339656536,GAN–Transformer,60
2005-12-01,0.10123182979600001,0.042989802990899294,2.354787013502486,0.6480209037043837,0.10507700810996773,-0.03639165339656525,GAN–Transformer,60
2006-01-01,0.10104216477599998,0.043029590448882535,2.3482018704322574,0.6464580912387791,0.10486734043078719,-0.03639165339656525,GAN–Transformer,60
2006-02-01,0.093749137236,0.04001223692263533,2.343011649592756,0.5889082851311166,0.09703318712476551,-0.03639165339656525,GAN–Transformer,60
2006-03-01,0.096546446836,0.03943741016216489,2.448092976668733,0.6112903473000327,0.10010657688709526,-0.03639165339656514,GAN–Transformer,60
2006-04-01,0.092696002822,0.03921127685326649,2.3640138822533134,0.5808711889931197,0.09592112106437073,-0.03639165339656525,GAN–Transformer,60
2006-05-01,0.08974479806199999,0.03941976766152466,2.2766445209060593,0.5578260845037973,0.09270717378271966,-0.03639165339656525,GAN–Transformer,60
2006-06-01,0.08793289840200001,0.039446552402783955,2.2291656189399736,0.5438714828604678,0.09074248400381256,-0.03639165339656514,GAN–Transformer,60
2006-07-01,0.08391371428200001,0.03907001258641779,2.1477780201988357,0.513478886121913,0.08641379951989012,-0.03639165339656525,GAN–Transformer,60
2006-08-01,0.08280183168199999,0.03887881366053208,2.129741725274309,0.5051999158531973,0.08522261902022918,-0.03639165339656514,GAN–Transformer,60
2006-09-01,0.082854449482,0.03888866714688424,2.130555134971713,0.5055904764878002,0.08527893064320793,-0.03639165339656514,GAN–Transformer,60
2006-10-01,0.086693756742,0.038981368759864514,2.223979288055695,0.534539186643237,0.08942063386509154,-0.03639165339656536,GAN–Transformer,60
2006-11-01,0.085184659042,0.03894621812126544,2.187238277584837,0.5230956787366688,0.08779093963221622,-0.03639165339656525,GAN–Transformer,60
2006-12-01,0.088199090562,0.03867062021974844,2.2807777599842627,0.5461396004697222,0.09106278005836485,-0.03639165339656514,GAN–Transformer,60
2007-01-01,0.085843463562,0.038596079011649936,2.2241498556391903,0.5281864609577356,0.08851713405217139,-0.03639165339656514,GAN–Transformer,60
2007-02-01,0.081363158282,0.037642144366064334,2.16149105350522,0.4948251061652692,0.0837224662924224,-0.03639165339656525,GAN–Transformer,60
2007-03-01,0.07811094068199999,0.03703606931470579,2.109050504746321,0.47103197738384833,0.08025036745092878,-0.03639165339656525,GAN–Transformer,60
2007-04-01,0.075218020682,0.03637746568085368,2.06770920607559,0.45020883261669636,0.07717461258672816,-0.03639165339656525,GAN–Transformer,60
2007-05-01,0.07551669348200002,0.03641519670578252,2.073768654667418,0.4523529626025334,0.07749294435369841,-0.03639165339656525,GAN–Transformer,60
2007-06-01,0.069814026582,0.035475951882949816,1.9679253938652872,0.41199621107235856,0.07143716394649222,-0.03639165339656525,GAN–Transformer,60
2007-07-01,0.05772470058200001,0.031691553936636654,1.8214537758992002,0.3303895175995163,0.05875570346147415,-0.03639165339656525,GAN–Transformer,60
2007-08-01,0.057429076242,0.03168604531150308,1.8124406399542494,0.3284349973061331,0.05844442971491284,-0.03639165339656536,GAN–Transformer,60
2007-09-01,0.056272506402,0.03166241696137434,1.7772650290926315,0.320815832725716,0.057227504903510126,-0.03639165339656525,GAN–Transformer,60
2007-10-01,0.057441846101999997,0.03145237736009882,1.826311742490791,0.32856738425192605,0.058465525009790444,-0.032755595000000026,GAN–Transformer,60
2007-11-01,0.066420191302,0.02658461702249174,2.498444542037436,0.39022882439887036,0.06811313982481366,-0.017604950418018017,GAN–Transformer,60
2007-12-01,0.06290333930200001,0.02524846028820026,2.491373279161801,0.36635244064865696,0.0644188265334216,-0.017604950418017795,GAN–Transformer,60
2008-01-01,0.06037980850200002,0.02731528960810269,2.2104766000390197,0.3489430402584169,0.06169243381538111,-0.022338726999999947,GAN–Transformer,60
2008-02-01,0.063933485302,0.026746171463282876,2.3903789516106198,0.37310392954280863,0.06546866546162851,-0.022338726999999947,GAN–Transformer,60
2008-03-01,0.066641223018,0.026896007377142404,2.4777366426005334,0.39169152645885086,0.06833780416305096,-0.022338726999999947,GAN–Transformer,60
2008-04-01,0.068973556158,0.027083636024776342,2.5466874571384133,0.4078893037463225,0.07081316488729507,-0.022338726999999947,GAN–Transformer,60
2008-05-01,0.069344499598,0.027034148857349678,2.565070569223693,0.41049718609762553,0.07120957218223042,-0.022338726999999836,GAN–Transformer,60
2008-06-01,0.062103374758,0.03349727981040135,1.8539826251418803,0.3592764176066444,0.0633140598769166,-0.03918952000000009,GAN–Transformer,60
2008-07-01,0.062191540158000005,0.03353634469766313,1.8544519600650937,0.35986412666381457,0.0634059927972903,-0.03918951999999998,GAN–Transformer,60
2008-08-01,0.06305691291799999,0.03365857277261391,1.8734280073011844,0.36570298829967446,0.06431761973536437,-0.03918951999999998,GAN–Transformer,60
2008-09-01,0.061197321437999996,0.034279995150325475,1.785219664402985,0.3529877508374062,0.06232835354637866,-0.03918951999999998,GAN–Transformer,60
2008-10-01,0.058308053118000004,0.0348523523844392,1.673001939003499,0.33354834576956927,0.05925800079024001,-0.03918951999999998,GAN–Transformer,60
2008-11-01,0.05775026000600001,0.034895598331744694,1.6549439690639811,0.32984236133701933,0.05866860113077296,-0.03918952000000009,GAN–Transformer,60
2008-12-01,0.06254642480599999,0.037414026557961784,1.6717373284883708,0.36136457764114793,0.06364055811564097,-0.03918951999999987,GAN–Transformer,60
2009-01-01,0.05812737586600001,0.03960099342740843,1.4678262042226748,0.3312045517448623,0.05888539640568746,-0.03918951999999998,GAN–Transformer,60
2009-02-01,0.056188817126000004,0.039646038296243975,1.4172618385258249,0.31841280277278555,0.05684253068055189,-0.03918951999999987,GAN–Transformer,60
2009-03-01,0.05685706408600001,0.0396585378830794,1.4336651606679245,0.3228013890876605,0.05754517578820222,-0.03918951999999987,GAN–Transformer,60
2009-04-01,0.041492377266,0.05359497367808703,0.7741841150108572,0.22127285306606087,0.04078863368662646,-0.09327071490381611,GAN–Transformer,60
2009-05-01,0.033016567665999995,0.0559520220171514,0.5900871224256948,0.16999417925352617,0.031897927555305045,-0.12325003854615624,GAN–Transformer,60
2009-06-01,0.030116429746000005,0.05555159650737059,0.5421343694776467,0.1533194362607582,0.02893969549022547,-0.12325003854615635,GAN–Transformer,60
2009-07-01,0.033209418706,0.055674188851538964,0.5964957800203678,0.17120780593240179,0.032111914869639796,-0.12325003854615602,GAN–Transformer,60
2009-08-01,0.025877270805999997,0.058252652013945215,0.44422476765186897,0.12831738872901116,0.024439360205504967,-0.14130550924821583,GAN–Transformer,60
2009-09-01,0.022800364338000003,0.05799209373092419,0.393163324017766,0.11120787443626222,0.021313475294520177,-0.14201320260472494,GAN–Transformer,60
2009-10-01,0.024139105538000003,0.058170978872275236,0.41496818526986995,0.11859984312501562,0.022668668841046968,-0.14201320260472494,GAN–Transformer,60
2009-11-01,0.024606947338,0.05825973475733146,0.422366278193593,0.12118616598189588,0.02314113602275583,-0.14201320260472494,GAN–Transformer,60
2009-12-01,0.025305829918000004,0.05829194203763317,0.43412226516081076,0.12509243880558632,0.023853080266740996,-0.14201320260472494,GAN–Transformer,60
2010-01-01,0.021747248598,0.058686932903526216,0.370563727256793,0.1051629201499459,0.020199863419290937,-0.14201320260472505,GAN–Transformer,60
2010-02-01,0.025164512898,0.059110356739088536,0.4257208767843418,0.12403499549427684,0.023660549624601665,-0.14201320260472494,GAN–Transformer,60
2010-03-01,0.027894516698000003,0.05946797435621778,0.4690678806530332,0.1393318530415877,0.026431680359117964,-0.14201320260472505,GAN–Transformer,60
2010-04-01,0.021871463798000004,0.05899437784857289,0.37073810413154623,0.10574967483266892,0.020308169615856003,-0.14201320260472472,GAN–Transformer,60
2010-05-01,0.017902554918000007,0.0587132967447306,0.3049148303805087,0.08414529258540007,0.01628963826010796,-0.14201320260472516,GAN–Transformer,60
2010-06-01,0.015495528518000004,0.058718826929308236,0.26389370034001386,0.07119171757055169,0.013849383029129704,-0.14201320260472505,GAN–Transformer,60
2010-07-01,0.015876743518000003,0.05883439764079272,0.26985478146532244,0.07319763137181085,0.014228805839655951,-0.14201320260472494,GAN–Transformer,60
2010-08-01,0.012437747438000003,0.0591776019296538,0.21017660453333553,0.05481729666608131,0.010730679844277164,-0.14201320260472483,GAN–Transformer,60
2010-09-01,0.016757927458,0.05976844317725982,0.2803808593156716,0.07763848979367317,0.015066789416336318,-0.14201320260472494,GAN–Transformer,60
2010-10-01,0.014935828718000005,0.0596166356999981,0.250531224089193,0.06792524579083432,0.013230304816044402,-0.14201320260472483,GAN–Transformer,60
2010-11-01,0.012070804018000005,0.05919473756605777,0.20391684319116563,0.052881179161829175,0.010359367825935892,-0.14201320260472494,GAN–Transformer,60
2010-12-01,0.013336013766000004,0.05924326323474902,0.22510599581857246,0.05954089761332803,0.011634297822269239,-0.14201320260472483,GAN–Transformer,60
2011-01-01,0.013481788646000002,0.05923908134943639,0.22758267580947672,0.06031387958021369,0.011781861163473118,-0.14201320260472483,GAN–Transformer,60
2011-02-01,0.010575744446000004,0.05931344613055555,0.1783026469701592,0.04501097594306999,0.008844359992155925,-0.14201320260472505,GAN–Transformer,60
2011-03-01,0.010363137646000001,0.05929342622774918,0.1747771769199952,0.043907700988592854,0.008631251599109987,-0.1420132026047246,GAN–Transformer,60
2011-04-01,0.013034354060000003,0.05957830887405199,0.21877683852280047,0.05784283249287156,0.011309832159680322,-0.14201320260472505,GAN–Transformer,60
2011-05-01,0.014134873880000006,0.05956162072707795,0.23731513191638176,0.06367835009929687,0.012423142561089454,-0.14201320260472505,GAN–Transformer,60
2011-06-01,0.014460552140000001,0.05957231277107614,0.24273947858242229,0.06540645954243791,0.012751896477413534,-0.14201320260472483,GAN–Transformer,60
2011-07-01,0.012718924260000002,0.05971359348804435,0.2129988084295503,0.05613550966551593,0.010983177182165096,-0.14201320260472494,GAN–Transformer,60
2011-08-01,0.007246352260000002,0.060062653930250696,0.12064655465299641,0.027544181351318423,0.005449125841275306,-0.14201320260472472,GAN–Transformer,60
2011-09-01,-0.0005670811399999976,0.0608013048655015,-0.009326792266291606,-0.012037236026681086,-0.0024191232398877087,-0.14201320260472494,GAN–Transformer,60
2011-10-01,0.009202856860000002,0.06726420050096296,0.13681656499980627,0.03539032033150054,0.006979942378240472,-0.14201320260472516,GAN–Transformer,60
2011-11-01,0.011276123260000001,0.06753357949380302,0.16697061438946403,0.04607776405296317,0.00905024949981118,-0.14201320260472483,GAN–Transformer,60
2011-12-01,0.010272079200000003,0.06741458419131327,0.15237176529709445,0.04088475586515026,0.008046415444250379,-0.14201320260472516,GAN–Transformer,60
2012-01-01,0.0134276366,0.06786369654347486,0.1978618507967361,0.05726559959151445,0.011199439812394735,-0.14201320260472516,GAN–Transformer,60
2012-02-01,0.015099099480000001,0.0680322342733311,0.22194037343146472,0.06606851495568081,0.01287773225952487,-0.14201320260472494,GAN–Transformer,60
2012-03-01,0.01683654978,0.06824925993334502,0.24669204906314374,0.0752803754749867,0.01462216138208618,-0.14201320260472483,GAN–Transformer,60
2012-04-01,0.015814678820000004,0.0681965765727485,0.23189842679463155,0.06982660161940182,0.01359084331200286,-0.14201320260472505,GAN–Transformer,60
2012-05-01,0.01229039896,0.06811418340371385,0.1804381752204913,0.051189986222524714,0.010034580647357948,-0.14201320260472494,GAN–Transformer,60
2012-06-01,0.01592739226,0.06841419477514907,0.23280829822447172,0.07035143669947153,0.013690273195735085,-0.14201320260472472,GAN–Transformer,60
2012-07-01,0.019902277460000003,0.06805120749989584,0.2924603132138465,0.09193861431377363,0.017746564028778427,-0.14201320260472494,GAN–Transformer,60
2012-08-01,0.020886176920000003,0.0681305572610122,0.3065610756709917,0.09728559522285639,0.018741353210626182,-0.14201320260472494,GAN–Transformer,60
2012-09-01,0.020728047920000003,0.06812972358950418,0.3042438282135242,0.09642018020362823,0.018580608854429363,-0.14201320260472483,GAN–Transformer,60
2012-10-01,0.02215862982,0.06821246239133134,0.32484723528784365,0.1042464371721323,0.020030602201190562,-0.14201320260472483,GAN–Transformer,60
2012-11-01,0.02351244282,0.0684867623193585,0.3433136860866608,0.11163152666780268,0.0213913393509817,-0.14201320260472494,GAN–Transformer,60
2012-12-01,0.022892973500000004,0.06846103438732959,0.33439420985781826,0.10820990191749652,0.020761791049257978,-0.14201320260472505,GAN–Transformer,60
2013-01-01,0.0332255585,0.06863799799983926,0.48406945814587726,0.16677145756890965,0.031328832429809425,-0.14201320260472472,GAN–Transformer,60
2013-02-01,0.033403152,0.0686576634996559,0.48651745919328304,0.1677974506713269,0.031510147163146075,-0.14201320260472483,GAN–Transformer,60
2013-03-01,0.0340730072,0.06878189654810964,0.495377547145237,0.1716559828338956,0.032190892815465166,-0.14201320260472483,GAN–Transformer,60
2013-04-01,0.03138556732,0.06861598661079554,0.4574089635703354,0.15612370312862184,0.029439577684531083,-0.14201320260472516,GAN–Transformer,60
2013-05-01,0.03261750972000001,0.06868084544001592,0.4749142138689497,0.16322279479543134,0.03070072333069546,-0.14201320260472505,GAN–Transformer,60
2013-06-01,0.040095833719999995,0.06602471945699043,0.6072851812133646,0.20849164398442932,0.03860098555450519,-0.14201320260472505,GAN–Transformer,60
2013-07-01,0.04074246552,0.06620624599415786,0.6153870364979638,0.21232226683147173,0.039258574528673186,-0.14201320260472516,GAN–Transformer,60
2013-08-01,0.03641372532000001,0.06633831465981006,0.5489094124071957,0.18639550327943358,0.03477493019636849,-0.14201320260472505,GAN–Transformer,60
2013-09-01,0.043064473119999995,0.06661111212664907,0.6465058418199148,0.22627163612163356,0.04163925104336407,-0.14201320260472494,GAN–Transformer,60
2013-10-01,0.048333676719999996,0.0666422867936658,0.7252703807966266,0.25887166551949203,0.04711960705739271,-0.14201320260472494,GAN–Transformer,60
2013-11-01,0.052422330172,0.06706558408705639,0.7816576994834145,0.28458699192746917,0.05136303607709319,-0.14201320260472483,GAN–Transformer,60
2013-12-01,0.04496823447199999,0.06558229898036111,0.68567639700258,0.2383588236666436,0.043684660740686956,-0.14201320260472483,GAN–Transformer,60
2014-01-01,0.047267290472,0.06476240166454633,0.729856973446309,0.2529555060371898,0.046133548650941214,-0.1255776314362662,GAN–Transformer,60
2014-02-01,0.048714210332000005,0.06473125531254778,0.7525608779991794,0.26202910704185667,0.04764434790266948,-0.1255776314362661,GAN–Transformer,60
2014-03-01,0.047849450912000005,0.06471868989018824,0.7393451720544528,0.25661087396143467,0.046743234843632825,-0.1255776314362661,GAN–Transformer,60
2014-04-01,0.063611867832,0.05356871905437489,1.1874815928943683,0.36378139250970004,0.06401794399174608,-0.053756384074148844,GAN–Transformer,60
2014-05-01,0.07255626963200001,0.05071191947280935,1.4307537633416365,0.4268579455654883,0.07368317496147152,-0.048717301333562446,GAN–Transformer,60
2014-06-01,0.072268865672,0.05073383466484788,1.4244707925078874,0.42481355262903436,0.07337532519991372,-0.04871730133356267,GAN–Transformer,60
2014-07-01,0.06952131969200001,0.050746953208386215,1.3699604665233618,0.4054822357615789,0.07044676042573011,-0.04871730133356267,GAN–Transformer,60
2014-08-01,0.080041260492,0.04736706424698601,1.6898083460406366,0.48213651942494024,0.08187638615539128,-0.04871730133356256,GAN–Transformer,60
2014-09-01,0.08031776769999999,0.04732659274338187,1.69709592523395,0.48418731674455356,0.08217561395149495,-0.04871730133356267,GAN–Transformer,60
2014-10-01,0.0831170855,0.04810947249205834,1.7276657006314198,0.504695616524364,0.08514989108676944,-0.04871730133356256,GAN–Transformer,60
2014-11-01,0.0838842027,0.04825551887978162,1.738333866204603,0.5103869805158384,0.08596954658078651,-0.04871730133356256,GAN–Transformer,60
2014-12-01,0.08321973594,0.048285701665189674,1.7234861060328155,0.5054012173568824,0.08525164443503744,-0.04871730133356267,GAN–Transformer,60
2015-01-01,0.08790582434,0.04741578710050861,1.8539357820563744,0.541149596022474,0.09035761083973771,-0.048717301333562446,GAN–Transformer,60
2015-02-01,0.08750825754,0.04733581225303942,1.848669186708233,0.5381392517447714,0.08993131615762744,-0.04871730133356278,GAN–Transformer,60
2015-03-01,0.08681809294,0.047221742567867195,1.838519466223103,0.5329184516291436,0.08919041379760527,-0.04871730133356278,GAN–Transformer,60
2015-04-01,0.08507370284000002,0.04796450467026322,1.7736804210706996,0.5194350947659543,0.0872675603429867,-0.04871730133356278,GAN–Transformer,60
2015-05-01,0.09093535052000001,0.04835489208866209,1.8805822243024275,0.5641533757358944,0.0935933665715203,-0.04871730133356267,GAN–Transformer,60
2015-06-01,0.09318486906,0.048031800006014626,1.940066144686046,0.5818304545393624,0.09605408879866452,-0.04871730133356267,GAN–Transformer,60
2015-07-01,0.09466536506,0.04852007669920596,1.9510555526708224,0.5933127773172014,0.09764071436980892,-0.04871730133356256,GAN–Transformer,60
2015-08-01,0.09585011006000001,0.04806640699371859,1.9941184718159992,0.6028774566773502,0.09895539191460002,-0.04871730133356256,GAN–Transformer,60
2015-09-01,0.09474808426,0.04784864747120111,1.9801622254218676,0.5942187008961154,0.0977655050000771,-0.04871730133356256,GAN–Transformer,60
2015-10-01,0.0997356542,0.04848270551045433,2.0571387910374344,0.6339093713929432,0.10317800090019061,-0.04871730133356267,GAN–Transformer,60
2015-11-01,0.1019205125,0.04846550256176755,2.1029496675518007,0.6517130093755164,0.10557171175337586,-0.04871730133356267,GAN–Transformer,60
2015-12-01,0.10211494430000001,0.04845913636769023,2.107238220780269,0.6533084384462391,0.10578520890828091,-0.04871730133356256,GAN–Transformer,60
2016-01-01,0.10354136642,0.048303458858072267,2.143560085919119,0.6651022496323796,0.10735834165884925,-0.048717301333562446,GAN–Transformer,60
2016-02-01,0.10611276256,0.04775566434725149,2.2219932234301996,0.6866777398069649,0.11021329213625931,-0.04871730133356267,GAN–Transformer,60
2016-03-01,0.1044204144,0.04801339839023152,2.174818236178938,0.6724882645867402,0.10833900116666528,-0.04871730133356256,GAN–Transformer,60
2016-04-01,0.09495690379999999,0.05151008483656671,1.8434623841386226,0.594434078224786,0.09779516479845854,-0.04871730133356256,GAN–Transformer,60
2016-05-01,0.09968464634,0.05213210645691531,1.9121545840927143,0.6320118982046031,0.10292165574941033,-0.04871730133356267,GAN–Transformer,60
2016-06-01,0.09985064144,0.05211924862271429,1.9158112228901878,0.6333611274235136,0.10310395861991385,-0.04871730133356256,GAN–Transformer,60
2016-07-01,0.10331229723999999,0.05159038842971597,2.002549319448277,0.6618591888575358,0.10692665267623128,-0.041065786885357225,GAN–Transformer,60
2016-08-01,0.10537924484000001,0.05076343331141049,2.0758888429304307,0.6793240860586167,0.10924352784405794,-0.03597320014767813,GAN–Transformer,60
2016-09-01,0.1097271681,0.04872198949380139,2.252107708244548,0.7167631720781045,0.11414592877359764,-0.03597320014767813,GAN–Transformer,60
2016-10-01,0.09747555822000001,0.04119084231399799,2.3664376046729836,0.6181492145122501,0.10104156293088223,-0.03597320014767813,GAN–Transformer,60
2016-11-01,0.09838074481999999,0.041385922531652936,2.3771548101834883,0.625367124199534,0.10202207530784746,-0.03597320014767813,GAN–Transformer,60
2016-12-01,0.09802159008000003,0.04141089145857486,2.367048537896252,0.6224664652979153,0.1016284566086837,-0.03597320014767813,GAN–Transformer,60
