date,mean_annualized_arithmetic,volatility_annualized,sharpe_annualized,return_compounded_window,return_annualized_geometric,max_drawdown_window,model,window_months,window_start
1992-01-01,,,,,,,gan_lstm_matched,36,
1992-02-01,,,,,,,gan_lstm_matched,36,
1992-03-01,,,,,,,gan_lstm_matched,36,
1992-04-01,,,,,,,gan_lstm_matched,36,
1992-05-01,,,,,,,gan_lstm_matched,36,
1992-06-01,,,,,,,gan_lstm_matched,36,
1992-07-01,,,,,,,gan_lstm_matched,36,
1992-08-01,,,,,,,gan_lstm_matched,36,
1992-09-01,,,,,,,gan_lstm_matched,36,
1992-10-01,,,,,,,gan_lstm_matched,36,
1992-11-01,,,,,,,gan_lstm_matched,36,
1992-12-01,,,,,,,gan_lstm_matched,36,
1993-01-01,,,,,,,gan_lstm_matched,36,
1993-02-01,,,,,,,gan_lstm_matched,36,
1993-03-01,,,,,,,gan_lstm_matched,36,
1993-04-01,,,,,,,gan_lstm_matched,36,
1993-05-01,,,,,,,gan_lstm_matched,36,
1993-06-01,,,,,,,gan_lstm_matched,36,
1993-07-01,,,,,,,gan_lstm_matched,36,
1993-08-01,,,,,,,gan_lstm_matched,36,
1993-09-01,,,,,,,gan_lstm_matched,36,
1993-10-01,,,,,,,gan_lstm_matched,36,
1993-11-01,,,,,,,gan_lstm_matched,36,
1993-12-01,,,,,,,gan_lstm_matched,36,
1994-01-01,,,,,,,gan_lstm_matched,36,
1994-02-01,,,,,,,gan_lstm_matched,36,
1994-03-01,,,,,,,gan_lstm_matched,36,
1994-04-01,,,,,,,gan_lstm_matched,36,
1994-05-01,,,,,,,gan_lstm_matched,36,
1994-06-01,,,,,,,gan_lstm_matched,36,
1994-07-01,,,,,,,gan_lstm_matched,36,
1994-08-01,,,,,,,gan_lstm_matched,36,
1994-09-01,,,,,,,gan_lstm_matched,36,
1994-10-01,,,,,,,gan_lstm_matched,36,
1994-11-01,,,,,,,gan_lstm_matched,36,
1994-12-01,0.08072774972833334,0.023297674100414046,3.4650561845956394,0.27200087694878433,0.08350055199283,-0.009917061999999865,gan_lstm_matched,36,1992-01-01
1995-01-01,0.07939897930833334,0.023585571515138633,3.36642168104217,0.26694911454498504,0.08206427166323037,-0.009917061999999977,gan_lstm_matched,36,1992-02-01
1995-02-01,0.08065614475166666,0.02334709459653181,3.454654471809441,0.27172523324447573,0.08342228116585072,-0.009917061999999977,gan_lstm_matched,36,1992-03-01
1995-03-01,0.077143712285,0.023617630054064902,3.2663612779268916,0.2584584843190255,0.07964165189350085,-0.009917061999999977,gan_lstm_matched,36,1992-04-01
1995-04-01,0.07682651261833333,0.023563391662838842,3.260418267353856,0.2572737469881432,0.07930274696012911,-0.009917061999999977,gan_lstm_matched,36,1992-05-01
1995-05-01,0.07529152145166666,0.02393711076203517,3.145388856665225,0.25150146104180365,0.07764847907428592,-0.009917061999999977,gan_lstm_matched,36,1992-06-01
1995-06-01,0.07176125505166667,0.025851487017764945,2.7759043416865294,0.23822446322714913,0.07382405051780025,-0.013859286077360866,gan_lstm_matched,36,1992-07-01
1995-07-01,0.06810558228500001,0.02575409484210543,2.6444564525581393,0.22480558594353256,0.0699308733236924,-0.013859286077360977,gan_lstm_matched,36,1992-08-01
1995-08-01,0.064944215085,0.025385022111082022,2.5583674814546686,0.21334060528475485,0.06658198484298399,-0.013859286077360866,gan_lstm_matched,36,1992-09-01
1995-09-01,0.06241998541833334,0.025389337521232756,2.4585117814173905,0.2042347710445117,0.06390713376399904,-0.013859286077360977,gan_lstm_matched,36,1992-10-01
1995-10-01,0.06476603135166667,0.025347704517531443,2.555104400355937,0.21269897672918436,0.06639394472700416,-0.013859286077360977,gan_lstm_matched,36,1992-11-01
1995-11-01,0.06487748401833333,0.025383242177715627,2.555917938461398,0.2130992100887093,0.06651124767251525,-0.013859286077361088,gan_lstm_matched,36,1992-12-01
1995-12-01,0.062962604685,0.024565010415556043,2.563101078317813,0.206257473054941,0.06450246711516258,-0.013859286077360866,gan_lstm_matched,36,1993-01-01
1996-01-01,0.05897976575166668,0.024509178147490894,2.406435882783963,0.19200679492514694,0.06029385318255292,-0.013859286077360977,gan_lstm_matched,36,1993-02-01
1996-02-01,0.05470522131833333,0.0237563630156798,2.302760792223393,0.1769510013904841,0.055810866738372135,-0.013859286077360977,gan_lstm_matched,36,1993-03-01
1996-03-01,0.049630058385,0.022631248750015015,2.1929880641238175,0.15933017967341356,0.050515296482425545,-0.013859286077360866,gan_lstm_matched,36,1993-04-01
1996-04-01,0.04911227405166667,0.022650115430263858,2.1683012699372606,0.1575366641485219,0.04997329158020285,-0.013859286077360866,gan_lstm_matched,36,1993-05-01
1996-05-01,0.049893556901666664,0.022574613685811123,2.2101621580805335,0.16024750802847768,0.05079229936674781,-0.013859286077360866,gan_lstm_matched,36,1993-06-01
1996-06-01,0.05467333336833334,0.024315683838828255,2.2484801879611864,0.17679383757256248,0.05576386884488542,-0.013859286077360866,gan_lstm_matched,36,1993-07-01
1996-07-01,0.05912438876833333,0.026025807418593193,2.2717600194833554,0.19239129326099386,0.060407845093011336,-0.013859286077360977,gan_lstm_matched,36,1993-08-01
1996-08-01,0.065328245435,0.02456343979359942,2.659572355660985,0.2148058538701754,0.06701115234667766,-0.013859286077360866,gan_lstm_matched,36,1993-09-01
1996-09-01,0.06510658190166665,0.024581609063686997,2.6485891030561084,0.21400108482058477,0.06677548032887708,-0.013859286077360977,gan_lstm_matched,36,1993-10-01
1996-10-01,0.07368976580166667,0.02657615985523753,2.772777037881346,0.24530215783409698,0.07586615833904121,-0.013859286077360866,gan_lstm_matched,36,1993-11-01
1996-11-01,0.07371755126833335,0.026571940002999478,2.774263048163288,0.24540573629728488,0.07589598603269936,-0.013859286077360755,gan_lstm_matched,36,1993-12-01
1996-12-01,0.07359428860166665,0.02651085960686571,2.7760053688567456,0.2449538358476452,0.07576583923694155,-0.013859286077360866,gan_lstm_matched,36,1994-01-01
1997-01-01,0.07149011886833334,0.026775478318013635,2.669984753185051,0.2371414890151836,0.07351089702192781,-0.013859286077360866,gan_lstm_matched,36,1994-02-01
1997-02-01,0.07794387720166668,0.027246962379578257,2.860644651533193,0.2611309665023774,0.0804053595252667,-0.013859286077360866,gan_lstm_matched,36,1994-03-01
1997-03-01,0.08571600020166667,0.02922993622297399,2.932473049130228,0.29047242012152047,0.08872010367196548,-0.013859286077360977,gan_lstm_matched,36,1994-04-01
1997-04-01,0.083225058535,0.028780400885368394,2.8917268687980853,0.2809795473835664,0.08604394483611365,-0.013859286077360866,gan_lstm_matched,36,1994-05-01
1997-05-01,0.08300679966833333,0.028806501209199885,2.8815300777250785,0.2801440554808213,0.08580777706157441,-0.013859286077360866,gan_lstm_matched,36,1994-06-01
1997-06-01,0.08319914566833334,0.02885374112611507,2.8834786208375274,0.28087289286705003,0.08601380261488613,-0.013859286077360977,gan_lstm_matched,36,1994-07-01
1997-07-01,0.08578538576833333,0.029128133127158746,2.9451041504732753,0.29075006234757445,0.08879817663013354,-0.013859286077360977,gan_lstm_matched,36,1994-08-01
1997-08-01,0.08351187800166665,0.029696513363606212,2.8121778802494855,0.2819755628372433,0.08632535352205485,-0.013859286077360977,gan_lstm_matched,36,1994-09-01
1997-09-01,0.08525996594666665,0.029423021947693622,2.8977297470748042,0.2886991603976543,0.08822119891989562,-0.013859286077360866,gan_lstm_matched,36,1994-10-01
1997-10-01,0.08607330628,0.029506020191729408,2.9171438818484403,0.2918160535432915,0.08909782924701014,-0.013859286077360866,gan_lstm_matched,36,1994-11-01
1997-11-01,0.09436801961333333,0.03125219814623465,3.0195642294269476,0.3239202426064086,0.09804618530903332,-0.013859286077360977,gan_lstm_matched,36,1994-12-01
1997-12-01,0.09556980761333334,0.03155482614192875,3.028690672655747,0.32862848512452014,0.09934630171986297,-0.013859286077360977,gan_lstm_matched,36,1995-01-01
1998-01-01,0.09490974953333332,0.03175184848833664,2.989109423603995,0.3259968873918792,0.09862000151894684,-0.013859286077360866,gan_lstm_matched,36,1995-02-01
1998-02-01,0.09790524736666664,0.03181836758444228,3.0770040954124185,0.33786279337036057,0.10188733661631738,-0.013859286077360977,gan_lstm_matched,36,1995-03-01
1998-03-01,0.10274002416666665,0.03157359189306241,3.2539859422595967,0.3572763738156572,0.10719155127490933,-0.013859286077360866,gan_lstm_matched,36,1995-04-01
1998-04-01,0.10099338443333333,0.031644495373825764,3.1914992873252883,0.35023380452546404,0.10527324911183397,-0.013859286077360866,gan_lstm_matched,36,1995-05-01
1998-05-01,0.1076379686,0.03157701682557195,3.408744062004988,0.3771917865367047,0.11258057884703686,-0.012292776000000005,gan_lstm_matched,36,1995-06-01
1998-06-01,0.11431358986666665,0.028962158237564033,3.946998318599111,0.40511588354163786,0.12004992431093901,-0.0035050789999999665,gan_lstm_matched,36,1995-07-01
1998-07-01,0.11364910486666668,0.02918507700859929,3.894082747603521,0.4023176817247273,0.1193059267167147,-0.0035050789999998555,gan_lstm_matched,36,1995-08-01
1998-08-01,0.11566417106666667,0.028983527657353788,3.9906864490085625,0.41076368761536824,0.12154858265784055,-0.0035050789999999665,gan_lstm_matched,36,1995-09-01
1998-09-01,0.11422167273333333,0.02950428098337713,3.8713593053728848,0.4046676266240906,0.11993080637158648,-0.0035050790000000775,gan_lstm_matched,36,1995-10-01
1998-10-01,0.11271179473333334,0.029679545801497124,3.7976253237557227,0.39835787713863224,0.11825138412952452,-0.0035050789999999665,gan_lstm_matched,36,1995-11-01
1998-11-01,0.1139694534,0.02993446086221368,3.807299350557665,0.40356391858696566,0.11963740350620437,-0.0035050789999999665,gan_lstm_matched,36,1995-12-01
1998-12-01,0.1121420094,0.02989255288499333,3.7515032533838073,0.3959665845532629,0.11761359032416985,-0.0035050789999999665,gan_lstm_matched,36,1996-01-01
1999-01-01,0.10795876600000001,0.03211375349919341,3.3617610598745973,0.37843778344253703,0.1129160087926206,-0.013108644999999974,gan_lstm_matched,36,1996-02-01
1999-02-01,0.1117013201,0.03198384978043768,3.492428862279111,0.39387648199780245,0.11705553164395395,-0.013108644999999974,gan_lstm_matched,36,1996-03-01
1999-03-01,0.10716178036666665,0.03399303921254006,3.1524624702322757,0.3749266598435705,0.11197027438189715,-0.013108644999999974,gan_lstm_matched,36,1996-04-01
1999-04-01,0.10346514170000001,0.03528668357533765,2.9321299486561325,0.359717402314951,0.10785490610361463,-0.02033775779497482,gan_lstm_matched,36,1996-05-01
1999-05-01,0.10306101943333333,0.03535774750534102,2.914807268697342,0.35807413957685674,0.10740843329178727,-0.02033775779497482,gan_lstm_matched,36,1996-06-01
1999-06-01,0.09951175493333334,0.034725888968550396,2.8656359243518987,0.3438948150569604,0.10354088038843991,-0.02033775779497482,gan_lstm_matched,36,1996-07-01
1999-07-01,0.0940914376,0.03397556691576503,2.7693853595814626,0.32248751206149534,0.0976499448857995,-0.02033775779497482,gan_lstm_matched,36,1996-08-01
1999-08-01,0.09142856603333332,0.03421894369819289,2.6718699104134442,0.3120137332358642,0.09474455464471274,-0.02033775779497493,gan_lstm_matched,36,1996-09-01
1999-09-01,0.08820820956666665,0.035095493204606074,2.5133771180366216,0.2993780052752117,0.09121879359695721,-0.02033775779497482,gan_lstm_matched,36,1996-10-01
1999-10-01,0.0822047917,0.033597687709236324,2.4467395617050487,0.2765341104577307,0.08478617416496834,-0.02033775779497482,gan_lstm_matched,36,1996-11-01
1999-11-01,0.07008662766666666,0.0410340136816291,1.708012972127179,0.23023100097721633,0.07150833974164783,-0.038265004296205274,gan_lstm_matched,36,1996-12-01
1999-12-01,0.055451840333333335,0.04402246543242747,1.2596259611686091,0.17721205992094066,0.055888923813114215,-0.06246661152417332,gan_lstm_matched,36,1997-01-01
2000-01-01,0.04415462760000001,0.049364125773577405,0.8944679341132821,0.13729970213625464,0.043818464853944986,-0.09458674917203669,gan_lstm_matched,36,1997-02-01
2000-02-01,0.013768676266666674,0.0657456667431229,0.2094233270226421,0.035441580402558244,0.011676977602593303,-0.16098277625159485,gan_lstm_matched,36,1997-03-01
2000-03-01,0.01688483393333334,0.0671387953348171,0.25149146405040024,0.04488084711865415,0.014741891100594007,-0.16098277625159507,gan_lstm_matched,36,1997-04-01
2000-04-01,0.02606797893333334,0.06994683005419837,0.3726827779491156,0.07342716621532078,0.023899963211604733,-0.16098277625159507,gan_lstm_matched,36,1997-05-01
2000-05-01,0.02957691613333334,0.07026582144878078,0.4209289171249921,0.08469031143006048,0.02746866749274775,-0.16098277625159507,gan_lstm_matched,36,1997-06-01
2000-06-01,0.027849564633333337,0.0700349924475592,0.3976521401667392,0.07914752773865273,0.025715551197531075,-0.16098277625159485,gan_lstm_matched,36,1997-07-01
2000-07-01,0.031491061300000005,0.07093308968437141,0.4439544568004118,0.09077491793074807,0.029386292881934784,-0.16098277625159518,gan_lstm_matched,36,1997-08-01
2000-08-01,0.032421862100000004,0.07086865310961317,0.45749228576212425,0.09383151404027269,0.030346919944187752,-0.16098277625159518,gan_lstm_matched,36,1997-09-01
2000-09-01,0.03682314943333334,0.07143331936876787,0.5154898268584895,0.1082001996020265,0.03483888974810292,-0.1609827762515953,gan_lstm_matched,36,1997-10-01
2000-10-01,0.0354590271,0.07131095895504351,0.4972451306166615,0.10371563307997779,0.033441104416499605,-0.16098277625159485,gan_lstm_matched,36,1997-11-01
2000-11-01,0.035969534100000006,0.07148722546996596,0.5031603040058107,0.10536287503760701,0.033954969074519704,-0.16098277625159485,gan_lstm_matched,36,1997-12-01
2000-12-01,0.03700763843333334,0.07172464029941068,0.5159682680714315,0.10874643035063869,0.03500888549884221,-0.16098277625159518,gan_lstm_matched,36,1998-01-01
2001-01-01,0.02866612793333334,0.0737869329802777,0.3884987053330354,0.08093830050961968,0.026282606315867346,-0.16098277625159507,gan_lstm_matched,36,1998-02-01
2001-02-01,0.04459045460000001,0.08099297785573846,0.5505471681683662,0.13190450593336742,0.04216526996805375,-0.16098277625159485,gan_lstm_matched,36,1998-03-01
2001-03-01,0.04954612293333334,0.08209088149622612,0.6035520880064013,0.14849934107726087,0.04723363750536666,-0.16098277625159485,gan_lstm_matched,36,1998-04-01
2001-04-01,0.04877699100000001,0.08209694353684162,0.5941389398755262,0.14586148917140002,0.04643126732748526,-0.16098277625159507,gan_lstm_matched,36,1998-05-01
2001-05-01,0.048019435666666666,0.08197177070635181,0.585804542867411,0.1433042483296756,0.045652240674310854,-0.16098277625159485,gan_lstm_matched,36,1998-06-01
2001-06-01,0.04793194753333333,0.08196781320799658,0.5847654787581573,0.14300647467372,0.045561452730261374,-0.16098277625159507,gan_lstm_matched,36,1998-07-01
2001-07-01,0.056994875300000004,0.08289979740419132,0.6875152543752587,0.17411394185485252,0.05496183441364185,-0.16098277625159518,gan_lstm_matched,36,1998-08-01
2001-08-01,0.05985274863333334,0.0832242218004226,0.719174626551202,0.1840831579537023,0.057939261415256876,-0.16098277625159507,gan_lstm_matched,36,1998-09-01
2001-09-01,0.06144334743333334,0.08311569044718486,0.739250881545368,0.18974950622963607,0.05962414176040988,-0.16098277625159496,gan_lstm_matched,36,1998-10-01
2001-10-01,0.0558303351,0.08376986249510947,0.6664728034292691,0.16979212946430872,0.053665835044547035,-0.16098277625159485,gan_lstm_matched,36,1998-11-01
2001-11-01,0.0430783181,0.08471090945277297,0.5085332972846492,0.12579744408053045,0.04028759430474387,-0.16098277625159496,gan_lstm_matched,36,1998-12-01
2001-12-01,0.0431071891,0.0847122413176446,0.5088661146192723,0.1258942415951803,0.040317408539471605,-0.16098277625159496,gan_lstm_matched,36,1999-01-01
2002-01-01,0.054018450100000004,0.08460769266496937,0.6384579037499929,0.16323855269751664,0.0516944832413629,-0.16098277625159518,gan_lstm_matched,36,1999-02-01
2002-02-01,0.060712913433333335,0.08613580270050993,0.7048510785280452,0.18628494045409189,0.05859459541196612,-0.16098277625159496,gan_lstm_matched,36,1999-03-01
2002-03-01,0.06823398443333334,0.08559738773042506,0.7971503131406892,0.21337328653769413,0.0665915608632487,-0.15745599193179627,gan_lstm_matched,36,1999-04-01
2002-04-01,0.0807088331,0.08618775847843334,0.9364303530436481,0.2591750364424437,0.07984652495690182,-0.15745599193179638,gan_lstm_matched,36,1999-05-01
2002-05-01,0.08450124763333333,0.08622238150863426,0.9800384326530277,0.2734729496052605,0.08391836529031867,-0.15745599193179638,gan_lstm_matched,36,1999-06-01
2002-06-01,0.09213045813333334,0.08742138241227913,1.0538664064913341,0.3023545477390579,0.09205139249106326,-0.15745599193179627,gan_lstm_matched,36,1999-07-01
2002-07-01,0.09067157630333333,0.08751137785668521,1.0361118579554704,0.2966804735579509,0.09046314060156793,-0.15745599193179638,gan_lstm_matched,36,1999-08-01
2002-08-01,0.09223223540333333,0.087427433219894,1.0549576031970933,0.30274721962510087,0.09216113597845038,-0.15745599193179627,gan_lstm_matched,36,1999-09-01
2002-09-01,0.09272444357,0.08734930874384003,1.061536088876479,0.3046835068455502,0.09270196507243122,-0.1573445224539919,gan_lstm_matched,36,1999-10-01
2002-10-01,0.08990929523666667,0.08752832709754882,1.0272022580354392,0.29373523405614255,0.08963690008757888,-0.157344522453992,gan_lstm_matched,36,1999-11-01
2002-11-01,0.09296862990333332,0.08618328740739037,1.0787315348493085,0.30602826733545374,0.09307725860984918,-0.12760040188158628,gan_lstm_matched,36,1999-12-01
2002-12-01,0.11655263390333334,0.08659925729751052,1.3458849133419057,0.40081772698988993,0.11890670496086199,-0.10508016667820463,gan_lstm_matched,36,2000-01-01
2003-01-01,0.12530744207,0.08329119275902802,1.5044500855274134,0.43891460744837396,0.12895944292739292,-0.07333228999999997,gan_lstm_matched,36,2000-02-01
2003-02-01,0.14701249507000003,0.06789832724843359,2.165185815728495,0.5400243714342405,0.15480644206477784,-0.033765211647548976,gan_lstm_matched,36,2000-03-01
2003-03-01,0.13362269707,0.06727629557593154,1.9861779832866455,0.4802446778233338,0.1396666404536297,-0.033765211647548976,gan_lstm_matched,36,2000-04-01
2003-04-01,0.11622924673666668,0.06742487288976456,1.7238333830705797,0.4056847735405845,0.12020106231423103,-0.037291522638667085,gan_lstm_matched,36,2000-05-01
2003-05-01,0.08674929907,0.08309714248367354,1.0439504473579702,0.2830558331639025,0.08663040238698955,-0.10916896453579072,gan_lstm_matched,36,2000-06-01
2003-06-01,0.08422711607000001,0.08315929664427942,1.0128406500392648,0.2734333194556465,0.08390712142039629,-0.10916896453579095,gan_lstm_matched,36,2000-07-01
2003-07-01,0.07547755113666667,0.08261025879138031,0.9136583305866864,0.24081738282381804,0.07457307953405655,-0.10922794125854896,gan_lstm_matched,36,2000-08-01
2003-08-01,0.07585121679333334,0.08258020979387184,0.9185156707964931,0.24220932735658385,0.074974746796449,-0.10922794125854884,gan_lstm_matched,36,2000-09-01
2003-09-01,0.07102888159333333,0.08227883220625633,0.8632704146222971,0.22456231150754313,0.06986003104264807,-0.10922794125854873,gan_lstm_matched,36,2000-10-01
2003-10-01,0.06801220756,0.08239673367992432,0.8254235880781149,0.2135591058236386,0.06664600499515969,-0.10922794125854873,gan_lstm_matched,36,2000-11-01
2003-11-01,0.059783530493333334,0.08135870146216292,0.7348142167821661,0.18440889014802786,0.05803626284633927,-0.10922794125854884,gan_lstm_matched,36,2000-12-01
2003-12-01,0.05738660882666667,0.08099297775655291,0.7085380784388271,0.17606332903525593,0.05554536436932015,-0.10922794125854873,gan_lstm_matched,36,2001-01-01
2004-01-01,0.06446764316,0.07901570028486032,0.8158839689781529,0.20174679227350986,0.0631739424656554,-0.10922794125854896,gan_lstm_matched,36,2001-02-01
2004-02-01,0.04720464916000001,0.07185068470995444,0.6569825931451437,0.14308699945523004,0.045586005414296374,-0.10922794125854896,gan_lstm_matched,36,2001-03-01
2004-03-01,0.03900409366,0.07030483176910805,0.5547853921064128,0.11575555925740774,0.03718530055910253,-0.10922794125854873,gan_lstm_matched,36,2001-04-01
2004-04-01,0.03924021842666667,0.0703027867956137,0.5581602126349126,0.11654410709337619,0.03742958274663657,-0.10922794125854862,gan_lstm_matched,36,2001-05-01
2004-05-01,0.03525224276000001,0.0698937984260032,0.5043686786792919,0.1033971926059691,0.03334170649199862,-0.10922794125854896,gan_lstm_matched,36,2001-06-01
2004-06-01,0.040883476960000005,0.07094221396855097,0.5762926566983636,0.12189941498981412,0.03908555435671837,-0.10922794125854907,gan_lstm_matched,36,2001-07-01
2004-07-01,0.03474004682666667,0.0696983943969755,0.49843396145972313,0.1017505432132108,0.03282741643054519,-0.10922794125854896,gan_lstm_matched,36,2001-08-01
2004-08-01,0.031104542160000005,0.06915299669168253,0.44979312029931373,0.0899504942347656,0.02912688575906283,-0.10922794125854896,gan_lstm_matched,36,2001-09-01
2004-09-01,0.033726856693333335,0.0692759356430867,0.48684808628346626,0.09850861942766725,0.03181338248796078,-0.10922794125854873,gan_lstm_matched,36,2001-10-01
2004-10-01,0.03789226614666667,0.06867192158398824,0.5517868915364929,0.11241646731176212,0.03614961443921277,-0.10922794125854873,gan_lstm_matched,36,2001-11-01
2004-11-01,0.044176465080000005,0.06724099838312793,0.6569870487093293,0.13383937462408435,0.04275875497823421,-0.10922794125854873,gan_lstm_matched,36,2001-12-01
2004-12-01,0.035895522080000006,0.06828728114504712,0.5256545798588073,0.10587944256196179,0.03411600951686479,-0.10922794125854896,gan_lstm_matched,36,2002-01-01
2005-01-01,0.03720954808000001,0.06865345116063262,0.541990933462887,0.11015499723269784,0.03544699658363823,-0.10922794125854896,gan_lstm_matched,36,2002-02-01
2005-02-01,0.030668324913333336,0.06655066722078842,0.46082670834220385,0.08908130347384918,0.02885325086502184,-0.10922794125854896,gan_lstm_matched,36,2002-03-01
2005-03-01,0.02940539878,0.06642796035015153,0.44266598921598416,0.08499861141485379,0.027566003590865196,-0.10922794125854884,gan_lstm_matched,36,2002-04-01
2005-04-01,0.017908932580000005,0.06468660725984093,0.2768568848890351,0.048627696220912314,0.015953368671206933,-0.10922794125854873,gan_lstm_matched,36,2002-05-01
2005-05-01,0.012549616380000003,0.06434231110709153,0.19504453856362705,0.031989822115637785,0.010551547302043161,-0.10922794125854896,gan_lstm_matched,36,2002-06-01
2005-06-01,0.004703235713333335,0.06183749473949443,0.07605799253586946,0.0084524929841798,0.00280959643643012,-0.10922794125854884,gan_lstm_matched,36,2002-07-01
2005-07-01,-0.0031359137899999974,0.06333724810393772,-0.04951136785819773,-0.015259404797929274,-0.005112562011757098,-0.10922794125854907,gan_lstm_matched,36,2002-08-01
2005-08-01,-0.0023522578566666646,0.06342362630197981,-0.03708803790982915,-0.01295671794604665,-0.0043376943690248285,-0.10922794125854873,gan_lstm_matched,36,2002-09-01
2005-09-01,-0.0014405870233333313,0.0633716383514879,-0.02273236199675288,-0.010243466460547466,-0.0034262143582977195,-0.10922794125854896,gan_lstm_matched,36,2002-10-01
2005-10-01,0.002292333176666669,0.063586062739627,0.03605087463983016,0.0008630024121524854,0.0002875847577963465,-0.10922794125854896,gan_lstm_matched,36,2002-11-01
2005-11-01,0.011023668376666669,0.06181361272937155,0.17833722848282293,0.027749534521908217,0.00916558031780342,-0.10922794125854862,gan_lstm_matched,36,2002-12-01
2005-12-01,-0.005218113789999997,0.05585560532435888,-0.09342148849158302,-0.02014454698834222,-0.006760449683561885,-0.10922794125854896,gan_lstm_matched,36,2003-01-01
2006-01-01,-0.005929474956666665,0.05596812746383993,-0.10594377952876123,-0.0222524951497405,-0.007473208099208189,-0.10204806530179533,gan_lstm_matched,36,2003-02-01
2006-02-01,-0.0015107967566666634,0.05586416060511545,-0.02704411451459848,-0.00918405531327996,-0.0030707717581943375,-0.09460834345364699,gan_lstm_matched,36,2003-03-01
2006-03-01,0.0005586193300000032,0.0557804572626942,0.010014606502223963,-0.002999806435652455,-0.0010009370191959843,-0.08974853912181346,gan_lstm_matched,36,2003-04-01
2006-04-01,0.0077771763300000015,0.055008616684901035,0.14138105625431424,0.018947301152443086,0.006276292788055842,-0.07472295124797368,gan_lstm_matched,36,2003-05-01
2006-05-01,0.04125033199666667,0.03466327906710032,1.1900297117539078,0.1295253932697108,0.04143459355712824,-0.023334763999999897,gan_lstm_matched,36,2003-06-01
2006-06-01,0.042924990163333336,0.034680855805970204,1.2377142710516367,0.13519245451110598,0.043173386024366475,-0.023334764000000008,gan_lstm_matched,36,2003-07-01
2006-07-01,0.048306343763333336,0.0351339264857023,1.3749201582405406,0.15354501029039075,0.04876499097357658,-0.023334763999999897,gan_lstm_matched,36,2003-08-01
2006-08-01,0.048973335140000004,0.03508224998212608,1.3959576470993518,0.1558522819077719,0.049463756994347574,-0.023334764000000008,gan_lstm_matched,36,2003-09-01
2006-09-01,0.051125198006666664,0.0352679976476262,1.4496200923419245,0.16328503862232535,0.05170849250292799,-0.023334763999999897,gan_lstm_matched,36,2003-10-01
2006-10-01,0.05227956414,0.0351182933381916,1.4886704099354762,0.16732111738303423,0.05292340786425414,-0.023334764000000008,gan_lstm_matched,36,2003-11-01
2006-11-01,0.04964444467333333,0.03551551918096918,1.3978239884477057,0.15812084370269788,0.05014989355249803,-0.023334763999999897,gan_lstm_matched,36,2003-12-01
2006-12-01,0.048959555673333335,0.03535264232083104,1.3848909857717937,0.15577258975406322,0.049439637433248966,-0.023334764000000008,gan_lstm_matched,36,2004-01-01
2007-01-01,0.04917284410666667,0.035291840149105906,1.3933204927517056,0.1565166080375855,0.049664778261034194,-0.023334764000000008,gan_lstm_matched,36,2004-02-01
2007-02-01,0.04722496450666666,0.03516335997097531,1.3430162687993206,0.14981993488318976,0.04763486847920645,-0.023334764000000008,gan_lstm_matched,36,2004-03-01
2007-03-01,0.04926882067333334,0.03536383452666105,1.3931979190828194,0.1568398255632802,0.049762554188374934,-0.02333476400000012,gan_lstm_matched,36,2004-04-01
2007-04-01,0.05192128223999999,0.035578031013522846,1.4593635668108007,0.16601750638370405,0.05253130958439863,-0.02333476400000012,gan_lstm_matched,36,2004-05-01
2007-05-01,0.05457424340666667,0.03585713522201356,1.5219911760592135,0.17525970777200828,0.055304886394834885,-0.023334764000000008,gan_lstm_matched,36,2004-06-01
2007-06-01,0.04693418740666666,0.03390251480596515,1.38438660598737,0.14896327888862246,0.047374628988479835,-0.023334764000000008,gan_lstm_matched,36,2004-07-01
2007-07-01,0.048298510706666666,0.03414405185308255,1.414551234706675,0.15362965758888478,0.04879064318800945,-0.023334764000000008,gan_lstm_matched,36,2004-08-01
2007-08-01,0.04736963604,0.034087013559021224,1.3896681197365703,0.1504385910378258,0.047822726749808524,-0.02333476400000012,gan_lstm_matched,36,2004-09-01
2007-09-01,0.04266547510666667,0.03423123347629135,1.2463902341181157,0.13436044396966673,0.04291846790324608,-0.023334764000000008,gan_lstm_matched,36,2004-10-01
2007-10-01,0.04415138652,0.034147185090941466,1.2929729464497628,0.13941960865727598,0.04446661535651679,-0.02333476400000012,gan_lstm_matched,36,2004-11-01
2007-11-01,0.04308191858666667,0.03438592979280603,1.252893809946647,0.13575583693819218,0.04334592897213079,-0.023334764000000008,gan_lstm_matched,36,2004-12-01
2007-12-01,0.05134252192,0.032097645119708286,1.5995728574017773,0.16440060283483393,0.052044573365131144,-0.023334763999999897,gan_lstm_matched,36,2005-01-01
2008-01-01,0.04030739758666667,0.03094692081445065,1.3024687602472278,0.12674023654358685,0.04057790752650342,-0.023334764000000008,gan_lstm_matched,36,2005-02-01
2008-02-01,0.03952801975333334,0.030695956485312138,1.287727253986931,0.12414251109394757,0.039777600093807576,-0.023334764000000008,gan_lstm_matched,36,2005-03-01
2008-03-01,0.04289953422,0.03164300141074517,1.355735306620831,0.13543490166590386,0.04324764550793139,-0.023334764000000008,gan_lstm_matched,36,2005-04-01
2008-04-01,0.04688817352,0.03120203631594887,1.5027279965068556,0.14909819971619706,0.04741562453153792,-0.023334764000000008,gan_lstm_matched,36,2005-05-01
2008-05-01,0.04802166999666667,0.031014842938463603,1.5483447745308987,0.15301643361116365,0.04860477835232271,-0.023334764000000008,gan_lstm_matched,36,2005-06-01
2008-06-01,0.04365671353,0.0312796634447027,1.3956900018178868,0.13804553820498414,0.044046592156434396,-0.023334764000000008,gan_lstm_matched,36,2005-07-01
2008-07-01,0.058625714196666665,0.028636446703315777,2.0472412238868474,0.190372795668935,0.059809149118125834,-0.013235995207041884,gan_lstm_matched,36,2005-08-01
2008-08-01,0.05799156796333334,0.028592485188298156,2.0282101251928646,0.18812557527053958,0.059141816155728846,-0.013235995207041884,gan_lstm_matched,36,2005-09-01
2008-09-01,0.06488183896333335,0.029304983104894402,2.2140206916719576,0.2127418459771478,0.06640651035366164,-0.013235995207042106,gan_lstm_matched,36,2005-10-01
2008-10-01,0.05397316396333333,0.03363196417144652,1.604817479234723,0.1734146458112833,0.05475234959224604,-0.023546124,gan_lstm_matched,36,2005-11-01
2008-11-01,0.04921219526333333,0.03508061667140132,1.4028315329887704,0.1566762562878314,0.04971307543022529,-0.03624539732545262,gan_lstm_matched,36,2005-12-01
2008-12-01,0.060398972763333336,0.0379406743915131,1.5919319762234878,0.19561688638661967,0.06136317036643127,-0.03624539732545262,gan_lstm_matched,36,2006-01-01
2009-01-01,0.05527443343000001,0.04096493884539365,1.3493107761886824,0.17704782602357863,0.0558398188630969,-0.03624539732545273,gan_lstm_matched,36,2006-02-01
2009-02-01,0.05909130389666667,0.04153587865963557,1.422656888539387,0.19045816984881123,0.0598344852073037,-0.03624539732545262,gan_lstm_matched,36,2006-03-01
2009-03-01,0.05931336384333334,0.04151535606322058,1.4287090240297957,0.19125054029073646,0.06006957544109413,-0.03624539732545262,gan_lstm_matched,36,2006-04-01
2009-04-01,0.05040816184333334,0.04418994907490206,1.1407155450188773,0.15959701645882723,0.05059588744955493,-0.036245397325452844,gan_lstm_matched,36,2006-05-01
2009-05-01,0.036179859843333335,0.04392171053861228,0.8237352188623672,0.11134265197310181,0.035816108783677,-0.052090115750112465,gan_lstm_matched,36,2006-06-01
2009-06-01,0.03429057221000001,0.04389502812295192,0.7811949023919198,0.10508360367741669,0.03386788505335069,-0.052090115750112465,gan_lstm_matched,36,2006-07-01
2009-07-01,0.025229455876666668,0.04417884450022667,0.5710755037184646,0.07547981335990132,0.02455219411290228,-0.06323398692757864,gan_lstm_matched,36,2006-08-01
2009-08-01,0.013175541043333336,0.0487857796630048,0.2700692934364356,0.03668206234241168,0.012080820181221334,-0.09485213494550493,gan_lstm_matched,36,2006-09-01
2009-09-01,0.0017150543766666683,0.050556339746000496,0.03392362630054415,0.0014045600817995541,0.00046796766603606686,-0.1166036862663139,gan_lstm_matched,36,2006-10-01
2009-10-01,0.003689325276666668,0.05073032546206146,0.07272425798698492,0.007326200367301212,0.002436127253862265,-0.11660368626631423,gan_lstm_matched,36,2006-11-01
2009-11-01,0.003842601143333335,0.05071489129154056,0.07576869525843379,0.007791669053350481,0.0025905064991367794,-0.11660368626631423,gan_lstm_matched,36,2006-12-01
2009-12-01,0.006851117476666668,0.05164247423024377,0.13266439261065452,0.01678613987429097,0.005564360423071695,-0.11660368626631401,gan_lstm_matched,36,2007-01-01
2010-01-01,0.007297834576666668,0.05159529416664592,0.1414438020858188,0.018156158983719094,0.006015790687020864,-0.1166036862663139,gan_lstm_matched,36,2007-02-01
2010-02-01,0.008471349076666667,0.0516994583516394,0.16385759825659832,0.021728640680681727,0.0071910451442695825,-0.11660368626631401,gan_lstm_matched,36,2007-03-01
2010-03-01,0.0031556464100000016,0.051488450014232634,0.06128843282576393,0.005603517675232198,0.0018643612222349361,-0.1166036862663139,gan_lstm_matched,36,2007-04-01
2010-04-01,-0.007574171256666665,0.05253472652197909,-0.14417456334331233,-0.02641475545045359,-0.00888360319596065,-0.11747528740147661,gan_lstm_matched,36,2007-05-01
2010-05-01,-0.009806494489999998,0.05212025193796952,-0.1881513255475264,-0.032857067393274764,-0.011074548677848952,-0.1174752874014765,gan_lstm_matched,36,2007-06-01
2010-06-01,-0.01183191032333333,0.05214787900612288,-0.22689149681320883,-0.03872518685987693,-0.013078702360680663,-0.1174752874014765,gan_lstm_matched,36,2007-07-01
2010-07-01,-0.00803116382333333,0.05350943797651485,-0.1500887343809925,-0.0278930848786509,-0.009385507120747994,-0.11747528740147695,gan_lstm_matched,36,2007-08-01
2010-08-01,-0.010155057589999999,0.053419484757057795,-0.1901002534221993,-0.03405849717899569,-0.011484214706838818,-0.11747528740147628,gan_lstm_matched,36,2007-09-01
2010-09-01,-0.004684195323333332,0.05389160021770402,-0.08691883901036063,-0.018136066759819016,-0.006082274648822338,-0.11747528740147695,gan_lstm_matched,36,2007-10-01
2010-10-01,-0.004210973389999999,0.05393716086973103,-0.07807183993555643,-0.016747654684402508,-0.005614009687124135,-0.1174752874014765,gan_lstm_matched,36,2007-11-01
2010-11-01,-0.000346365723333332,0.05397990663560909,-0.006416567662324259,-0.005286033164264025,-0.0017651248874431579,-0.11747528740147661,gan_lstm_matched,36,2007-12-01
2010-12-01,0.00042375961000000115,0.05410485697650788,0.007832191667820062,-0.003004689498396382,-0.0010025679727642335,-0.11747528740147639,gan_lstm_matched,36,2008-01-01
2011-01-01,0.003735659176666669,0.05380536262950023,0.06942912368029452,0.006996548894041997,0.002326764930730615,-0.11747528740147617,gan_lstm_matched,36,2008-02-01
2011-02-01,-0.0017913581566666645,0.05344121082280776,-0.03352016410343278,-0.009505681136829635,-0.003178653511556205,-0.11747528740147639,gan_lstm_matched,36,2008-03-01
2011-03-01,-0.0036253688233333315,0.052927665668204546,-0.06849666951231544,-0.014864295078668937,-0.00497951948376401,-0.11747528740147684,gan_lstm_matched,36,2008-04-01
2011-04-01,-0.0027894332566666654,0.05305532672144537,-0.05257593212670114,-0.012409345949463527,-0.004153677801242293,-0.11747528740147672,gan_lstm_matched,36,2008-05-01
2011-05-01,-0.0013523628666666648,0.05313851455936496,-0.025449767986190884,-0.008154442615143996,-0.0027255695184083867,-0.11747528740147661,gan_lstm_matched,36,2008-06-01
2011-06-01,0.0021706869333333353,0.053185259383141115,0.040813694593382174,0.002376592324106577,0.000791570691880063,-0.11747528740147672,gan_lstm_matched,36,2008-07-01
2011-07-01,-0.004593594366666665,0.0516553553104488,-0.08892774696948946,-0.01753494301368813,-0.005879481560077166,-0.11747528740147639,gan_lstm_matched,36,2008-08-01
2011-08-01,-0.006064749199999999,0.05153588059518684,-0.11768013139502677,-0.0218458574454912,-0.00733563240413113,-0.11747528740147672,gan_lstm_matched,36,2008-09-01
2011-09-01,-0.004322696866666663,0.05227502071201646,-0.0826914424478268,-0.016826061208361498,-0.005640441837471963,-0.1174752874014765,gan_lstm_matched,36,2008-10-01
2011-10-01,0.018959241800000002,0.05699431538762185,0.3326514525362228,0.0535004413665907,0.017524575706615506,-0.11132064804800568,gan_lstm_matched,36,2008-11-01
2011-11-01,0.029258611966666674,0.05707501501483925,0.5126343279815092,0.08648053713368353,0.028033618238022823,-0.11132064804800579,gan_lstm_matched,36,2008-12-01
2011-12-01,0.022238229300000006,0.05478383011768959,0.40592688120247583,0.0642735996319305,0.020981241961312475,-0.11132064804800579,gan_lstm_matched,36,2009-01-01
2012-01-01,0.03418659096666667,0.052508512395740836,0.6510675966024829,0.10342097377900579,0.033349130201716544,-0.10423190640391267,gan_lstm_matched,36,2009-02-01
2012-02-01,0.03048458696666667,0.05190739294002336,0.587287961117412,0.09136516169732256,0.029571934383897592,-0.10423190640391289,gan_lstm_matched,36,2009-03-01
2012-03-01,0.0324590684,0.05198068281056498,0.6244448253650633,0.09781989147002962,0.03159769997736068,-0.10423190640391267,gan_lstm_matched,36,2009-04-01
2012-04-01,0.041163473400000004,0.04999473107799107,0.8233562319954391,0.1271113761958645,0.040692147796576865,-0.08473778218988592,gan_lstm_matched,36,2009-05-01
2012-05-01,0.041103983066666676,0.050019747061099774,0.8217551163634957,0.12690675586673625,0.040629166840123375,-0.06963437795538885,gan_lstm_matched,36,2009-06-01
2012-06-01,0.04461181803333334,0.050192242752669584,0.8888189805178721,0.13875740720976187,0.04426423707789867,-0.06963437795538874,gan_lstm_matched,36,2009-07-01
2012-07-01,0.05049855303333334,0.04926866685233529,1.0249628467659613,0.15912168679179886,0.05045231813617987,-0.05790272033460786,gan_lstm_matched,36,2009-08-01
2012-08-01,0.05867122436666668,0.04460460919981289,1.3153623676835797,0.1885337786977136,0.05926309845790958,-0.02659099837651069,gan_lstm_matched,36,2009-09-01
2012-09-01,0.06644074862333334,0.04133322415350608,1.607441712666335,0.21691892646584393,0.06762945855497687,-0.026590998376510577,gan_lstm_matched,36,2009-10-01
2012-10-01,0.06704860829,0.04137669561224289,1.6204437618300547,0.21912149850282772,0.068273191795567,-0.02659099837651069,gan_lstm_matched,36,2009-11-01
2012-11-01,0.07149913429,0.0409855303562597,1.7444969887788697,0.23547099029551713,0.07302749601021483,-0.0265909983765108,gan_lstm_matched,36,2009-12-01
2012-12-01,0.06364393462333334,0.04041267099741806,1.574850982440619,0.20693562694565218,0.06470191631112981,-0.02659099837651069,gan_lstm_matched,36,2010-01-01
2013-01-01,0.06441382419000001,0.04025124659780231,1.6002938948359664,0.20973455797186197,0.06552430940982837,-0.02659099837651069,gan_lstm_matched,36,2010-02-01
2013-02-01,0.06561155229000001,0.040350692770554475,1.6260328580499464,0.21405167986056456,0.06679029986486253,-0.02659099837651069,gan_lstm_matched,36,2010-03-01
2013-03-01,0.06981117995666668,0.03982907012066929,1.7527695159631198,0.22943193478828083,0.07127629889524419,-0.021209659000000047,gan_lstm_matched,36,2010-04-01
2013-04-01,0.07646994089,0.036730806408175776,2.0819020426673465,0.2545236004738966,0.07851522089152706,-0.017105600000000165,gan_lstm_matched,36,2010-05-01
2013-05-01,0.07466232048933334,0.036914374183340266,2.022581234034004,0.24775685130917424,0.07657259687716489,-0.017105600000000054,gan_lstm_matched,36,2010-06-01
2013-06-01,0.07738857802266666,0.03638821033940405,2.126748672189139,0.25800945156551885,0.07951322701461344,-0.017105599999999943,gan_lstm_matched,36,2010-07-01
2013-07-01,0.06701264468933334,0.035888459545239206,1.867247731958529,0.21974100087180493,0.06845411051638955,-0.017105599999999943,gan_lstm_matched,36,2010-08-01
2013-08-01,0.06598641195600001,0.03614703352748463,1.8255000622893938,0.21597923299577396,0.06735458328003029,-0.017105599999999943,gan_lstm_matched,36,2010-09-01
2013-09-01,0.06409458995600001,0.03594016332105994,1.7833694683975556,0.2091604212496272,0.06535571775879138,-0.017105600000000054,gan_lstm_matched,36,2010-10-01
2013-10-01,0.06658380098933334,0.03620099365664164,1.8392810324729163,0.2181416170836557,0.0679869032313572,-0.017105600000000165,gan_lstm_matched,36,2010-11-01
2013-11-01,0.06441001734933334,0.036357010020990045,1.7715983055852889,0.21024653711980482,0.06567460389221264,-0.017105600000000054,gan_lstm_matched,36,2010-12-01
2013-12-01,0.05988594568266668,0.03664792589732839,1.634088266016504,0.19397833676129536,0.06087809544917931,-0.017105600000000054,gan_lstm_matched,36,2011-01-01
2014-01-01,0.055279083782666674,0.03808237520706305,1.4515660717615688,0.17748341425367753,0.05597004712473182,-0.017588316290134576,gan_lstm_matched,36,2011-02-01
2014-02-01,0.05461711591600001,0.03826691671006543,1.4272672222278613,0.17513382726801602,0.05526720761534952,-0.024229954293416456,gan_lstm_matched,36,2011-03-01
2014-03-01,0.051966430416,0.03804649148254691,1.365866559334087,0.1658953566255254,0.05249455458030516,-0.024229954293416234,gan_lstm_matched,36,2011-04-01
2014-04-01,0.04965892208266667,0.03797413122741794,1.307703967874112,0.1578952537270155,0.05008170300801762,-0.024229954293416456,gan_lstm_matched,36,2011-05-01
2014-05-01,0.05046578774933334,0.0380180278684798,1.3274172959185448,0.1606841869393902,0.05092411069128434,-0.024229954293416456,gan_lstm_matched,36,2011-06-01
2014-06-01,0.04836199109266667,0.03809019237205951,1.269670434327916,0.1534023796151821,0.04872176416025988,-0.024229954293416345,gan_lstm_matched,36,2011-07-01
2014-07-01,0.04927860295933334,0.038055176090188964,1.2949251067067822,0.15656999391272933,0.04968092917784297,-0.024229954293416345,gan_lstm_matched,36,2011-08-01
2014-08-01,0.045831007559333344,0.03876708518776523,1.1822144310658016,0.14462483492754427,0.04605468327671,-0.024229954293416456,gan_lstm_matched,36,2011-09-01
2014-09-01,0.043422307226000004,0.037713651522509065,1.1513684162904188,0.1365442933300127,0.043587307870788426,-0.024229954293416234,gan_lstm_matched,36,2011-10-01
2014-10-01,0.03611924689266667,0.030677446237263154,1.1773876682340492,0.11274541923354171,0.03625173740772204,-0.024229954293416567,gan_lstm_matched,36,2011-11-01
2014-11-01,0.03274999265933334,0.029529798239244127,1.1090489814390154,0.10169575981492783,0.03281029739093743,-0.024229954293416345,gan_lstm_matched,36,2011-12-01
2014-12-01,0.03036071432600001,0.029266658750065906,1.0373823190845672,0.0938722250167983,0.030359702506628852,-0.024229954293416345,gan_lstm_matched,36,2012-01-01
2015-01-01,0.027707093226000002,0.028896720731922218,0.9588317471398047,0.08525319191035659,0.02764636553851692,-0.024229954293416567,gan_lstm_matched,36,2012-02-01
2015-02-01,0.026454787926000006,0.028841023472053043,0.9172624526183927,0.08119781905010211,0.026364731895102397,-0.024229954293416123,gan_lstm_matched,36,2012-03-01
2015-03-01,0.029656862792666668,0.02995288745788863,0.990116990702878,0.0915071518196808,0.029616582655817295,-0.024229954293416123,gan_lstm_matched,36,2012-04-01
2015-04-01,0.02299249879266667,0.031595840854887515,0.7277065009368152,0.06978910534570001,0.022741919542456013,-0.024229954293416345,gan_lstm_matched,36,2012-05-01
2015-05-01,0.03637422579266667,0.03181004404189238,1.1434824090392162,0.11348339973371484,0.03648076990268119,-0.024229954293416234,gan_lstm_matched,36,2012-06-01
2015-06-01,0.03727041195933333,0.03208428293942409,1.1616407955789685,0.11644382318521358,0.037398522439733184,-0.024229954293416345,gan_lstm_matched,36,2012-07-01
2015-07-01,0.03803438729266667,0.03216294651677451,1.1825529502662302,0.11898937385092838,0.03818636504209002,-0.024229954293416345,gan_lstm_matched,36,2012-08-01
2015-08-01,0.04053730929266667,0.03145445258650254,1.2887621929259603,0.12746991624161358,0.040802485976192876,-0.024229954293416234,gan_lstm_matched,36,2012-09-01
2015-09-01,0.046906154702666666,0.0325168617756181,1.442517885838479,0.14902753349610773,0.047394153079578595,-0.024229954293416234,gan_lstm_matched,36,2012-10-01
2015-10-01,0.048170082869333344,0.03280677139193362,1.468296965094748,0.15334404230583046,0.04870408295361233,-0.024229954293416345,gan_lstm_matched,36,2012-11-01
2015-11-01,0.04804042886933333,0.032787553053423193,1.4652032370655257,0.15289940575632555,0.04856930036137276,-0.024229954293416456,gan_lstm_matched,36,2012-12-01
2015-12-01,0.054088934202666666,0.03308057127257025,1.6350665094927224,0.17388791313761875,0.05489413315548582,-0.024229954293416345,gan_lstm_matched,36,2013-01-01
2016-01-01,0.05770522860266668,0.032971925367625304,1.7501322097291494,0.1866453693030251,0.05870179545672233,-0.024229954293416345,gan_lstm_matched,36,2013-02-01
2016-02-01,0.055677313802666675,0.032800587187193427,1.6974486915406553,0.17950090696373427,0.05657280049360606,-0.024229954293416345,gan_lstm_matched,36,2013-03-01
2016-03-01,0.05247882966933333,0.0330208365476899,1.5892640876478548,0.16826286276534874,0.05320648313390952,-0.024229954293416345,gan_lstm_matched,36,2013-04-01
2016-04-01,0.037662249736,0.04381617626699293,0.8595512649599062,0.11626975543628217,0.03734460510942985,-0.04806367702656855,gan_lstm_matched,36,2013-05-01
2016-05-01,0.04572763987,0.04541045491570886,1.0069848442364184,0.1432805536399614,0.0456450169988423,-0.04806367702656866,gan_lstm_matched,36,2013-06-01
2016-06-01,0.04389416103666667,0.04553225382964976,0.9640234634746677,0.13701424243932578,0.04373112550814774,-0.04806367702656866,gan_lstm_matched,36,2013-07-01
2016-07-01,0.04530797827000001,0.045229400633532695,1.001737313237997,0.14187501455275664,0.045216339008290536,-0.048063677026568774,gan_lstm_matched,36,2013-08-01
2016-08-01,0.046635479336666674,0.045027876610781246,1.0357023880957448,0.14644456442276307,0.04660873051924063,-0.04806367702656866,gan_lstm_matched,36,2013-09-01
2016-09-01,0.04352933480333333,0.04516969536204865,0.963684489222977,0.13582958331508976,0.04336851050310429,-0.04806367702656866,gan_lstm_matched,36,2013-10-01
2016-10-01,0.046283978303333334,0.0459928928285399,1.0063289229463905,0.14509688381003988,0.04619846286993769,-0.04806367702656866,gan_lstm_matched,36,2013-11-01
2016-11-01,0.05046989877666667,0.046171662809205365,1.0930925096898252,0.15948154291986114,0.05056101325028242,-0.04806367702656866,gan_lstm_matched,36,2013-12-01
2016-12-01,0.05417490477666667,0.045948948603294716,1.1790238171582912,0.1724195190251086,0.054454100611201706,-0.04806367702656866,gan_lstm_matched,36,2014-01-01
1992-01-01,,,,,,,gan_lstm_matched,60,
1992-02-01,,,,,,,gan_lstm_matched,60,
1992-03-01,,,,,,,gan_lstm_matched,60,
1992-04-01,,,,,,,gan_lstm_matched,60,
1992-05-01,,,,,,,gan_lstm_matched,60,
1992-06-01,,,,,,,gan_lstm_matched,60,
1992-07-01,,,,,,,gan_lstm_matched,60,
1992-08-01,,,,,,,gan_lstm_matched,60,
1992-09-01,,,,,,,gan_lstm_matched,60,
1992-10-01,,,,,,,gan_lstm_matched,60,
1992-11-01,,,,,,,gan_lstm_matched,60,
1992-12-01,,,,,,,gan_lstm_matched,60,
1993-01-01,,,,,,,gan_lstm_matched,60,
1993-02-01,,,,,,,gan_lstm_matched,60,
1993-03-01,,,,,,,gan_lstm_matched,60,
1993-04-01,,,,,,,gan_lstm_matched,60,
1993-05-01,,,,,,,gan_lstm_matched,60,
1993-06-01,,,,,,,gan_lstm_matched,60,
1993-07-01,,,,,,,gan_lstm_matched,60,
1993-08-01,,,,,,,gan_lstm_matched,60,
1993-09-01,,,,,,,gan_lstm_matched,60,
1993-10-01,,,,,,,gan_lstm_matched,60,
1993-11-01,,,,,,,gan_lstm_matched,60,
1993-12-01,,,,,,,gan_lstm_matched,60,
1994-01-01,,,,,,,gan_lstm_matched,60,
1994-02-01,,,,,,,gan_lstm_matched,60,
1994-03-01,,,,,,,gan_lstm_matched,60,
1994-04-01,,,,,,,gan_lstm_matched,60,
1994-05-01,,,,,,,gan_lstm_matched,60,
1994-06-01,,,,,,,gan_lstm_matched,60,
1994-07-01,,,,,,,gan_lstm_matched,60,
1994-08-01,,,,,,,gan_lstm_matched,60,
1994-09-01,,,,,,,gan_lstm_matched,60,
1994-10-01,,,,,,,gan_lstm_matched,60,
1994-11-01,,,,,,,gan_lstm_matched,60,
1994-12-01,,,,,,,gan_lstm_matched,60,
1995-01-01,,,,,,,gan_lstm_matched,60,
1995-02-01,,,,,,,gan_lstm_matched,60,
1995-03-01,,,,,,,gan_lstm_matched,60,
1995-04-01,,,,,,,gan_lstm_matched,60,
1995-05-01,,,,,,,gan_lstm_matched,60,
1995-06-01,,,,,,,gan_lstm_matched,60,
1995-07-01,,,,,,,gan_lstm_matched,60,
1995-08-01,,,,,,,gan_lstm_matched,60,
1995-09-01,,,,,,,gan_lstm_matched,60,
1995-10-01,,,,,,,gan_lstm_matched,60,
1995-11-01,,,,,,,gan_lstm_matched,60,
1995-12-01,,,,,,,gan_lstm_matched,60,
1996-01-01,,,,,,,gan_lstm_matched,60,
1996-02-01,,,,,,,gan_lstm_matched,60,
1996-03-01,,,,,,,gan_lstm_matched,60,
1996-04-01,,,,,,,gan_lstm_matched,60,
1996-05-01,,,,,,,gan_lstm_matched,60,
1996-06-01,,,,,,,gan_lstm_matched,60,
1996-07-01,,,,,,,gan_lstm_matched,60,
1996-08-01,,,,,,,gan_lstm_matched,60,
1996-09-01,,,,,,,gan_lstm_matched,60,
1996-10-01,,,,,,,gan_lstm_matched,60,
1996-11-01,,,,,,,gan_lstm_matched,60,
1996-12-01,0.07795676308499999,0.025800415523316963,3.0215313010965676,0.47242327447352755,0.08045462962118678,-0.013859286077360977,gan_lstm_matched,60,1992-01-01
1997-01-01,0.077137595325,0.025954390029305687,2.9720442375221374,0.46641486075766064,0.07957139980149952,-0.013859286077360866,gan_lstm_matched,60,1992-02-01
1997-02-01,0.08061162009100001,0.02630157165310466,3.0648974576195913,0.4918750728718398,0.08329438356117756,-0.013859286077360866,gan_lstm_matched,60,1992-03-01
1997-03-01,0.08369096669099998,0.0275731026452109,3.035239369608485,0.5146157305255613,0.08657696169348311,-0.013859286077360977,gan_lstm_matched,60,1992-04-01
1997-04-01,0.083206757091,0.02752576617745211,3.022867975938824,0.5109879996097819,0.08605595947735117,-0.013859286077361088,gan_lstm_matched,60,1992-05-01
1997-05-01,0.083253231971,0.027519239521122923,3.025273714671416,0.5113380577256984,0.08610627721335187,-0.013859286077360977,gan_lstm_matched,60,1992-06-01
1997-06-01,0.086413171531,0.027417275987430132,3.1517781551536133,0.5352574525664924,0.08952259897120195,-0.013859286077360866,gan_lstm_matched,60,1992-07-01
1997-07-01,0.086799405331,0.027499213141988842,3.1564323270932086,0.5381871969387019,0.08993811090221485,-0.013859286077360977,gan_lstm_matched,60,1992-08-01
1997-08-01,0.08346079313100001,0.0277759538351982,3.004785852762937,0.5128443650416722,0.08632268915203802,-0.013859286077360866,gan_lstm_matched,60,1992-09-01
1997-09-01,0.082682210731,0.027770767874916415,2.977310930090688,0.507007821555596,0.08548318749360992,-0.013859286077360977,gan_lstm_matched,60,1992-10-01
1997-10-01,0.084670101491,0.027722635862930507,3.054186546677444,0.5219665716109693,0.08762961071668537,-0.013859286077360977,gan_lstm_matched,60,1992-11-01
1997-11-01,0.087286133091,0.028894830989911593,3.020821721417068,0.541616757276369,0.0904237057963501,-0.013859286077361088,gan_lstm_matched,60,1992-12-01
1997-12-01,0.08705231529100001,0.028806434457885898,3.021974670911381,0.5398473354185874,0.09017327961840069,-0.013859286077360866,gan_lstm_matched,60,1993-01-01
1998-01-01,0.084326541191,0.029052268799703584,2.902580234692733,0.5190972902503457,0.08721921124806824,-0.013859286077360977,gan_lstm_matched,60,1993-02-01
1998-02-01,0.08391306819099999,0.028947334451990422,2.898818484657751,0.5160040291693475,0.08677608025816418,-0.013859286077360977,gan_lstm_matched,60,1993-03-01
1998-03-01,0.08333170659099999,0.028772445455589487,2.8962330198739337,0.5116707842892421,0.08615409505109962,-0.013859286077360866,gan_lstm_matched,60,1993-04-01
1998-04-01,0.083438214751,0.028762680286739718,2.900919313471179,0.5124725323982188,0.08626928379664955,-0.013859286077360866,gan_lstm_matched,60,1993-05-01
1998-05-01,0.08694200362099999,0.029069399062261882,2.9908428252948913,0.5389475120174148,0.09004583934818014,-0.013859286077360866,gan_lstm_matched,60,1993-06-01
1998-06-01,0.087390793261,0.029059164591356126,3.007340179593293,0.5423819748365725,0.09053193577520557,-0.013859286077360866,gan_lstm_matched,60,1993-07-01
1998-07-01,0.085701199641,0.02929290838772033,2.9256637308477766,0.529448556447936,0.08869687114383422,-0.013859286077360977,gan_lstm_matched,60,1993-08-01
1998-08-01,0.08963442784100001,0.028265861401729007,3.1711196261479264,0.5598281840618718,0.09298789636030792,-0.013859286077360866,gan_lstm_matched,60,1993-09-01
1998-09-01,0.088302774441,0.028596146522462267,3.0879256536064457,0.5494818415123169,0.09153407589664544,-0.013859286077360977,gan_lstm_matched,60,1993-10-01
1998-10-01,0.08933555038100001,0.02837002252084837,3.148941821084199,0.5574936966031494,0.09266054038131374,-0.013859286077360866,gan_lstm_matched,60,1993-11-01
1998-11-01,0.092341305441,0.02859763967743692,3.2289834574654006,0.580850083530732,0.09591819482399373,-0.013859286077360755,gan_lstm_matched,60,1993-12-01
1998-12-01,0.089988797641,0.028122601854217208,3.199874538902433,0.5626039494944431,0.09337662132382005,-0.013859286077360866,gan_lstm_matched,60,1994-01-01
1999-01-01,0.08617829116100001,0.02958941457854452,2.9124703002231223,0.5330083003245283,0.08920318160574095,-0.013859286077360866,gan_lstm_matched,60,1994-02-01
1999-02-01,0.08922239816100001,0.029460048648438618,3.0285896410333586,0.5563773949906471,0.09250386705861192,-0.013859286077360866,gan_lstm_matched,60,1994-03-01
1999-03-01,0.086412271961,0.030618573860890536,2.8222174015549237,0.5345565653346411,0.08942310139663526,-0.013859286077360977,gan_lstm_matched,60,1994-04-01
1999-04-01,0.081528450961,0.03115601621208888,2.6167803484890357,0.4976692742039656,0.08413454736120844,-0.02033775779497471,gan_lstm_matched,60,1994-05-01
1999-05-01,0.081139284041,0.031204814755473063,2.6002168151557075,0.49476639649373827,0.08371395345846697,-0.02033775779497482,gan_lstm_matched,60,1994-06-01
1999-06-01,0.08027148254100001,0.031073718104290497,2.5832596624449824,0.4883671165244964,0.08278445766214698,-0.02033775779497482,gan_lstm_matched,60,1994-07-01
1999-07-01,0.079952934601,0.031087479518022345,2.57186931332432,0.48601102993872813,0.08244143061960885,-0.02033775779497471,gan_lstm_matched,60,1994-08-01
1999-08-01,0.079431024401,0.03116643281414458,2.5486081411585544,0.48214602258613715,0.08187777350658189,-0.02033775779497482,gan_lstm_matched,60,1994-09-01
1999-09-01,0.078144864168,0.031577815918737415,2.4746760310813944,0.4726138146760919,0.08048259160631288,-0.02033775779497482,gan_lstm_matched,60,1994-10-01
1999-10-01,0.077661762048,0.03156003739165596,2.4607626754121874,0.4690878770757873,0.0799646868972021,-0.02033775779497482,gan_lstm_matched,60,1994-11-01
1999-11-01,0.070584043048,0.03634615719219596,1.941994656402229,0.41716610737339793,0.07222061141244818,-0.038265004296205385,gan_lstm_matched,60,1994-12-01
1999-12-01,0.062791217448,0.038719392559272155,1.6216994456170348,0.362699088837428,0.06384900837320528,-0.06246661152417321,gan_lstm_matched,60,1995-01-01
2000-01-01,0.05599098429999999,0.04250132660006585,1.3173938034186734,0.3163537234459691,0.05651221177998941,-0.09458674917203602,gan_lstm_matched,60,1995-02-01
2000-02-01,0.040479139,0.054984534700916146,0.7361913530810608,0.2146880810696612,0.03966387529977635,-0.1609827762515953,gan_lstm_matched,60,1995-03-01
2000-03-01,0.047535639680000005,0.05672184766687139,0.838048153141587,0.2575647010136827,0.04690209213765314,-0.16098277625159496,gan_lstm_matched,60,1995-04-01
2000-04-01,0.05275163688000001,0.058446502020706115,0.902562772042567,0.29004170371958,0.05225439903988484,-0.16098277625159507,gan_lstm_matched,60,1995-05-01
2000-05-01,0.055824468780000004,0.058530494254857894,0.9537672539877228,0.30989359544649553,0.0554731837868599,-0.16098277625159485,gan_lstm_matched,60,1995-06-01
2000-06-01,0.06006615728,0.05804819275344326,1.0347636064248877,0.3380201519048346,0.059967454723298806,-0.16098277625159507,gan_lstm_matched,60,1995-07-01
2000-07-01,0.06483069274000001,0.05868903690279849,1.1046474122138585,0.3698631299190472,0.06496524618215702,-0.16098277625159485,gan_lstm_matched,60,1995-08-01
2000-08-01,0.06394738134,0.05874824280699277,1.088498621994331,0.36383537739798016,0.06402636762630498,-0.16098277625159496,gan_lstm_matched,60,1995-09-01
2000-09-01,0.06732410914,0.05900780917667191,1.1409355825841412,0.38682789170849863,0.06759004022762144,-0.16098277625159474,gan_lstm_matched,60,1995-10-01
2000-10-01,0.06708589894,0.05899883888780849,1.1370715119931387,0.3851898371703625,0.0673377237675392,-0.1609827762515954,gan_lstm_matched,60,1995-11-01
2000-11-01,0.06994136313999999,0.05972582854092486,1.171040483633899,0.40470450962089866,0.07032826746478735,-0.16098277625159496,gan_lstm_matched,60,1995-12-01
2000-12-01,0.07147933554,0.06000750765382818,1.1911732103981152,0.41536966573681017,0.0719486377662565,-0.16098277625159496,gan_lstm_matched,60,1996-01-01
2001-01-01,0.06613835850000001,0.06176009504961257,1.0708914623086367,0.37755124402213736,0.06615795737764633,-0.16098277625159507,gan_lstm_matched,60,1996-02-01
2001-02-01,0.07784420816,0.06653363039383166,1.1699979048072044,0.45798065476185973,0.07832668407784475,-0.16098277625159485,gan_lstm_matched,60,1996-03-01
2001-03-01,0.08328134531999999,0.06724559384901037,1.2384654600120781,0.49754826547431,0.08411702760744619,-0.16098277625159474,gan_lstm_matched,60,1996-04-01
2001-04-01,0.08323704492,0.06724861759173521,1.2377510185462868,0.49721739447407437,0.08406911802099022,-0.16098277625159496,gan_lstm_matched,60,1996-05-01
2001-05-01,0.08581753087999999,0.06734921797740549,1.27421718406278,0.5164740421943738,0.08684345944303692,-0.16098277625159496,gan_lstm_matched,60,1996-06-01
2001-06-01,0.08334596175999999,0.06710237772392223,1.2420716610506464,0.49809807578086956,0.08419662052788084,-0.16098277625159518,gan_lstm_matched,60,1996-07-01
2001-07-01,0.08442349156000001,0.06737167234076806,1.2531007265632845,0.5060046845563824,0.08533863902156061,-0.16098277625159485,gan_lstm_matched,60,1996-08-01
2001-08-01,0.08634912975999999,0.06755724281401408,1.2781624317872209,0.5203798007434962,0.08740272805251796,-0.1609827762515953,gan_lstm_matched,60,1996-09-01
2001-09-01,0.08610483376,0.06757434890408302,1.274223653744998,0.5185285078419132,0.08713778344199127,-0.16098277625159496,gan_lstm_matched,60,1996-10-01
2001-10-01,0.07861989196000001,0.0677025333233938,1.1612548024526261,0.4630536504854922,0.07907604229994904,-0.16098277625159496,gan_lstm_matched,60,1996-11-01
2001-11-01,0.07395776554000001,0.06879684556108985,1.0750168112624785,0.42902584406321,0.07400923724940099,-0.16098277625159507,gan_lstm_matched,60,1996-12-01
2001-12-01,0.07169653794000001,0.06856187119701686,1.045720262417802,0.4131662861473219,0.07161467810256934,-0.16098277625159518,gan_lstm_matched,60,1997-01-01
2002-01-01,0.07569528989999999,0.06876837638556273,1.100728181738656,0.44143121249803785,0.07586748990860095,-0.16098277625159563,gan_lstm_matched,60,1997-02-01
2002-02-01,0.07888381990000001,0.06967507928693577,1.132166919755352,0.464008984301706,0.07921692690587162,-0.16098277625159485,gan_lstm_matched,60,1997-03-01
2002-03-01,0.0759230625,0.06917068447068406,1.0976190720243304,0.44287465119382424,0.07608287682153494,-0.16098277625159507,gan_lstm_matched,60,1997-04-01
2002-04-01,0.08001871569999999,0.06989747517160091,1.14480123214109,0.4721763253569177,0.0804183852582274,-0.16098277625159507,gan_lstm_matched,60,1997-05-01
2002-05-01,0.08203595282,0.06994272141889485,1.1729019282603748,0.48697684746013775,0.08258209837981638,-0.16098277625159507,gan_lstm_matched,60,1997-06-01
2002-06-01,0.08563027002,0.07077898054293337,1.209826269934166,0.5133286789855916,0.08639223415999607,-0.16098277625159485,gan_lstm_matched,60,1997-07-01
2002-07-01,0.082884648922,0.07077798317554512,1.1710512959436503,0.4928385767487306,0.08343427313020031,-0.16098277625159518,gan_lstm_matched,60,1997-08-01
2002-08-01,0.084663238842,0.07062346793534514,1.19879752888244,0.5061610111577689,0.08536117019403763,-0.16098277625159518,gan_lstm_matched,60,1997-09-01
2002-09-01,0.08262355074200001,0.07082617027641558,1.166568097915536,0.4908793417448586,0.08314973900619418,-0.1609827762515953,gan_lstm_matched,60,1997-10-01
2002-10-01,0.07996335542199999,0.07090797062136157,1.127706162245044,0.47127042064893476,0.08028538527918763,-0.16098277625159485,gan_lstm_matched,60,1997-11-01
2002-11-01,0.06974440922199998,0.07172502422816002,0.972385997391097,0.39801397106491304,0.06930673521427327,-0.16098277625159485,gan_lstm_matched,60,1997-12-01
2002-12-01,0.07538091322200001,0.07373080913613735,1.022380116333945,0.4367395111339473,0.07516621001282428,-0.16098277625159518,gan_lstm_matched,60,1998-01-01
2003-01-01,0.074229599822,0.07391084556337364,1.0043126858608733,0.4284502620221326,0.07392270556746246,-0.16098277625159507,gan_lstm_matched,60,1998-02-01
2003-02-01,0.06994348762199999,0.07411749726865563,0.9436838830171775,0.3982369924687166,0.06934084976220431,-0.16098277625159485,gan_lstm_matched,60,1998-03-01
2003-03-01,0.066065243422,0.0741871935687613,0.8905208600560772,0.37149919618863275,0.06521950836333108,-0.16098277625159485,gan_lstm_matched,60,1998-04-01
2003-04-01,0.06189315426200001,0.0748216055460504,0.8272096516815142,0.34302072283568646,0.06075855438454903,-0.16098277625159507,gan_lstm_matched,60,1998-05-01
2003-05-01,0.043291267062000004,0.0826401191690975,0.5238529118456107,0.2203577126233974,0.04063260739269611,-0.16098277625159485,gan_lstm_matched,60,1998-06-01
2003-06-01,0.042014273002,0.08262460439840451,0.508495905159351,0.21262556597399013,0.03931056972904376,-0.16098277625159507,gan_lstm_matched,60,1998-07-01
2003-07-01,0.041927760502000005,0.08262960319087384,0.5074181513996522,0.21210051462978993,0.03922055250319749,-0.16098277625159518,gan_lstm_matched,60,1998-08-01
2003-08-01,0.040059608776000004,0.08259136887258996,0.48503383976839254,0.20088788905981347,0.03729072107536583,-0.16098277625159507,gan_lstm_matched,60,1998-09-01
2003-09-01,0.041408434456,0.08254366270051425,0.5016549193635677,0.2090099725692403,0.038690062586569186,-0.16098277625159496,gan_lstm_matched,60,1998-10-01
2003-10-01,0.040266146636,0.08257753908976459,0.4876162099263981,0.20213127674597603,0.037505432322463755,-0.16098277625159485,gan_lstm_matched,60,1998-11-01
2003-11-01,0.037429809396,0.08233697240234487,0.45459297693260853,0.1853713872190365,0.034596221541116676,-0.16098277625159496,gan_lstm_matched,60,1998-12-01
2003-12-01,0.038626095196,0.08244282627903575,0.4685197844293478,0.19240988954950103,0.03582195951757664,-0.16098277625159496,gan_lstm_matched,60,1999-01-01
2004-01-01,0.040043684796,0.08221795094534759,0.48704308895533127,0.20097389130004087,0.03730557787776883,-0.16098277625159518,gan_lstm_matched,60,1999-02-01
2004-02-01,0.039146205596,0.0821275229662434,0.4766514827445864,0.1956574010968451,0.03638555517848677,-0.16098277625159496,gan_lstm_matched,60,1999-03-01
2004-03-01,0.042386733296000005,0.08183887328077419,0.5179290916014799,0.21526322185748636,0.039762310427647655,-0.15745599193179627,gan_lstm_matched,60,1999-04-01
2004-04-01,0.044702090956,0.08165468334573907,0.5474528725648735,0.22945345554274874,0.04217924126729289,-0.15745599193179638,gan_lstm_matched,60,1999-05-01
2004-05-01,0.045132264876,0.08165089346933081,0.5527467362369071,0.232092675984869,0.04262629877742723,-0.15745599193179638,gan_lstm_matched,60,1999-06-01
2004-06-01,0.048168994975999996,0.08213681986642937,0.5864482585804058,0.25063013562165365,0.04574495449653672,-0.15745599193179627,gan_lstm_matched,60,1999-07-01
2004-07-01,0.04881265709600001,0.08215377343104648,0.5941620823658157,0.2546367842106928,0.046414148913647764,-0.15745599193179638,gan_lstm_matched,60,1999-08-01
2004-08-01,0.050154715435999996,0.08215273343971446,0.6105057413920945,0.2630498243016637,0.04781375808159661,-0.15745599193179627,gan_lstm_matched,60,1999-09-01
2004-09-01,0.053416022036,0.08204450162150054,0.6510615700053424,0.2837808920412379,0.05123105335605945,-0.1573445224539919,gan_lstm_matched,60,1999-10-01
2004-10-01,0.052032376628000004,0.08206895808982834,0.6340080078882945,0.27495611752753096,0.049781819975556064,-0.157344522453992,gan_lstm_matched,60,1999-11-01
2004-11-01,0.058411667987999995,0.08025060554779309,0.727865759881563,0.31705815254796355,0.05662526326134619,-0.12760040188158628,gan_lstm_matched,60,1999-12-01
2004-12-01,0.059962746988000006,0.07973358974869889,0.7520387226636625,0.32753613217053884,0.05830115489874095,-0.10922794125854884,gan_lstm_matched,60,2000-01-01
2005-01-01,0.071528242188,0.07812042656492892,0.9156151000858924,0.40702759414788753,0.07068205287891786,-0.10922794125854884,gan_lstm_matched,60,2000-02-01
2005-02-01,0.08902360908799999,0.0693663835231034,1.2833825920642017,0.5398500920745801,0.09017366994677718,-0.10922794125854884,gan_lstm_matched,60,2000-03-01
2005-03-01,0.083435401408,0.06823692029142019,1.2227310530966444,0.4982732215908008,0.0842219704857543,-0.10922794125854896,gan_lstm_matched,60,2000-04-01
2005-04-01,0.07512328788799999,0.06716886168826872,1.1184243115008832,0.4381645230136892,0.07537940344478881,-0.10922794125854884,gan_lstm_matched,60,2000-05-01
2005-05-01,0.071819572968,0.06719905396627877,1.0687586912166924,0.4147309661845404,0.07185187481483256,-0.10922794125854873,gan_lstm_matched,60,2000-06-01
2005-06-01,0.07174247266799999,0.06719585553165094,1.0676621660722434,0.41419040474053725,0.0717699524725714,-0.10922794125854884,gan_lstm_matched,60,2000-07-01
2005-07-01,0.062108463867999994,0.06789597520318105,0.9147591397301279,0.34771961148220065,0.06149978275280936,-0.10922794125854896,gan_lstm_matched,60,2000-08-01
2005-08-01,0.06379876686799998,0.06785208453533635,0.9402624444761831,0.35911800736445953,0.06328927497104893,-0.10922794125854884,gan_lstm_matched,60,2000-09-01
2005-09-01,0.05966530886799999,0.06767318405973206,0.8816684141141655,0.33153519530215536,0.05893799220767384,-0.10922794125854873,gan_lstm_matched,60,2000-10-01
2005-10-01,0.06006333906799999,0.06769229851863569,0.8872994473878671,0.3341662348857748,0.05935614237198674,-0.10922794125854873,gan_lstm_matched,60,2000-11-01
2005-11-01,0.054776889787999994,0.06691681648151197,0.8185818254389605,0.29985205805668586,0.05384996448360256,-0.10922794125854884,gan_lstm_matched,60,2000-12-01
2005-12-01,0.05004546188799999,0.06660524000599456,0.7513742444813025,0.26971957338946184,0.04891805965559965,-0.10922794125854873,gan_lstm_matched,60,2001-01-01
2006-01-01,0.053472238088,0.06539024540434774,0.8177402876736211,0.2920845517606027,0.05258744804522236,-0.10922794125854896,gan_lstm_matched,60,2001-02-01
2006-02-01,0.042282736808,0.06012797082506583,0.7032124355404555,0.22395087158559707,0.04124468405675274,-0.10922794125854896,gan_lstm_matched,60,2001-03-01
2006-03-01,0.036672741259999996,0.059016643115270113,0.6213965980472922,0.19058402139860556,0.03550454621743795,-0.10922794125854873,gan_lstm_matched,60,2001-04-01
2006-04-01,0.03729326546,0.05902501941166123,0.6318213163117093,0.19426942423450994,0.03614482609040975,-0.10922794125854862,gan_lstm_matched,60,2001-05-01
2006-05-01,0.039229804859999995,0.0596135763914475,0.6580682997846128,0.2056502259083658,0.03811213169885032,-0.10922794125854896,gan_lstm_matched,60,2001-06-01
2006-06-01,0.03901009858,0.05959984837543676,0.6545335205261605,0.20433560364028874,0.037885644627296475,-0.10922794125854907,gan_lstm_matched,60,2001-07-01
2006-07-01,0.03671464157999999,0.05891780017810709,0.6231502443915509,0.190866108286499,0.035553610301993784,-0.10922794125854896,gan_lstm_matched,60,2001-08-01
2006-08-01,0.03353196068,0.05850771163200909,0.5731203587469473,0.17225635510598597,0.03229665283766783,-0.10922794125854896,gan_lstm_matched,60,2001-09-01
2006-09-01,0.0352175448,0.05860349596900926,0.6009461418244358,0.1821170803356723,0.03402752263065889,-0.10922794125854873,gan_lstm_matched,60,2001-10-01
2006-10-01,0.038135684059999994,0.05815877615438905,0.6557167564662039,0.19959195302059107,0.037066746284678,-0.10922794125854873,gan_lstm_matched,60,2001-11-01
2006-11-01,0.041369485340000005,0.05723087371760258,0.7228525907909724,0.21940524761837055,0.040470118032311056,-0.10922794125854873,gan_lstm_matched,60,2001-12-01
2006-12-01,0.04213751514,0.05731098618262948,0.7352432395025083,0.22405339256411633,0.04126212688879986,-0.10922794125854896,gan_lstm_matched,60,2002-01-01
2007-01-01,0.037136321199999996,0.05697106103696892,0.6518453496223631,0.19403388744905076,0.036103952654012575,-0.10922794125854896,gan_lstm_matched,60,2002-02-01
2007-02-01,0.03105343623999999,0.0552378256696261,0.5621770202492872,0.15890429709537515,0.029934283163319957,-0.10922794125854896,gan_lstm_matched,60,2002-03-01
2007-03-01,0.031007635039999995,0.055231098254261674,0.5614162314363796,0.1586417050590066,0.02988760509730408,-0.10922794125854884,gan_lstm_matched,60,2002-04-01
2007-04-01,0.027429560439999997,0.05406654309874337,0.5073296509803588,0.1384948168104122,0.026280817711835925,-0.10922794125854873,gan_lstm_matched,60,2002-05-01
2007-05-01,0.02717606234,0.054016795856253796,0.5031039310869027,0.13707077859396669,0.02602395315054582,-0.10922794125854896,gan_lstm_matched,60,2002-06-01
2007-06-01,0.02105123254,0.05228859552011161,0.4025970162442616,0.1033309660532497,0.019861415623361182,-0.10922794125854884,gan_lstm_matched,60,2002-07-01
2007-07-01,0.023388817738,0.05247806003028561,0.4456875449378669,0.11622426132162691,0.022233929019867576,-0.10922794125854907,gan_lstm_matched,60,2002-08-01
2007-08-01,0.023237155818,0.05246904841238239,0.4428735896898058,0.11538235383709763,0.022079679342141858,-0.10922794125854873,gan_lstm_matched,60,2002-09-01
2007-09-01,0.023380640958,0.05245062358819085,0.4457647852115165,0.11618661155350099,0.02222703302396416,-0.10922794125854896,gan_lstm_matched,60,2002-10-01
2007-10-01,0.024577631397999997,0.0524268381526066,0.46879865855076414,0.12288044898789391,0.023450173685509793,-0.10922794125854896,gan_lstm_matched,60,2002-11-01
2007-11-01,0.028479641198000002,0.05109502667352528,0.5573857780713642,0.1453477093533461,0.02751334325419653,-0.10922794125854862,gan_lstm_matched,60,2002-12-01
2007-12-01,0.020836679798000003,0.04723358274709838,0.4411412089903349,0.10348680117435126,0.019890223162332,-0.10922794125854896,gan_lstm_matched,60,2003-01-01
2008-01-01,0.020528215498,0.047303202245710295,0.4339709474924947,0.10177115170500123,0.01957289026425234,-0.10204806530179533,gan_lstm_matched,60,2003-02-01
2008-02-01,0.024532923898,0.04729606376066298,0.5187096334728069,0.12401529568058493,0.023656961468794296,-0.09460834345364699,gan_lstm_matched,60,2003-03-01
2008-03-01,0.029001503697999996,0.047640883920817605,0.6087524267224443,0.14926385719364416,0.028215034456984762,-0.08974853912181346,gan_lstm_matched,60,2003-04-01
2008-04-01,0.033518643958,0.046907122777818416,0.7145747164405146,0.175649260344656,0.032893525148887395,-0.07472295124797368,gan_lstm_matched,60,2003-05-01
2008-05-01,0.048582995524,0.031012623152846173,1.5665555049812452,0.2713461183734766,0.04918666051602167,-0.023334763999999897,gan_lstm_matched,60,2003-06-01
2008-06-01,0.047400231143999993,0.03122933472675736,1.5178111080088867,0.2638377335495223,0.047944453832001986,-0.023334764000000008,gan_lstm_matched,60,2003-07-01
2008-07-01,0.051997361703999996,0.032105930460648774,1.6195562924965379,0.2929289868964616,0.0527249947027341,-0.023334763999999897,gan_lstm_matched,60,2003-08-01
2008-08-01,0.05308297757000001,0.032062712142886245,1.6555984825437646,0.2999442435332066,0.05386491186238029,-0.023334764000000008,gan_lstm_matched,60,2003-09-01
2008-09-01,0.05597708328999999,0.03266167426048766,1.7138461073233489,0.31868214100620795,0.05688570757358487,-0.023334763999999897,gan_lstm_matched,60,2003-10-01
2008-10-01,0.05163991291000001,0.034905584838842936,1.4794169227766416,0.2900320985184686,0.05225283209128222,-0.023546124,gan_lstm_matched,60,2003-11-01
2008-11-01,0.04843408865,0.035750951043198455,1.354763642272797,0.26941635169010886,0.04886795645022947,-0.03624539732545262,gan_lstm_matched,60,2003-12-01
2008-12-01,0.05185288025,0.037432408617597925,1.3852402814822509,0.2908302856151259,0.05238301285848208,-0.03624539732545262,gan_lstm_matched,60,2004-01-01
2009-01-01,0.04795631225000001,0.03948496248707034,1.2145462279647263,0.2655289137999486,0.04822476119581223,-0.03624539732545273,gan_lstm_matched,60,2004-02-01
2009-02-01,0.049414729649999996,0.03981362777980458,1.2411511436057971,0.2746731572199237,0.049735218691572276,-0.03624539732545262,gan_lstm_matched,60,2004-03-01
2009-03-01,0.04885830337,0.03983022732487969,1.226663934691655,0.27114209468653416,0.0491529839790442,-0.03624539732545273,gan_lstm_matched,60,2004-04-01
2009-04-01,0.043994031509999997,0.04141415304472731,1.0622946088620095,0.2403193500304085,0.04401491667499725,-0.03624539732545262,gan_lstm_matched,60,2004-05-01
2009-05-01,0.039786375109999994,0.04242458942785036,0.9378140282927887,0.2143319997474897,0.0396029134264501,-0.052090115750112576,gan_lstm_matched,60,2004-06-01
2009-06-01,0.03505435573,0.04134263184960909,0.8478985048053114,0.18628418120702067,0.03475551043067143,-0.052090115750112465,gan_lstm_matched,60,2004-07-01
2009-07-01,0.03100828701,0.04184616432882812,0.741006673068914,0.16247045918519207,0.030567363917663497,-0.06323398692757864,gan_lstm_matched,60,2004-08-01
2009-08-01,0.022774560009999997,0.044823550492012275,0.5080936195373122,0.11496544314013261,0.022003260762591438,-0.09485213494550493,gan_lstm_matched,60,2004-09-01
2009-09-01,0.01601046341,0.04614483957333147,0.3469610807630359,0.07762234529892334,0.015063747981047426,-0.11660368626631357,gan_lstm_matched,60,2004-10-01
2009-10-01,0.017613919537999997,0.04621955217487145,0.38109238859255534,0.0862661957419275,0.016686959028363733,-0.11660368626631412,gan_lstm_matched,60,2004-11-01
2009-11-01,0.017169166977999997,0.04626610207567336,0.37109603376394035,0.08384527584179735,0.016233384238423094,-0.11660368626631379,gan_lstm_matched,60,2004-12-01
2009-12-01,0.024710872377999994,0.04621636570871339,0.5346779652416749,0.1254396059139726,0.0239162580532478,-0.11660368626631401,gan_lstm_matched,60,2005-01-01
2010-01-01,0.019189293098,0.04524212591058165,0.4241465826766515,0.09508398338245755,0.018332220846133417,-0.11660368626631379,gan_lstm_matched,60,2005-02-01
2010-02-01,0.017735250738,0.0449479654793856,0.39457293670241605,0.087233531944193,0.016867969534261028,-0.1166036862663139,gan_lstm_matched,60,2005-03-01
2010-03-01,0.015257783617999999,0.04498600870595523,0.3391673112796107,0.07385775619861318,0.014353545762227598,-0.1166036862663139,gan_lstm_matched,60,2005-04-01
2010-04-01,0.012139698137999998,0.046000578972400334,0.2639031596816126,0.05702124656570886,0.011152694228539105,-0.11747528740147628,gan_lstm_matched,60,2005-05-01
2010-05-01,0.013762395817999998,0.04600908266606895,0.2991234560768491,0.06562094298208616,0.012792669840218561,-0.11747528740147639,gan_lstm_matched,60,2005-06-01
2010-06-01,0.011130144917999997,0.045955970443117444,0.24219148917280434,0.05171465746100091,0.010135386464005311,-0.11747528740147672,gan_lstm_matched,60,2005-07-01
2010-07-01,0.020451667718,0.045677302349222515,0.4477424599561123,0.10190371814042146,0.019597424331762283,-0.11747528740147661,gan_lstm_matched,60,2005-08-01
2010-08-01,0.018555475977999995,0.04561929983392623,0.4067461807951869,0.09153684207593157,0.017671658259576357,-0.11747528740147606,gan_lstm_matched,60,2005-09-01
2010-09-01,0.021434475978000002,0.04582586701011858,0.46773748924962316,0.10728582182808624,0.02059150193352687,-0.11747528740147672,gan_lstm_matched,60,2005-10-01
2010-10-01,0.020675647458,0.04573267879825838,0.452097887141205,0.10312283730688146,0.01982293605513601,-0.11747528740147617,gan_lstm_matched,60,2005-11-01
2010-11-01,0.021657620737999997,0.04577564162485183,0.47312544334150763,0.10853211323230666,0.020821141313824842,-0.11747528740147661,gan_lstm_matched,60,2005-12-01
2010-12-01,0.024221803838000003,0.045853103769066574,0.5282478577674935,0.12278924670959035,0.023433547869230183,-0.11747528740147672,gan_lstm_matched,60,2006-01-01
2011-01-01,0.026327295977999998,0.04552635297441254,0.5782869537737163,0.13473032857073394,0.025601228835418106,-0.11747528740147628,gan_lstm_matched,60,2006-02-01
2011-02-01,0.024364587058,0.045613079248858206,0.5341579095125418,0.12365043241097941,0.023590495588406788,-0.11747528740147617,gan_lstm_matched,60,2006-03-01
2011-03-01,0.026491110806,0.045805475544775105,0.578339390453545,0.13558740249531995,0.025756111558887452,-0.11747528740147639,gan_lstm_matched,60,2006-04-01
2011-04-01,0.027178678206000003,0.0458802029655466,0.5923835652254987,0.1394703343780719,0.026456630898388213,-0.11747528740147695,gan_lstm_matched,60,2006-05-01
2011-05-01,0.023021378606,0.04464038573448958,0.5157074301043386,0.11637950498569667,0.022262361749457754,-0.11747528740147628,gan_lstm_matched,60,2006-06-01
2011-06-01,0.022947649206000002,0.04463320746619877,0.5141384746632541,0.11597056126626892,0.022187457285789865,-0.1174752874014765,gan_lstm_matched,60,2006-07-01
2011-07-01,0.020257398826,0.04425124154366349,0.4577814795549106,0.10117727479980604,0.019462952481827278,-0.11747528740147639,gan_lstm_matched,60,2006-08-01
2011-08-01,0.020060126966,0.04425017062360082,0.4533344546088808,0.10009372893495128,0.01926224548797089,-0.11747528740147628,gan_lstm_matched,60,2006-09-01
2011-09-01,0.022708346366,0.04516513043081678,0.5027849172446048,0.11451095092110687,0.021919927545859436,-0.11747528740147606,gan_lstm_matched,60,2006-10-01
2011-10-01,0.031647719506000004,0.04933747754722113,0.6414539429120555,0.1642463799618985,0.03088205382509089,-0.11747528740147672,gan_lstm_matched,60,2006-11-01
2011-11-01,0.036202589026,0.04968161968135221,0.7286918030892718,0.19089140578891522,0.03555800990614398,-0.11747528740147639,gan_lstm_matched,60,2006-12-01
2011-12-01,0.03582008442600001,0.04962430018413293,0.7218254825375504,0.1886391897197123,0.03516602341195968,-0.11747528740147639,gan_lstm_matched,60,2007-01-01
2012-01-01,0.038964560366,0.04958332099949739,0.7858400684051593,0.2074285286573637,0.03841818886438569,-0.11747528740147628,gan_lstm_matched,60,2007-02-01
2012-02-01,0.039370503126,0.049592517585950326,0.7938799045191799,0.20987107123158727,0.03883797864010324,-0.11747528740147639,gan_lstm_matched,60,2007-03-01
2012-03-01,0.038772452006,0.049522588825179154,0.782924578980948,0.20629065977416303,0.03822239600807632,-0.1174752874014765,gan_lstm_matched,60,2007-04-01
2012-04-01,0.037539346206,0.04940299162222793,0.7598597771781475,0.19893401418202894,0.036952961554452275,-0.11747528740147661,gan_lstm_matched,60,2007-05-01
2012-05-01,0.031704218906000003,0.05004775577368881,0.6334793322074912,0.16437152174204978,0.030904214232251363,-0.1174752874014765,gan_lstm_matched,60,2007-06-01
2012-06-01,0.033660934106000004,0.05019121749529059,0.6706538670666513,0.1757467999429545,0.03291066370876324,-0.1174752874014765,gan_lstm_matched,60,2007-07-01
2012-07-01,0.032328312405999995,0.05003465141931758,0.6461184696795659,0.1680045763668823,0.031546735203387445,-0.11747528740147695,gan_lstm_matched,60,2007-08-01
2012-08-01,0.029555513006000005,0.05030897333185111,0.5874799473852135,0.15188598641954074,0.028683796349645373,-0.11747528740147628,gan_lstm_matched,60,2007-09-01
2012-09-01,0.030275627519999994,0.05023591075458711,0.6026690282953711,0.15605144250943015,0.02942670885380904,-0.11747528740147695,gan_lstm_matched,60,2007-10-01
2012-10-01,0.031352252600000005,0.05032496807021181,0.6229959759986001,0.16225002822835893,0.030528277129548743,-0.1174752874014765,gan_lstm_matched,60,2007-11-01
2012-11-01,0.03421949640000001,0.05026869982527328,0.680731678339444,0.17900287431607095,0.03348213275446939,-0.11747528740147661,gan_lstm_matched,60,2007-12-01
2012-12-01,0.032091720000000004,0.05029924127528771,0.6380159856559672,0.1665514025381546,0.0312899274292466,-0.11747528740147639,gan_lstm_matched,60,2008-01-01
2013-01-01,0.03365314906,0.05003418602576872,0.6726031086559073,0.17574654353616495,0.032910618657340567,-0.11747528740147617,gan_lstm_matched,60,2008-02-01
2013-02-01,0.03338537025999999,0.04998875379167399,0.6678576225190992,0.1741907123262149,0.03263710973158289,-0.11747528740147639,gan_lstm_matched,60,2008-03-01
2013-03-01,0.03140477106,0.04961047368949907,0.6330270349070941,0.16275712236220796,0.030618186125842817,-0.11747528740147684,gan_lstm_matched,60,2008-04-01
2013-04-01,0.02988875856,0.04961038798166336,0.6024697603866204,0.15399893616274724,0.02906091077336744,-0.11747528740147672,gan_lstm_matched,60,2008-05-01
2013-05-01,0.029746786113599995,0.049616730988638225,0.5995313580899099,0.15318029626006124,0.028914867402746295,-0.11747528740147661,gan_lstm_matched,60,2008-06-01
2013-06-01,0.0313692636136,0.04951503399798964,0.633530083305075,0.1625782405181937,0.030586473531006457,-0.11747528740147672,gan_lstm_matched,60,2008-07-01
2013-07-01,0.025483826013600004,0.048969320890551914,0.5204039090220836,0.12908926423648107,0.024579484495265817,-0.11747528740147639,gan_lstm_matched,60,2008-08-01
2013-08-01,0.023352382373600003,0.04903686745253528,0.47622092492355256,0.11712613518305388,0.022399062189306103,-0.11747528740147672,gan_lstm_matched,60,2008-09-01
2013-09-01,0.020962126573600002,0.04851141420225238,0.43210710135567915,0.10401582596220359,0.01998799393257798,-0.1174752874014765,gan_lstm_matched,60,2008-10-01
2013-10-01,0.028242029673600004,0.04736918656783611,0.5962109911504468,0.14517050019420652,0.02748154574082209,-0.11132064804800568,gan_lstm_matched,60,2008-11-01
2013-11-01,0.0307763139896,0.046869875076895384,0.6566331559260173,0.15987264719269093,0.030106342891355175,-0.11132064804800579,gan_lstm_matched,60,2008-12-01
2013-12-01,0.023913987589600002,0.04520424955600885,0.5290207850916794,0.1212505047258817,0.02315287824838551,-0.11132064804800579,gan_lstm_matched,60,2009-01-01
2014-01-01,0.026330086189600005,0.0440169508651428,0.5981806025199011,0.13515025643138118,0.02567712612678371,-0.10423190640391267,gan_lstm_matched,60,2009-02-01
2014-02-01,0.021680074269600003,0.043708176180540646,0.4960187352601595,0.10918608195882415,0.02094155778443235,-0.10423190640391289,gan_lstm_matched,60,2009-03-01
2014-03-01,0.022082950749600004,0.04371491710061026,0.5051582437815425,0.11141698142575929,0.02135191053557888,-0.10423190640391267,gan_lstm_matched,60,2009-04-01
2014-04-01,0.026729134349600003,0.0424295511535354,0.6299650508410533,0.137798108491383,0.02615517928803231,-0.08473778218988592,gan_lstm_matched,60,2009-05-01
2014-05-01,0.031592935349600004,0.04158201060781416,0.7597741159650179,0.16594466680424327,0.03118262814216786,-0.06963437795538885,gan_lstm_matched,60,2009-06-01
2014-06-01,0.031390500535600004,0.041594015494272635,0.7546879079256575,0.16476535952725876,0.030973943541935882,-0.06963437795538874,gan_lstm_matched,60,2009-07-01
2014-07-01,0.034686887075600005,0.04102883667087605,0.8454270189001527,0.18420502011398568,0.03439253951497502,-0.05790272033460786,gan_lstm_matched,60,2009-08-01
2014-08-01,0.0396534068756,0.03790186447192546,1.0462125657425623,0.2146391344341488,0.03965549638015094,-0.02659099837651069,gan_lstm_matched,60,2009-09-01
2014-09-01,0.0477326980756,0.03624553061898811,1.3169264530119489,0.264914412832033,0.048122944434697695,-0.026590998376510577,gan_lstm_matched,60,2009-10-01
2014-10-01,0.0511056724756,0.03734920321048482,1.3683202875196383,0.2860876900545766,0.05160856896504155,-0.02659099837651069,gan_lstm_matched,60,2009-11-01
2014-11-01,0.05354702393560001,0.03717069009096049,1.4405711544382134,0.30185637810450267,0.05417476314025289,-0.0265909983765108,gan_lstm_matched,60,2009-12-01
2014-12-01,0.04992584253560001,0.03647715186139327,1.3686880687754728,0.2787540508386718,0.05040650957117488,-0.02659099837651069,gan_lstm_matched,60,2010-01-01
2015-01-01,0.05121011555560001,0.036296105616877065,1.410898350807867,0.2869987115109941,0.05175751162828229,-0.02659099837651069,gan_lstm_matched,60,2010-02-01
2015-02-01,0.050160566435600004,0.0362953210018026,1.3820119247081128,0.2802909808576299,0.05065888425065832,-0.02659099837651069,gan_lstm_matched,60,2010-03-01
2015-03-01,0.0546731818356,0.03647385670232565,1.498969036419829,0.30933798378180616,0.05538362953024839,-0.024229954293416234,gan_lstm_matched,60,2010-04-01
2015-04-01,0.05587934823559999,0.035698842324705465,1.5652986090512115,0.31740549025447856,0.05668098852844176,-0.024229954293416345,gan_lstm_matched,60,2010-05-01
2015-05-01,0.05941265107560001,0.03663300698915208,1.6218338585525762,0.3405550688231758,0.06036877835898665,-0.024229954293416345,gan_lstm_matched,60,2010-06-01
2015-06-01,0.06312232747559998,0.03658534432869972,1.725344632770972,0.3655358847259732,0.0642915730788766,-0.024229954293416345,gan_lstm_matched,60,2010-07-01
2015-07-01,0.05996764307560001,0.03567454067435577,1.6809646863570427,0.34448658808341487,0.06099001033400035,-0.024229954293416456,gan_lstm_matched,60,2010-08-01
2015-08-01,0.0599709331356,0.03567390935403633,1.6810866602937804,0.3445087438892139,0.0609935071236127,-0.024229954293416345,gan_lstm_matched,60,2010-09-01
2015-09-01,0.061229837535600004,0.03603763510789803,1.6990525974380832,0.35287069074599986,0.062309970444532785,-0.024229954293416345,gan_lstm_matched,60,2010-10-01
2015-10-01,0.0627808863556,0.03621648157184378,1.7334893846896633,0.3633063293601452,0.06394380510634326,-0.024229954293416123,gan_lstm_matched,60,2010-11-01
2015-11-01,0.0632515731556,0.03624439299968321,1.7451409147934365,0.36649505134420624,0.06444104498418829,-0.024229954293416345,gan_lstm_matched,60,2010-12-01
2015-12-01,0.0642908247556,0.03644697815255939,1.7639548740225355,0.3735276154953128,0.06553440970578805,-0.024229954293416345,gan_lstm_matched,60,2011-01-01
2016-01-01,0.06603489071559998,0.0364142359119116,1.8134361208441303,0.38550046958307166,0.06738559012449087,-0.024229954293416123,gan_lstm_matched,60,2011-02-01
2016-02-01,0.06786657343559999,0.03611763179021187,1.8790427298722365,0.3982503319420713,0.0693428901014909,-0.024229954293416456,gan_lstm_matched,60,2011-03-01
2016-03-01,0.06506729015559999,0.0361991341603766,1.7974819471461927,0.37890237627733614,0.0663670175612801,-0.024229954293416234,gan_lstm_matched,60,2011-04-01
2016-04-01,0.05415976835559999,0.04276803033733725,1.2663610628876107,0.30436036930965316,0.05457997156157832,-0.048063677026568774,gan_lstm_matched,60,2011-05-01
2016-05-01,0.0579947877556,0.04366020422268261,1.3283214952409725,0.32924788313925824,0.05857393307287594,-0.04806367702656866,gan_lstm_matched,60,2011-06-01
2016-06-01,0.056403348075600004,0.043761681216273905,1.2888752558853922,0.3187339244967404,0.056894008038068745,-0.04806367702656866,gan_lstm_matched,60,2011-07-01
2016-07-01,0.0554247695956,0.04389398032646074,1.2626963693740965,0.31228974594396786,0.055859050866127,-0.04806367702656855,gan_lstm_matched,60,2011-08-01
2016-08-01,0.054972519495599996,0.04393909137210118,1.251107334697968,0.309326546540543,0.05538178574055902,-0.048063677026568774,gan_lstm_matched,60,2011-09-01
2016-09-01,0.049673345575600006,0.04319900855324714,1.1498723521483738,0.27543437239304797,0.04986056589326204,-0.04806367702656866,gan_lstm_matched,60,2011-10-01
2016-10-01,0.0446368715756,0.03951086925159712,1.1297365110183109,0.24473718255165064,0.04475758440075895,-0.048063677026568774,gan_lstm_matched,60,2011-11-01
2016-11-01,0.0435030860756,0.03917720560649082,1.1104183006965784,0.23780489442127098,0.04359127408829933,-0.04806367702656866,gan_lstm_matched,60,2011-12-01
2016-12-01,0.0430759928756,0.03912521908368061,1.1009776784500431,0.23518611935127656,0.04314932293008315,-0.04806367702656866,gan_lstm_matched,60,2012-01-01
1992-01-01,,,,,,,gan_transformer,36,
1992-02-01,,,,,,,gan_transformer,36,
1992-03-01,,,,,,,gan_transformer,36,
1992-04-01,,,,,,,gan_transformer,36,
1992-05-01,,,,,,,gan_transformer,36,
1992-06-01,,,,,,,gan_transformer,36,
1992-07-01,,,,,,,gan_transformer,36,
1992-08-01,,,,,,,gan_transformer,36,
1992-09-01,,,,,,,gan_transformer,36,
1992-10-01,,,,,,,gan_transformer,36,
1992-11-01,,,,,,,gan_transformer,36,
1992-12-01,,,,,,,gan_transformer,36,
1993-01-01,,,,,,,gan_transformer,36,
1993-02-01,,,,,,,gan_transformer,36,
1993-03-01,,,,,,,gan_transformer,36,
1993-04-01,,,,,,,gan_transformer,36,
1993-05-01,,,,,,,gan_transformer,36,
1993-06-01,,,,,,,gan_transformer,36,
1993-07-01,,,,,,,gan_transformer,36,
1993-08-01,,,,,,,gan_transformer,36,
1993-09-01,,,,,,,gan_transformer,36,
1993-10-01,,,,,,,gan_transformer,36,
1993-11-01,,,,,,,gan_transformer,36,
1993-12-01,,,,,,,gan_transformer,36,
1994-01-01,,,,,,,gan_transformer,36,
1994-02-01,,,,,,,gan_transformer,36,
1994-03-01,,,,,,,gan_transformer,36,
1994-04-01,,,,,,,gan_transformer,36,
1994-05-01,,,,,,,gan_transformer,36,
1994-06-01,,,,,,,gan_transformer,36,
1994-07-01,,,,,,,gan_transformer,36,
1994-08-01,,,,,,,gan_transformer,36,
1994-09-01,,,,,,,gan_transformer,36,
1994-10-01,,,,,,,gan_transformer,36,
1994-11-01,,,,,,,gan_transformer,36,
1994-12-01,0.07501198041,0.02923112569664099,2.566168035691481,0.24994542677866485,0.07720166819563824,-0.02624213106244344,gan_transformer,36,1992-01-01
1995-01-01,0.07059513734333334,0.029028197493117507,2.4319504288914673,0.23361155464569447,0.07248890859460846,-0.026242131062443552,gan_transformer,36,1992-02-01
1995-02-01,0.07496289634333334,0.02807984752424216,2.6696333118837505,0.24988189842455558,0.07718341832996276,-0.02624213106244333,gan_transformer,36,1992-03-01
1995-03-01,0.07322303667666666,0.028056372637116633,2.6098540115552096,0.24341720847867246,0.07532305660457732,-0.026242131062442997,gan_transformer,36,1992-04-01
1995-04-01,0.06930197367666667,0.0273521589269478,2.5336930025069866,0.22903030731737717,0.07115963231715684,-0.02624213106244322,gan_transformer,36,1992-05-01
1995-05-01,0.07039482906666668,0.027197898703229136,2.588245137419711,0.23305799877245048,0.07232846604285041,-0.026242131062443552,gan_transformer,36,1992-06-01
1995-06-01,0.06766229373333334,0.02692780492282337,2.512729646076141,0.2230741921752353,0.06942648164907839,-0.026242131062443552,gan_transformer,36,1992-07-01
1995-07-01,0.0725293173,0.02827286950718814,2.5653327222961937,0.24082664052757802,0.07457575198063245,-0.02624213106244344,gan_transformer,36,1992-08-01
1995-08-01,0.06885304903333334,0.02820392344407009,2.4412578331476706,0.22730301031851752,0.07065758929575841,-0.02624213106244322,gan_transformer,36,1992-09-01
1995-09-01,0.06795542019999999,0.028172613352360938,2.4121092122362566,0.22402426150620175,0.06970331585971654,-0.02624213106244344,gan_transformer,36,1992-10-01
1995-10-01,0.07618368783333333,0.029416182451433494,2.5898563812321194,0.25430281618111605,0.07845194768553766,-0.02624213106244322,gan_transformer,36,1992-11-01
1995-11-01,0.08225178483333334,0.029376517323542725,2.79991613462688,0.2771980401972163,0.08497420856449515,-0.02624213106244333,gan_transformer,36,1992-12-01
1995-12-01,0.0813341875,0.02917978174080488,2.787347356552109,0.27373173201571277,0.08399178132674863,-0.026242131062443552,gan_transformer,36,1993-01-01
1996-01-01,0.07693449873333334,0.029576338998441004,2.601217775377427,0.25709632516709646,0.07925197550123976,-0.02624213106244333,gan_transformer,36,1993-02-01
1996-02-01,0.07480941653333333,0.029424145552978762,2.5424499208868268,0.24917364662670885,0.07697991610505228,-0.02624213106244322,gan_transformer,36,1993-03-01
1996-03-01,0.07039234208333334,0.02941122182467703,2.39338380781827,0.23282911351242855,0.07226211194106287,-0.02624213106244333,gan_transformer,36,1993-04-01
1996-04-01,0.06330091725,0.03297168313115342,1.9198570178599672,0.20662730153602912,0.06461124519193596,-0.02624213106244344,gan_transformer,36,1993-05-01
1996-05-01,0.06729050805,0.032236967480344436,2.0873709070503743,0.22116188907069562,0.06886883372750406,-0.02624213106244333,gan_transformer,36,1993-06-01
1996-06-01,0.06441793244999999,0.03253835902496181,1.979753570257853,0.21070613854773815,0.06580948648779343,-0.02624213106244333,gan_transformer,36,1993-07-01
1996-07-01,0.07126903135000001,0.033874971171741985,2.1038846347255817,0.23554851865787382,0.07304994043967458,-0.02624213106244333,gan_transformer,36,1993-08-01
1996-08-01,0.07910697735,0.03265325079808396,2.422637116260469,0.26491024957806847,0.0814835149939686,-0.02077404349851375,gan_transformer,36,1993-09-01
1996-09-01,0.08008956058333334,0.032533397941161064,2.4617643914165046,0.26863406938078344,0.0825437494224396,-0.020774043498513528,gan_transformer,36,1993-10-01
1996-10-01,0.09278376291666666,0.03096936752428062,2.9959850760246325,0.3177146617027332,0.09632788224189537,-0.02077404349851375,gan_transformer,36,1993-11-01
1996-11-01,0.09701268704999999,0.030531396710323244,3.1774729459788564,0.3344578485115091,0.10095175162715028,-0.02077404349851375,gan_transformer,36,1993-12-01
1996-12-01,0.09772028938333333,0.030697989260760335,3.183279808760769,0.33725136822877905,0.1017194508699538,-0.02077404349851375,gan_transformer,36,1994-01-01
1997-01-01,0.09004190004999998,0.031761388325187954,2.8349484955792508,0.3069068550697243,0.09332231430664753,-0.02077404349851375,gan_transformer,36,1994-02-01
1997-02-01,0.09672824408333335,0.03159676086577081,3.0613341821414464,0.33320117565252744,0.1006060505093942,-0.02077404349851364,gan_transformer,36,1994-03-01
1997-03-01,0.09741876575,0.031736240139665785,3.0696379067361668,0.3359268129259256,0.10135557751696816,-0.02077404349851375,gan_transformer,36,1994-04-01
1997-04-01,0.09697063658333333,0.03163962077111455,3.0648482573426685,0.3341580731172759,0.10086930542066977,-0.02077404349851364,gan_transformer,36,1994-05-01
1997-05-01,0.09855917451666665,0.03153057833433173,3.1258283140766734,0.3404929923117794,0.1026089566371593,-0.02077404349851364,gan_transformer,36,1994-06-01
1997-06-01,0.09986114551666667,0.03192883829659337,3.1276159999633086,0.3456476515523614,0.10402045322860566,-0.020774043498513528,gan_transformer,36,1994-07-01
1997-07-01,0.09765030327999998,0.0322679539668157,3.02623164085406,0.33678252849264645,0.10159068170315935,-0.020774043498513528,gan_transformer,36,1994-08-01
1997-08-01,0.09271995191333333,0.03239173574563104,2.862457036617412,0.31729344763984263,0.0962110542345233,-0.02077404349851364,gan_transformer,36,1994-09-01
1997-09-01,0.08956173834666668,0.033556749054052586,2.6689634982936608,0.3048188852862316,0.09273975793462451,-0.02077404349851364,gan_transformer,36,1994-10-01
1997-10-01,0.08862182167999999,0.033588699423341035,2.638441594985247,0.3011678254340942,0.09171959457432272,-0.02077404349851375,gan_transformer,36,1994-11-01
1997-11-01,0.09053665134666666,0.0341097661011906,2.6542735906801327,0.3085424586212618,0.09377822447659923,-0.020774043498513528,gan_transformer,36,1994-12-01
1997-12-01,0.09209553601333333,0.034555337350691856,2.665160958455797,0.3145727388677125,0.0954558373651895,-0.02077404349851364,gan_transformer,36,1995-01-01
1998-01-01,0.09192079975666667,0.03459269594881169,2.65723145408169,0.3138841398424179,0.09526453019523101,-0.02077404349851375,gan_transformer,36,1995-02-01
1998-02-01,0.09334269308999998,0.03463505425432553,2.69503527855287,0.31945206221646466,0.0968095049974505,-0.02077404349851375,gan_transformer,36,1995-03-01
1998-03-01,0.09673795742333334,0.03474636177095526,2.7841176023268517,0.3328390791880218,0.1005064002210064,-0.02077404349851375,gan_transformer,36,1995-04-01
1998-04-01,0.09538232495666665,0.03495218405413161,2.728937476666547,0.3274449601465432,0.09901977694917935,-0.02077404349851364,gan_transformer,36,1995-05-01
1998-05-01,0.10015424719000002,0.035333123986160016,2.83457096036089,0.34637797914737456,0.1042201466073594,-0.02077404349851375,gan_transformer,36,1995-06-01
1998-06-01,0.10207401818999999,0.03526083108233444,2.8948273496916737,0.35409934263459847,0.10632699381602884,-0.02077404349851364,gan_transformer,36,1995-07-01
1998-07-01,0.09643048502333332,0.03462602968705011,2.784913138897863,0.3316354348098495,0.10017502306207976,-0.02077404349851364,gan_transformer,36,1995-08-01
1998-08-01,0.10288793179,0.03505925750216738,2.9346865598519707,0.35740935443501565,0.10722770952359904,-0.02077404349851375,gan_transformer,36,1995-09-01
1998-09-01,0.10439726128999999,0.03501215270437758,2.9817435726237744,0.3635232247726121,0.10888756465464942,-0.02077404349851375,gan_transformer,36,1995-10-01
1998-10-01,0.10221300462333335,0.03431908076489522,2.9783141723273197,0.35478565727603223,0.1065138733027551,-0.02077404349851364,gan_transformer,36,1995-11-01
1998-11-01,0.10643550495666668,0.03594556498412138,2.9610191133087924,0.3716851793223766,0.11109573894511027,-0.02077404349851364,gan_transformer,36,1995-12-01
1998-12-01,0.10563224228999998,0.035911034225053116,2.9414981932295974,0.3684174273159518,0.11021271991575816,-0.02077404349851375,gan_transformer,36,1996-01-01
1999-01-01,0.10125067105666666,0.038076099871132064,2.659166022763568,0.3503834554679416,0.10531408131744727,-0.020774043498513528,gan_transformer,36,1996-02-01
1999-02-01,0.10293706392333334,0.03804013314942361,2.706012187680606,0.3571800185605456,0.10716535021247563,-0.02077404349851364,gan_transformer,36,1996-03-01
1999-03-01,0.09834903437333332,0.039947541002204955,2.461954651173768,0.3384904798841036,0.10205963422577635,-0.020292167000000028,gan_transformer,36,1996-04-01
1999-04-01,0.09704070204,0.040958691085851304,2.369233475664498,0.33312809434311363,0.10058593971578207,-0.04354991844538059,gan_transformer,36,1996-05-01
1999-05-01,0.09634970717333334,0.04101948910843201,2.348876333360465,0.3303798976170322,0.09982914636138632,-0.04354991844538059,gan_transformer,36,1996-06-01
1999-06-01,0.09945369983999999,0.04057914021449152,2.450857739082489,0.34279474431763185,0.10323969004488467,-0.04354991844538059,gan_transformer,36,1996-07-01
1999-07-01,0.09172376306,0.040052955577509874,2.2900622872261587,0.3123327217087348,0.09483326880665524,-0.04354991844538059,gan_transformer,36,1996-08-01
1999-08-01,0.08662721055999997,0.040326149714403764,2.148164681565379,0.2925247441393944,0.08929695261498694,-0.0435499184453807,gan_transformer,36,1996-09-01
1999-09-01,0.08348424289333334,0.04092775963707706,2.039795083669904,0.28038913118317516,0.08587706304618853,-0.04354991844538059,gan_transformer,36,1996-10-01
1999-10-01,0.08086134822666667,0.040151884645151965,2.0138867438300943,0.2705352838419222,0.08308425741215664,-0.04354991844538059,gan_transformer,36,1996-11-01
1999-11-01,0.07982539022666665,0.04007468692305534,1.9919155046659232,0.26663018305280073,0.08197346734946218,-0.04354991844538059,gan_transformer,36,1996-12-01
1999-12-01,0.07258782689333335,0.040264483638642094,1.8027755563632837,0.2395662043079491,0.07421177605621541,-0.04354991844538059,gan_transformer,36,1997-01-01
2000-01-01,0.07231566989333332,0.04036409177316166,1.7915842204435892,0.23854607636199435,0.07391701320567004,-0.04354991844538059,gan_transformer,36,1997-02-01
2000-02-01,0.049995856559999996,0.05116129175668665,0.9772203719517241,0.15700428032491376,0.04981229609927464,-0.08179999663929127,gan_transformer,36,1997-03-01
2000-03-01,0.056235380560000006,0.05364460667916505,1.0482951416967174,0.17833445972681577,0.05622439242104767,-0.08179999663929105,gan_transformer,36,1997-04-01
2000-04-01,0.05299848842666667,0.05335442292485021,0.9933288661244658,0.1670507928377667,0.05284212402802988,-0.08179999663929094,gan_transformer,36,1997-05-01
2000-05-01,0.05157698569333334,0.05330144037351449,0.9676471279557008,0.162115460545267,0.05135590833472358,-0.08179999663929116,gan_transformer,36,1997-06-01
2000-06-01,0.04691080202666667,0.05252557673332211,0.8931039875076052,0.1461611368157427,0.04652247478396312,-0.08179999663929094,gan_transformer,36,1997-07-01
2000-07-01,0.05596895876333334,0.054171971074428504,1.0331719088905937,0.17730351430843228,0.05591626614662145,-0.08179999663929094,gan_transformer,36,1997-08-01
2000-08-01,0.06064677513,0.05434092209480094,1.1160424371194533,0.19382931704317366,0.06083395776051109,-0.08179999663929094,gan_transformer,36,1997-09-01
2000-09-01,0.06645413913,0.05372707147298107,1.236883703282046,0.2148165352182202,0.0670142796184268,-0.08179999663929094,gan_transformer,36,1997-10-01
2000-10-01,0.07167223346333333,0.05441956992086044,1.3170305014825097,0.23374079524244598,0.07252636075848906,-0.08179999663929094,gan_transformer,36,1997-11-01
2000-11-01,0.06855991513000001,0.05390055423046048,1.2719705039926132,0.2224394434598697,0.06924144666264363,-0.08179999663929138,gan_transformer,36,1997-12-01
2000-12-01,0.07091333379666667,0.05466786884164581,1.2971666044286165,0.23090519341304006,0.0717040403575459,-0.08179999663929127,gan_transformer,36,1998-01-01
2001-01-01,0.07085050062,0.05467470440204202,1.2958552111962371,0.23067321908426502,0.07163671227905055,-0.08179999663929083,gan_transformer,36,1998-02-01
2001-02-01,0.08164596928666668,0.05872723776110921,1.3902572707197012,0.2701023122498632,0.08296121268706165,-0.08179999663929072,gan_transformer,36,1998-03-01
2001-03-01,0.07457596772000001,0.05909701461269283,1.2619244509854244,0.24353848045933577,0.07535801465317067,-0.08179999663929105,gan_transformer,36,1998-04-01
2001-04-01,0.08089421652,0.0595163635764293,1.3591928615752513,0.26708994910625783,0.08210436440752837,-0.08179999663929116,gan_transformer,36,1998-05-01
2001-05-01,0.07896614585333334,0.05923313306841617,1.3331414659785918,0.2598906551488813,0.08005105358475943,-0.08179999663929094,gan_transformer,36,1998-06-01
2001-06-01,0.07941487852,0.05926497466525223,1.3399968357121712,0.2615699021614781,0.0805306897364103,-0.08179999663929072,gan_transformer,36,1998-07-01
2001-07-01,0.08514747635333335,0.059796781887971696,1.4239474711675246,0.28318771129072096,0.08666763066363546,-0.08179999663929072,gan_transformer,36,1998-08-01
2001-08-01,0.08383173002,0.059541639229664656,1.407951327921009,0.2782232610998771,0.08526443782845594,-0.08179999663929083,gan_transformer,36,1998-09-01
2001-09-01,0.08519612902000001,0.059655645150445184,1.428131886012538,0.2834043104965281,0.08672876957614321,-0.08179999663929127,gan_transformer,36,1998-10-01
2001-10-01,0.07931757025333333,0.05961977685542242,1.3303902570061263,0.2611276215288242,0.08040440431637208,-0.0817999966392906,gan_transformer,36,1998-11-01
2001-11-01,0.07386506175333334,0.05832422244701967,1.2664560049717006,0.24106416883128298,0.07464431537812342,-0.08179999663929116,gan_transformer,36,1998-12-01
2001-12-01,0.06955386988666666,0.05857531921213801,1.1874262201588424,0.22515803986914432,0.07003349237730325,-0.08179999663929116,gan_transformer,36,1999-01-01
2002-01-01,0.07957622755333334,0.0573473524832051,1.3876181568562949,0.2625834366978502,0.08081997533767026,-0.07659478656611396,gan_transformer,36,1999-02-01
2002-02-01,0.08487635588666669,0.05841599618059787,1.4529642809525054,0.28245534673647765,0.08646085699083648,-0.07659478656611418,gan_transformer,36,1999-03-01
2002-03-01,0.09683425322,0.05759104847778467,1.6814115349428496,0.3291271049133498,0.09948380874783515,-0.06339492369482613,gan_transformer,36,1999-04-01
2002-04-01,0.11218611122,0.054809878889145555,2.046822826353975,0.3918600301886848,0.116516608781859,-0.06339492369482624,gan_transformer,36,1999-05-01
2002-05-01,0.11436613241999999,0.05470117383946496,2.0907436603762397,0.40093099753022166,0.11893686252495417,-0.06339492369482624,gan_transformer,36,1999-06-01
2002-06-01,0.12068164618666666,0.05551064688078621,2.174027019462422,0.4272843865414144,0.1259095555373543,-0.06339492369482624,gan_transformer,36,1999-07-01
2002-07-01,0.13629371363333334,0.05881147433458247,2.3174680651253383,0.4941972738538573,0.14323623207725453,-0.06339492369482591,gan_transformer,36,1999-08-01
2002-08-01,0.13910230826666667,0.05833950131521192,2.384358884301878,0.5068161816960227,0.14644552952892004,-0.06339492369482613,gan_transformer,36,1999-09-01
2002-09-01,0.14358642506666666,0.05752428006420759,2.4961012098960302,0.5271920918334162,0.15159001027245364,-0.06339492369482602,gan_transformer,36,1999-10-01
2002-10-01,0.13747592406666667,0.05820901867956182,2.3617633003481093,0.499598468257172,0.14461209141461684,-0.06339492369482624,gan_transformer,36,1999-11-01
2002-11-01,0.12387489873333334,0.06355022020260605,1.9492442093576492,0.4388987180736973,0.12895528735867,-0.06339492369482613,gan_transformer,36,1999-12-01
2002-12-01,0.13367253240000002,0.06330162110649717,2.1116762898553962,0.4814273059270064,0.13997006844748708,-0.058186758629722446,gan_transformer,36,2000-01-01
2003-01-01,0.1333373634,0.06341231776894012,2.102704460131084,0.47992462367455746,0.13958449607712312,-0.04990615300000001,gan_transformer,36,2000-02-01
2003-02-01,0.1473189912333333,0.05340954059445965,2.7582898035377448,0.5452605545668776,0.15611376721601763,-0.03639165339656525,gan_transformer,36,2000-03-01
2003-03-01,0.13600839770666664,0.052244271057391836,2.603316975315006,0.49455429398441286,0.1433272789227509,-0.03639165339656525,gan_transformer,36,2000-04-01
2003-04-01,0.13520700494000001,0.05237260177225371,2.58163620604449,0.4909767137179904,0.14241427245629062,-0.03639165339656536,gan_transformer,36,2000-05-01
2003-05-01,0.13424989360666667,0.05253223872395102,2.5555715284119063,0.48671334651366605,0.14132434233926464,-0.03639165339656525,gan_transformer,36,2000-06-01
2003-06-01,0.13136922334,0.0530782224350063,2.4750117338774893,0.4739374412577579,0.13804565151008527,-0.03639165339656525,gan_transformer,36,2000-07-01
2003-07-01,0.12878947334000002,0.052444975202339705,2.455706630484866,0.4628334230491005,0.13518059396764898,-0.03639165339656525,gan_transformer,36,2000-08-01
2003-08-01,0.12676970374000002,0.0524408975869559,2.4173824166490347,0.4540901536238449,0.13291443715219423,-0.03639165339656525,gan_transformer,36,2000-09-01
2003-09-01,0.12350630487333335,0.05287875378919825,2.3356508242552882,0.4399736668145676,0.1292363511496504,-0.03639165339656525,gan_transformer,36,2000-10-01
2003-10-01,0.11847630974000001,0.05259114173627935,2.252780712274793,0.41868222018769374,0.12364306393585105,-0.03639165339656514,gan_transformer,36,2000-11-01
2003-11-01,0.11634832383999999,0.05271671696013119,2.2070479830523655,0.40971468891080964,0.12127053119193844,-0.03639165339656536,gan_transformer,36,2000-12-01
2003-12-01,0.11139542650666664,0.051777719273406526,2.1514162475650074,0.3893098960797046,0.11583430651562003,-0.03639165339656525,gan_transformer,36,2001-01-01
2004-01-01,0.11049741857333331,0.05196580075387521,2.1263488096080816,0.38556717500648763,0.1148314075448808,-0.03639165339656525,gan_transformer,36,2001-02-01
2004-02-01,0.09898513490666669,0.04787546555823531,2.0675545136216376,0.3396975014678122,0.10239080582886835,-0.03639165339656525,gan_transformer,36,2001-03-01
2004-03-01,0.10260525637333333,0.04708647590417026,2.179081241547023,0.35435101848032224,0.10639553101626817,-0.03639165339656514,gan_transformer,36,2001-04-01
2004-04-01,0.09631852107333334,0.04680222332268773,2.0579902883938894,0.3293031808938979,0.09953235793998576,-0.03639165339656525,gan_transformer,36,2001-05-01
2004-05-01,0.09534098174,0.046742108703253994,2.0397235893930206,0.32545201355448017,0.09846950058558007,-0.03639165339656525,gan_transformer,36,2001-06-01
2004-06-01,0.09737116040666668,0.04702606311298854,2.0705786102637385,0.3334340525996935,0.100670129574579,-0.03639165339656514,gan_transformer,36,2001-07-01
2004-07-01,0.08945407414,0.04682391517266958,1.9104355927975243,0.3024093998089267,0.09206672380987568,-0.03639165339656525,gan_transformer,36,2001-08-01
2004-08-01,0.08437994164,0.04666064677697898,1.8083748826565904,0.28290190058203196,0.08658694506457457,-0.03639165339656514,gan_transformer,36,2001-09-01
2004-09-01,0.08458973064000001,0.04669395590209707,1.8115777300462348,0.28369822312125687,0.08681172055356146,-0.03639165339656514,gan_transformer,36,2001-10-01
2004-10-01,0.08720636407333333,0.046413996934308734,1.878880722053724,0.29379136935372746,0.08965265967665481,-0.03639165339656536,gan_transformer,36,2001-11-01
2004-11-01,0.08717131890666667,0.04641049538739003,1.8782673655828193,0.2936569358668251,0.08961491766148642,-0.03639165339656525,gan_transformer,36,2001-12-01
2004-12-01,0.08942933230666666,0.046019913074490125,1.9432746898481073,0.3024536538666939,0.09207909263863297,-0.03639165339656514,gan_transformer,36,2002-01-01
2005-01-01,0.08613936217333334,0.0458657761494719,1.8780748829500653,0.2897803262244171,0.08852543819636058,-0.03639165339656514,gan_transformer,36,2002-02-01
2005-02-01,0.07761908800666667,0.04459767806433929,1.7404289051705495,0.25765257765506916,0.07941113807789346,-0.03639165339656525,gan_transformer,36,2002-03-01
2005-03-01,0.07142081967333334,0.04371546110543269,1.633765671625447,0.23476162403684248,0.07282209115324093,-0.03639165339656525,gan_transformer,36,2002-04-01
2005-04-01,0.07137834200666666,0.0436996422559036,1.6333850421172225,0.23460763748036145,0.07277749224871298,-0.03639165339656525,gan_transformer,36,2002-05-01
2005-05-01,0.07325264800666666,0.04400037820014995,1.6648185993641529,0.24148062564872685,0.07476450602102071,-0.03639165339656525,gan_transformer,36,2002-06-01
2005-06-01,0.06696688934,0.04237418413157722,1.5803699991499378,0.21866591731920518,0.06814010530596917,-0.03639165339656525,gan_transformer,36,2002-07-01
2005-07-01,0.05763387967333333,0.035822586714990216,1.6088698488436073,0.1860411222294601,0.0585220658054881,-0.03639165339656525,gan_transformer,36,2002-08-01
2005-08-01,0.056923532006666666,0.03581689509267572,1.5892927586095278,0.18352898628921394,0.05777419095705069,-0.03639165339656536,gan_transformer,36,2002-09-01
2005-09-01,0.05363982864,0.03593618003649816,1.4926413599197614,0.17196548772343326,0.05431796703605731,-0.03639165339656525,gan_transformer,36,2002-10-01
2005-10-01,0.05848162430666666,0.03577391770003324,1.6347559357920787,0.18905297514636776,0.05941731804798297,-0.032755595000000026,gan_transformer,36,2002-11-01
2005-11-01,0.07503015864000001,0.028641582653570766,2.619623347896452,0.25008331209629864,0.07724127654698881,-0.017604950418018017,gan_transformer,36,2002-12-01
2005-12-01,0.06711884139333334,0.026860790281405394,2.4987664432120935,0.22110539419464173,0.06885235037012272,-0.017604950418017795,gan_transformer,36,2003-01-01
2006-01-01,0.07005314152666667,0.02559083874774998,2.7374304616266603,0.23196018355743514,0.07201013334307946,-0.007961269499999979,gan_transformer,36,2003-02-01
2006-02-01,0.07496554046,0.024245408202692678,3.0919479611679366,0.25026152514487443,0.07729246495657559,-0.002983895800000025,gan_transformer,36,2003-03-01
2006-03-01,0.07722035308666667,0.02397335026050971,3.2210914305902625,0.25871773625902084,0.07971578491099586,-0.002983895799999914,gan_transformer,36,2003-04-01
2006-04-01,0.07674540196333333,0.02407852972532732,3.1872960200974254,0.256927747191609,0.07920373039258913,-0.002983895800000025,gan_transformer,36,2003-05-01
2006-05-01,0.07548084676333333,0.024451258636903218,3.0869922847003624,0.25216550863994813,0.07783904573255765,-0.002983895800000025,gan_transformer,36,2003-06-01
2006-06-01,0.07724223726333333,0.023949278756995058,3.225242732655261,0.2588019684385061,0.07973986888750419,-0.0029263847999999593,gan_transformer,36,2003-07-01
2006-07-01,0.07096459839666666,0.022853834133962393,3.105150671029344,0.23554990970123862,0.07305034313759026,-0.0029263848000000703,gan_transformer,36,2003-08-01
2006-08-01,0.07197643899666667,0.023002875126387757,3.1290192465592646,0.23927171021342516,0.07412669949768924,-0.0029263847999999593,gan_transformer,36,2003-09-01
2006-09-01,0.07715318486333334,0.023052647059317675,3.346825406418943,0.25854364420253784,0.0796660044604509,-0.0029263847999999593,gan_transformer,36,2003-10-01
2006-10-01,0.08119251866333334,0.02392476175305569,3.3936604887178596,0.2737117204717681,0.08398610444774658,-0.0029263847999999593,gan_transformer,36,2003-11-01
2006-11-01,0.08142911189666666,0.02389576023828511,3.4076803200512216,0.27461255784106464,0.08424159529795192,-0.0029263847999999593,gan_transformer,36,2003-12-01
2006-12-01,0.08128954056333332,0.02386750215884956,3.4058671084352614,0.2740850266353353,0.08409199422923437,-0.0029263847999999593,gan_transformer,36,2004-01-01
2007-01-01,0.08303244433,0.023343773830917208,3.5569417751995727,0.2807646430497256,0.085983207825884,-0.0029263847999999593,gan_transformer,36,2004-02-01
2007-02-01,0.08138008253000001,0.023389222607575998,3.479383812595814,0.2744705683102916,0.08420133295276923,-0.0029263847999999593,gan_transformer,36,2004-03-01
2007-03-01,0.08190931396333334,0.023337010105445137,3.509846102531435,0.27648644021906754,0.08477267076303205,-0.0029263847999999593,gan_transformer,36,2004-04-01
2007-04-01,0.08405991726333334,0.02307319741964968,3.643184589221514,0.28471450179769037,0.08709844740100676,-0.0029263848000000703,gan_transformer,36,2004-05-01
2007-05-01,0.08480414159666666,0.023185598822069005,3.6576213643421878,0.287556374573132,0.08789943477760086,-0.0029263847999998482,gan_transformer,36,2004-06-01
2007-06-01,0.07819418543000001,0.02296646181543372,3.404711881977947,0.2624622020684109,0.080785380395378,-0.0029263847999999593,gan_transformer,36,2004-07-01
2007-07-01,0.07431248603000001,0.02545706229396493,2.91913046257569,0.24771755724704939,0.07656129570243912,-0.016916367803769816,gan_transformer,36,2004-08-01
2007-08-01,0.07549433309666666,0.025295384321990456,2.984510222722171,0.25213655635681165,0.07783073848629049,-0.016916367803769705,gan_transformer,36,2004-09-01
2007-09-01,0.07146835603,0.02489972787229545,2.8702464700234285,0.2372303768439963,0.07353660676449258,-0.016916367803769816,gan_transformer,36,2004-10-01
2007-10-01,0.07008399986333333,0.024998689850653535,2.8035069150434353,0.23212394142677975,0.0720576300939101,-0.016916367803769705,gan_transformer,36,2004-11-01
2007-11-01,0.07022216119666666,0.02503324455138961,2.805156201486818,0.23262872024737008,0.07220401095833912,-0.016916367803769927,gan_transformer,36,2004-12-01
2007-12-01,0.07132395866333334,0.024975605195401193,2.8557449601448033,0.23669096352405414,0.07338056896344956,-0.016916367803769816,gan_transformer,36,2005-01-01
2008-01-01,0.06238669479666667,0.02984027819705904,2.0906874387925543,0.20368072008779609,0.06374394598614357,-0.022338726999999947,gan_transformer,36,2005-02-01
2008-02-01,0.06545978879666665,0.029826561359675485,2.194681043090877,0.21477127269698193,0.06700102758820443,-0.022338726999999836,gan_transformer,36,2005-03-01
2008-03-01,0.06900860779666665,0.03016042388841578,2.2880516551085988,0.2276653049179296,0.07076293011142092,-0.022338726999999947,gan_transformer,36,2005-04-01
2008-04-01,0.06631045046333334,0.02903280877170818,2.2839833026404035,0.21793916645046585,0.06792773479508371,-0.022338726999999947,gan_transformer,36,2005-05-01
2008-05-01,0.062131367130000004,0.02842568439334407,2.185747448337539,0.20290526211243617,0.06351546182692425,-0.022338726999999947,gan_transformer,36,2005-06-01
2008-06-01,0.04664269379666666,0.03822094925206582,1.2203436782550776,0.1474148183589864,0.04690390103611774,-0.03918951999999998,gan_transformer,36,2005-07-01
2008-07-01,0.047351553463333335,0.03850646512635707,1.2297039810834762,0.1498120337114848,0.0476324688101542,-0.03918951999999998,gan_transformer,36,2005-08-01
2008-08-01,0.05003878899666667,0.038789650076720326,1.2900036194628508,0.15904467288299562,0.05042905304051437,-0.03918951999999998,gan_transformer,36,2005-09-01
2008-09-01,0.04702269536333333,0.03959342012627163,1.1876391383560247,0.1485406537274342,0.04724619402923785,-0.03918952000000009,gan_transformer,36,2005-10-01
2008-10-01,0.04044158636333333,0.04006078731989288,1.0095055306926373,0.12610617398925003,0.0403826790650323,-0.03918951999999998,gan_transformer,36,2005-11-01
2008-11-01,0.03507243327666666,0.03926858175857067,0.8931423470370645,0.10826873908747417,0.03486022339728557,-0.03918951999999998,gan_transformer,36,2005-12-01
2008-12-01,0.046919751523333345,0.043531731584141815,1.0778287427561404,0.1476536951915262,0.04697654658427123,-0.03918952000000009,gan_transformer,36,2006-01-01
2009-01-01,0.03897277039,0.04651243031354638,0.8379001081491433,0.12026740305861217,0.038581461936737706,-0.03918951999999998,gan_transformer,36,2006-02-01
2009-02-01,0.03638460139,0.0465265202738658,0.782018538584701,0.11162762149743814,0.03590463557521023,-0.03918951999999998,gan_transformer,36,2006-03-01
2009-03-01,0.036456285123333335,0.04653280746950794,0.783453376356508,0.11186504130683655,0.035978379326858934,-0.03918951999999998,gan_transformer,36,2006-04-01
2009-04-01,0.01097914514666667,0.0651460106997836,0.1685313502504788,0.02692863253082297,0.008896822652223744,-0.09327071490381611,gan_transformer,36,2006-05-01
2009-05-01,0.000793931080000002,0.0680215171983533,0.011671763769762282,-0.004528710769043815,-0.0015118548094280476,-0.12325003854615613,gan_transformer,36,2006-06-01
2009-06-01,0.0010103793133333357,0.06802986200525925,0.014851997101731962,-0.003883790258358687,-0.0012962763591270725,-0.12325003854615602,gan_transformer,36,2006-07-01
2009-07-01,0.004946914846666669,0.06840886125166873,0.07231394816626913,0.007871381334273142,0.002616939432174474,-0.12325003854615624,gan_transformer,36,2006-08-01
2009-08-01,-0.010494326486666664,0.07117910772203856,-0.14743548805989592,-0.038320088106235974,-0.012940086280517342,-0.1413055092482155,gan_transformer,36,2006-09-01
2009-09-01,-0.015500411266666665,0.07061492602350038,-0.21950616023456831,-0.05256070876605529,-0.017836484949779983,-0.14201320260472494,gan_transformer,36,2006-10-01
2009-10-01,-0.01705138793333333,0.0702385198926822,-0.24276405538422835,-0.05689288654702522,-0.019335757330963474,-0.14201320260472516,gan_transformer,36,2006-11-01
2009-11-01,-0.013791533933333329,0.07073590869652936,-0.19497217449346213,-0.047709030844686084,-0.016162840240041918,-0.14201320260472483,gan_transformer,36,2006-12-01
2009-12-01,-0.015392768766666665,0.07050068902182549,-0.21833501175997574,-0.05223256851131797,-0.01772310910653295,-0.14201320260472516,gan_transformer,36,2007-01-01
2010-01-01,-0.020687662766666663,0.07079933445977496,-0.2922013734242159,-0.06724903792905108,-0.0229384974215863,-0.14201320260472516,gan_transformer,36,2007-02-01
2010-02-01,-0.016045320966666665,0.07162016869930045,-0.22403355448705312,-0.05430708674384045,-0.018440317371598566,-0.14201320260472494,gan_transformer,36,2007-03-01
2010-03-01,-0.012273220299999995,0.07227777501635788,-0.1698062827365995,-0.043662360297251845,-0.014771235178868676,-0.14201320260472483,gan_transformer,36,2007-04-01
2010-04-01,-0.017532586133333326,0.07222336689933549,-0.24275503740735516,-0.058641098450221946,-0.019942075633346906,-0.14201320260472505,gan_transformer,36,2007-05-01
2010-05-01,-0.022770916266666663,0.07182160833552914,-0.3170482643647818,-0.07326565181428937,-0.025043842186791787,-0.14201320260472494,gan_transformer,36,2007-06-01
2010-06-01,-0.02356394076666666,0.07184021419876573,-0.3280048790148444,-0.07547567983455865,-0.02581946736798015,-0.14201320260472472,gan_transformer,36,2007-07-01
2010-07-01,-0.012112715433333327,0.0725079861550351,-0.16705353541931456,-0.043245225366105464,-0.014628010450951641,-0.14201320260472494,gan_transformer,36,2007-08-01
2010-08-01,-0.018062015999999997,0.07276300123175723,-0.24823077242884353,-0.06024242934346206,-0.020498111438980192,-0.14201320260472494,gan_transformer,36,2007-09-01
2010-09-01,-0.012217802933333329,0.07378929123196445,-0.1655769113559496,-0.04380679956396708,-0.014820838610178943,-0.14201320260472483,gan_transformer,36,2007-10-01
2010-10-01,-0.012361737999999994,0.0737834811004876,-0.16754072613034113,-0.044218828647142716,-0.014962365373171173,-0.14201320260472483,gan_transformer,36,2007-11-01
2010-11-01,-0.015552153499999995,0.07340385697565407,-0.2118710670088929,-0.053257155519278586,-0.018077201257765102,-0.14201320260472494,gan_transformer,36,2007-12-01
2010-12-01,-0.015493367833333329,0.07341016687711636,-0.21105207210968713,-0.053091232573018635,-0.018019841786522887,-0.14201320260472505,gan_transformer,36,2008-01-01
2011-01-01,-0.008110224899999997,0.07233885587922195,-0.11211436511438541,-0.031638517912590744,-0.010659391549712667,-0.14201320260472472,gan_transformer,36,2008-02-01
2011-02-01,-0.013964027633333329,0.07217668646141095,-0.19347005685553537,-0.04847915116611491,-0.016428122368489152,-0.14201320260472483,gan_transformer,36,2008-03-01
2011-03-01,-0.016576455866666662,0.07176512706271823,-0.2309820458086819,-0.05583592824255657,-0.018969544336742965,-0.14201320260472483,gan_transformer,36,2008-04-01
2011-04-01,-0.016486601533333332,0.07178460795452152,-0.22966764050279778,-0.05558483554781482,-0.018882586375767955,-0.14201320260472516,gan_transformer,36,2008-05-01
2011-05-01,-0.016535196099999996,0.0717815136437694,-0.23035451971742082,-0.05572208480166286,-0.01893011637517699,-0.14201320260472505,gan_transformer,36,2008-06-01
2011-06-01,-0.002162467099999997,0.06822276541528,-0.03169714811231713,-0.013345827907075253,-0.004468547476379373,-0.14201320260472505,gan_transformer,36,2008-07-01
2011-07-01,-0.011489761433333329,0.06729100968048465,-0.1707473477941515,-0.04041285595138058,-0.013656605868858107,-0.14201320260472516,gan_transformer,36,2008-08-01
2011-08-01,-0.021041162099999997,0.06742566012306758,-0.31206460658442137,-0.06758171736263331,-0.023054672382376466,-0.14201320260472505,gan_transformer,36,2008-09-01
2011-09-01,-0.025787486099999996,0.06856028007836826,-0.3761286574460233,-0.08100109809729085,-0.02776407602701969,-0.14201320260472494,gan_transformer,36,2008-10-01
2011-10-01,-0.0006494751000000002,0.07901372596774937,-0.008219775640818317,-0.011067884825578656,-0.003702990152628401,-0.14201320260472494,gan_transformer,36,2008-11-01
2011-11-01,0.0039722173200000006,0.07946825563833652,0.049984956736407224,0.0026330137353042355,0.000876902063106405,-0.14201320260472483,gan_transformer,36,2008-12-01
2011-12-01,-0.00583436878,0.07675140918480292,-0.07601643855101003,-0.025848252788650987,-0.008691405949097022,-0.14201320260472483,gan_transformer,36,2009-01-01
2012-01-01,0.008532878886666668,0.07610935846486619,0.11211339917686519,0.017205354725310207,0.005702537494414959,-0.1255776314362662,gan_transformer,36,2009-02-01
2012-02-01,0.012897219786666667,0.07638401176115385,0.16884711197148364,0.030536826747902885,0.010077054131068153,-0.1255776314362661,gan_transformer,36,2009-03-01
2012-03-01,0.015208456786666668,0.07667619203278192,0.19834653213039696,0.037631824437499836,0.012389800352077157,-0.1255776314362661,gan_transformer,36,2009-04-01
2012-04-01,0.04126375318666667,0.061478996470149844,0.6711845598634913,0.12540104863449472,0.04016548421741899,-0.053756384074148844,gan_transformer,36,2009-05-01
2012-05-01,0.05026052708666666,0.05785266154816158,0.8687677583307974,0.15681461638705443,0.049754928862647596,-0.048717301333562446,gan_transformer,36,2009-06-01
2012-06-01,0.05454578961999999,0.05823315841855145,0.9366792236813183,0.17164264234005921,0.05422114594021749,-0.04871730133356267,gan_transformer,36,2009-07-01
2012-07-01,0.052133917286666664,0.058042173827289344,0.8982075247870053,0.16327006498276753,0.05170398000285778,-0.04871730133356267,gan_transformer,36,2009-08-01
2012-08-01,0.06717584328666666,0.05303477414766903,1.2666376800177086,0.21769939935957572,0.06785765172972917,-0.04871730133356256,gan_transformer,36,2009-09-01
2012-09-01,0.06801449533333334,0.05295014292325604,1.2845006940191077,0.2207656046542048,0.06875320016765335,-0.04871730133356267,gan_transformer,36,2009-10-01
2012-10-01,0.06678320700000001,0.052819130139302166,1.264375365968159,0.21631384166299084,0.06745247786312175,-0.04871730133356256,gan_transformer,36,2009-11-01
2012-11-01,0.068397987,0.05315923231476893,1.2866624294910551,0.22212437833922527,0.06914957854508823,-0.04871730133356256,gan_transformer,36,2009-12-01
2012-12-01,0.0673025313,0.053176814412970924,1.2656367637468615,0.21813383871302347,0.0679846300376308,-0.04871730133356267,gan_transformer,36,2010-01-01
2013-01-01,0.0815172113,0.053669806729120216,1.5188653782829873,0.2707812419492723,0.08315414296072908,-0.048717301333562446,gan_transformer,36,2010-02-01
2013-02-01,0.07919085396666665,0.05333489537759575,1.4847850250013268,0.2620663957001522,0.08067241953489336,-0.04871730133356278,gan_transformer,36,2010-03-01
2013-03-01,0.07930609196666667,0.05335765166560507,1.486311512801982,0.2624955543766287,0.08079489787364048,-0.04871730133356278,gan_transformer,36,2010-04-01
2013-04-01,0.08216728966666667,0.05275635212000448,1.5574861863034302,0.2734241495618645,0.0839045197040026,-0.04871730133356278,gan_transformer,36,2010-05-01
2013-05-01,0.08665629180000001,0.05236391867034916,1.6548855395169029,0.2906451104277038,0.08876866548008461,-0.04871730133356267,gan_transformer,36,2010-06-01
2013-06-01,0.08764320246666667,0.052159179317751304,1.6803025586876728,0.2944846355941124,0.08984725171896701,-0.04871730133356267,gan_transformer,36,2010-07-01
2013-07-01,0.08879442346666666,0.05247959646458933,1.691979920740831,0.29886862437201783,0.09107618211610453,-0.04871730133356256,gan_transformer,36,2010-08-01
2013-08-01,0.08999875213333335,0.05203272032350444,1.7296568692503802,0.30362423175515346,0.0924061627164378,-0.04871730133356256,gan_transformer,36,2010-09-01
2013-09-01,0.09086693813333334,0.052268701381545504,1.7384579247537169,0.30695297164841495,0.09333517410898691,-0.04871730133356256,gan_transformer,36,2010-10-01
2013-10-01,0.09610466636666667,0.05244586938949939,1.8324544427498526,0.32745541917761556,0.09902266335932625,-0.04871730133356267,gan_transformer,36,2010-11-01
2013-11-01,0.10232497686666668,0.05288654167695178,1.9348018157757594,0.3521636001936816,0.10579956195417269,-0.04871730133356267,gan_transformer,36,2010-12-01
2013-12-01,0.09964011936666667,0.05319826785408636,1.8729955576742132,0.3413423522918269,0.10284178495717743,-0.04871730133356256,gan_transformer,36,2011-01-01
2014-01-01,0.09528194009999999,0.054435069464899816,1.7503778545086375,0.3238016005713192,0.09801338415744137,-0.048717301333562446,gan_transformer,36,2011-02-01
2014-02-01,0.09994871120000001,0.053645530119859404,1.8631321375086813,0.34248007611156644,0.10315350621663671,-0.04871730133356267,gan_transformer,36,2011-03-01
2014-03-01,0.0989334739,0.05372289888170797,1.8415512930127027,0.3384149766886508,0.1020389117303363,-0.04871730133356256,gan_transformer,36,2011-04-01
2014-04-01,0.09527500143333334,0.053701437160144846,1.7741611113536975,0.3239265016151682,0.09804791569269256,-0.04871730133356256,gan_transformer,36,2011-05-01
2014-05-01,0.098162924,0.05366088034690768,1.8293200440506159,0.3353624415584963,0.1012004639540674,-0.04871730133356267,gan_transformer,36,2011-06-01
2014-06-01,0.09735756853333336,0.053744577324558326,1.8114863560169123,0.33214874278394835,0.10031636706927807,-0.04871730133356256,gan_transformer,36,2011-07-01
2014-07-01,0.0996175739,0.053188220572002565,1.872925486671331,0.34125338030385216,0.10281740038067769,-0.041065786885357225,gan_transformer,36,2011-08-01
2014-08-01,0.11083052056666667,0.0512996249158653,2.1604547937423693,0.3871334617852125,0.11525132899734718,-0.02487306300000003,gan_transformer,36,2011-09-01
2014-09-01,0.11930767013333332,0.04745968691310687,2.513873940040348,0.42331009903612676,0.12486354862870673,-0.014842128881575434,gan_transformer,36,2011-10-01
2014-10-01,0.10613899313333333,0.03524533971862132,3.011433397455847,0.37058374186006293,0.11079826296465857,-0.014842128881575434,gan_transformer,36,2011-11-01
2014-11-01,0.1072219318,0.035477870323834884,3.022220071872965,0.37497223524022166,0.11198256059513174,-0.014842128881575434,gan_transformer,36,2011-12-01
2014-12-01,0.10618665913333333,0.03560352044544084,2.9824763901102065,0.3707283511404503,0.11083732809277624,-0.014842128881575545,gan_transformer,36,2012-01-01
2015-01-01,0.10344265013333334,0.0351654516831804,2.941598790349388,0.35964772611594786,0.10783598245636371,-0.014842128881575434,gan_transformer,36,2012-02-01
2015-02-01,0.10463660913333334,0.03534746608318009,2.960229423153026,0.36445957231616954,0.10914133531463295,-0.014842128881575323,gan_transformer,36,2012-03-01
2015-03-01,0.10436268496666665,0.035308189893158363,2.9557642372057393,0.36335382596397847,0.10884164146378211,-0.014842128881575323,gan_transformer,36,2012-04-01
2015-04-01,0.09789912056666668,0.0381776110301498,2.5643071403643702,0.3369771789371832,0.10164414707108571,-0.017126238000000016,gan_transformer,36,2012-05-01
2015-05-01,0.108304003,0.038440966146956926,2.817411055329929,0.3789654373840554,0.11305799551899234,-0.017126238000000016,gan_transformer,36,2012-06-01
2015-06-01,0.10519852056666665,0.03825344392233168,2.7500405134831167,0.3663182721644842,0.10964473985628558,-0.017126238000000127,gan_transformer,36,2012-07-01
2015-07-01,0.11249243056666668,0.03963532958679649,2.8381858240972133,0.3960579717582709,0.11763797805062289,-0.017126238000000016,gan_transformer,36,2012-08-01
2015-08-01,0.10687787256666667,0.040784738339364406,2.6205359386481786,0.372765879097599,0.11138745935987518,-0.017126238000000016,gan_transformer,36,2012-09-01
2015-09-01,0.11114892430000001,0.04067838664602144,2.732382807292849,0.3903256336651171,0.11610617260483488,-0.017126238000000016,gan_transformer,36,2012-10-01
2015-10-01,0.11693330263333335,0.04189088813845562,2.7913779781142707,0.41423124431681835,0.12246672634588769,-0.017126238000000016,gan_transformer,36,2012-11-01
2015-11-01,0.11512796263333334,0.04160051286436515,2.7674649831529248,0.4067138572881583,0.12047435723101384,-0.017126238000000127,gan_transformer,36,2012-12-01
2015-12-01,0.11654325016666667,0.04144806057233479,2.81179019132334,0.4126676299471518,0.12205289672670962,-0.017126238000000016,gan_transformer,36,2013-01-01
2016-01-01,0.10908278830000001,0.03979853278657438,2.7408746167848164,0.3819509140553864,0.11386067781782538,-0.017126238000000127,gan_transformer,36,2013-02-01
2016-02-01,0.10721865663333333,0.03985215074514375,2.6904107966217765,0.37430428005107774,0.11180246609077361,-0.017126238000000016,gan_transformer,36,2013-03-01
2016-03-01,0.10066922279999999,0.04009944317804556,2.5104892941534995,0.347753396043235,0.10459603069288169,-0.017126237999999905,gan_transformer,36,2013-04-01
2016-04-01,0.08946562593333333,0.046623401256036597,1.9188995981229426,0.3024624597868869,0.09208155382400995,-0.03597320014767813,gan_transformer,36,2013-05-01
2016-05-01,0.09524336493333332,0.047914703217544416,1.987769067480294,0.32483029021670956,0.09829772247342052,-0.03597320014767824,gan_transformer,36,2013-06-01
2016-06-01,0.09742887910000002,0.047606524314787665,2.046544680636061,0.3335322415581195,0.1006971452840753,-0.03597320014767813,gan_transformer,36,2013-07-01
2016-07-01,0.09279329143333333,0.04676208440162302,1.9843702995864028,0.31540825115310817,0.09568787041645632,-0.03597320014767813,gan_transformer,36,2013-08-01
2016-08-01,0.09390137043333335,0.04637755065686328,2.0247160340158485,0.31982334389001627,0.09691237271800698,-0.03597320014767813,gan_transformer,36,2013-09-01
2016-09-01,0.08531700553333332,0.045942252613387545,1.8570488097588838,0.28658563363386613,0.08762596221217567,-0.03597320014767824,gan_transformer,36,2013-10-01
2016-10-01,0.08125366073333334,0.04554632812933578,1.783978293543249,0.27116986521025976,0.0832645464350782,-0.03597320014767802,gan_transformer,36,2013-11-01
2016-11-01,0.08056957506666668,0.04533795769520913,1.777088760995965,0.2686153202573276,0.08253841643034376,-0.03597320014767824,gan_transformer,36,2013-12-01
2016-12-01,0.08258789056666668,0.045091388014474994,1.8315668291283191,0.27630902429557175,0.08472241174574635,-0.03597320014767824,gan_transformer,36,2014-01-01
1992-01-01,,,,,,,gan_transformer,60,
1992-02-01,,,,,,,gan_transformer,60,
1992-03-01,,,,,,,gan_transformer,60,
1992-04-01,,,,,,,gan_transformer,60,
1992-05-01,,,,,,,gan_transformer,60,
1992-06-01,,,,,,,gan_transformer,60,
1992-07-01,,,,,,,gan_transformer,60,
1992-08-01,,,,,,,gan_transformer,60,
1992-09-01,,,,,,,gan_transformer,60,
1992-10-01,,,,,,,gan_transformer,60,
1992-11-01,,,,,,,gan_transformer,60,
1992-12-01,,,,,,,gan_transformer,60,
1993-01-01,,,,,,,gan_transformer,60,
1993-02-01,,,,,,,gan_transformer,60,
1993-03-01,,,,,,,gan_transformer,60,
1993-04-01,,,,,,,gan_transformer,60,
1993-05-01,,,,,,,gan_transformer,60,
1993-06-01,,,,,,,gan_transformer,60,
1993-07-01,,,,,,,gan_transformer,60,
1993-08-01,,,,,,,gan_transformer,60,
1993-09-01,,,,,,,gan_transformer,60,
1993-10-01,,,,,,,gan_transformer,60,
1993-11-01,,,,,,,gan_transformer,60,
1993-12-01,,,,,,,gan_transformer,60,
1994-01-01,,,,,,,gan_transformer,60,
1994-02-01,,,,,,,gan_transformer,60,
1994-03-01,,,,,,,gan_transformer,60,
1994-04-01,,,,,,,gan_transformer,60,
1994-05-01,,,,,,,gan_transformer,60,
1994-06-01,,,,,,,gan_transformer,60,
1994-07-01,,,,,,,gan_transformer,60,
1994-08-01,,,,,,,gan_transformer,60,
1994-09-01,,,,,,,gan_transformer,60,
1994-10-01,,,,,,,gan_transformer,60,
1994-11-01,,,,,,,gan_transformer,60,
1994-12-01,,,,,,,gan_transformer,60,
1995-01-01,,,,,,,gan_transformer,60,
1995-02-01,,,,,,,gan_transformer,60,
1995-03-01,,,,,,,gan_transformer,60,
1995-04-01,,,,,,,gan_transformer,60,
1995-05-01,,,,,,,gan_transformer,60,
1995-06-01,,,,,,,gan_transformer,60,
1995-07-01,,,,,,,gan_transformer,60,
1995-08-01,,,,,,,gan_transformer,60,
1995-09-01,,,,,,,gan_transformer,60,
1995-10-01,,,,,,,gan_transformer,60,
1995-11-01,,,,,,,gan_transformer,60,
1995-12-01,,,,,,,gan_transformer,60,
1996-01-01,,,,,,,gan_transformer,60,
1996-02-01,,,,,,,gan_transformer,60,
1996-03-01,,,,,,,gan_transformer,60,
1996-04-01,,,,,,,gan_transformer,60,
1996-05-01,,,,,,,gan_transformer,60,
1996-06-01,,,,,,,gan_transformer,60,
1996-07-01,,,,,,,gan_transformer,60,
1996-08-01,,,,,,,gan_transformer,60,
1996-09-01,,,,,,,gan_transformer,60,
1996-10-01,,,,,,,gan_transformer,60,
1996-11-01,,,,,,,gan_transformer,60,
1996-12-01,0.080016819516,0.03102881430904296,2.578790756199797,0.4864824004203001,0.08251009312631905,-0.02624213106244344,gan_transformer,60,1992-01-01
1997-01-01,0.075638322516,0.0315183827038489,2.3998161081648184,0.45438870634408385,0.07779483663032714,-0.026242131062443552,gan_transformer,60,1992-02-01
1997-02-01,0.08035183951599999,0.031330747683417544,2.564632045424434,0.488889886774564,0.08286050986530896,-0.02624213106244333,gan_transformer,60,1992-03-01
1997-03-01,0.081590145116,0.03155106054357488,2.5859715556412626,0.4980247840549257,0.08418601185039336,-0.026242131062442997,gan_transformer,60,1992-04-01
1997-04-01,0.08107257471599999,0.03140749999899253,2.581312575614123,0.49421163532188517,0.08363350052680661,-0.02624213106244322,gan_transformer,60,1992-05-01
1997-05-01,0.08266929569,0.031283568335512865,2.642578838941287,0.5061356031652469,0.08535750829675372,-0.026242131062443552,gan_transformer,60,1992-06-01
1997-06-01,0.08411025508999999,0.031707201270733947,2.652717733483294,0.5168535460201464,0.08689785140195642,-0.026242131062443552,gan_transformer,60,1992-07-01
1997-07-01,0.08294426318800001,0.03185342207097473,2.603935709111139,0.508062714811183,0.08563511084744804,-0.02624213106244344,gan_transformer,60,1992-08-01
1997-08-01,0.080509707468,0.03192925046253127,2.5215032079277124,0.4899216467279648,0.0830105468234164,-0.02624213106244322,gan_transformer,60,1992-09-01
1997-09-01,0.077115558468,0.032682537770948594,2.3595339813711704,0.4648373092204849,0.07933902178880219,-0.02624213106244344,gan_transformer,60,1992-10-01
1997-10-01,0.078517677248,0.03245992518506535,2.418911220538659,0.4751283584113026,0.08085133280725482,-0.02624213106244322,gan_transformer,60,1992-11-01
1997-11-01,0.082913659448,0.03267627902819894,2.5374265954959943,0.5076389200570129,0.08557408710004066,-0.02624213106244333,gan_transformer,60,1992-12-01
1997-12-01,0.08395228984799999,0.032995993421930714,2.544317692589952,0.5153579709778792,0.08668343666461946,-0.026242131062443552,gan_transformer,60,1993-01-01
1998-01-01,0.081872083854,0.03309139515575002,2.474120038416505,0.4997623082848392,0.08443739969163172,-0.02624213106244333,gan_transformer,60,1993-02-01
1998-02-01,0.08173014805399999,0.033072228899829526,2.471262166863548,0.4987101262582509,0.08428519612293467,-0.02624213106244322,gan_transformer,60,1993-03-01
1998-03-01,0.08200199565399999,0.033127493545150016,2.4753456080894893,0.5007215653255989,0.08457608675772328,-0.02624213106244333,gan_transformer,60,1993-04-01
1998-04-01,0.081971066074,0.033133121026151645,2.473991689744562,0.5004897095942893,0.0845425721166106,-0.02624213106244344,gan_transformer,60,1993-05-01
1998-05-01,0.086853740554,0.03295154058388437,2.6358021207808893,0.537356960363545,0.08982042666732558,-0.02624213106244333,gan_transformer,60,1993-06-01
1998-06-01,0.08755785905399999,0.03297296269124516,2.6554440944200617,0.542734451784953,0.09058177456256986,-0.02624213106244333,gan_transformer,60,1993-07-01
1998-07-01,0.08794818349399999,0.032916798295107554,2.671832864956121,0.5457402504993573,0.09100641245586931,-0.02624213106244333,gan_transformer,60,1993-08-01
1998-08-01,0.09410737109400001,0.0323951141578077,2.9049865555518886,0.5938494666304468,0.09771464997040442,-0.02077404349851375,gan_transformer,60,1993-09-01
1998-09-01,0.09581611411400001,0.03226894535795173,2.9692979752246207,0.6074492628498972,0.09958157686620225,-0.020774043498513528,gan_transformer,60,1993-10-01
1998-10-01,0.102149706714,0.030618715056809933,3.3361852881308547,0.659162789602535,0.10656721726631187,-0.02077404349851375,gan_transformer,60,1993-11-01
1998-11-01,0.108092851794,0.03150718147738675,3.4307369534650407,0.7085416350754108,0.11307675516727,-0.02077404349851375,gan_transformer,60,1993-12-01
1998-12-01,0.107107431994,0.03142342888652964,3.4085214691485812,0.7002401990607653,0.11199300676616349,-0.02077404349851375,gan_transformer,60,1994-01-01
1999-01-01,0.10093539779399999,0.033165347707097816,3.0433993542120623,0.6485528394252956,0.10514833658089012,-0.02077404349851375,gan_transformer,60,1994-02-01
1999-02-01,0.10358620081400001,0.032764608613936826,3.1615271842416677,0.6704686570135148,0.10807119757538146,-0.02077404349851364,gan_transformer,60,1994-03-01
1999-03-01,0.09808054101400002,0.034250848598573046,2.8635944809287506,0.625085833210765,0.10198392880717452,-0.02077404349851375,gan_transformer,60,1994-04-01
1999-04-01,0.090154291914,0.03702052191155056,2.4352517808743124,0.56165931905468,0.09324439502564041,-0.04354991844538059,gan_transformer,60,1994-05-01
1999-05-01,0.090126043354,0.037023568233507276,2.4342884182738933,0.5614395494828994,0.0932136232208802,-0.04354991844538059,gan_transformer,60,1994-06-01
1999-06-01,0.088413339694,0.03683350041684873,2.400351275154862,0.5482754773748076,0.09136405804945189,-0.04354991844538059,gan_transformer,60,1994-07-01
1999-07-01,0.086869293326,0.03702078365281933,2.346500661376044,0.5364026820563929,0.08968509696379472,-0.04354991844538059,gan_transformer,60,1994-08-01
1999-08-01,0.083499993826,0.03711169635193904,2.2499643517814354,0.5108905855254549,0.08604195541176371,-0.04354991844538059,gan_transformer,60,1994-09-01
1999-09-01,0.082361261406,0.03739925367265326,2.202216710710017,0.5022924409820257,0.08480304708239376,-0.043549918445380476,gan_transformer,60,1994-10-01
1999-10-01,0.083730791206,0.03755637304853758,2.229469578912397,0.512500756536187,0.08627333792452721,-0.04354991844538059,gan_transformer,60,1994-11-01
1999-11-01,0.082630699806,0.037441035310359555,2.2069555267649585,0.5042925158976521,0.08509174358139056,-0.043549918445380364,gan_transformer,60,1994-12-01
1999-12-01,0.078562327406,0.03766967179244896,2.085559116067163,0.47413903630037374,0.0807063153119834,-0.043549918445380476,gan_transformer,60,1995-01-01
2000-01-01,0.07667064204599999,0.03819983513696636,2.0070935325007473,0.4602063501788626,0.07865570937424861,-0.04354991844538059,gan_transformer,60,1995-02-01
2000-02-01,0.06537161564600001,0.045749062511251305,1.428917054418827,0.3782517965113391,0.06626637406652776,-0.08179999663929116,gan_transformer,60,1995-03-01
2000-03-01,0.07139755144600002,0.0474970561244617,1.5031995090160797,0.41961540546510595,0.07259098073198265,-0.08179999663929094,gan_transformer,60,1995-04-01
2000-04-01,0.071290483566,0.047500078905179786,1.5008497924458375,0.4188591308835059,0.07247667565998574,-0.08179999663929094,gan_transformer,60,1995-05-01
2000-05-01,0.07137858966599998,0.04749629235460086,1.5028244548668586,0.4194818669182542,0.07257080095229863,-0.08179999663929094,gan_transformer,60,1995-06-01
2000-06-01,0.071659360066,0.04749025796385618,1.5089275809059282,0.42146616763895417,0.07287050382191132,-0.08179999663929083,gan_transformer,60,1995-07-01
2000-07-01,0.07300804806599999,0.048004482639471,1.5208589709072329,0.4308586517693007,0.07428459172668263,-0.08179999663929105,gan_transformer,60,1995-08-01
2000-08-01,0.075585943126,0.04806695736979115,1.572513578184248,0.4492852433397554,0.0770373743579973,-0.0817999966392906,gan_transformer,60,1995-09-01
2000-09-01,0.076214789826,0.04807436626398878,1.5853519401063938,0.45381806603724245,0.07771024717752359,-0.08179999663929094,gan_transformer,60,1995-10-01
2000-10-01,0.075810804626,0.047943996785042596,1.5812366450360515,0.45094630300842337,0.07728414479044285,-0.08179999663929116,gan_transformer,60,1995-11-01
2000-11-01,0.07469853762600001,0.04779122981522187,1.5630176899571635,0.443000399600011,0.07610163257272147,-0.08179999663929083,gan_transformer,60,1995-12-01
2000-12-01,0.077699777626,0.04859526329629006,1.598916691782425,0.46440726054982856,0.07927563961978969,-0.08179999663929105,gan_transformer,60,1996-01-01
2001-01-01,0.07822168498600002,0.0485103111021452,1.612475434785264,0.46823856759967336,0.07983978811657234,-0.08179999663929083,gan_transformer,60,1996-02-01
2001-02-01,0.085832079706,0.051208042532509566,1.6761445167818951,0.5238195281281955,0.08789431425006386,-0.08179999663929072,gan_transformer,60,1996-03-01
2001-03-01,0.084512171036,0.05149268507054493,1.6412461482678251,0.5137580662907806,0.08645387709399951,-0.08179999663929094,gan_transformer,60,1996-04-01
2001-04-01,0.092527045636,0.05027017316936351,1.8405953232798762,0.5756774501488614,0.09520007270323211,-0.08179999663929105,gan_transformer,60,1996-05-01
2001-05-01,0.09385912323600001,0.050301213421882277,1.865941532042027,0.5861137538972019,0.09664702858322735,-0.08179999663929094,gan_transformer,60,1996-06-01
2001-06-01,0.096556026696,0.05012006178769733,1.9264945662876463,0.6075472729774579,0.09959498537679046,-0.08179999663929072,gan_transformer,60,1996-07-01
2001-07-01,0.09627525049600003,0.05004313751493773,1.9238452118886857,0.6053395429932482,0.09929279289435561,-0.08179999663929072,gan_transformer,60,1996-08-01
2001-08-01,0.096942222696,0.050132490801889966,1.9337204504577565,0.6106245195010813,0.10001564322709346,-0.08179999663929105,gan_transformer,60,1996-09-01
2001-09-01,0.09888005517600001,0.05016892412768827,1.970942309313506,0.6261642049806944,0.10213014053779132,-0.08179999663929083,gan_transformer,60,1996-10-01
2001-10-01,0.094069991116,0.04993669670456503,1.883784818057468,0.5879128337820739,0.0968956943638166,-0.08179999663929083,gan_transformer,60,1996-11-01
2001-11-01,0.094204276616,0.049946667240350025,1.8860973478505874,0.5889672398522511,0.09704132784960989,-0.08179999663929083,gan_transformer,60,1996-12-01
2001-12-01,0.090207580296,0.05006799826508341,1.8017013545937837,0.5577198117561674,0.0926922647805207,-0.08179999663929116,gan_transformer,60,1997-01-01
2002-01-01,0.09465599429600001,0.04966150109336393,1.9060236241761228,0.5926425831384468,0.097548358841089,-0.08179999663929083,gan_transformer,60,1997-02-01
2002-02-01,0.096475067896,0.05016691801811057,1.9230814191370473,0.6068853672396054,0.09950441906561955,-0.08179999663929127,gan_transformer,60,1997-03-01
2002-03-01,0.09772983349600001,0.05043047663846464,1.9379121517455362,0.6168143403009066,0.10085984455816327,-0.08179999663929105,gan_transformer,60,1997-04-01
2002-04-01,0.099283576696,0.0507348913099813,1.9569092222824473,0.6292006402848653,0.10254142128488808,-0.08179999663929094,gan_transformer,60,1997-05-01
2002-05-01,0.09961021809599999,0.05074111982144759,1.9631064203257114,0.6318392398812662,0.10289831809321862,-0.08179999663929116,gan_transformer,60,1997-06-01
2002-06-01,0.100905640096,0.05111723426420464,1.9740042971507203,0.6422050842006987,0.10429594764656983,-0.08179999663929094,gan_transformer,60,1997-07-01
2002-07-01,0.110055339538,0.05364167614633293,2.051675999791137,0.7173239851204756,0.11421871061671272,-0.08179999663929094,gan_transformer,60,1997-08-01
2002-08-01,0.11132940763800002,0.05348948901114394,2.0813324205584722,0.7282666873663689,0.11563505439496433,-0.08179999663929094,gan_transformer,60,1997-09-01
2002-09-01,0.11477607343799998,0.05284523713461052,2.1719284397501246,0.7583199947213993,0.11948836161343739,-0.08179999663929094,gan_transformer,60,1997-10-01
2002-10-01,0.11304325263800002,0.05314184043374197,2.1271986765107243,0.7431600854277073,0.11755126527225297,-0.08179999663929094,gan_transformer,60,1997-11-01
2002-11-01,0.102633648238,0.056185767594251985,1.8266840987058046,0.6541492853152259,0.10589766305354074,-0.08179999663929138,gan_transformer,60,1997-12-01
2002-12-01,0.10350852523800001,0.056392612733799086,1.8354979530140099,0.6612468496717079,0.10684506760661155,-0.08179999663929127,gan_transformer,60,1998-01-01
2003-01-01,0.101520580232,0.05686720031613976,1.7852220553785014,0.6447381224457381,0.10463640446861903,-0.08179999663929083,gan_transformer,60,1998-02-01
2003-02-01,0.097757394532,0.057326766050289135,1.7052661656553874,0.614123162483266,0.10049312538815972,-0.08179999663929072,gan_transformer,60,1998-03-01
2003-03-01,0.09495981561599999,0.0573716727971596,1.6551690230775582,0.5918593123311274,0.09744038147493235,-0.08179999663929105,gan_transformer,60,1998-04-01
2003-04-01,0.095185291556,0.057345562133323716,1.659854538258811,0.5936524584491357,0.09768751196717404,-0.08179999663929116,gan_transformer,60,1998-05-01
2003-05-01,0.09183597751599999,0.057234569227627805,1.6045543585863082,0.5674369823085941,0.09405213472780964,-0.08179999663929094,gan_transformer,60,1998-06-01
2003-06-01,0.08923648315600001,0.05742039830149623,1.5540902849096874,0.5472662455383854,0.09122174143112442,-0.08179999663929072,gan_transformer,60,1998-07-01
2003-07-01,0.09242344105599999,0.05764715087134934,1.6032612134164375,0.5718325036656835,0.09466505179125181,-0.08179999663929072,gan_transformer,60,1998-08-01
2003-08-01,0.08991500629600002,0.057363456773299244,1.5674614354456478,0.552509856549368,0.09196036046773451,-0.08179999663929083,gan_transformer,60,1998-09-01
2003-09-01,0.087680215976,0.05748807919229536,1.5251895211651292,0.5353311871765344,0.08953306418412775,-0.08179999663929127,gan_transformer,60,1998-10-01
2003-10-01,0.085568787696,0.05735611475887868,1.4918860535746803,0.5193781477313935,0.08725941026249931,-0.0817999966392906,gan_transformer,60,1998-11-01
2003-11-01,0.080646228956,0.056569371240765706,1.4256164985953341,0.4830070996503904,0.08200345123490574,-0.08179999663929116,gan_transformer,60,1998-12-01
2003-12-01,0.081157688156,0.05660310200736136,1.4338028354955752,0.4867652650137591,0.08255128843045743,-0.08179999663929116,gan_transformer,60,1999-01-01
2004-01-01,0.083769733496,0.055844055897718084,1.5000653543043068,0.5064929565800261,0.08540900690104583,-0.07659478656611396,gan_transformer,60,1999-02-01
2004-02-01,0.083460922296,0.05582994842166468,1.4949131184153694,0.5041904438634588,0.08507701765187417,-0.07659478656611418,gan_transformer,60,1999-03-01
2004-03-01,0.08706590423599998,0.05501308808029935,1.5826398276154763,0.5316954506775723,0.08901656159799312,-0.06339492369482613,gan_transformer,60,1999-04-01
2004-04-01,0.09209373705599999,0.05320707496427058,1.7308550999625976,0.5711566318597006,0.09457089665343295,-0.06339492369482624,gan_transformer,60,1999-05-01
2004-05-01,0.093253887976,0.05317807910605712,1.753615202798443,0.5802386014665128,0.09583340018903251,-0.06339492369482624,gan_transformer,60,1999-06-01
2004-06-01,0.095306503036,0.05335294250668858,1.7863401446705942,0.5963409776683402,0.09805762585383483,-0.06339492369482624,gan_transformer,60,1999-07-01
2004-07-01,0.094913437144,0.05342683545114311,1.7765124275570254,0.5932006236627367,0.09762526129801483,-0.06339492369482591,gan_transformer,60,1999-08-01
2004-08-01,0.095593861344,0.053316053413569986,1.792965818427766,0.5986334238945281,0.0983728208372854,-0.06339492369482613,gan_transformer,60,1999-09-01
2004-09-01,0.09954334782400001,0.05305597036375765,1.8761950284109348,0.6303669326746774,0.102699230898473,-0.06339492369482602,gan_transformer,60,1999-10-01
2004-10-01,0.09787700062400001,0.0529862771247349,1.8472141455340958,0.6169782498451852,0.10088216426603086,-0.06339492369482624,gan_transformer,60,1999-11-01
2004-11-01,0.09861183382399999,0.05301021269517464,1.8602421837288028,0.6228718675767897,0.10168350342368482,-0.06339492369482613,gan_transformer,60,1999-12-01
2004-12-01,0.100312483544,0.052697167868791014,1.9035649846262104,0.6367482861918391,0.10356108873298288,-0.058186758629722446,gan_transformer,60,2000-01-01
2005-01-01,0.10295020966400002,0.05215529428595253,1.9739167628803609,0.6585245471633366,0.10648206988209812,-0.04990615300000001,gan_transformer,60,2000-02-01
2005-02-01,0.11304900676400001,0.04504241025559029,2.5098347562333054,0.746669012786699,0.1180008226689517,-0.03639165339656525,gan_transformer,60,2000-03-01
2005-03-01,0.106841096964,0.043707854003346695,2.4444370331203906,0.6942390881607954,0.11120692551120476,-0.03639165339656525,gan_transformer,60,2000-04-01
2005-04-01,0.110311488844,0.04402860714774127,2.5054503421796097,0.7235098642045144,0.11502024986707862,-0.03639165339656536,gan_transformer,60,2000-05-01
2005-05-01,0.11261561548400001,0.04406207916695877,2.5558397972388036,0.7432835800458094,0.11756709946408063,-0.03639165339656525,gan_transformer,60,2000-06-01
2005-06-01,0.112939292484,0.04404017926144544,2.564460326410879,0.7460890105938366,0.11792656371428346,-0.03639165339656525,gan_transformer,60,2000-07-01
2005-07-01,0.11105429208400001,0.043459371101146234,2.555358931116032,0.7300694695881527,0.11586770464462769,-0.03639165339656525,gan_transformer,60,2000-08-01
2005-08-01,0.109095461764,0.043472620229898465,2.5095211925820187,0.7133552437816071,0.11370324127977413,-0.03639165339656525,gan_transformer,60,2000-09-01
2005-09-01,0.10708748714399997,0.04373363647349041,2.4486298368742356,0.6962975811136479,0.11147681667037414,-0.03639165339656525,gan_transformer,60,2000-10-01
2005-10-01,0.10512888714399998,0.04342190091196924,2.4211028291260552,0.6800203849357983,0.1093354978173121,-0.03639165339656514,gan_transformer,60,2000-11-01
2005-11-01,0.10651579434399999,0.043571196549529075,2.4446378061460705,0.6915557071980764,0.11085471048041405,-0.03639165339656536,gan_transformer,60,2000-12-01
2005-12-01,0.10123182979600001,0.042989802990899294,2.354787013502486,0.6480209037043837,0.10507700810996773,-0.03639165339656525,gan_transformer,60,2001-01-01
2006-01-01,0.10104216477599998,0.043029590448882535,2.3482018704322574,0.6464580912387791,0.10486734043078719,-0.03639165339656525,gan_transformer,60,2001-02-01
2006-02-01,0.093749137236,0.04001223692263533,2.343011649592756,0.5889082851311166,0.09703318712476551,-0.03639165339656525,gan_transformer,60,2001-03-01
2006-03-01,0.096546446836,0.03943741016216489,2.448092976668733,0.6112903473000327,0.10010657688709526,-0.03639165339656514,gan_transformer,60,2001-04-01
2006-04-01,0.092696002822,0.03921127685326649,2.3640138822533134,0.5808711889931197,0.09592112106437073,-0.03639165339656525,gan_transformer,60,2001-05-01
2006-05-01,0.08974479806199999,0.03941976766152466,2.2766445209060593,0.5578260845037973,0.09270717378271966,-0.03639165339656525,gan_transformer,60,2001-06-01
2006-06-01,0.08793289840200001,0.039446552402783955,2.2291656189399736,0.5438714828604678,0.09074248400381256,-0.03639165339656514,gan_transformer,60,2001-07-01
2006-07-01,0.08391371428200001,0.03907001258641779,2.1477780201988357,0.513478886121913,0.08641379951989012,-0.03639165339656525,gan_transformer,60,2001-08-01
2006-08-01,0.08280183168199999,0.03887881366053208,2.129741725274309,0.5051999158531973,0.08522261902022918,-0.03639165339656514,gan_transformer,60,2001-09-01
2006-09-01,0.082854449482,0.03888866714688424,2.130555134971713,0.5055904764878002,0.08527893064320793,-0.03639165339656514,gan_transformer,60,2001-10-01
2006-10-01,0.086693756742,0.038981368759864514,2.223979288055695,0.534539186643237,0.08942063386509154,-0.03639165339656536,gan_transformer,60,2001-11-01
2006-11-01,0.085184659042,0.03894621812126544,2.187238277584837,0.5230956787366688,0.08779093963221622,-0.03639165339656525,gan_transformer,60,2001-12-01
2006-12-01,0.088199090562,0.03867062021974844,2.2807777599842627,0.5461396004697222,0.09106278005836485,-0.03639165339656514,gan_transformer,60,2002-01-01
2007-01-01,0.085843463562,0.038596079011649936,2.2241498556391903,0.5281864609577356,0.08851713405217139,-0.03639165339656514,gan_transformer,60,2002-02-01
2007-02-01,0.081363158282,0.037642144366064334,2.16149105350522,0.4948251061652692,0.0837224662924224,-0.03639165339656525,gan_transformer,60,2002-03-01
2007-03-01,0.07811094068199999,0.03703606931470579,2.109050504746321,0.47103197738384833,0.08025036745092878,-0.03639165339656525,gan_transformer,60,2002-04-01
2007-04-01,0.075218020682,0.03637746568085368,2.06770920607559,0.45020883261669636,0.07717461258672816,-0.03639165339656525,gan_transformer,60,2002-05-01
2007-05-01,0.07551669348200002,0.03641519670578252,2.073768654667418,0.4523529626025334,0.07749294435369841,-0.03639165339656525,gan_transformer,60,2002-06-01
2007-06-01,0.069814026582,0.035475951882949816,1.9679253938652872,0.41199621107235856,0.07143716394649222,-0.03639165339656525,gan_transformer,60,2002-07-01
2007-07-01,0.05772470058200001,0.031691553936636654,1.8214537758992002,0.3303895175995163,0.05875570346147415,-0.03639165339656525,gan_transformer,60,2002-08-01
2007-08-01,0.057429076242,0.03168604531150308,1.8124406399542494,0.3284349973061331,0.05844442971491284,-0.03639165339656536,gan_transformer,60,2002-09-01
2007-09-01,0.056272506402,0.03166241696137434,1.7772650290926315,0.320815832725716,0.057227504903510126,-0.03639165339656525,gan_transformer,60,2002-10-01
2007-10-01,0.057441846101999997,0.03145237736009882,1.826311742490791,0.32856738425192605,0.058465525009790444,-0.032755595000000026,gan_transformer,60,2002-11-01
2007-11-01,0.066420191302,0.02658461702249174,2.498444542037436,0.39022882439887036,0.06811313982481366,-0.017604950418018017,gan_transformer,60,2002-12-01
2007-12-01,0.06290333930200001,0.02524846028820026,2.491373279161801,0.36635244064865696,0.0644188265334216,-0.017604950418017795,gan_transformer,60,2003-01-01
2008-01-01,0.06037980850200002,0.02731528960810269,2.2104766000390197,0.3489430402584169,0.06169243381538111,-0.022338726999999947,gan_transformer,60,2003-02-01
2008-02-01,0.063933485302,0.026746171463282876,2.3903789516106198,0.37310392954280863,0.06546866546162851,-0.022338726999999947,gan_transformer,60,2003-03-01
2008-03-01,0.066641223018,0.026896007377142404,2.4777366426005334,0.39169152645885086,0.06833780416305096,-0.022338726999999947,gan_transformer,60,2003-04-01
2008-04-01,0.068973556158,0.027083636024776342,2.5466874571384133,0.4078893037463225,0.07081316488729507,-0.022338726999999947,gan_transformer,60,2003-05-01
2008-05-01,0.069344499598,0.027034148857349678,2.565070569223693,0.41049718609762553,0.07120957218223042,-0.022338726999999836,gan_transformer,60,2003-06-01
2008-06-01,0.062103374758,0.03349727981040135,1.8539826251418803,0.3592764176066444,0.0633140598769166,-0.03918952000000009,gan_transformer,60,2003-07-01
2008-07-01,0.062191540158000005,0.03353634469766313,1.8544519600650937,0.35986412666381457,0.0634059927972903,-0.03918951999999998,gan_transformer,60,2003-08-01
2008-08-01,0.06305691291799999,0.03365857277261391,1.8734280073011844,0.36570298829967446,0.06431761973536437,-0.03918951999999998,gan_transformer,60,2003-09-01
2008-09-01,0.061197321437999996,0.034279995150325475,1.785219664402985,0.3529877508374062,0.06232835354637866,-0.03918951999999998,gan_transformer,60,2003-10-01
2008-10-01,0.058308053118000004,0.0348523523844392,1.673001939003499,0.33354834576956927,0.05925800079024001,-0.03918951999999998,gan_transformer,60,2003-11-01
2008-11-01,0.05775026000600001,0.034895598331744694,1.6549439690639811,0.32984236133701933,0.05866860113077296,-0.03918952000000009,gan_transformer,60,2003-12-01
2008-12-01,0.06254642480599999,0.037414026557961784,1.6717373284883708,0.36136457764114793,0.06364055811564097,-0.03918951999999987,gan_transformer,60,2004-01-01
2009-01-01,0.05812737586600001,0.03960099342740843,1.4678262042226748,0.3312045517448623,0.05888539640568746,-0.03918951999999998,gan_transformer,60,2004-02-01
2009-02-01,0.056188817126000004,0.039646038296243975,1.4172618385258249,0.31841280277278555,0.05684253068055189,-0.03918951999999987,gan_transformer,60,2004-03-01
2009-03-01,0.05685706408600001,0.0396585378830794,1.4336651606679245,0.3228013890876605,0.05754517578820222,-0.03918951999999987,gan_transformer,60,2004-04-01
2009-04-01,0.041492377266,0.05359497367808703,0.7741841150108572,0.22127285306606087,0.04078863368662646,-0.09327071490381611,gan_transformer,60,2004-05-01
2009-05-01,0.033016567665999995,0.0559520220171514,0.5900871224256948,0.16999417925352617,0.031897927555305045,-0.12325003854615624,gan_transformer,60,2004-06-01
2009-06-01,0.030116429746000005,0.05555159650737059,0.5421343694776467,0.1533194362607582,0.02893969549022547,-0.12325003854615635,gan_transformer,60,2004-07-01
2009-07-01,0.033209418706,0.055674188851538964,0.5964957800203678,0.17120780593240179,0.032111914869639796,-0.12325003854615602,gan_transformer,60,2004-08-01
2009-08-01,0.025877270805999997,0.058252652013945215,0.44422476765186897,0.12831738872901116,0.024439360205504967,-0.14130550924821583,gan_transformer,60,2004-09-01
2009-09-01,0.022800364338000003,0.05799209373092419,0.393163324017766,0.11120787443626222,0.021313475294520177,-0.14201320260472494,gan_transformer,60,2004-10-01
2009-10-01,0.024139105538000003,0.058170978872275236,0.41496818526986995,0.11859984312501562,0.022668668841046968,-0.14201320260472494,gan_transformer,60,2004-11-01
2009-11-01,0.024606947338,0.05825973475733146,0.422366278193593,0.12118616598189588,0.02314113602275583,-0.14201320260472494,gan_transformer,60,2004-12-01
2009-12-01,0.025305829918000004,0.05829194203763317,0.43412226516081076,0.12509243880558632,0.023853080266740996,-0.14201320260472494,gan_transformer,60,2005-01-01
2010-01-01,0.021747248598,0.058686932903526216,0.370563727256793,0.1051629201499459,0.020199863419290937,-0.14201320260472505,gan_transformer,60,2005-02-01
2010-02-01,0.025164512898,0.059110356739088536,0.4257208767843418,0.12403499549427684,0.023660549624601665,-0.14201320260472494,gan_transformer,60,2005-03-01
2010-03-01,0.027894516698000003,0.05946797435621778,0.4690678806530332,0.1393318530415877,0.026431680359117964,-0.14201320260472505,gan_transformer,60,2005-04-01
2010-04-01,0.021871463798000004,0.05899437784857289,0.37073810413154623,0.10574967483266892,0.020308169615856003,-0.14201320260472472,gan_transformer,60,2005-05-01
2010-05-01,0.017902554918000007,0.0587132967447306,0.3049148303805087,0.08414529258540007,0.01628963826010796,-0.14201320260472516,gan_transformer,60,2005-06-01
2010-06-01,0.015495528518000004,0.058718826929308236,0.26389370034001386,0.07119171757055169,0.013849383029129704,-0.14201320260472505,gan_transformer,60,2005-07-01
2010-07-01,0.015876743518000003,0.05883439764079272,0.26985478146532244,0.07319763137181085,0.014228805839655951,-0.14201320260472494,gan_transformer,60,2005-08-01
2010-08-01,0.012437747438000003,0.0591776019296538,0.21017660453333553,0.05481729666608131,0.010730679844277164,-0.14201320260472483,gan_transformer,60,2005-09-01
2010-09-01,0.016757927458,0.05976844317725982,0.2803808593156716,0.07763848979367317,0.015066789416336318,-0.14201320260472494,gan_transformer,60,2005-10-01
2010-10-01,0.014935828718000005,0.0596166356999981,0.250531224089193,0.06792524579083432,0.013230304816044402,-0.14201320260472483,gan_transformer,60,2005-11-01
2010-11-01,0.012070804018000005,0.05919473756605777,0.20391684319116563,0.052881179161829175,0.010359367825935892,-0.14201320260472494,gan_transformer,60,2005-12-01
2010-12-01,0.013336013766000004,0.05924326323474902,0.22510599581857246,0.05954089761332803,0.011634297822269239,-0.14201320260472483,gan_transformer,60,2006-01-01
2011-01-01,0.013481788646000002,0.05923908134943639,0.22758267580947672,0.06031387958021369,0.011781861163473118,-0.14201320260472483,gan_transformer,60,2006-02-01
2011-02-01,0.010575744446000004,0.05931344613055555,0.1783026469701592,0.04501097594306999,0.008844359992155925,-0.14201320260472505,gan_transformer,60,2006-03-01
2011-03-01,0.010363137646000001,0.05929342622774918,0.1747771769199952,0.043907700988592854,0.008631251599109987,-0.1420132026047246,gan_transformer,60,2006-04-01
2011-04-01,0.013034354060000003,0.05957830887405199,0.21877683852280047,0.05784283249287156,0.011309832159680322,-0.14201320260472505,gan_transformer,60,2006-05-01
2011-05-01,0.014134873880000006,0.05956162072707795,0.23731513191638176,0.06367835009929687,0.012423142561089454,-0.14201320260472505,gan_transformer,60,2006-06-01
2011-06-01,0.014460552140000001,0.05957231277107614,0.24273947858242229,0.06540645954243791,0.012751896477413534,-0.14201320260472483,gan_transformer,60,2006-07-01
2011-07-01,0.012718924260000002,0.05971359348804435,0.2129988084295503,0.05613550966551593,0.010983177182165096,-0.14201320260472494,gan_transformer,60,2006-08-01
2011-08-01,0.007246352260000002,0.060062653930250696,0.12064655465299641,0.027544181351318423,0.005449125841275306,-0.14201320260472472,gan_transformer,60,2006-09-01
2011-09-01,-0.0005670811399999976,0.0608013048655015,-0.009326792266291606,-0.012037236026681086,-0.0024191232398877087,-0.14201320260472494,gan_transformer,60,2006-10-01
2011-10-01,0.009202856860000002,0.06726420050096296,0.13681656499980627,0.03539032033150054,0.006979942378240472,-0.14201320260472516,gan_transformer,60,2006-11-01
2011-11-01,0.011276123260000001,0.06753357949380302,0.16697061438946403,0.04607776405296317,0.00905024949981118,-0.14201320260472483,gan_transformer,60,2006-12-01
2011-12-01,0.010272079200000003,0.06741458419131327,0.15237176529709445,0.04088475586515026,0.008046415444250379,-0.14201320260472516,gan_transformer,60,2007-01-01
2012-01-01,0.0134276366,0.06786369654347486,0.1978618507967361,0.05726559959151445,0.011199439812394735,-0.14201320260472516,gan_transformer,60,2007-02-01
2012-02-01,0.015099099480000001,0.0680322342733311,0.22194037343146472,0.06606851495568081,0.01287773225952487,-0.14201320260472494,gan_transformer,60,2007-03-01
2012-03-01,0.01683654978,0.06824925993334502,0.24669204906314374,0.0752803754749867,0.01462216138208618,-0.14201320260472483,gan_transformer,60,2007-04-01
2012-04-01,0.015814678820000004,0.0681965765727485,0.23189842679463155,0.06982660161940182,0.01359084331200286,-0.14201320260472505,gan_transformer,60,2007-05-01
2012-05-01,0.01229039896,0.06811418340371385,0.1804381752204913,0.051189986222524714,0.010034580647357948,-0.14201320260472494,gan_transformer,60,2007-06-01
2012-06-01,0.01592739226,0.06841419477514907,0.23280829822447172,0.07035143669947153,0.013690273195735085,-0.14201320260472472,gan_transformer,60,2007-07-01
2012-07-01,0.019902277460000003,0.06805120749989584,0.2924603132138465,0.09193861431377363,0.017746564028778427,-0.14201320260472494,gan_transformer,60,2007-08-01
2012-08-01,0.020886176920000003,0.0681305572610122,0.3065610756709917,0.09728559522285639,0.018741353210626182,-0.14201320260472494,gan_transformer,60,2007-09-01
2012-09-01,0.020728047920000003,0.06812972358950418,0.3042438282135242,0.09642018020362823,0.018580608854429363,-0.14201320260472483,gan_transformer,60,2007-10-01
2012-10-01,0.02215862982,0.06821246239133134,0.32484723528784365,0.1042464371721323,0.020030602201190562,-0.14201320260472483,gan_transformer,60,2007-11-01
2012-11-01,0.02351244282,0.0684867623193585,0.3433136860866608,0.11163152666780268,0.0213913393509817,-0.14201320260472494,gan_transformer,60,2007-12-01
2012-12-01,0.022892973500000004,0.06846103438732959,0.33439420985781826,0.10820990191749652,0.020761791049257978,-0.14201320260472505,gan_transformer,60,2008-01-01
2013-01-01,0.0332255585,0.06863799799983926,0.48406945814587726,0.16677145756890965,0.031328832429809425,-0.14201320260472472,gan_transformer,60,2008-02-01
2013-02-01,0.033403152,0.0686576634996559,0.48651745919328304,0.1677974506713269,0.031510147163146075,-0.14201320260472483,gan_transformer,60,2008-03-01
2013-03-01,0.0340730072,0.06878189654810964,0.495377547145237,0.1716559828338956,0.032190892815465166,-0.14201320260472483,gan_transformer,60,2008-04-01
2013-04-01,0.03138556732,0.06861598661079554,0.4574089635703354,0.15612370312862184,0.029439577684531083,-0.14201320260472516,gan_transformer,60,2008-05-01
2013-05-01,0.03261750972000001,0.06868084544001592,0.4749142138689497,0.16322279479543134,0.03070072333069546,-0.14201320260472505,gan_transformer,60,2008-06-01
2013-06-01,0.040095833719999995,0.06602471945699043,0.6072851812133646,0.20849164398442932,0.03860098555450519,-0.14201320260472505,gan_transformer,60,2008-07-01
2013-07-01,0.04074246552,0.06620624599415786,0.6153870364979638,0.21232226683147173,0.039258574528673186,-0.14201320260472516,gan_transformer,60,2008-08-01
2013-08-01,0.03641372532000001,0.06633831465981006,0.5489094124071957,0.18639550327943358,0.03477493019636849,-0.14201320260472505,gan_transformer,60,2008-09-01
2013-09-01,0.043064473119999995,0.06661111212664907,0.6465058418199148,0.22627163612163356,0.04163925104336407,-0.14201320260472494,gan_transformer,60,2008-10-01
2013-10-01,0.048333676719999996,0.0666422867936658,0.7252703807966266,0.25887166551949203,0.04711960705739271,-0.14201320260472494,gan_transformer,60,2008-11-01
2013-11-01,0.052422330172,0.06706558408705639,0.7816576994834145,0.28458699192746917,0.05136303607709319,-0.14201320260472483,gan_transformer,60,2008-12-01
2013-12-01,0.04496823447199999,0.06558229898036111,0.68567639700258,0.2383588236666436,0.043684660740686956,-0.14201320260472483,gan_transformer,60,2009-01-01
2014-01-01,0.047267290472,0.06476240166454633,0.729856973446309,0.2529555060371898,0.046133548650941214,-0.1255776314362662,gan_transformer,60,2009-02-01
2014-02-01,0.048714210332000005,0.06473125531254778,0.7525608779991794,0.26202910704185667,0.04764434790266948,-0.1255776314362661,gan_transformer,60,2009-03-01
2014-03-01,0.047849450912000005,0.06471868989018824,0.7393451720544528,0.25661087396143467,0.046743234843632825,-0.1255776314362661,gan_transformer,60,2009-04-01
2014-04-01,0.063611867832,0.05356871905437489,1.1874815928943683,0.36378139250970004,0.06401794399174608,-0.053756384074148844,gan_transformer,60,2009-05-01
2014-05-01,0.07255626963200001,0.05071191947280935,1.4307537633416365,0.4268579455654883,0.07368317496147152,-0.048717301333562446,gan_transformer,60,2009-06-01
2014-06-01,0.072268865672,0.05073383466484788,1.4244707925078874,0.42481355262903436,0.07337532519991372,-0.04871730133356267,gan_transformer,60,2009-07-01
2014-07-01,0.06952131969200001,0.050746953208386215,1.3699604665233618,0.4054822357615789,0.07044676042573011,-0.04871730133356267,gan_transformer,60,2009-08-01
2014-08-01,0.080041260492,0.04736706424698601,1.6898083460406366,0.48213651942494024,0.08187638615539128,-0.04871730133356256,gan_transformer,60,2009-09-01
2014-09-01,0.08031776769999999,0.04732659274338187,1.69709592523395,0.48418731674455356,0.08217561395149495,-0.04871730133356267,gan_transformer,60,2009-10-01
2014-10-01,0.0831170855,0.04810947249205834,1.7276657006314198,0.504695616524364,0.08514989108676944,-0.04871730133356256,gan_transformer,60,2009-11-01
2014-11-01,0.0838842027,0.04825551887978162,1.738333866204603,0.5103869805158384,0.08596954658078651,-0.04871730133356256,gan_transformer,60,2009-12-01
2014-12-01,0.08321973594,0.048285701665189674,1.7234861060328155,0.5054012173568824,0.08525164443503744,-0.04871730133356267,gan_transformer,60,2010-01-01
2015-01-01,0.08790582434,0.04741578710050861,1.8539357820563744,0.541149596022474,0.09035761083973771,-0.048717301333562446,gan_transformer,60,2010-02-01
2015-02-01,0.08750825754,0.04733581225303942,1.848669186708233,0.5381392517447714,0.08993131615762744,-0.04871730133356278,gan_transformer,60,2010-03-01
2015-03-01,0.08681809294,0.047221742567867195,1.838519466223103,0.5329184516291436,0.08919041379760527,-0.04871730133356278,gan_transformer,60,2010-04-01
2015-04-01,0.08507370284000002,0.04796450467026322,1.7736804210706996,0.5194350947659543,0.0872675603429867,-0.04871730133356278,gan_transformer,60,2010-05-01
2015-05-01,0.09093535052000001,0.04835489208866209,1.8805822243024275,0.5641533757358944,0.0935933665715203,-0.04871730133356267,gan_transformer,60,2010-06-01
2015-06-01,0.09318486906,0.048031800006014626,1.940066144686046,0.5818304545393624,0.09605408879866452,-0.04871730133356267,gan_transformer,60,2010-07-01
2015-07-01,0.09466536506,0.04852007669920596,1.9510555526708224,0.5933127773172014,0.09764071436980892,-0.04871730133356256,gan_transformer,60,2010-08-01
2015-08-01,0.09585011006000001,0.04806640699371859,1.9941184718159992,0.6028774566773502,0.09895539191460002,-0.04871730133356256,gan_transformer,60,2010-09-01
2015-09-01,0.09474808426,0.04784864747120111,1.9801622254218676,0.5942187008961154,0.0977655050000771,-0.04871730133356256,gan_transformer,60,2010-10-01
2015-10-01,0.0997356542,0.04848270551045433,2.0571387910374344,0.6339093713929432,0.10317800090019061,-0.04871730133356267,gan_transformer,60,2010-11-01
2015-11-01,0.1019205125,0.04846550256176755,2.1029496675518007,0.6517130093755164,0.10557171175337586,-0.04871730133356267,gan_transformer,60,2010-12-01
2015-12-01,0.10211494430000001,0.04845913636769023,2.107238220780269,0.6533084384462391,0.10578520890828091,-0.04871730133356256,gan_transformer,60,2011-01-01
2016-01-01,0.10354136642,0.048303458858072267,2.143560085919119,0.6651022496323796,0.10735834165884925,-0.048717301333562446,gan_transformer,60,2011-02-01
2016-02-01,0.10611276256,0.04775566434725149,2.2219932234301996,0.6866777398069649,0.11021329213625931,-0.04871730133356267,gan_transformer,60,2011-03-01
2016-03-01,0.1044204144,0.04801339839023152,2.174818236178938,0.6724882645867402,0.10833900116666528,-0.04871730133356256,gan_transformer,60,2011-04-01
2016-04-01,0.09495690379999999,0.05151008483656671,1.8434623841386226,0.594434078224786,0.09779516479845854,-0.04871730133356256,gan_transformer,60,2011-05-01
2016-05-01,0.09968464634,0.05213210645691531,1.9121545840927143,0.6320118982046031,0.10292165574941033,-0.04871730133356267,gan_transformer,60,2011-06-01
2016-06-01,0.09985064144,0.05211924862271429,1.9158112228901878,0.6333611274235136,0.10310395861991385,-0.04871730133356256,gan_transformer,60,2011-07-01
2016-07-01,0.10331229723999999,0.05159038842971597,2.002549319448277,0.6618591888575358,0.10692665267623128,-0.041065786885357225,gan_transformer,60,2011-08-01
2016-08-01,0.10537924484000001,0.05076343331141049,2.0758888429304307,0.6793240860586167,0.10924352784405794,-0.03597320014767813,gan_transformer,60,2011-09-01
2016-09-01,0.1097271681,0.04872198949380139,2.252107708244548,0.7167631720781045,0.11414592877359764,-0.03597320014767813,gan_transformer,60,2011-10-01
2016-10-01,0.09747555822000001,0.04119084231399799,2.3664376046729836,0.6181492145122501,0.10104156293088223,-0.03597320014767813,gan_transformer,60,2011-11-01
2016-11-01,0.09838074481999999,0.041385922531652936,2.3771548101834883,0.625367124199534,0.10202207530784746,-0.03597320014767813,gan_transformer,60,2011-12-01
2016-12-01,0.09802159008000003,0.04141089145857486,2.367048537896252,0.6224664652979153,0.1016284566086837,-0.03597320014767813,gan_transformer,60,2012-01-01
